2026-09-07T06:53:59.9965845Z Current runner version: '2.337.0'
2026-09-07T06:53:59.9993502Z ##[group]Runner Image Provisioner
2026-09-07T06:53:59.9994412Z Hosted Compute Agent
2026-09-07T06:53:59.9995066Z Version: 20260819.586
2026-09-07T06:53:59.9995679Z Commit: 3cc4a88dfa507ef76119ad1bb3eccc6378bb2b76
2026-09-07T06:53:59.9996436Z Build Date: 2026-08-18T23:20:18Z
2026-09-07T06:53:59.9997207Z Worker ID: {1359bfe9-660d-4319-88f3-bcd6117e440e}
2026-09-07T06:53:59.9997928Z Azure Region: eastus2
2026-09-07T06:53:59.9998508Z ##[endgroup]
2026-09-07T06:53:59.9999910Z ##[group]Operating System
2026-09-07T06:54:00.0000553Z Microsoft Windows Server 2025
2026-09-07T06:54:00.0001204Z 10.0.26100
2026-09-07T06:54:00.0001721Z Datacenter
2026-09-07T06:54:00.0002246Z ##[endgroup]
2026-09-07T06:54:00.0002831Z ##[group]Runner Image
2026-09-07T06:54:00.0003421Z Image: windows-2025-vs2026
2026-09-07T06:54:00.0004010Z Version: 20260824.214.3
2026-09-07T06:54:00.0005631Z Included Software: https://github.com/actions/runner-images/blob/win25-vs2026/20260824.214/images/windows/Windows2025-VS2026-Readme.md
2026-09-07T06:54:00.0007215Z Image Release: https://github.com/actions/runner-images/releases/tag/win25-vs2026%2F20260824.214
2026-09-07T06:54:00.0008888Z ##[endgroup]
2026-09-07T06:54:00.0009984Z ##[group]GITHUB_TOKEN Permissions
2026-09-07T06:54:00.0012775Z Contents: read
2026-09-07T06:54:00.0013620Z Metadata: read
2026-09-07T06:54:00.0014419Z ##[endgroup]
2026-09-07T06:54:00.0017302Z Secret source: Actions
2026-09-07T06:54:00.0018795Z Prepare workflow directory
2026-09-07T06:54:00.0465068Z Prepare all required actions
2026-09-07T06:54:00.0513847Z Getting action download info
2026-09-07T06:54:00.2002555Z Download action repository 'actions/checkout@3d3c42e5aac5ba805825da76410c181273ba90b1' (SHA:3d3c42e5aac5ba805825da76410c181273ba90b1)
2026-09-07T06:54:00.3225465Z Download action repository 'actions/setup-python@5fda3b95a4ea91299a34e894583c3862153e4b97' (SHA:5fda3b95a4ea91299a34e894583c3862153e4b97)
2026-09-07T06:54:00.6228187Z Complete job name: Host unit with Windows PowerShell contracts
2026-09-07T06:54:00.7465209Z ##[group]Run actions/checkout@3d3c42e5aac5ba805825da76410c181273ba90b1
2026-09-07T06:54:00.7466494Z with:
2026-09-07T06:54:00.7466886Z   fetch-depth: 0
2026-09-07T06:54:00.7467305Z   submodules: recursive
2026-09-07T06:54:00.7467767Z   repository: EIDOSDATA/NU54DK_Arduino_Core
2026-09-07T06:54:00.7471864Z   token: ***
2026-09-07T06:54:00.7472270Z   ssh-strict: true
2026-09-07T06:54:00.7472669Z   ssh-user: git
2026-09-07T06:54:00.7473074Z   persist-credentials: true
2026-09-07T06:54:00.7473518Z   clean: true
2026-09-07T06:54:00.7473924Z   sparse-checkout-cone-mode: true
2026-09-07T06:54:00.7474408Z   fetch-tags: false
2026-09-07T06:54:00.7474807Z   show-progress: true
2026-09-07T06:54:00.7475207Z   lfs: false
2026-09-07T06:54:00.7475588Z   set-safe-directory: true
2026-09-07T06:54:00.7476051Z   allow-unsafe-pr-checkout: false
2026-09-07T06:54:00.7476738Z env:
2026-09-07T06:54:00.7477125Z   NUCODE_HOST_CC_FLAGS: ["-fuse-ld=lld"]
2026-09-07T06:54:00.7477717Z   NUCODE_HOST_CXX_FLAGS: ["-fuse-ld=lld"]
2026-09-07T06:54:00.7478239Z ##[endgroup]
2026-09-07T06:54:00.9047916Z Syncing repository: EIDOSDATA/NU54DK_Arduino_Core
2026-09-07T06:54:00.9050915Z ##[group]Getting Git version info
2026-09-07T06:54:00.9052047Z Working directory is 'D:\a\NU54DK_Arduino_Core\NU54DK_Arduino_Core'
2026-09-07T06:54:00.9849551Z [command]"C:\Program Files\Git\bin\git.exe" version
2026-09-07T06:54:01.3134581Z git version 2.55.0.windows.5
2026-09-07T06:54:01.3183839Z ##[endgroup]
2026-09-07T06:54:01.3200722Z Temporarily overriding HOME='D:\a\_temp\44bd8eb2-bf22-4d25-b68a-c000c1ebfb9e' before making global git config changes
2026-09-07T06:54:01.3202702Z Adding repository directory to the temporary git global config as a safe directory
2026-09-07T06:54:01.3211325Z [command]"C:\Program Files\Git\bin\git.exe" config --global --add safe.directory D:\a\NU54DK_Arduino_Core\NU54DK_Arduino_Core
2026-09-07T06:54:01.3784859Z Deleting the contents of 'D:\a\NU54DK_Arduino_Core\NU54DK_Arduino_Core'
2026-09-07T06:54:01.3790502Z ##[group]Determining repository object format
2026-09-07T06:54:01.3792183Z ##[endgroup]
2026-09-07T06:54:01.3793461Z ##[group]Initializing the repository
2026-09-07T06:54:01.3801733Z [command]"C:\Program Files\Git\bin\git.exe" init D:\a\NU54DK_Arduino_Core\NU54DK_Arduino_Core
2026-09-07T06:54:01.4564026Z Initialized empty Git repository in D:/a/NU54DK_Arduino_Core/NU54DK_Arduino_Core/.git/
2026-09-07T06:54:01.4613057Z [command]"C:\Program Files\Git\bin\git.exe" remote add origin https://github.com/EIDOSDATA/NU54DK_Arduino_Core
2026-09-07T06:54:01.5162419Z ##[endgroup]
2026-09-07T06:54:01.5164116Z ##[group]Disabling automatic garbage collection
2026-09-07T06:54:01.5171403Z [command]"C:\Program Files\Git\bin\git.exe" config --local gc.auto 0
2026-09-07T06:54:01.5467024Z ##[endgroup]
2026-09-07T06:54:01.5469115Z ##[group]Setting up auth
2026-09-07T06:54:01.5470708Z Removing SSH command configuration
2026-09-07T06:54:01.5478755Z [command]"C:\Program Files\Git\bin\git.exe" config --local --name-only --get-regexp core\.sshCommand
2026-09-07T06:54:01.5875473Z [command]"C:\Program Files\Git\bin\git.exe" submodule foreach --recursive "sh -c \"git config --local --name-only --get-regexp 'core\.sshCommand' && git config --local --unset-all 'core.sshCommand' || :\""
2026-09-07T06:54:02.8234795Z Removing HTTP extra header
2026-09-07T06:54:02.8250971Z [command]"C:\Program Files\Git\bin\git.exe" config --local --name-only --get-regexp http\.https\:\/\/github\.com\/\.extraheader
2026-09-07T06:54:02.8546599Z [command]"C:\Program Files\Git\bin\git.exe" submodule foreach --recursive "sh -c \"git config --local --name-only --get-regexp 'http\.https\:\/\/github\.com\/\.extraheader' && git config --local --unset-all 'http.https://github.com/.extraheader' || :\""
2026-09-07T06:54:03.3573852Z Removing includeIf entries pointing to credentials config files
2026-09-07T06:54:03.3585435Z [command]"C:\Program Files\Git\bin\git.exe" config --local --name-only --get-regexp ^includeIf\.gitdir:
2026-09-07T06:54:03.3889249Z [command]"C:\Program Files\Git\bin\git.exe" submodule foreach --recursive "git config --local --show-origin --name-only --get-regexp remote.origin.url"
2026-09-07T06:54:03.9113869Z [command]"C:\Program Files\Git\bin\git.exe" config --file D:\a\_temp\git-credentials-4ed53e87-c929-4557-8da9-655663905b95.config http.https://github.com/.extraheader "AUTHORIZATION: basic ***"
2026-09-07T06:54:03.9412962Z [command]"C:\Program Files\Git\bin\git.exe" config --local includeIf.gitdir:D:/a/NU54DK_Arduino_Core/NU54DK_Arduino_Core/.git.path D:\a\_temp\git-credentials-4ed53e87-c929-4557-8da9-655663905b95.config
2026-09-07T06:54:03.9711838Z [command]"C:\Program Files\Git\bin\git.exe" config --local includeIf.gitdir:D:/a/NU54DK_Arduino_Core/NU54DK_Arduino_Core/.git/worktrees/*.path D:\a\_temp\git-credentials-4ed53e87-c929-4557-8da9-655663905b95.config
2026-09-07T06:54:04.1118038Z [command]"C:\Program Files\Git\bin\git.exe" config --local includeIf.gitdir:/github/workspace/.git.path /github/runner_temp/git-credentials-4ed53e87-c929-4557-8da9-655663905b95.config
2026-09-07T06:54:04.1483355Z [command]"C:\Program Files\Git\bin\git.exe" config --local includeIf.gitdir:/github/workspace/.git/worktrees/*.path /github/runner_temp/git-credentials-4ed53e87-c929-4557-8da9-655663905b95.config
2026-09-07T06:54:04.1795988Z ##[endgroup]
2026-09-07T06:54:04.1796777Z ##[group]Fetching the repository
2026-09-07T06:54:04.1813636Z [command]"C:\Program Files\Git\bin\git.exe" -c protocol.version=2 fetch --no-tags --prune --no-recurse-submodules origin +refs/heads/*:refs/remotes/origin/* +refs/tags/*:refs/tags/*
2026-09-07T06:54:07.5058444Z From https://github.com/EIDOSDATA/NU54DK_Arduino_Core
2026-09-07T06:54:07.5059219Z  * [new branch]      main               -> origin/main
2026-09-07T06:54:07.5059796Z  * [new tag]         m10-preview-0.0.90 -> m10-preview-0.0.90
2026-09-07T06:54:07.5060345Z  * [new tag]         m10-preview-0.0.91 -> m10-preview-0.0.91
2026-09-07T06:54:07.5062611Z  * [new tag]         m10-preview-0.0.92 -> m10-preview-0.0.92
2026-09-07T06:54:07.5063160Z  * [new tag]         m10-preview-0.0.93 -> m10-preview-0.0.93
2026-09-07T06:54:07.5063688Z  * [new tag]         m10-preview-0.0.94 -> m10-preview-0.0.94
2026-09-07T06:54:07.5064173Z  * [new tag]         m10-preview-0.0.95 -> m10-preview-0.0.95
2026-09-07T06:54:07.5064748Z  * [new tag]         m10-preview-0.0.96 -> m10-preview-0.0.96
2026-09-07T06:54:07.5065246Z  * [new tag]         m10-preview-0.0.97 -> m10-preview-0.0.97
2026-09-07T06:54:07.5066769Z  * [new tag]         v0.1.0             -> v0.1.0
2026-09-07T06:54:07.5067267Z  * [new tag]         v0.1.0-rc.2        -> v0.1.0-rc.2
2026-09-07T06:54:07.5067738Z  * [new tag]         v0.2.0             -> v0.2.0
2026-09-07T06:54:07.5068177Z  * [new tag]         v0.2.0-rc.1        -> v0.2.0-rc.1
2026-09-07T06:54:07.5068628Z  * [new tag]         v0.2.0-rc.2        -> v0.2.0-rc.2
2026-09-07T06:54:07.5069079Z  * [new tag]         v0.3.0             -> v0.3.0
2026-09-07T06:54:07.5069632Z  * [new tag]         v0.3.0-rc.1        -> v0.3.0-rc.1
2026-09-07T06:54:07.5070083Z  * [new tag]         v0.3.0-rc.2        -> v0.3.0-rc.2
2026-09-07T06:54:07.5070431Z  * [new tag]         v0.3.0-rc.3        -> v0.3.0-rc.3
2026-09-07T06:54:07.5126572Z [command]"C:\Program Files\Git\bin\git.exe" branch --list --remote origin/main
2026-09-07T06:54:07.5484680Z   origin/main
2026-09-07T06:54:07.5533729Z [command]"C:\Program Files\Git\bin\git.exe" rev-parse refs/remotes/origin/main
2026-09-07T06:54:07.5881840Z 828166109968b2ceb40fc2d9c054255558d995d5
2026-09-07T06:54:07.5916132Z ##[endgroup]
2026-09-07T06:54:07.5916648Z ##[group]Determining the checkout info
2026-09-07T06:54:07.5917311Z ##[endgroup]
2026-09-07T06:54:07.5926512Z [command]"C:\Program Files\Git\bin\git.exe" sparse-checkout disable
2026-09-07T06:54:07.6332075Z [command]"C:\Program Files\Git\bin\git.exe" config --local --unset-all extensions.worktreeConfig
2026-09-07T06:54:07.6645079Z ##[group]Checking out the ref
2026-09-07T06:54:07.6655453Z [command]"C:\Program Files\Git\bin\git.exe" checkout --progress --force -B main refs/remotes/origin/main
2026-09-07T06:54:08.7167859Z Updating files:  32% (2076/6353)
2026-09-07T06:54:08.7308021Z Updating files:  33% (2097/6353)
2026-09-07T06:54:08.7428522Z Updating files:  34% (2161/6353)
2026-09-07T06:54:08.7553856Z Updating files:  35% (2224/6353)
2026-09-07T06:54:08.7682257Z Updating files:  36% (2288/6353)
2026-09-07T06:54:08.7815405Z Updating files:  37% (2351/6353)
2026-09-07T06:54:08.7947068Z Updating files:  38% (2415/6353)
2026-09-07T06:54:08.8075542Z Updating files:  39% (2478/6353)
2026-09-07T06:54:08.8210072Z Updating files:  40% (2542/6353)
2026-09-07T06:54:08.8351990Z Updating files:  41% (2605/6353)
2026-09-07T06:54:08.8525412Z Updating files:  42% (2669/6353)
2026-09-07T06:54:08.8653503Z Updating files:  43% (2732/6353)
2026-09-07T06:54:08.8829973Z Updating files:  44% (2796/6353)
2026-09-07T06:54:08.8959498Z Updating files:  45% (2859/6353)
2026-09-07T06:54:08.9095646Z Updating files:  46% (2923/6353)
2026-09-07T06:54:08.9220995Z Updating files:  47% (2986/6353)
2026-09-07T06:54:08.9356035Z Updating files:  48% (3050/6353)
2026-09-07T06:54:08.9497342Z Updating files:  49% (3113/6353)
2026-09-07T06:54:08.9687801Z Updating files:  50% (3177/6353)
2026-09-07T06:54:08.9835751Z Updating files:  51% (3241/6353)
2026-09-07T06:54:09.0007808Z Updating files:  52% (3304/6353)
2026-09-07T06:54:09.0134012Z Updating files:  53% (3368/6353)
2026-09-07T06:54:09.0258150Z Updating files:  54% (3431/6353)
2026-09-07T06:54:09.0385406Z Updating files:  55% (3495/6353)
2026-09-07T06:54:09.0513036Z Updating files:  56% (3558/6353)
2026-09-07T06:54:09.0672977Z Updating files:  57% (3622/6353)
2026-09-07T06:54:09.0901638Z Updating files:  58% (3685/6353)
2026-09-07T06:54:09.1044933Z Updating files:  59% (3749/6353)
2026-09-07T06:54:09.1190279Z Updating files:  60% (3812/6353)
2026-09-07T06:54:09.1325038Z Updating files:  61% (3876/6353)
2026-09-07T06:54:09.1457082Z Updating files:  62% (3939/6353)
2026-09-07T06:54:09.1588211Z Updating files:  63% (4003/6353)
2026-09-07T06:54:09.1725313Z Updating files:  64% (4066/6353)
2026-09-07T06:54:09.1911621Z Updating files:  65% (4130/6353)
2026-09-07T06:54:09.2040735Z Updating files:  66% (4193/6353)
2026-09-07T06:54:09.2201254Z Updating files:  67% (4257/6353)
2026-09-07T06:54:09.2339155Z Updating files:  68% (4321/6353)
2026-09-07T06:54:09.2482995Z Updating files:  69% (4384/6353)
2026-09-07T06:54:09.2843862Z Updating files:  70% (4448/6353)
2026-09-07T06:54:09.3006609Z Updating files:  71% (4511/6353)
2026-09-07T06:54:09.3157846Z Updating files:  72% (4575/6353)
2026-09-07T06:54:09.3309638Z Updating files:  73% (4638/6353)
2026-09-07T06:54:09.3433648Z Updating files:  74% (4702/6353)
2026-09-07T06:54:09.3564417Z Updating files:  75% (4765/6353)
2026-09-07T06:54:09.3703293Z Updating files:  76% (4829/6353)
2026-09-07T06:54:09.3869783Z Updating files:  77% (4892/6353)
2026-09-07T06:54:09.4033883Z Updating files:  78% (4956/6353)
2026-09-07T06:54:09.4197051Z Updating files:  79% (5019/6353)
2026-09-07T06:54:09.4360641Z Updating files:  80% (5083/6353)
2026-09-07T06:54:09.4735836Z Updating files:  81% (5146/6353)
2026-09-07T06:54:09.4892224Z Updating files:  82% (5210/6353)
2026-09-07T06:54:09.5042608Z Updating files:  83% (5273/6353)
2026-09-07T06:54:09.5203500Z Updating files:  84% (5337/6353)
2026-09-07T06:54:09.5373870Z Updating files:  85% (5401/6353)
2026-09-07T06:54:09.5545419Z Updating files:  86% (5464/6353)
2026-09-07T06:54:09.5734145Z Updating files:  87% (5528/6353)
2026-09-07T06:54:09.5896506Z Updating files:  88% (5591/6353)
2026-09-07T06:54:09.6081187Z Updating files:  89% (5655/6353)
2026-09-07T06:54:09.6231354Z Updating files:  90% (5718/6353)
2026-09-07T06:54:09.6380981Z Updating files:  91% (5782/6353)
2026-09-07T06:54:09.6553765Z Updating files:  92% (5845/6353)
2026-09-07T06:54:09.6702086Z Updating files:  93% (5909/6353)
2026-09-07T06:54:09.6836746Z Updating files:  94% (5972/6353)
2026-09-07T06:54:09.6983622Z Updating files:  95% (6036/6353)
2026-09-07T06:54:09.7125015Z Updating files:  96% (6099/6353)
2026-09-07T06:54:09.7132395Z Updating files:  96% (6160/6353)
2026-09-07T06:54:09.7288841Z Updating files:  97% (6163/6353)
2026-09-07T06:54:09.7467513Z Updating files:  98% (6226/6353)
2026-09-07T06:54:09.7642801Z Updating files:  99% (6290/6353)
2026-09-07T06:54:09.7646024Z Updating files: 100% (6353/6353)
2026-09-07T06:54:09.7646689Z Updating files: 100% (6353/6353), done.
2026-09-07T06:54:09.7869110Z Switched to a new branch 'main'
2026-09-07T06:54:09.7920931Z branch 'main' set up to track 'origin/main'.
2026-09-07T06:54:09.8062164Z ##[endgroup]
2026-09-07T06:54:09.8062714Z ##[group]Setting up auth for fetching submodules
2026-09-07T06:54:09.8075042Z [command]"C:\Program Files\Git\bin\git.exe" config --file D:\a\_temp\git-credentials-4ed53e87-c929-4557-8da9-655663905b95.config http.https://github.com/.extraheader "AUTHORIZATION: basic ***"
2026-09-07T06:54:09.8414858Z [command]"C:\Program Files\Git\bin\git.exe" config --global include.path D:\a\_temp\git-credentials-4ed53e87-c929-4557-8da9-655663905b95.config
2026-09-07T06:54:09.8736954Z [command]"C:\Program Files\Git\bin\git.exe" config --global --unset-all url.https://github.com/.insteadOf
2026-09-07T06:54:09.9045397Z [command]"C:\Program Files\Git\bin\git.exe" config --global --add url.https://github.com/.insteadOf git@github.com:
2026-09-07T06:54:09.9353156Z [command]"C:\Program Files\Git\bin\git.exe" config --global --add url.https://github.com/.insteadOf org-48746729@github.com:
2026-09-07T06:54:09.9656392Z ##[endgroup]
2026-09-07T06:54:09.9656778Z ##[group]Fetching submodules
2026-09-07T06:54:09.9666026Z [command]"C:\Program Files\Git\bin\git.exe" submodule sync --recursive
2026-09-07T06:54:10.5219119Z [command]"C:\Program Files\Git\bin\git.exe" -c protocol.version=2 submodule update --init --force --recursive
2026-09-07T06:54:11.0409922Z Submodule 'board_package/NU54DK_Zephyr_DTS' (https://github.com/Nucode01/NU54DK_Zephyr_DTS.git) registered for path 'board_package/NU54DK_Zephyr_DTS'
2026-09-07T06:54:11.1381242Z Cloning into 'D:/a/NU54DK_Arduino_Core/NU54DK_Arduino_Core/board_package/NU54DK_Zephyr_DTS'...
2026-09-07T06:54:11.8366301Z Submodule path 'board_package/NU54DK_Zephyr_DTS': checked out 'fe65f2f0880bd05b32e562d9bf1ee59142b4f4d3'
2026-09-07T06:54:11.8596697Z [command]"C:\Program Files\Git\bin\git.exe" submodule foreach --recursive "git config --local gc.auto 0"
2026-09-07T06:54:12.3704130Z Entering 'board_package/NU54DK_Zephyr_DTS'
2026-09-07T06:54:12.4480975Z ##[endgroup]
2026-09-07T06:54:12.4481384Z ##[group]Persisting credentials for submodules
2026-09-07T06:54:12.4498722Z [command]"C:\Program Files\Git\bin\git.exe" submodule foreach --recursive "sh -c \"git config --local --name-only --get-regexp 'url\.https\:\/\/github\.com\/\.insteadOf' && git config --local --unset-all 'url.https://github.com/.insteadOf' || :\""
2026-09-07T06:54:12.9933778Z Entering 'board_package/NU54DK_Zephyr_DTS'
2026-09-07T06:54:13.0848810Z [command]"C:\Program Files\Git\bin\git.exe" submodule foreach --recursive "git config --local --show-origin --name-only --get-regexp remote.origin.url"
2026-09-07T06:54:13.6198418Z Entering 'board_package/NU54DK_Zephyr_DTS'
2026-09-07T06:54:13.6529360Z file:D:/a/NU54DK_Arduino_Core/NU54DK_Arduino_Core/.git/modules/board_package/NU54DK_Zephyr_DTS/config	remote.origin.url
2026-09-07T06:54:13.6789519Z [command]"C:\Program Files\Git\bin\git.exe" config --file D:/a/NU54DK_Arduino_Core/NU54DK_Arduino_Core/.git/modules/board_package/NU54DK_Zephyr_DTS/config includeIf.gitdir:D:/a/NU54DK_Arduino_Core/NU54DK_Arduino_Core/.git/modules/board_package/NU54DK_Zephyr_DTS.path D:\a\_temp\git-credentials-4ed53e87-c929-4557-8da9-655663905b95.config
2026-09-07T06:54:13.7095954Z [command]"C:\Program Files\Git\bin\git.exe" config --file D:/a/NU54DK_Arduino_Core/NU54DK_Arduino_Core/.git/modules/board_package/NU54DK_Zephyr_DTS/config includeIf.gitdir:/github/workspace/.git/modules/board_package/NU54DK_Zephyr_DTS.path /github/runner_temp/git-credentials-4ed53e87-c929-4557-8da9-655663905b95.config
2026-09-07T06:54:13.7389948Z [command]"C:\Program Files\Git\bin\git.exe" submodule foreach --recursive "git config --local --add 'url.https://github.com/.insteadOf' 'git@github.com:'"
2026-09-07T06:54:14.2735555Z Entering 'board_package/NU54DK_Zephyr_DTS'
2026-09-07T06:54:14.3333503Z [command]"C:\Program Files\Git\bin\git.exe" submodule foreach --recursive "git config --local --add 'url.https://github.com/.insteadOf' 'org-48746729@github.com:'"
2026-09-07T06:54:14.8718686Z Entering 'board_package/NU54DK_Zephyr_DTS'
2026-09-07T06:54:14.9304297Z ##[endgroup]
2026-09-07T06:54:14.9678198Z [command]"C:\Program Files\Git\bin\git.exe" log -1 --format=%H
2026-09-07T06:54:14.9947204Z 828166109968b2ceb40fc2d9c054255558d995d5
2026-09-07T06:54:15.0466554Z ##[group]Run actions/setup-python@5fda3b95a4ea91299a34e894583c3862153e4b97
2026-09-07T06:54:15.0467001Z with:
2026-09-07T06:54:15.0467220Z   python-version: 3.12.10
2026-09-07T06:54:15.0467449Z   check-latest: false
2026-09-07T06:54:15.0469916Z   token: ***
2026-09-07T06:54:15.0470115Z   update-environment: true
2026-09-07T06:54:15.0470346Z   allow-prereleases: false
2026-09-07T06:54:15.0470558Z   freethreaded: false
2026-09-07T06:54:15.0470746Z env:
2026-09-07T06:54:15.0470925Z   NUCODE_HOST_CC_FLAGS: ["-fuse-ld=lld"]
2026-09-07T06:54:15.0471187Z   NUCODE_HOST_CXX_FLAGS: ["-fuse-ld=lld"]
2026-09-07T06:54:15.0471446Z ##[endgroup]
2026-09-07T06:54:15.2269776Z ##[group]Installed versions
2026-09-07T06:54:15.2355494Z Successfully set up CPython (3.12.10)
2026-09-07T06:54:15.2356488Z ##[endgroup]
2026-09-07T06:54:15.2659902Z ##[group]Run python -m pip install --disable-pip-version-check --no-deps --only-binary=:all: --require-hashes -r tools/ci/requirements-host.txt
2026-09-07T06:54:15.2661043Z [36;1mpython -m pip install --disable-pip-version-check --no-deps --only-binary=:all: --require-hashes -r tools/ci/requirements-host.txt[0m
2026-09-07T06:54:15.4124561Z shell: C:\Program Files\PowerShell\7\pwsh.EXE -command ". '{0}'"
2026-09-07T06:54:15.4124939Z env:
2026-09-07T06:54:15.4125151Z   NUCODE_HOST_CC_FLAGS: ["-fuse-ld=lld"]
2026-09-07T06:54:15.4125423Z   NUCODE_HOST_CXX_FLAGS: ["-fuse-ld=lld"]
2026-09-07T06:54:15.4125758Z   pythonLocation: C:\hostedtoolcache\windows\Python\3.12.10\x64
2026-09-07T06:54:15.4126244Z   PKG_CONFIG_PATH: C:\hostedtoolcache\windows\Python\3.12.10\x64/lib/pkgconfig
2026-09-07T06:54:15.4126685Z   Python_ROOT_DIR: C:\hostedtoolcache\windows\Python\3.12.10\x64
2026-09-07T06:54:15.4127082Z   Python2_ROOT_DIR: C:\hostedtoolcache\windows\Python\3.12.10\x64
2026-09-07T06:54:15.4127545Z   Python3_ROOT_DIR: C:\hostedtoolcache\windows\Python\3.12.10\x64
2026-09-07T06:54:15.4127868Z ##[endgroup]
2026-09-07T06:54:22.1445396Z Collecting PyYAML==6.0.3 (from -r tools/ci/requirements-host.txt (line 1))
2026-09-07T06:54:22.3624308Z   Downloading pyyaml-6.0.3-cp312-cp312-win_amd64.whl (154 kB)
2026-09-07T06:54:22.6776401Z Installing collected packages: PyYAML
2026-09-07T06:54:22.7787357Z Successfully installed PyYAML-6.0.3
2026-09-07T06:54:22.9790525Z ##[group]Run gcc --version
2026-09-07T06:54:22.9790882Z [36;1mgcc --version[0m
2026-09-07T06:54:22.9791110Z [36;1mg++ --version[0m
2026-09-07T06:54:22.9791321Z [36;1mld.lld --version[0m
2026-09-07T06:54:22.9791560Z [36;1mpython tools/ci/run_m12_gate.py host[0m
2026-09-07T06:54:22.9890269Z shell: C:\Program Files\PowerShell\7\pwsh.EXE -command ". '{0}'"
2026-09-07T06:54:22.9890612Z env:
2026-09-07T06:54:22.9890814Z   NUCODE_HOST_CC_FLAGS: ["-fuse-ld=lld"]
2026-09-07T06:54:22.9891082Z   NUCODE_HOST_CXX_FLAGS: ["-fuse-ld=lld"]
2026-09-07T06:54:22.9891538Z   pythonLocation: C:\hostedtoolcache\windows\Python\3.12.10\x64
2026-09-07T06:54:22.9892141Z   PKG_CONFIG_PATH: C:\hostedtoolcache\windows\Python\3.12.10\x64/lib/pkgconfig
2026-09-07T06:54:22.9892568Z   Python_ROOT_DIR: C:\hostedtoolcache\windows\Python\3.12.10\x64
2026-09-07T06:54:22.9892953Z   Python2_ROOT_DIR: C:\hostedtoolcache\windows\Python\3.12.10\x64
2026-09-07T06:54:22.9893396Z   Python3_ROOT_DIR: C:\hostedtoolcache\windows\Python\3.12.10\x64
2026-09-07T06:54:22.9893696Z ##[endgroup]
2026-09-07T06:54:23.9093886Z gcc.exe (x86_64-posix-seh-rev1, Built by MinGW-Builds project) 15.2.0
2026-09-07T06:54:23.9094468Z Copyright (C) 2025 Free Software Foundation, Inc.
2026-09-07T06:54:23.9094881Z This is free software; see the source for copying conditions.  There is NO
2026-09-07T06:54:23.9095368Z warranty; not even for MERCHANTABILITY or FITNESS FOR A PARTICULAR PURPOSE.
2026-09-07T06:54:23.9095668Z 
2026-09-07T06:54:24.5294149Z g++.exe (x86_64-posix-seh-rev1, Built by MinGW-Builds project) 15.2.0
2026-09-07T06:54:24.5294617Z Copyright (C) 2025 Free Software Foundation, Inc.
2026-09-07T06:54:24.5295047Z This is free software; see the source for copying conditions.  There is NO
2026-09-07T06:54:24.5295550Z warranty; not even for MERCHANTABILITY or FITNESS FOR A PARTICULAR PURPOSE.
2026-09-07T06:54:24.5295875Z 
2026-09-07T06:54:28.6238855Z LLD 20.1.8 (compatible with GNU linkers)
2026-09-07T06:54:28.9892596Z [M12] exec: C:\hostedtoolcache\windows\Python\3.12.10\x64\python.exe -m unittest discover -v -s D:\a\NU54DK_Arduino_Core\NU54DK_Arduino_Core\tests\host -p test_ac01_contract.py
2026-09-07T06:54:29.1369130Z test_connector_dtsi_uses_only_approved_free_gpio_pair (test_ac01_contract.AC01ContractTests.test_connector_dtsi_uses_only_approved_free_gpio_pair) ... ok
2026-09-07T06:54:29.1383628Z test_safe_interrupt_and_timing_apis_have_real_backends (test_ac01_contract.AC01ContractTests.test_safe_interrupt_and_timing_apis_have_real_backends) ... ok
2026-09-07T06:54:29.1386625Z test_standard_and_ble_profiles_share_one_connector_definition (test_ac01_contract.AC01ContractTests.test_standard_and_ble_profiles_share_one_connector_definition) ... ok
2026-09-07T06:54:29.1395012Z test_variant_exposes_connector_capability_and_ownership (test_ac01_contract.AC01ContractTests.test_variant_exposes_connector_capability_and_ownership) ... ok
2026-09-07T06:54:29.1396271Z 
2026-09-07T06:54:29.1396449Z ----------------------------------------------------------------------
2026-09-07T06:54:29.1396775Z Ran 4 tests in 0.004s
2026-09-07T06:54:29.1396909Z 
2026-09-07T06:54:29.1396978Z OK
2026-09-07T06:54:29.1496362Z [M12] exec: C:\hostedtoolcache\windows\Python\3.12.10\x64\python.exe -m unittest discover -v -s D:\a\NU54DK_Arduino_Core\NU54DK_Arduino_Core\tests\host -p test_ac02b_analog_contract.py
2026-09-07T06:54:29.2272753Z test_examples_exist (test_ac02b_analog_contract.Ac02bAnalogContractTests.test_examples_exist) ... ok
2026-09-07T06:54:38.3986157Z test_math_contract_compiles (test_ac02b_analog_contract.Ac02bAnalogContractTests.test_math_contract_compiles) ... ok
2026-09-07T06:54:38.3988075Z test_production_pwm_route_backend_is_transactional (test_ac02b_analog_contract.Ac02bAnalogContractTests.test_production_pwm_route_backend_is_transactional)
2026-09-07T06:54:38.3993231Z Production adapter\uac00 B2 route \uc218\uba85\uc8fc\uae30\uc640 \uc2e4\ud328 \ubcf5\uad6c\ub97c \uc0ac\uc6a9\ud569\ub2c8\ub2e4. ... ok
2026-09-07T06:54:38.4001936Z test_public_implementation_contains_fixed_policy (test_ac02b_analog_contract.Ac02bAnalogContractTests.test_public_implementation_contains_fixed_policy) ... ok
2026-09-07T06:54:38.4004170Z test_recovery_failure_is_fail_closed_and_gpio_transition_is_rollbackable (test_ac02b_analog_contract.Ac02bAnalogContractTests.test_recovery_failure_is_fail_closed_and_gpio_transition_is_rollbackable)
2026-09-07T06:54:38.4026677Z \ubcf5\uad6c \uc2e4\ud328\uac00 \uc870\uc6a9\ud788 \uc0c1\ud0dc\ub97c \ubc84\ub9ac\uac70\ub098 route\ub97c \uc7ac\uc0ac\uc6a9\ud558\uc9c0 \uc54a\uc2b5\ub2c8\ub2e4. ... ok
2026-09-07T06:54:38.4030701Z test_servo_is_fixed_memory_pwm22_backend (test_ac02b_analog_contract.Ac02bAnalogContractTests.test_servo_is_fixed_memory_pwm22_backend) ... ok
2026-09-07T06:54:38.4036311Z test_target_contract_covers_adc_pwm_tone_servo_and_pm (test_ac02b_analog_contract.Ac02bAnalogContractTests.test_target_contract_covers_adc_pwm_tone_servo_and_pm) ... ok
2026-09-07T06:54:38.4037213Z 
2026-09-07T06:54:38.4037369Z ----------------------------------------------------------------------
2026-09-07T06:54:38.4037698Z Ran 7 tests in 9.177s
2026-09-07T06:54:38.4037828Z 
2026-09-07T06:54:38.4037906Z OK
2026-09-07T06:54:38.4139159Z [M12] exec: C:\hostedtoolcache\windows\Python\3.12.10\x64\python.exe -m unittest discover -v -s D:\a\NU54DK_Arduino_Core\NU54DK_Arduino_Core\tests\host -p test_ac02b_b2_contract.py
2026-09-07T06:54:38.4847974Z test_disabled_backends_and_library_discovery_fail_closed (test_ac02b_b2_contract.Ac02bPeripheralContractTests.test_disabled_backends_and_library_discovery_fail_closed) ... ok
2026-09-07T06:54:38.4850728Z test_instance_route_matrix_and_zero_psel_boundary_are_fixed (test_ac02b_b2_contract.Ac02bPeripheralContractTests.test_instance_route_matrix_and_zero_psel_boundary_are_fixed) ... ok
2026-09-07T06:54:38.4863519Z test_lifecycle_and_fail_closed_operations_are_present (test_ac02b_b2_contract.Ac02bPeripheralContractTests.test_lifecycle_and_fail_closed_operations_are_present) ... ok
2026-09-07T06:54:38.4866263Z test_public_concrete_types_and_capabilities_are_explicit (test_ac02b_b2_contract.Ac02bPeripheralContractTests.test_public_concrete_types_and_capabilities_are_explicit) ... ok
2026-09-07T06:54:38.4870551Z test_public_diagnostics_distinguish_runtime_routes_and_serial1 (test_ac02b_b2_contract.Ac02bPeripheralContractTests.test_public_diagnostics_distinguish_runtime_routes_and_serial1) ... ok
2026-09-07T06:54:38.4873949Z test_wire_target_and_extra_instances_are_not_faked (test_ac02b_b2_contract.Ac02bPeripheralContractTests.test_wire_target_and_extra_instances_are_not_faked) ... ok
2026-09-07T06:54:38.4874589Z 
2026-09-07T06:54:38.4874745Z ----------------------------------------------------------------------
2026-09-07T06:54:38.4875081Z Ran 6 tests in 0.004s
2026-09-07T06:54:38.4875224Z 
2026-09-07T06:54:38.4875292Z OK
2026-09-07T06:54:38.4960595Z [M12] exec: C:\hostedtoolcache\windows\Python\3.12.10\x64\python.exe -m unittest discover -v -s D:\a\NU54DK_Arduino_Core\NU54DK_Arduino_Core\tests\host -p test_ac03_storage_contract.py
2026-09-07T06:54:38.6313443Z test_approved_legacy_headers_and_examples_exist (test_ac03_storage_contract.AC03StorageContractTests.test_approved_legacy_headers_and_examples_exist)
2026-09-07T06:54:38.6316477Z ! @brief \ub300\ud45c Arduino include\uc640 \uc138 \uacf5\uac1c \uc608\uc81c\ub97c \uac80\uc99d\ud569\ub2c8\ub2e4. ... ok
2026-09-07T06:54:38.6317833Z test_builder_validates_the_effective_linker_partition (test_ac03_storage_contract.AC03StorageContractTests.test_builder_validates_the_effective_linker_partition)
2026-09-07T06:54:38.6391013Z ! @brief generated DTS\uc640 linker map\uc758 \uc77c\uce58\ub97c \uc0b0\ucd9c\ubb3c \uacf5\uac1c \uc804\uc5d0 \uac80\uc99d\ud569\ub2c8\ub2e4. ... ok
2026-09-07T06:54:38.6392104Z test_eeprom_record_and_explicit_commit_contract (test_ac03_storage_contract.AC03StorageContractTests.test_eeprom_record_and_explicit_commit_contract)
2026-09-07T06:54:38.6401896Z ! @brief EEPROM\uc758 mirror, CRC, bounds, \uba85\uc2dc\uc801 commit \uacc4\uc57d\uc744 \uac80\uc99d\ud569\ub2c8\ub2e4. ... ok
2026-09-07T06:54:38.6402930Z test_feature_manifests_are_allowlisted_and_profile_compatible (test_ac03_storage_contract.AC03StorageContractTests.test_feature_manifests_are_allowlisted_and_profile_compatible)
2026-09-07T06:54:38.6431309Z ! @brief EEPROM\uacfc LittleFS\uc758 \uc120\uc5b8\ud615 build \uc785\ub825\uc744 \uac80\uc99d\ud569\ub2c8\ub2e4. ... ok
2026-09-07T06:54:38.6432167Z test_littlefs_default_mount_cannot_format (test_ac03_storage_contract.AC03StorageContractTests.test_littlefs_default_mount_cannot_format)
2026-09-07T06:54:38.6434899Z ! @brief \uae30\ubcf8 mount\uc640 \uba85\uc2dc\uc801 format \uacbd\uacc4\ub97c \uac80\uc99d\ud569\ub2c8\ub2e4. ... ok
2026-09-07T06:54:38.6435978Z test_partition_is_common_exact_and_non_overlapping (test_ac03_storage_contract.AC03StorageContractTests.test_partition_is_common_exact_and_non_overlapping)
2026-09-07T06:54:38.6447001Z ! @brief \ub450 profile\uc774 \uac19\uc740 loaderless flash \ubd84\ud560\uacfc linker \uc124\uc815\uc744 \ud3ec\ud568\ud558\ub294\uc9c0 \uac80\uc99d\ud569\ub2c8\ub2e4. ... ok
2026-09-07T06:54:38.6447757Z 
2026-09-07T06:54:38.6447897Z ----------------------------------------------------------------------
2026-09-07T06:54:38.6448223Z Ran 6 tests in 0.014s
2026-09-07T06:54:38.6448366Z 
2026-09-07T06:54:38.6448443Z OK
2026-09-07T06:54:38.6575757Z [M12] exec: C:\hostedtoolcache\windows\Python\3.12.10\x64\python.exe -m unittest discover -v -s D:\a\NU54DK_Arduino_Core\NU54DK_Arduino_Core\tests\host -p test_build_matrix_runner.py
2026-09-07T06:54:39.0277857Z test_all_nu54dk_testcase_metadata_is_in_canonical_runner (test_build_matrix_runner.BuildMatrixRunnerTests.test_all_nu54dk_testcase_metadata_is_in_canonical_runner)
2026-09-07T06:54:39.0701951Z ! @brief \ub3c5\ub9bd testcase YAML\uc744 \ub300\uc870\ud558\uc5ec \uc0c8 target\uc758 canonical \ubaa9\ub85d \ub204\ub77d\uc744 \uac70\ubd80\ud569\ub2c8\ub2e4. ... ok
2026-09-07T06:54:39.0705769Z ARDUINO_CLI_BOOTSTRAP_RETRY=1/2;DELAY_SECONDS=2
2026-09-07T06:54:39.0709317Z test_arduino_compile_retries_only_bootstrap_failure (test_build_matrix_runner.BuildMatrixRunnerTests.test_arduino_compile_retries_only_bootstrap_failure) ... ok
2026-09-07T06:54:39.0710557Z test_arduino_groups_are_explicit_and_disjoint (test_build_matrix_runner.BuildMatrixRunnerTests.test_arduino_groups_are_explicit_and_disjoint) ... ok
2026-09-07T06:54:39.0712777Z test_child_python_output_is_unbuffered (test_build_matrix_runner.BuildMatrixRunnerTests.test_child_python_output_is_unbuffered) ... ok
2026-09-07T06:54:39.0844760Z test_serial_source_validator_rejects_false_positive_builds (test_build_matrix_runner.BuildMatrixRunnerTests.test_serial_source_validator_rejects_false_positive_builds) ... ok
2026-09-07T06:54:39.0847836Z test_target_subset_never_silently_escapes_group (test_build_matrix_runner.BuildMatrixRunnerTests.test_target_subset_never_silently_escapes_group) ... ok
2026-09-07T06:54:39.0860369Z test_zephyr_failure_summary_identifies_scenario (test_build_matrix_runner.BuildMatrixRunnerTests.test_zephyr_failure_summary_identifies_scenario) ... ok
2026-09-07T06:54:39.0861635Z test_zephyr_groups_partition_every_suite_once (test_build_matrix_runner.BuildMatrixRunnerTests.test_zephyr_groups_partition_every_suite_once) ... ok
2026-09-07T06:54:39.0868760Z test_zephyr_plan_uses_short_isolated_outdirs (test_build_matrix_runner.BuildMatrixRunnerTests.test_zephyr_plan_uses_short_isolated_outdirs) ... ok
2026-09-07T06:54:39.0869491Z 
2026-09-07T06:54:39.0869642Z ----------------------------------------------------------------------
2026-09-07T06:54:39.0869967Z Ran 9 tests in 0.059s
2026-09-07T06:54:39.0870099Z 
2026-09-07T06:54:39.0870180Z OK
2026-09-07T06:54:39.1049000Z [M12] exec: C:\hostedtoolcache\windows\Python\3.12.10\x64\python.exe -m unittest discover -v -s D:\a\NU54DK_Arduino_Core\NU54DK_Arduino_Core\tests\host -p test_compact_tokens.py
2026-09-07T06:54:43.5411256Z test_transactions_match_prior_lease_algorithm (test_compact_tokens.CompactTokenTests.test_transactions_match_prior_lease_algorithm) ... ok
2026-09-07T06:54:43.5411913Z 
2026-09-07T06:54:43.5412069Z ----------------------------------------------------------------------
2026-09-07T06:54:43.5412414Z Ran 1 test in 4.362s
2026-09-07T06:54:43.5412558Z 
2026-09-07T06:54:43.5412640Z OK
2026-09-07T06:54:43.5511872Z [M12] exec: C:\hostedtoolcache\windows\Python\3.12.10\x64\python.exe -m unittest discover -v -s D:\a\NU54DK_Arduino_Core\NU54DK_Arduino_Core\tests\host -p test_fixed_gate_runner.py
2026-09-07T06:54:43.6586367Z test_main_rejects_different_repository_root (test_fixed_gate_runner.FixedGateRunnerTests.test_main_rejects_different_repository_root) ... ok
2026-09-07T06:54:43.6596258Z test_parser_rejects_arbitrary_host_command (test_fixed_gate_runner.FixedGateRunnerTests.test_parser_rejects_arbitrary_host_command) ... ok
2026-09-07T06:54:43.6599578Z test_runtime_fingerprint_normalizes_only_platform_version (test_fixed_gate_runner.FixedGateRunnerTests.test_runtime_fingerprint_normalizes_only_platform_version) ... ok
2026-09-07T06:54:43.6634925Z test_short_workspace_preserves_existing_slot (test_fixed_gate_runner.FixedGateRunnerTests.test_short_workspace_preserves_existing_slot) ... ok
2026-09-07T06:54:43.7108570Z test_short_workspace_rejects_exhausted_slots (test_fixed_gate_runner.FixedGateRunnerTests.test_short_workspace_rejects_exhausted_slots) ... ok
2026-09-07T06:54:43.7124934Z test_short_workspace_rejects_long_path_budget (test_fixed_gate_runner.FixedGateRunnerTests.test_short_workspace_rejects_long_path_budget) ... ok
2026-09-07T06:54:43.7137391Z test_smoke_cli_config_isolates_data_downloads_and_user (test_fixed_gate_runner.FixedGateRunnerTests.test_smoke_cli_config_isolates_data_downloads_and_user) ... ok
2026-09-07T06:54:43.7139006Z test_smoke_scope_uses_only_canonical_m9_name (test_fixed_gate_runner.FixedGateRunnerTests.test_smoke_scope_uses_only_canonical_m9_name) ... ok
2026-09-07T06:54:43.8094270Z test_stage_zephyr_gate_tree_preserves_relative_core_root (test_fixed_gate_runner.FixedGateRunnerTests.test_stage_zephyr_gate_tree_preserves_relative_core_root) ... ok
2026-09-07T06:54:43.8171096Z test_twister_result_binds_report_to_workspace (test_fixed_gate_runner.FixedGateRunnerTests.test_twister_result_binds_report_to_workspace) ... ok
2026-09-07T06:54:43.8241822Z test_twister_result_rejects_non_build_only_status (test_fixed_gate_runner.FixedGateRunnerTests.test_twister_result_rejects_non_build_only_status) ... ok
2026-09-07T06:54:43.8367817Z test_twister_result_requires_exact_build_only_set (test_fixed_gate_runner.FixedGateRunnerTests.test_twister_result_requires_exact_build_only_set) ... ok
2026-09-07T06:54:43.8512720Z test_validate_platform_accepts_exact_identity (test_fixed_gate_runner.FixedGateRunnerTests.test_validate_platform_accepts_exact_identity) ... ok
2026-09-07T06:54:43.8625844Z test_validate_platform_rejects_payload_tampering (test_fixed_gate_runner.FixedGateRunnerTests.test_validate_platform_rejects_payload_tampering) ... ok
2026-09-07T06:54:43.8629350Z test_zephyr_command_uses_short_non_junction_contract (test_fixed_gate_runner.FixedGateRunnerTests.test_zephyr_command_uses_short_non_junction_contract) ... ok
2026-09-07T06:54:43.8674664Z test_zephyr_environment_stages_fixed_demangler (test_fixed_gate_runner.FixedGateRunnerTests.test_zephyr_environment_stages_fixed_demangler) ... ok
2026-09-07T06:54:43.8675724Z 
2026-09-07T06:54:43.8675940Z ----------------------------------------------------------------------
2026-09-07T06:54:43.8676289Z Ran 16 tests in 0.212s
2026-09-07T06:54:43.8676434Z 
2026-09-07T06:54:43.8676510Z OK
2026-09-07T06:54:43.8814402Z [M12] exec: C:\hostedtoolcache\windows\Python\3.12.10\x64\python.exe -m unittest discover -v -s D:\a\NU54DK_Arduino_Core\NU54DK_Arduino_Core\tests\host -p test_host_compiler.py
2026-09-07T06:54:43.9961450Z test_c_flags_are_independent_of_cxx_flags (test_host_compiler.HostCompilerTests.test_c_flags_are_independent_of_cxx_flags) ... ok
2026-09-07T06:54:43.9986168Z test_defaults_preserve_gcc_first_selection (test_host_compiler.HostCompilerTests.test_defaults_preserve_gcc_first_selection) ... ok
2026-09-07T06:54:44.0010863Z test_explicit_compiler_and_arguments_preserve_spaces (test_host_compiler.HostCompilerTests.test_explicit_compiler_and_arguments_preserve_spaces) ... ok
2026-09-07T06:54:44.0110168Z test_invalid_flags_are_rejected_without_shell_parsing (test_host_compiler.HostCompilerTests.test_invalid_flags_are_rejected_without_shell_parsing) ... ok
2026-09-07T06:54:44.0136107Z test_missing_explicit_compiler_does_not_fall_back_or_skip (test_host_compiler.HostCompilerTests.test_missing_explicit_compiler_does_not_fall_back_or_skip) ... ok
2026-09-07T06:54:44.0160004Z test_optional_absence_and_invalid_language (test_host_compiler.HostCompilerTests.test_optional_absence_and_invalid_language) ... ok
2026-09-07T06:54:44.0160839Z 
2026-09-07T06:54:44.0161064Z ----------------------------------------------------------------------
2026-09-07T06:54:44.0161604Z Ran 6 tests in 0.024s
2026-09-07T06:54:44.0161827Z 
2026-09-07T06:54:44.0161980Z OK
2026-09-07T06:54:44.0310312Z [M12] exec: C:\hostedtoolcache\windows\Python\3.12.10\x64\python.exe -m unittest discover -v -s D:\a\NU54DK_Arduino_Core\NU54DK_Arduino_Core\tests\host -p test_m10_prerequisites.py
2026-09-07T06:54:44.1615612Z test_builder_launcher_isolates_embedded_python_runtime (test_m10_prerequisites.M10PrerequisiteContractTests.test_builder_launcher_isolates_embedded_python_runtime)
2026-09-07T06:54:44.1791922Z ! @brief \uc678\ubd80 Python \ud658\uacbd\uc774 NCS Toolchain \ud45c\uc900 library\ub97c \uc624\uc5fc\uc2dc\ud0a4\uc9c0 \ubabb\ud558\uac8c \ud569\ub2c8\ub2e4. ... ok
2026-09-07T06:54:44.1793293Z test_builder_launcher_searches_exact_user_toolchain_first (test_m10_prerequisites.M10PrerequisiteContractTests.test_builder_launcher_searches_exact_user_toolchain_first)
2026-09-07T06:54:44.1887307Z ! @brief Arduino process\uac00 PATH \uc5c6\uc774 \uc0ac\uc6a9\uc790 profile\uc758 \uace0\uc815 Python\uc744 \ucc3e\uc2b5\ub2c8\ub2e4. ... ok
2026-09-07T06:54:44.1888393Z test_changed_pin_hash_is_rejected (test_m10_prerequisites.M10PrerequisiteContractTests.test_changed_pin_hash_is_rejected)
2026-09-07T06:54:44.2007613Z ! @brief package pin byte\uac00 \ubc14\ub00c\uba74 \uacfc\uac70 \uc644\ub8cc marker\ub97c \uc7ac\uc0ac\uc6a9\ud558\uc9c0 \uc54a\uc2b5\ub2c8\ub2e4. ... ok
2026-09-07T06:54:44.2008780Z test_empty_explicit_ncs_root_does_not_fall_back (test_m10_prerequisites.M10PrerequisiteContractTests.test_empty_explicit_ncs_root_does_not_fall_back)
2026-09-07T06:54:44.2126087Z ! @brief \ud658\uacbd \ubcc0\uc218\ub97c \ube48 \uac12\uc73c\ub85c \uba85\uc2dc\ud574\ub3c4 \uae30\uc874 NCS\ub97c \uc120\ud0dd\ud558\uc9c0 \uc54a\uc2b5\ub2c8\ub2e4. ... ok
2026-09-07T06:54:44.2127285Z test_explicit_ncs_root_is_authoritative (test_m10_prerequisites.M10PrerequisiteContractTests.test_explicit_ncs_root_is_authoritative)
2026-09-07T06:54:44.2290646Z ! @brief \uba85\uc2dc\ud55c NCS root\ub9cc \uc120\ud0dd\ud558\uace0 \uae30\ubcf8 \uc124\uce58 \ud6c4\ubcf4\ub97c \uc870\ud68c\ud558\uc9c0 \uc54a\uc2b5\ub2c8\ub2e4. ... ok
2026-09-07T06:54:44.2292208Z test_gitless_revision_falls_back_only_to_valid_release_manifest (test_m10_prerequisites.M10PrerequisiteContractTests.test_gitless_revision_falls_back_only_to_valid_release_manifest)
2026-09-07T06:54:44.3008943Z ! @brief \uc0c1\uc704 Git\uc744 \uc624\uc778\ud558\uc9c0 \uc54a\uace0 40\uc790\ub9ac archive revision\ub9cc \uc0ac\uc6a9\ud569\ub2c8\ub2e4. ... ok
2026-09-07T06:54:44.3010627Z test_incomplete_or_wrong_ready_marker_is_rejected (test_m10_prerequisites.M10PrerequisiteContractTests.test_incomplete_or_wrong_ready_marker_is_rejected)
2026-09-07T06:54:44.3360655Z ! @brief incomplete \uc0c1\ud0dc\uc640 \ub2e4\ub978 Toolchain marker\ub97c \ubaa8\ub450 fail-closed \ucc98\ub9ac\ud569\ub2c8\ub2e4. ... ok
2026-09-07T06:54:44.3361774Z test_installer_is_user_scoped_resumable_and_version_checked (test_m10_prerequisites.M10PrerequisiteContractTests.test_installer_is_user_scoped_resumable_and_version_checked)
2026-09-07T06:54:44.3539679Z ! @brief \uc124\uce58\uae30\ub294 \uc0ac\uc6a9\uc790 \uacbd\ub85c\uc640 \ub2e8\uacc4 marker\ub9cc \uc0ac\uc6a9\ud558\uace0 \uace0\uc815 version\uc744 \ud655\uc778\ud569\ub2c8\ub2e4. ... ok
2026-09-07T06:54:44.3541126Z test_installer_sets_utf8_before_any_runtime_output (test_m10_prerequisites.M10PrerequisiteContractTests.test_installer_sets_utf8_before_any_runtime_output)
2026-09-07T06:54:44.3637590Z ! @brief \uc124\uce58\uae30\uac00 \uccab \ucd9c\ub825 \uc804\uc5d0 PS 5.1 console\uacfc native pipe\ub97c UTF-8\ub85c \uace0\uc815\ud569\ub2c8\ub2e4. ... ok
2026-09-07T06:54:44.3638849Z test_installer_uses_powershell_51_compatible_log_append (test_m10_prerequisites.M10PrerequisiteContractTests.test_installer_uses_powershell_51_compatible_log_append)
2026-09-07T06:54:46.8404691Z ! @brief PS 5.1\uc5d0\uc11c \ud5c8\uc6a9\ub418\uc9c0 \uc54a\ub294 Tee \ub9e4\uac1c \ubcc0\uc218 \uc870\ud569\uc744 \ucc28\ub2e8\ud569\ub2c8\ub2e4. ... ok
2026-09-07T06:54:46.8406273Z test_invalid_explicit_ncs_root_does_not_fall_back (test_m10_prerequisites.M10PrerequisiteContractTests.test_invalid_explicit_ncs_root_does_not_fall_back)
2026-09-07T06:54:46.8575568Z ! @brief \uaca9\ub9ac NCS\uac00 \uc5c6\uc744 \ub54c \uae30\uc874 \uc0ac\uc6a9\uc790�C \ub4dc\ub77c\uc774\ube0c \uc124\uce58\ub85c \uc0c8\uc9c0 \uc54a\uc2b5\ub2c8\ub2e4. ... ok
2026-09-07T06:54:46.8576780Z test_matching_release_manifest_and_ready_marker_are_accepted (test_m10_prerequisites.M10PrerequisiteContractTests.test_matching_release_manifest_and_ready_marker_are_accepted)
2026-09-07T06:54:46.8703775Z ! @brief package, pin\uacfc \uc124\uce58 marker\uc758 3-way identity\uac00 \uac19\uc73c\uba74 \uc2b9\uc778\ud569\ub2c8\ub2e4. ... ok
2026-09-07T06:54:46.8704778Z test_packaged_revisions_use_bundled_git_with_empty_path (test_m10_prerequisites.M10PrerequisiteContractTests.test_packaged_revisions_use_bundled_git_with_empty_path)
2026-09-07T06:54:46.9011513Z ! @brief system Git\uc774 \uc5c6\uc5b4\ub3c4 NCS/Zephyr\ub294 Toolchain Git\uc73c\ub85c\ub9cc \uc870\ud68c\ud569\ub2c8\ub2e4. ... ok
2026-09-07T06:54:46.9012629Z test_packaged_toolchain_discovery_requires_only_pinned_bundle (test_m10_prerequisites.M10PrerequisiteContractTests.test_packaged_toolchain_discovery_requires_only_pinned_bundle)
2026-09-07T06:54:46.9296880Z ! @brief package\ub294 env\uc640 registry\uc758 \ub2e4\ub978 bundle\uc744 \ubb34\uc2dc\ud558\uace0 exact pin\ub9cc \uc120\ud0dd\ud569\ub2c8\ub2e4. ... ok
2026-09-07T06:54:46.9297973Z test_pin_file_fixes_official_bytes_and_all_nordic_versions (test_m10_prerequisites.M10PrerequisiteContractTests.test_pin_file_fixes_official_bytes_and_all_nordic_versions)
2026-09-07T06:54:46.9390733Z ! @brief \uacf5\uc2dd URL, byte hash\uc640 SDK/Toolchain revision\uc774 \uc815\ud655\ud788 \uace0\uc815\ub429\ub2c8\ub2e4. ... ok
2026-09-07T06:54:46.9391720Z test_post_install_cmd_emits_strict_utf8_for_korean_output (test_m10_prerequisites.M10PrerequisiteContractTests.test_post_install_cmd_emits_strict_utf8_for_korean_output)
2026-09-07T06:54:47.9100151Z ! @brief Arduino gRPC\uc5d0 \uc804\ub2ec\ud560 \ud55c\uae00 \ucd9c\ub825\uc744 \uc5c4\uaca9\ud55c UTF-8\ub85c \ubcf4\uc7a5\ud569\ub2c8\ub2e4. ... ok
2026-09-07T06:54:47.9101322Z test_post_install_cmd_preserves_quoted_platform_root_and_exit_code (test_m10_prerequisites.M10PrerequisiteContractTests.test_post_install_cmd_preserves_quoted_platform_root_and_exit_code)
2026-09-07T06:54:48.4222910Z ! @brief trailing slash\uc640 \uacf5\ubc31\uc774 \uc788\ub294 package root\ub97c \uc2e4\uc81c CMD \ud638\ucd9c\ub85c \ubcf4\uc874\ud569\ub2c8\ub2e4. ... ok
2026-09-07T06:54:48.4224034Z test_post_install_propagates_powershell_exit_code (test_m10_prerequisites.M10PrerequisiteContractTests.test_post_install_propagates_powershell_exit_code)
2026-09-07T06:54:48.4338476Z ! @brief Arduino hook\uac00 \uc124\uce58 \uc2e4\ud328\ub97c \uc131\uacf5\uc73c\ub85c \uc228\uae30\uc9c0 \uc54a\uc2b5\ub2c8\ub2e4. ... ok
2026-09-07T06:54:48.4340520Z test_powershell_install_and_verify_scripts_parse (test_m10_prerequisites.M10PrerequisiteContractTests.test_powershell_install_and_verify_scripts_parse)
2026-09-07T06:54:48.8754599Z ! @brief clean Windows\uc5d0\uc11c \uc2e4\ud589\ud560 \ub450 PowerShell script\uac00 parser \uc624\ub958 \uc5c6\uc774 \uc77d\ud799\ub2c8\ub2e4. ... ok
2026-09-07T06:54:48.8755936Z test_powershell_scripts_do_not_depend_on_hash_module_autoload (test_m10_prerequisites.M10PrerequisiteContractTests.test_powershell_scripts_do_not_depend_on_hash_module_autoload)
2026-09-07T06:54:48.8853793Z ! @brief clean PowerShell\uc5d0\uc11c SHA-256 cmdlet \uc790\ub3d9 \ub85c\ub4dc\uc5d0 \uc758\uc874\ud558\uc9c0 \uc54a\uc2b5\ub2c8\ub2e4. ... ok
2026-09-07T06:54:48.8854841Z test_sdk_manager_requirement_uses_exact_version_operator (test_m10_prerequisites.M10PrerequisiteContractTests.test_sdk_manager_requirement_uses_exact_version_operator)
2026-09-07T06:54:48.8949123Z ! @brief nRF Util installation set\uc774 sdk-manager patch version\uae4c\uc9c0 \uace0\uc815\ud569\ub2c8\ub2e4. ... ok
2026-09-07T06:54:48.8950084Z test_toolchain_manifest_bundle_id_is_verified (test_m10_prerequisites.M10PrerequisiteContractTests.test_toolchain_manifest_bundle_id_is_verified)
2026-09-07T06:54:48.9083225Z ! @brief directory \uc774\ub984\uacfc \ub0b4\ubd80 Nordic bundle metadata\uac00 \ubaa8\ub450 pin\uacfc \uac19\uc544\uc57c \ud569\ub2c8\ub2e4. ... ok
2026-09-07T06:54:48.9084427Z test_verifier_checks_reused_marker_version_and_normalized_nrfutil_path (test_m10_prerequisites.M10PrerequisiteContractTests.test_verifier_checks_reused_marker_version_and_normalized_nrfutil_path)
2026-09-07T06:54:48.9177685Z ! @brief verifier\uac00 Builder\uc640 \uac19\uc740 ready marker version/path \uacc4\uc57d\uc744 \uc801\uc6a9\ud569\ub2c8\ub2e4. ... ok
2026-09-07T06:54:48.9178702Z test_verify_script_initializes_utf8_before_runtime_setup (test_m10_prerequisites.M10PrerequisiteContractTests.test_verify_script_initializes_utf8_before_runtime_setup)
2026-09-07T06:54:48.9270130Z ! @brief \uac80\uc99d subprocess\ub3c4 \uccab \ucd9c\ub825 \uc804\uc5d0 UTF-8 \ucd9c\ub825\uc744 \uace0\uc815\ud569\ub2c8\ub2e4. ... ok
2026-09-07T06:54:48.9270881Z 
2026-09-07T06:54:48.9271064Z ----------------------------------------------------------------------
2026-09-07T06:54:48.9271393Z Ran 24 tests in 4.766s
2026-09-07T06:54:48.9271522Z 
2026-09-07T06:54:48.9271601Z OK
2026-09-07T06:54:48.9444247Z [M12] exec: C:\hostedtoolcache\windows\Python\3.12.10\x64\python.exe -m unittest discover -v -s D:\a\NU54DK_Arduino_Core\NU54DK_Arduino_Core\tests\host -p test_m10_remote_runner.py
2026-09-07T06:54:49.0243428Z test_arduino_cli_15_uses_supported_json_flags (test_m10_remote_runner.M10RemoteRunnerContractTests.test_arduino_cli_15_uses_supported_json_flags)
2026-09-07T06:54:49.0245081Z ! @brief \ub300\uc0c1 Arduino CLI 1.5 \uacc4\uc5f4\uc774 \uc9c0\uc6d0\ud558\ub294 global JSON flag\ub97c \uc0ac\uc6a9\ud569\ub2c8\ub2e4. ... ok
2026-09-07T06:54:49.0246717Z test_checkpoint_writes_are_atomic_and_write_through (test_m10_remote_runner.M10RemoteRunnerContractTests.test_checkpoint_writes_are_atomic_and_write_through)
2026-09-07T06:54:51.9631370Z ! @brief state/evidence\uac00 \uac19\uc740 directory\uc758 \uc784\uc2dc \ud30c\uc77c\uc5d0\uc11c \uc6d0\uc790 \uad50\uccb4\ub429\ub2c8\ub2e4. ... ok
2026-09-07T06:54:51.9632722Z test_clean_baseline_requires_absent_ncs_and_prerequisite_state (test_m10_remote_runner.M10RemoteRunnerContractTests.test_clean_baseline_requires_absent_ncs_and_prerequisite_state)
2026-09-07T06:54:51.9633780Z ! @brief fresh M10 run\uc740 \uae30\uc874 Nordic \uc124\uce58\ub97c clean \uc124\uce58\ub85c \uc624\uc778\ud558\uc9c0 \uc54a\uc2b5\ub2c8\ub2e4. ... ok
2026-09-07T06:54:51.9634924Z test_complete_lifecycle_is_checkpointed (test_m10_remote_runner.M10RemoteRunnerContractTests.test_complete_lifecycle_is_checkpointed)
2026-09-07T06:54:51.9636127Z ! @brief \uc124\uce58\ubd80\ud130 uninstall \ubc0f reinstall\uae4c\uc9c0 \ubaa8\ub4e0 \ub2e8\uacc4 \uc774\ub984\uc744 \uace0\uc815\ud569\ub2c8\ub2e4. ... ok
2026-09-07T06:54:51.9637509Z test_exact_arduino_cli_identity_is_asserted_and_recorded (test_m10_remote_runner.M10RemoteRunnerContractTests.test_exact_arduino_cli_identity_is_asserted_and_recorded)
2026-09-07T06:54:51.9638489Z ! @brief version \ubb38\uc790\uc5f4\ubfd0 \uc544\ub2c8\ub77c commit\uacfc \uc2e4\ud589 \ud30c\uc77c hash\ub3c4 \uace0\uc815\ud569\ub2c8\ub2e4. ... ok
2026-09-07T06:54:51.9639481Z test_failed_post_install_can_be_retried_for_an_installed_core (test_m10_remote_runner.M10RemoteRunnerContractTests.test_failed_post_install_can_be_retried_for_an_installed_core)
2026-09-07T06:54:52.3257684Z ! @brief CLI\uac00 \uc124\uce58\ub428\uc73c\ub85c \ub0a8\uae34 core\ub3c4 post-install\uc744 \uc9c1\uc811 \uc7ac\uc2e4\ud589\ud569\ub2c8\ub2e4. ... ok
2026-09-07T06:54:52.3258816Z test_idempotent_uninstall_runs_once_when_core_is_installed (test_m10_remote_runner.M10RemoteRunnerContractTests.test_idempotent_uninstall_runs_once_when_core_is_installed)
2026-09-07T06:54:52.7528490Z ! @brief \uc815\uc0c1 \uc124\uce58 \uc0c1\ud0dc\uc5d0\uc11c\ub294 uninstall\uc744 \uc815\ud655\ud788 \ud55c \ubc88 \ud638\ucd9c\ud569\ub2c8\ub2e4. ... ok
2026-09-07T06:54:52.7530272Z test_index_cannot_redirect_to_an_arbitrary_archive (test_m10_remote_runner.M10RemoteRunnerContractTests.test_index_cannot_redirect_to_an_arbitrary_archive)
2026-09-07T06:54:52.7531223Z ! @brief index\uc758 filename\uacfc EIDOSDATA release URL\uc744 version\ubcc4\ub85c \uace0\uc815\ud569\ub2c8\ub2e4. ... ok
2026-09-07T06:54:52.7532167Z test_installed_release_byte_provenance_is_in_evidence (test_m10_remote_runner.M10RemoteRunnerContractTests.test_installed_release_byte_provenance_is_in_evidence)
2026-09-07T06:54:52.7533077Z ! @brief \uc124\uce58 archive\uc640 release manifest\uc758 commit/checksum identity\ub97c \ub0a8\uae41\ub2c8\ub2e4. ... ok
2026-09-07T06:54:52.7534376Z test_local_runner_has_windows_powershell_utf8_signature (test_m10_remote_runner.M10RemoteRunnerContractTests.test_local_runner_has_windows_powershell_utf8_signature)
2026-09-07T06:54:52.7535345Z ! @brief \ud55c\uae00 \uc2e4\ud589\uae30\ub97c \uc601\ubb38 Windows PowerShell 5.1\ub3c4 UTF-8\ub85c \uc77d\uac8c \ud569\ub2c8\ub2e4. ... ok
2026-09-07T06:54:52.7536285Z test_multi_probe_failure_preserves_count_in_evidence (test_m10_remote_runner.M10RemoteRunnerContractTests.test_multi_probe_failure_preserves_count_in_evidence)
2026-09-07T06:54:52.7537277Z ! @brief \uc120\ud0dd \uc5c6\ub294 multi-probe \uc2e4\ud328 evidence\uc5d0 \uc2e4\uc81c count\uc640 \ucc28\ub2e8 \uc0ac\uc720\ub97c \ub0a8\uae41\ub2c8\ub2e4. ... ok
2026-09-07T06:54:52.7538293Z test_native_command_returns_one_object_under_strict_mode (test_m10_remote_runner.M10RemoteRunnerContractTests.test_native_command_returns_one_object_under_strict_mode)
2026-09-07T06:54:54.3097551Z ! @brief PS 5.1 Task \uacb0\uacfc\uac00 success stream\uc5d0 \uc11e\uc5ec JSON \uacb0\uacfc\ub97c \ubc30\uc5f4\ub85c \ub9cc\ub4e4\uc9c0 \uc54a\uc2b5\ub2c8\ub2e4. ... ok
2026-09-07T06:54:54.3098681Z test_native_output_is_disk_spooled_and_tail_bounded (test_m10_remote_runner.M10RemoteRunnerContractTests.test_native_output_is_disk_spooled_and_tail_bounded)
2026-09-07T06:54:56.2457646Z ! @brief \uc7a5\uc2dc\uac04 native \ucd9c\ub825\uc740 file\ub85c \ud758\ub9ac\uace0 \uc81c\ud55c\ub41c tail\ub9cc \uba54\ubaa8\ub9ac\uc5d0 \ubc18\ud658\ud569\ub2c8\ub2e4. ... ok
2026-09-07T06:54:56.2459217Z test_nordic_verifier_is_invoked_from_installed_platform (test_m10_remote_runner.M10RemoteRunnerContractTests.test_nordic_verifier_is_invoked_from_installed_platform)
2026-09-07T06:54:56.2460177Z ! @brief \uc124\uce58\ub41c core \ub0b4\ubd80 verifier\ub97c JSON mode\ub85c \uba85\uc2dc \uc2e4\ud589\ud569\ub2c8\ub2e4. ... ok
2026-09-07T06:54:56.2461063Z test_powershell_51_parser_accepts_both_scripts (test_m10_remote_runner.M10RemoteRunnerContractTests.test_powershell_51_parser_accepts_both_scripts)
2026-09-07T06:54:56.6474573Z ! @brief Windows PowerShell parser\uac00 \ub450 \ud30c\uc77c\uc744 \uc624\ub958 \uc5c6\uc774 \ud574\uc11d\ud569\ub2c8\ub2e4. ... ok
2026-09-07T06:54:56.6476140Z test_probe_identity_and_credentials_are_redacted (test_m10_remote_runner.M10RemoteRunnerContractTests.test_probe_identity_and_credentials_are_redacted)
2026-09-07T06:54:56.6477509Z ! @brief probe UID\uc640 \uc790\uaca9 \uc99d\uba85 \ud615\ud0dc\ub97c \ub450 \uc2e4\ud589\uae30\uc5d0\uc11c \uc81c\uac70\ud569\ub2c8\ub2e4. ... ok
2026-09-07T06:54:56.6478643Z test_probe_is_required_unless_explicitly_relaxed (test_m10_remote_runner.M10RemoteRunnerContractTests.test_probe_is_required_unless_explicitly_relaxed)
2026-09-07T06:54:56.6479645Z ! @brief \uae30\ubcf8 HIL\uc740 probe\ub97c \uc694\uad6c\ud558\uace0 \uc870\uc0ac \uc2e4\ud589\ub9cc \uba85\uc2dc\uc801\uc73c\ub85c \uc0dd\ub7b5\ud569\ub2c8\ub2e4. ... ok
2026-09-07T06:54:56.6480573Z test_public_index_uses_repository_owner (test_m10_remote_runner.M10RemoteRunnerContractTests.test_public_index_uses_repository_owner)
2026-09-07T06:54:56.6481443Z ! @brief \uae30\ubcf8 index\uac00 \uacf5\uac1c EIDOSDATA \uc800\uc7a5\uc18c\ub97c \uac00\ub9ac\ud0a4\ub294\uc9c0 \uac80\uc99d\ud569\ub2c8\ub2e4. ... ok
2026-09-07T06:54:56.6482364Z test_pyocd_api_count_uses_utf8_and_ten_uploads (test_m10_remote_runner.M10RemoteRunnerContractTests.test_pyocd_api_count_uses_utf8_and_ten_uploads)
2026-09-07T06:54:56.6483323Z ! @brief \ud55c\uad6d\uc5b4 Windows\uc5d0\uc11c\ub3c4 probe \uc5f4\uac70\uc640 RC 10\ud68c HIL\uc774 \uc7ac\ud604\ub418\ub294\uc9c0 \uace0\uc815\ud569\ub2c8\ub2e4. ... ok
2026-09-07T06:54:56.6484326Z test_pyocd_api_probe_count_accepts_only_one_integer (test_m10_remote_runner.M10RemoteRunnerContractTests.test_pyocd_api_probe_count_accepts_only_one_integer)
2026-09-07T06:54:57.5382264Z ! @brief pyOCD API\uc758 \ube44\uc2dd\ubcc4 count \ud55c \uac1c\ub9cc \uc548\uc804\ud558\uac8c \ud574\uc11d\ud569\ub2c8\ub2e4. ... ok
2026-09-07T06:54:57.5383299Z test_pyocd_api_probe_count_rejects_ambiguous_output (test_m10_remote_runner.M10RemoteRunnerContractTests.test_pyocd_api_probe_count_rejects_ambiguous_output)
2026-09-07T06:54:59.2645407Z ! @brief \ube48 \uac12, \uc74c\uc218\uc640 \ubd80\uac00 \ucd9c\ub825\uc774 \uc11e\uc778 count\ub97c fail-closed \ucc98\ub9ac\ud569\ub2c8\ub2e4. ... ok
2026-09-07T06:54:59.2646890Z test_resume_fingerprint_pins_runner_cli_index_and_archives (test_m10_remote_runner.M10RemoteRunnerContractTests.test_resume_fingerprint_pins_runner_cli_index_and_archives)
2026-09-07T06:54:59.2648637Z ! @brief mutable main URL\uc774\ub098 \uc2e4\ud589\uae30 \uad50\uccb4\uac00 \uae30\uc874 PASS checkpoint\uc640 \uc11e\uc774\uc9c0 \uc54a\uc2b5\ub2c8\ub2e4. ... ok
2026-09-07T06:54:59.2649934Z test_run_identity_has_one_global_mutex_owner (test_m10_remote_runner.M10RemoteRunnerContractTests.test_run_identity_has_one_global_mutex_owner)
2026-09-07T06:55:00.3053447Z ! @brief \uac19\uc740 RunId\uc758 \ub450 process\uac00 Arduino data\uc640 checkpoint\ub97c \uacf5\uc720\ud558\uc9c0 \uc54a\uc2b5\ub2c8\ub2e4. ... ok
2026-09-07T06:55:00.3054420Z test_ssh_authentication_fails_closed (test_m10_remote_runner.M10RemoteRunnerContractTests.test_ssh_authentication_fails_closed)
2026-09-07T06:55:00.3061008Z ! @brief SSH\uac00 password fallback\uacfc \ubbf8\ud655\uc778 host key\ub97c \ud5c8\uc6a9\ud558\uc9c0 \uc54a\uc2b5\ub2c8\ub2e4. ... ok
2026-09-07T06:55:00.3062038Z test_target_runner_is_ascii_only (test_m10_remote_runner.M10RemoteRunnerContractTests.test_target_runner_is_ascii_only)
2026-09-07T06:55:00.3085364Z ! @brief \ub300\uc0c1 PC \uc804\uc1a1 \ud30c\uc77c\uc5d0 code page \uc758\uc874 \ubb38\uc790\uac00 \uc5c6\uc74c\uc744 \uac80\uc99d\ud569\ub2c8\ub2e4. ... ok
2026-09-07T06:55:00.3086312Z test_target_uses_isolated_arduino_directories (test_m10_remote_runner.M10RemoteRunnerContractTests.test_target_uses_isolated_arduino_directories)
2026-09-07T06:55:00.3087284Z ! @brief run\ubcc4 data, downloads, sketchbook\uacfc build\ub97c \ubd84\ub9ac\ud569\ub2c8\ub2e4. ... ok
2026-09-07T06:55:00.3088324Z test_timeout_and_exit_code_contract_is_fail_closed (test_m10_remote_runner.M10RemoteRunnerContractTests.test_timeout_and_exit_code_contract_is_fail_closed)
2026-09-07T06:55:00.3089361Z ! @brief native command\uac00 timeout\uacfc exit code\ub97c \ubaa8\ub450 \uac80\uc0ac\ud569\ub2c8\ub2e4. ... ok
2026-09-07T06:55:00.3091256Z test_uninstall_crash_window_recovers_when_core_is_already_absent (test_m10_remote_runner.M10RemoteRunnerContractTests.test_uninstall_crash_window_recovers_when_core_is_already_absent)
2026-09-07T06:55:00.6568886Z ! @brief uninstall \ub4a4 checkpoint \uc804 \uc911\ub2e8\ub41c \uc7ac\uac1c\uac00 \uc7ac\uc0ad\uc81c \uc5c6\uc774 \uc131\uacf5\ud569\ub2c8\ub2e4. ... ok
2026-09-07T06:55:00.6570015Z test_versions_and_post_install_are_explicit (test_m10_remote_runner.M10RemoteRunnerContractTests.test_versions_and_post_install_are_explicit)
2026-09-07T06:55:00.6572184Z ! @brief preview version\uacfc post-install \uc2e4\ud589\uc744 \uc554\ubb35\uc801\uc73c\ub85c \uc120\ud0dd\ud558\uc9c0 \uc54a\uc2b5\ub2c8\ub2e4. ... ok
2026-09-07T06:55:00.6572689Z 
2026-09-07T06:55:00.6572847Z ----------------------------------------------------------------------
2026-09-07T06:55:00.6573181Z Ran 29 tests in 11.633s
2026-09-07T06:55:00.6573362Z 
2026-09-07T06:55:00.6573437Z OK
2026-09-07T06:55:00.6697429Z [M12] exec: C:\hostedtoolcache\windows\Python\3.12.10\x64\python.exe -m unittest discover -v -s D:\a\NU54DK_Arduino_Core\NU54DK_Arduino_Core\tests\host -p test_m11_rc_hil.py
2026-09-07T06:55:00.8200171Z test_argument_defaults_preserve_source_mode_and_force_one_rc_upload (test_m11_rc_hil.M11RcHilTests.test_argument_defaults_preserve_source_mode_and_force_one_rc_upload)
2026-09-07T06:55:00.8329320Z ! @brief source mode 10회와 RC mode 1회 기본값을 분리해 보존합니다. ... ok
2026-09-07T06:55:00.8330654Z test_auto_uart_opens_all_candidates_and_selects_unique_token (test_m11_rc_hil.M11RcHilTests.test_auto_uart_opens_all_candidates_and_selects_unique_token)
2026-09-07T06:55:00.8426115Z ! @brief COM3·COM4를 동시에 열고 READY가 있는 하나만 승인합니다. ... ok
2026-09-07T06:55:00.8426943Z test_auto_uart_rejects_ambiguous_or_occupied_candidates (test_m11_rc_hil.M11RcHilTests.test_auto_uart_rejects_ambiguous_or_occupied_candidates)
2026-09-07T06:55:00.8524984Z ! @brief READY 중복과 후보 port 점유를 모두 fail-closed 처리합니다. ... ok
2026-09-07T06:55:00.8525808Z test_build_manifest_rejects_hex_outside_build_and_hash_change (test_m11_rc_hil.M11RcHilTests.test_build_manifest_rejects_hex_outside_build_and_hash_change)
2026-09-07T06:55:00.8795562Z ! @brief HEX path traversal과 compile 뒤 byte 변경을 거부합니다. ... ok
2026-09-07T06:55:00.8796660Z test_command_output_is_bounded_and_keeps_upload_pass_tail (test_m11_rc_hil.M11RcHilTests.test_command_output_is_bounded_and_keeps_upload_pass_tail)
2026-09-07T06:55:00.9132874Z ! @brief 큰 출력은 disk에 spool하고 마지막 upload PASS 표식은 보존합니다. ... ok
2026-09-07T06:55:00.9134021Z test_command_timeout_terminates_descendant_process (test_m11_rc_hil.M11RcHilTests.test_command_timeout_terminates_descendant_process)
2026-09-07T06:55:04.0405267Z ! @brief timeout된 HIL command의 후손 process가 실행을 계속하지 못합니다. ... ok
2026-09-07T06:55:04.0406572Z test_committed_file_hash_ignores_worktree_crlf_conversion (test_m11_rc_hil.M11RcHilTests.test_committed_file_hash_ignores_worktree_crlf_conversion)
2026-09-07T06:55:04.4182240Z ! @brief LF Git blob을 CRLF 작업 파일과 독립적으로 구분합니다. ... ok
2026-09-07T06:55:04.4182921Z test_flash_log_requires_one_safe_pyocd_upload (test_m11_rc_hil.M11RcHilTests.test_flash_log_requires_one_safe_pyocd_upload)
2026-09-07T06:55:04.4356501Z ! @brief exact HEX의 비파괴 pyOCD command 한 건만 승인합니다. ... ok
2026-09-07T06:55:04.5026027Z test_rc_main_compiles_uploads_once_and_writes_identity_evidence (test_m11_rc_hil.M11RcHilTests.test_rc_main_compiles_uploads_once_and_writes_identity_evidence)
2026-09-07T06:55:04.5027364Z ! @brief RC root→compile→pyOCD 1회→UART 순서를 JSON evidence에 고정합니다. ... ok
2026-09-07T06:55:04.5028115Z test_rejects_manifest_path_traversal_and_unexpected_file (test_m11_rc_hil.M11RcHilTests.test_rejects_manifest_path_traversal_and_unexpected_file)
2026-09-07T06:55:04.5324707Z ! @brief manifest traversal과 package 밖 추가 payload를 모두 거부합니다. ... ok
2026-09-07T06:55:04.5325466Z test_validates_and_byte_exactly_stages_rc_platform (test_m11_rc_hil.M11RcHilTests.test_validates_and_byte_exactly_stages_rc_platform)
2026-09-07T06:55:04.5994022Z ! @brief 원본과 staged root가 같은 tree identity를 가져야 합니다. ... ok
2026-09-07T06:55:04.5994502Z 
2026-09-07T06:55:04.5994758Z ----------------------------------------------------------------------
2026-09-07T06:55:04.5995307Z Ran 11 tests in 3.779s
2026-09-07T06:55:04.5995533Z 
2026-09-07T06:55:04.5995646Z OK
2026-09-07T06:55:04.5999184Z [NU54] command output truncated to final 32 MiB
2026-09-07T06:55:04.6012745Z xxxxxxxxxxxxxxxxxxxxxxxxxxxxxxxxxxxxxxxxxxxxxxxxxxxxxxxxxxxxxxxxxxxxxxxxxxxxxxxxxxxxxxxxxxxxxxxxxxxxxxxxxxxxxxxxxxxxxxxxxxxxxxxxxxxxxxxxxxxxxxxxxxxxxxxxxxxxxxxxxxxxxxxxxxxxxxxxxxxxxxxxxxxxxxxxxxxxxxxxxxxxxxxxxxxxxxxxxxxxxxxxxxxxxxxxxxxxxxxxxxxxxxxxxxxxxxxxxxxxxxxxxxxxxxxxxxxxxxxxxxxxxxxxxxxxxxxxxxxxxxxxxxxxxxxxxxxxxxxxxxxxxxxxxxxxxxxxxxxxxxxxxxxxxxxxxxxxxxxxxxxxxxxxxxxxxxxxxxxxxxxxxxxxxxxxxxxxxxxxxxxxxxxxxxxxxxxxxxxxxxxxxxxxxxxxxxxxxxxxxxxxxxxxxxxxxxxxxxxxxxxxxxxxxxxxxxxxxxxxxxxxxxxxxxxxxxxxxxxxxxxxxxxxxxxxxxxxxxxxxxxxxxxxxxxxxxxxxxxxxxxxxxxxxxxxxxxxxxxxxxxxxxxxxxxxxxxxxxxxxxxxxxxxxxxxxxxxxxxxxxxxxxxxxxxxxxxxxxxxxxxxxxxxxxxxxxxxxxxxxxxxxxxxxxxxxxxxxxxxxxxxxxxxxxxxxxxxxxxxxxxxxxxxxxxxxxxxxxxxxxxxxxxxxxxxxxxxxxxxxxxxxxxxxxxxxxxxxxxxxxxxxxxxxxxxxxxxxxxxxxxxxxxxxxxxxxxxxxxxxxxxxxxxxxxxxxxxxxxxxxxxxxxxxxxxxxxxxxxxxxxxxxxxxxxxxxxxxxxxxxxxxxxxxxxxxxxxxxxxxxxxxxxxxxxxxxxxxxxxxxxxxxxxxxxxxxxxxxxxxxxxxxxxxxxxxxxxxxxxxxxxxxxxxxxxxxxxxxxxxxxxx
2026-09-07T06:55:04.6026425Z NU54_UPLOAD_PASS runner=pyocd
2026-09-07T06:55:04.6026701Z NUCODE_M8_UPLOAD_ATTEMPT:1/1
2026-09-07T06:55:04.6026975Z NUCODE_M8_UPLOAD_ATTEMPT_PASS:1/1
2026-09-07T06:55:04.6027956Z M8_UPLOAD_HIL_PASS runner=pyocd repetitions=1 hex_sha256=3f8e73b74c458dcf96bcdf19bf482239a9abf5ced2b78737a4418d6035c81a03 result=C:\Users\runneradmin\AppData\Local\Temp\nu54-m11-rc-hil-r011bvmh\workspace\20260907T065504-445393Z\m8-upload-result.json
2026-09-07T06:55:04.6166418Z [M12] exec: C:\hostedtoolcache\windows\Python\3.12.10\x64\python.exe -m unittest discover -v -s D:\a\NU54DK_Arduino_Core\NU54DK_Arduino_Core\tests\host -p test_m11_release.py
2026-09-07T06:55:14.9056756Z test_00_m11_rejects_the_m18_release_candidate (test_m11_release.M11ReleaseTests.test_00_m11_rejects_the_m18_release_candidate)
2026-09-07T06:55:14.9083557Z ! @brief M11 역사적 자동화가 v0.2 RC를 받아들이지 않는지 검증합니다. ... usage: python.exe -m unittest prepare [-h] [--repo-root REPO_ROOT]
2026-09-07T06:55:14.9084448Z                                       --output-dir OUTPUT_DIR --version
2026-09-07T06:55:14.9084964Z                                       {0.1.0-rc.2} [--commit COMMIT]
2026-09-07T06:55:14.9085764Z python.exe -m unittest prepare: error: argument --version: invalid choice: '0.2.0-rc.1' (choose from 0.1.0-rc.2)
2026-09-07T06:55:14.9086498Z ok
2026-09-07T06:55:14.9923405Z test_01_rc_package_and_index_have_separate_identity (test_m11_release.M11ReleaseTests.test_01_rc_package_and_index_have_separate_identity) ... ok
2026-09-07T06:55:14.9924460Z test_02_published_stable_rebuild_and_mixed_channels_fail (test_m11_release.M11ReleaseTests.test_02_published_stable_rebuild_and_mixed_channels_fail)
2026-09-07T06:55:15.0513101Z ! @brief 개발 HEAD에서 공개 stable을 덮어쓰지 못하고 채널 혼합도 거부합니다. ... ok
2026-09-07T06:55:15.1555615Z test_03_plan_binds_all_artifacts_and_human_boundary (test_m11_release.M11ReleaseTests.test_03_plan_binds_all_artifacts_and_human_boundary) ... ok
2026-09-07T06:55:15.1681812Z test_04_plan_rejects_tampered_artifact (test_m11_release.M11ReleaseTests.test_04_plan_rejects_tampered_artifact) ... ok
2026-09-07T06:55:15.3285352Z test_05_command_gate_redacts_output_and_binds_plan (test_m11_release.M11ReleaseTests.test_05_command_gate_redacts_output_and_binds_plan) ... ok
2026-09-07T06:55:15.4532067Z test_06_failed_command_never_becomes_pass_evidence (test_m11_release.M11ReleaseTests.test_06_failed_command_never_becomes_pass_evidence) ... ok
2026-09-07T06:55:15.9914543Z test_07_extracted_package_placeholder_points_to_fixed_rc (test_m11_release.M11ReleaseTests.test_07_extracted_package_placeholder_points_to_fixed_rc) ... ok
2026-09-07T06:55:16.9710239Z test_08_documentation_must_be_exact_committed_blob (test_m11_release.M11ReleaseTests.test_08_documentation_must_be_exact_committed_blob) ... ok
2026-09-07T06:55:17.8572893Z test_09_m10_import_requires_clean_machine_and_safe_preview_generation (test_m11_release.M11ReleaseTests.test_09_m10_import_requires_clean_machine_and_safe_preview_generation) ... ok
2026-09-07T06:55:17.9535213Z test_10_finalize_reports_hold_when_required_gate_is_missing (test_m11_release.M11ReleaseTests.test_10_finalize_reports_hold_when_required_gate_is_missing) ... ok
2026-09-07T06:55:21.3209985Z test_11_all_technical_gates_still_require_human_stable_approval (test_m11_release.M11ReleaseTests.test_11_all_technical_gates_still_require_human_stable_approval) ... ok
2026-09-07T06:55:21.3248236Z test_12_forged_evidence_type_is_rejected (test_m11_release.M11ReleaseTests.test_12_forged_evidence_type_is_rejected) ... ok
2026-09-07T06:55:21.3249208Z test_13_documentation_cannot_be_replaced_by_a_command_gate (test_m11_release.M11ReleaseTests.test_13_documentation_cannot_be_replaced_by_a_command_gate)
2026-09-07T06:55:21.3251758Z ! @brief 종료 코드 0인 임의 명령이 exact 문서 blob gate를 대신하지 못합니다. ... ok
2026-09-07T06:55:21.3252711Z test_14_command_evidence_requires_redacted_log_and_full_schema (test_m11_release.M11ReleaseTests.test_14_command_evidence_requires_redacted_log_and_full_schema)
2026-09-07T06:55:21.4542262Z ! @brief log나 실행 field가 빠진 합성 PASS JSON을 finalize에서 거부합니다. ... ok
2026-09-07T06:55:21.4543137Z test_15_redaction_covers_bearer_json_and_github_environment_tokens (test_m11_release.M11ReleaseTests.test_15_redaction_covers_bearer_json_and_github_environment_tokens)
2026-09-07T06:55:21.4543973Z ! @brief 공개 log에 흔한 GitHub token 표기 변형을 모두 제거합니다. ... ok
2026-09-07T06:55:21.4544589Z test_16_plan_and_archive_never_accept_an_empty_commit (test_m11_release.M11ReleaseTests.test_16_plan_and_archive_never_accept_an_empty_commit)
2026-09-07T06:55:21.4836088Z ! @brief 빈 core revision으로 exact commit 비교를 우회하지 못합니다. ... ok
2026-09-07T06:55:22.4131136Z test_17_documentation_evidence_is_rechecked_against_git_blob (test_m11_release.M11ReleaseTests.test_17_documentation_evidence_is_rechecked_against_git_blob)
2026-09-07T06:55:22.4132372Z ! @brief file evidence의 size·SHA·Git object를 finalize 시점에 다시 검증합니다. ... ok
2026-09-07T06:55:22.4133131Z test_18_imported_m10_gate_rechecks_frozen_raw_evidence (test_m11_release.M11ReleaseTests.test_18_imported_m10_gate_rechecks_frozen_raw_evidence)
2026-09-07T06:55:22.9105899Z ! @brief import 뒤 원본 M10 JSON이 바뀌면 gate validation을 실패시킵니다. ... ok
2026-09-07T06:55:22.9106699Z test_19_command_log_is_bounded_while_preserving_redaction (test_m11_release.M11ReleaseTests.test_19_command_log_is_bounded_while_preserving_redaction)
2026-09-07T06:55:23.0355095Z ! @brief 큰 command 출력도 공개 log 상한 안에서 정제해 기록합니다. ... ok
2026-09-07T06:55:23.0356219Z test_20_post_gate_source_failure_preserves_log_bound (test_m11_release.M11ReleaseTests.test_20_post_gate_source_failure_preserves_log_bound)
2026-09-07T06:55:23.1618173Z ! @brief 실행 후 source 실패를 덧붙여도 공개 log byte 상한을 넘지 않습니다. ... ok
2026-09-07T06:55:23.1619004Z test_21_timeout_terminates_descendant_processes (test_m11_release.M11ReleaseTests.test_21_timeout_terminates_descendant_processes)
2026-09-07T06:55:26.3141498Z ! @brief timeout 시 직접 자식뿐 아니라 command의 후손 process도 종료합니다. ... ok
2026-09-07T06:55:26.3142377Z test_22_m10_followup_allows_only_ancestor_documentation_and_tests (test_m11_release.M11ReleaseTests.test_22_m10_followup_allows_only_ancestor_documentation_and_tests)
2026-09-07T06:55:26.3150181Z ! @brief M10 이후 허용 경로만 바뀐 ancestor 이력을 수용합니다. ... ok
2026-09-07T06:55:26.3151068Z test_23_m10_runtime_payload_mismatch_is_rejected (test_m11_release.M11ReleaseTests.test_23_m10_runtime_payload_mismatch_is_rejected)
2026-09-07T06:55:26.3820007Z ! @brief archive 이름과 commit을 맞춰도 runtime payload가 다르면 거부합니다. ... ok
2026-09-07T06:55:26.3820743Z test_24_imported_m10_records_runtime_provenance (test_m11_release.M11ReleaseTests.test_24_imported_m10_records_runtime_provenance)
2026-09-07T06:55:26.8719341Z ! @brief 가져온 gate가 M10/RC revision과 허용 diff를 동결합니다. ... ok
2026-09-07T06:55:26.8720439Z test_25_run_gate_cli_rejects_arbitrary_command_tail (test_m11_release.M11ReleaseTests.test_25_run_gate_cli_rejects_arbitrary_command_tail)
2026-09-07T06:55:26.8741727Z ! @brief 종료 코드 0인 임의 argv를 public gate CLI에 주입할 수 없습니다. ... usage: python.exe -m unittest [-h]
2026-09-07T06:55:26.8742524Z                               {prepare,validate-plan,run-gate,record-docs,import-m10,finalize}
2026-09-07T06:55:26.8742958Z                               ...
2026-09-07T06:55:26.8743544Z python.exe -m unittest: error: unrecognized arguments: -- C:\hostedtoolcache\windows\Python\3.12.10\x64\python.exe -c raise SystemExit(0)
2026-09-07T06:55:26.8744102Z ok
2026-09-07T06:55:26.8744664Z test_26_fixed_gate_contract_pins_repo_runner_and_exact_scope (test_m11_release.M11ReleaseTests.test_26_fixed_gate_contract_pins_repo_runner_and_exact_scope)
2026-09-07T06:55:26.8745532Z ! @brief gate 계약이 runner blob·archive·CLI·시험 범위를 모두 고정합니다. ... ok
2026-09-07T06:55:26.8746317Z test_27_rc_hil_result_byte_tamper_is_rejected (test_m11_release.M11ReleaseTests.test_27_rc_hil_result_byte_tamper_is_rejected)
2026-09-07T06:55:26.9382781Z ! @brief 동결한 HIL result JSON의 사후 변경을 evidence checksum이 차단합니다. ... ok
2026-09-07T06:55:26.9545970Z 
2026-09-07T06:55:26.9546364Z ----------------------------------------------------------------------
2026-09-07T06:55:26.9546854Z Ran 28 tests in 22.151s
2026-09-07T06:55:26.9547070Z 
2026-09-07T06:55:26.9547224Z OK
2026-09-07T06:55:26.9729542Z [M12] exec: C:\hostedtoolcache\windows\Python\3.12.10\x64\python.exe -m unittest discover -v -s D:\a\NU54DK_Arduino_Core\NU54DK_Arduino_Core\tests\host -p test_m11_remote_runner.py
2026-09-07T06:55:27.0558852Z test_01_powershell_51_parser_accepts_runner (test_m11_remote_runner.M11RemoteRunnerContractTests.test_01_powershell_51_parser_accepts_runner)
2026-09-07T06:55:27.2605254Z ! @brief Windows PowerShell 5.1 parser\uac00 \uc804\uccb4 script\ub97c \ud574\uc11d\ud569\ub2c8\ub2e4. ... ok
2026-09-07T06:55:27.2607008Z test_01b_runner_has_windows_powershell_utf8_signature (test_m11_remote_runner.M11RemoteRunnerContractTests.test_01b_runner_has_windows_powershell_utf8_signature)
2026-09-07T06:55:27.2608445Z ! @brief \ud55c\uae00 RC \uc2e4\ud589\uae30\ub97c \uc601\ubb38 Windows PowerShell 5.1\ub3c4 UTF-8\ub85c \uc77d\uac8c \ud569\ub2c8\ub2e4. ... ok
2026-09-07T06:55:27.2609412Z test_02_ssh_authentication_and_host_key_are_fail_closed (test_m11_remote_runner.M11RemoteRunnerContractTests.test_02_ssh_authentication_and_host_key_are_fail_closed)
2026-09-07T06:55:27.2610359Z ! @brief password fallback\uacfc \ud655\uc778\ud558\uc9c0 \uc54a\uc740 host key\ub97c \ud5c8\uc6a9\ud558\uc9c0 \uc54a\uc2b5\ub2c8\ub2e4. ... ok
2026-09-07T06:55:27.2611644Z test_03_public_exact_commit_and_submodule_are_forced (test_m11_remote_runner.M11RemoteRunnerContractTests.test_03_public_exact_commit_and_submodule_are_forced)
2026-09-07T06:55:27.2612567Z ! @brief credential \uc5c6\ub294 \uacf5\uac1c clone \ub4a4 exact detached commit\ub9cc \uc0ac\uc6a9\ud569\ub2c8\ub2e4. ... ok
2026-09-07T06:55:27.2614147Z test_04_m10_ready_marker_selects_pinned_python_and_git (test_m11_remote_runner.M11RemoteRunnerContractTests.test_04_m10_ready_marker_selects_pinned_python_and_git)
2026-09-07T06:55:27.2615063Z ! @brief M10 \uc644\ub8cc marker\uc640 \uace0\uc815 Toolchain \uc2e4\ud589 \ud30c\uc77c\ub9cc \uc0ac\uc6a9\ud569\ub2c8\ub2e4. ... ok
2026-09-07T06:55:27.2615944Z test_05_arduino_cli_identity_and_gate_set_are_fixed (test_m11_remote_runner.M11RemoteRunnerContractTests.test_05_arduino_cli_identity_and_gate_set_are_fixed)
2026-09-07T06:55:27.2616779Z ! @brief exact Arduino CLI\uc640 \uc138 \uac1c\uc758 repo-owned gate\ub9cc \uc2e4\ud589\ud569\ub2c8\ub2e4. ... ok
2026-09-07T06:55:27.2617667Z test_06_plan_and_every_artifact_are_checked_before_transfer (test_m11_remote_runner.M11RemoteRunnerContractTests.test_06_plan_and_every_artifact_are_checked_before_transfer)
2026-09-07T06:55:27.2619230Z ! @brief plan allowlist\uc758 \uc804\uccb4 byte�\ud06c\uae30�\uacbd\ub85c\ub97c \ub85c\uceec\uc5d0\uc11c \uac80\uc99d\ud569\ub2c8\ub2e4. ... ok
2026-09-07T06:55:27.2620267Z test_07_release_bundle_runtime_rejects_modified_artifact (test_m11_remote_runner.M11RemoteRunnerContractTests.test_07_release_bundle_runtime_rejects_modified_artifact)
2026-09-07T06:55:28.4497799Z ! @brief \uc2e4\uc81c bundle validator\uac00 \ubcc0\uc870\ud55c artifact\ub97c fail-closed \ucc98\ub9ac\ud569\ub2c8\ub2e4. ... ok
2026-09-07T06:55:28.4499292Z test_08_evidence_log_and_hil_result_are_always_retrieved (test_m11_remote_runner.M11RemoteRunnerContractTests.test_08_evidence_log_and_hil_result_are_always_retrieved)
2026-09-07T06:55:28.4500606Z ! @brief \uc131\uacf5\uacfc \uc2e4\ud328 \ubaa8\ub450\uc5d0\uc11c \uace0\uc815 companion \ud30c\uc77c \ud68c\uc218\ub97c \uc2dc\ub3c4\ud569\ub2c8\ub2e4. ... ok
2026-09-07T06:55:28.4501576Z test_09_timeout_and_output_capture_are_bounded (test_m11_remote_runner.M11RemoteRunnerContractTests.test_09_timeout_and_output_capture_are_bounded)
2026-09-07T06:55:28.4508479Z ! @brief \uc7a5\uc2dc\uac04 gate\ub3c4 disk spool, timeout\uacfc process-tree \uc885\ub8cc\ub97c \uc0ac\uc6a9\ud569\ub2c8\ub2e4. ... ok
2026-09-07T06:55:28.4509588Z test_09b_remote_gate_uses_uploaded_ascii_launcher (test_m11_remote_runner.M11RemoteRunnerContractTests.test_09b_remote_gate_uses_uploaded_ascii_launcher)
2026-09-07T06:55:28.4510507Z ! @brief \uae34 remote command\ub97c SSH command line\uc5d0 \uc9c1\uc811 \ub123\uc9c0 \uc54a\uc2b5\ub2c8\ub2e4. ... ok
2026-09-07T06:55:28.4511379Z test_10_credentials_device_and_endpoint_are_redacted (test_m11_remote_runner.M11RemoteRunnerContractTests.test_10_credentials_device_and_endpoint_are_redacted)
2026-09-07T06:55:28.8136529Z ! @brief endpoint, token, probe UID\uc640 COM port \uc6d0\ubb38\uc744 \uc81c\uac70\ud569\ub2c8\ub2e4. ... ok
2026-09-07T06:55:28.8138356Z test_11_result_omits_endpoint_and_records_hashes (test_m11_remote_runner.M11RemoteRunnerContractTests.test_11_result_omits_endpoint_and_records_hashes)
2026-09-07T06:55:28.8139458Z ! @brief orchestrator JSON\uc5d0\ub294 endpoint \uc6d0\ubb38 \ub300\uc2e0 hash\uc640 gate byte\ub97c \ub0a8\uae41\ub2c8\ub2e4. ... ok
2026-09-07T06:55:28.8140461Z test_12_remote_paths_are_unique_and_never_deleted_for_reuse (test_m11_remote_runner.M11RemoteRunnerContractTests.test_12_remote_paths_are_unique_and_never_deleted_for_reuse)
2026-09-07T06:55:28.8141470Z ! @brief run\ubcc4 \uc0c8 \uacbd\ub85c\ub97c \uc694\uad6c\ud574 \uc774\uc804 evidence\uc640 checkout\uc744 \uc11e\uc9c0 \uc54a\uc2b5\ub2c8\ub2e4. ... ok
2026-09-07T06:55:28.8142706Z test_13_gate_records_use_powershell_51_object_array (test_m11_remote_runner.M11RemoteRunnerContractTests.test_13_gate_records_use_powershell_51_object_array)
2026-09-07T06:55:29.1669885Z ! @brief generic list array \ubcc0\ud658\uc758 PowerShell 5.1 binder \uc624\ub958\ub97c \ucc28\ub2e8\ud569\ub2c8\ub2e4. ... ok
2026-09-07T06:55:29.1671426Z test_14_post_processing_failure_records_failed_receipt (test_m11_remote_runner.M11RemoteRunnerContractTests.test_14_post_processing_failure_records_failed_receipt)
2026-09-07T06:55:29.1673069Z ! @brief \ub85c\uceec \uac80\uc99d�\ubcf5\uc0ac�\ub9c8\uac10 \uc2e4\ud328\ub3c4 fail-closed receipt\ub85c \ub0a8\uae41\ub2c8\ub2e4. ... ok
2026-09-07T06:55:29.1673569Z 
2026-09-07T06:55:29.1673728Z ----------------------------------------------------------------------
2026-09-07T06:55:29.1674069Z Ran 16 tests in 2.112s
2026-09-07T06:55:29.1674216Z 
2026-09-07T06:55:29.1674288Z OK
2026-09-07T06:55:29.1788004Z [M12] exec: C:\hostedtoolcache\windows\Python\3.12.10\x64\python.exe -m unittest discover -v -s D:\a\NU54DK_Arduino_Core\NU54DK_Arduino_Core\tests\host -p test_m13_profiles.py
2026-09-07T06:55:29.3085971Z test_arduino_cli_discovers_canonical_examples_when_installed (test_m13_profiles.M13ProfileContractTests.test_arduino_cli_discovers_canonical_examples_when_installed)
2026-09-07T06:55:29.3087995Z ! @brief \uc124\uce58\ub41c Arduino CLI\uac00 \uacf5\uac1c \uc608\uc81c\ub97c \ub178\ucd9c\ud558\ub294\uc9c0 \ud655\uc778\ud569\ub2c8\ub2e4. ... skipped 'M13 package \uc124\uce58 \ud6c4 NUCODE_M13_CLI_DISCOVERY=1\ub85c \uc2e4\ud589\ud569\ub2c8\ub2e4.'
2026-09-07T06:55:29.3089454Z test_canonical_examples_have_no_zephyr_sidecars (test_m13_profiles.M13ProfileContractTests.test_canonical_examples_have_no_zephyr_sidecars)
2026-09-07T06:55:29.3134808Z ! @brief \uacf5\uac1c \uc608\uc81c\uac00 ino\ub9cc\uc73c\ub85c \ud0d0\uc0c9 \uac00\ub2a5\ud55c\uc9c0 \ud655\uc778\ud569\ub2c8\ub2e4. ... ok
2026-09-07T06:55:29.3136091Z test_duplicate_feature_key_uses_feature_schema_diagnostic (test_m13_profiles.M13ProfileContractTests.test_duplicate_feature_key_uses_feature_schema_diagnostic)
2026-09-07T06:55:29.4417952Z ! @brief feature manifest \uc911\ubcf5 key\ub97c profile \uc624\ub958\ub85c \uc798\ubabb \ubcf4\uace0\ud558\uc9c0 \uc54a\uc2b5\ub2c8\ub2e4. ... ok
2026-09-07T06:55:29.4418922Z test_feature_cache_collision_is_fail_closed (test_m13_profiles.M13ProfileContractTests.test_feature_cache_collision_is_fail_closed)
2026-09-07T06:55:29.4632894Z ! @brief \ucd95\uc57d cache directory\uc758 \ub2e4\ub978 full key\ub97c \ub36e\uc5b4\uc4f0\uc9c0 \uc54a\uc2b5\ub2c8\ub2e4. ... ok
2026-09-07T06:55:29.4633852Z test_feature_configure_failure_marks_cache_failed (test_m13_profiles.M13ProfileContractTests.test_feature_configure_failure_marks_cache_failed)
2026-09-07T06:55:29.5305138Z ! @brief \ucd5c\uc885 configure \uc2e4\ud328\ub97c failed/configure-failed \uc0c1\ud0dc\ub85c \ubcf4\uc874\ud569\ub2c8\ub2e4. ... ok
2026-09-07T06:55:29.5306092Z test_only_selected_bundled_library_is_resolved (test_m13_profiles.M13ProfileContractTests.test_only_selected_bundled_library_is_resolved)
2026-09-07T06:55:29.5339431Z ! @brief \uc2e4\uc81c source record\uc5d0 \ub4f1\uc7a5\ud55c bundled library\ub9cc \uc120\ud0dd\ud569\ub2c8\ub2e4. ... ok
2026-09-07T06:55:29.5340297Z test_profile_rejects_wrong_fqbn_and_zephyr_board (test_m13_profiles.M13ProfileContractTests.test_profile_rejects_wrong_fqbn_and_zephyr_board)
2026-09-07T06:55:29.5344206Z ! @brief profile\uc774 \uc2e4\uc81c Arduino \ubc0f Zephyr target\uacfc \ub2e4\ub974\uba74 \uc911\ub2e8\ud569\ub2c8\ub2e4. ... ok
2026-09-07T06:55:29.5345150Z test_profile_string_types_and_windows_paths_are_rejected (test_m13_profiles.M13ProfileContractTests.test_profile_string_types_and_windows_paths_are_rejected)
2026-09-07T06:55:29.5569885Z ! @brief malformed scalar\uc640 Windows \uc808\ub300 \uacbd\ub85c\ub97c schema \uc624\ub958\ub85c \uac70\ubd80\ud569\ub2c8\ub2e4. ... ok
2026-09-07T06:55:29.5570851Z test_schema_path_conflict_and_cache_key_contract (test_m13_profiles.M13ProfileContractTests.test_schema_path_conflict_and_cache_key_contract)
2026-09-07T06:55:29.7064442Z ! @brief \uc798\ubabb\ub41c manifest\ub97c \uac70\ubd80\ud558\uace0 feature \uc9d1\ud569\uc774 cache key\ub97c \ubc14\uafb8\ub294\uc9c0 \ud655\uc778\ud569\ub2c8\ub2e4. ... ok
2026-09-07T06:55:29.7066334Z test_selected_feature_fragments_merge_before_expert_override (test_m13_profiles.M13ProfileContractTests.test_selected_feature_fragments_merge_before_expert_override)
2026-09-07T06:55:29.9107279Z ! @brief \uc120\ud0dd feature fragment\uc640 sketch override\uc758 \ubcd1\ud569 \uc21c\uc11c\ub97c \uac80\uc99d\ud569\ub2c8\ub2e4. ... ok
2026-09-07T06:55:29.9108194Z test_standard_profile_and_allowlist (test_m13_profiles.M13ProfileContractTests.test_standard_profile_and_allowlist)
2026-09-07T06:55:29.9163636Z ! @brief \ud45c\uc900 profile\uacfc bundled feature manifest\ub97c \uac80\uc99d\ud569\ub2c8\ub2e4. ... ok
2026-09-07T06:55:29.9164311Z 
2026-09-07T06:55:29.9164524Z ----------------------------------------------------------------------
2026-09-07T06:55:29.9164860Z Ran 11 tests in 0.608s
2026-09-07T06:55:29.9165001Z 
2026-09-07T06:55:29.9165078Z OK (skipped=1)
2026-09-07T06:55:29.9347927Z [M12] exec: C:\hostedtoolcache\windows\Python\3.12.10\x64\python.exe -m unittest discover -v -s D:\a\NU54DK_Arduino_Core\NU54DK_Arduino_Core\tests\host -p test_m14_core_contract.py
2026-09-07T06:55:32.8452682Z test_core_utility_random_f_and_diagnostics_compile_link (test_m14_core_contract.M14CoreContractTests.test_core_utility_random_f_and_diagnostics_compile_link) ... ok
2026-09-07T06:55:33.7095059Z test_disabled_peripheral_stubs_compile_link_and_fail_closed (test_m14_core_contract.M14CoreContractTests.test_disabled_peripheral_stubs_compile_link_and_fail_closed) ... ok
2026-09-07T06:55:34.5289730Z test_generated_native_runtime_semantics (test_m14_core_contract.M14CoreContractTests.test_generated_native_runtime_semantics) ... ok
2026-09-07T06:55:34.5296025Z test_peripheral_config_matrix_has_real_link_targets (test_m14_core_contract.M14CoreContractTests.test_peripheral_config_matrix_has_real_link_targets) ... ok
2026-09-07T06:55:34.5298385Z test_production_sources_are_registered (test_m14_core_contract.M14CoreContractTests.test_production_sources_are_registered) ... ok
2026-09-07T06:55:34.5299069Z 
2026-09-07T06:55:34.5299226Z ----------------------------------------------------------------------
2026-09-07T06:55:34.5299587Z Ran 5 tests in 4.520s
2026-09-07T06:55:34.5299722Z 
2026-09-07T06:55:34.5299804Z OK
2026-09-07T06:55:34.5395915Z [M12] exec: C:\hostedtoolcache\windows\Python\3.12.10\x64\python.exe -m unittest discover -v -s D:\a\NU54DK_Arduino_Core\NU54DK_Arduino_Core\tests\host -p test_m14_pin_hil_runner.py
2026-09-07T06:55:34.6820582Z test_accepts_exact_led_button_and_edge_contract (nu54_m14_pin_hil.M14PinHilTests.test_accepts_exact_led_button_and_edge_contract)
2026-09-07T06:55:34.6822911Z ! @brief LED 2\uac1c\uc640 \ubc84\ud2bc 3\uac1c\uc758 \uc644\uc804\ud55c protocol\ub9cc \uc2b9\uc778\ud569\ub2c8\ub2e4. ... ok
2026-09-07T06:55:34.6823773Z test_board_checkout_must_match_parent_gitlink (nu54_m14_pin_hil.M14PinHilTests.test_board_checkout_must_match_parent_gitlink)
2026-09-07T06:55:34.6827181Z ! @brief clean submodule\uc774\ub77c\ub3c4 \ubd80\ubaa8 commit\uacfc \ub2e4\ub978 revision\uc774\uba74 \uac70\ubd80\ud569\ub2c8\ub2e4. ... ok
2026-09-07T06:55:34.6828077Z test_build_record_requires_clean_exact_target_identity (nu54_m14_pin_hil.M14PinHilTests.test_build_record_requires_clean_exact_target_identity)
2026-09-07T06:55:34.6916965Z ! @brief dirty revision\uc774\ub098 \ub2e4\ub978 NCS/board target\uc758 HEX\ub97c \uac70\ubd80\ud569\ub2c8\ub2e4. ... ok
2026-09-07T06:55:34.6917942Z test_evidence_binds_revisions_image_transcript_and_exclusion (nu54_m14_pin_hil.M14PinHilTests.test_evidence_binds_revisions_image_transcript_and_exclusion)
2026-09-07T06:55:34.6942034Z ! @brief PASS JSON\uc774 exact byte\uc640 PWM-owned \uc81c\uc678 \uadfc\uac70\ub97c \ud568\uaed8 \uae30\ub85d\ud569\ub2c8\ub2e4. ... ok
2026-09-07T06:55:34.6942913Z test_existing_evidence_requires_explicit_overwrite (nu54_m14_pin_hil.M14PinHilTests.test_existing_evidence_requires_explicit_overwrite)
2026-09-07T06:55:34.6962986Z ! @brief \uc774\uc804 PASS \uc99d\uc801\uc744 \uc790\ub3d9\uc73c\ub85c \ub36e\uc5b4\uc4f0\uc9c0 \uc54a\ub294\uc9c0 \ud655\uc778\ud569\ub2c8\ub2e4. ... ok
2026-09-07T06:55:34.6963912Z test_m14_keeps_live_worktree_digest_contract (nu54_m14_pin_hil.M14PinHilTests.test_m14_keeps_live_worktree_digest_contract)
2026-09-07T06:55:34.6966759Z ! @brief M14 local build \uac80\uc99d\uc774 CI canonical helper\ub85c \ubc14\ub00c\uc9c0 \uc54a\uac8c \uace0\uc815\ud569\ub2c8\ub2e4. ... ok
2026-09-07T06:55:34.6967727Z test_manual_acknowledgement_and_timeout_are_explicit (nu54_m14_pin_hil.M14PinHilTests.test_manual_acknowledgement_and_timeout_are_explicit)
2026-09-07T06:55:34.6975766Z ! @brief \uc2e4\uc81c \uc2e4\ud589 \uae30\ubcf8\uac12\uc740 \uc218\ub3d9 \ub3d9\uc791\uc744 \uc554\ubb35\uc801\uc73c\ub85c \uc2b9\uc778\ud558\uc9c0 \uc54a\uc2b5\ub2c8\ub2e4. ... ok
2026-09-07T06:55:34.6976869Z test_rejects_duplicate_protocol_after_final_pass (nu54_m14_pin_hil.M14PinHilTests.test_rejects_duplicate_protocol_after_final_pass)
2026-09-07T06:55:34.6979366Z ! @brief \ucd5c\uc885 PASS \ub4a4 \uc911\ubcf5 \ub610\ub294 \uc704\uc870 protocol token\uc744 \uac70\ubd80\ud569\ub2c8\ub2e4. ... ok
2026-09-07T06:55:34.6980215Z test_rejects_missing_edge_and_incomplete_change_pair (nu54_m14_pin_hil.M14PinHilTests.test_rejects_missing_edge_and_incomplete_change_pair)
2026-09-07T06:55:34.6982274Z ! @brief edge 0\ud68c\uc640 CHANGE release \ucd94\uac00 edge \ubd80\uc7ac\ub97c \ubaa8\ub450 \uac70\ubd80\ud569\ub2c8\ub2e4. ... ok
2026-09-07T06:55:34.6983070Z test_rejects_target_failure_and_missing_pin (nu54_m14_pin_hil.M14PinHilTests.test_rejects_target_failure_and_missing_pin)
2026-09-07T06:55:34.6986259Z ! @brief target FAIL \ub610\ub294 \uc2e0\uaddc \ud540 \ub204\ub77d\uc744 PASS\ub85c \uc2b9\uaca9\ud558\uc9c0 \uc54a\uc2b5\ub2c8\ub2e4. ... ok
2026-09-07T06:55:34.6987098Z test_rejects_wrong_logical_id_and_action_order (nu54_m14_pin_hil.M14PinHilTests.test_rejects_wrong_logical_id_and_action_order)
2026-09-07T06:55:34.6989209Z ! @brief \uc774\ub984/ID \ubd88\uc77c\uce58\uc640 \uc548\ub0b4\ubcf4\ub2e4 \uc55e\uc120 \ubb3c\ub9ac \ub3d9\uc791 \uacb0\uacfc\ub97c \uac70\ubd80\ud569\ub2c8\ub2e4. ... ok
2026-09-07T06:55:34.6990303Z test_uart_waits_for_complete_terminal_line (nu54_m14_pin_hil.M14PinHilTests.test_uart_waits_for_complete_terminal_line)
2026-09-07T06:55:34.6991466Z ! @brief FAIL prefix\ub9cc \ubcf4\uace0 \uc870\uae30 \uc885\ub8cc\ud558\uc9c0 \uc54a\uace0 \uc9c4\ub2e8 line \uc804\uccb4\ub97c \ubcf4\uc874\ud569\ub2c8\ub2e4. ... ok
2026-09-07T06:55:34.6992033Z 
2026-09-07T06:55:34.6992182Z ----------------------------------------------------------------------
2026-09-07T06:55:34.6992510Z Ran 12 tests in 0.017s
2026-09-07T06:55:34.6992954Z 
2026-09-07T06:55:34.6993072Z OK
2026-09-07T06:55:34.7140478Z [M12] exec: C:\hostedtoolcache\windows\Python\3.12.10\x64\python.exe -m unittest discover -v -s D:\a\NU54DK_Arduino_Core\NU54DK_Arduino_Core\tests\host -p test_m14_variant_contract.py
2026-09-07T06:55:34.8154022Z test_core_dts_maps_all_31_pads_with_legacy_alias_compatibility (test_m14_variant_contract.M14VariantContractTests.test_core_dts_maps_all_31_pads_with_legacy_alias_compatibility) ... ok
2026-09-07T06:55:34.8340444Z test_duplicate_physical_pad_in_core_dts_is_rejected (test_m14_variant_contract.M14VariantContractTests.test_duplicate_physical_pad_in_core_dts_is_rejected) ... ok
2026-09-07T06:55:34.8979093Z test_public_constants_compile_without_changing_legacy_values (test_m14_variant_contract.M14VariantContractTests.test_public_constants_compile_without_changing_legacy_values) ... ok
2026-09-07T06:55:34.9088069Z test_route_matrix_and_fail_closed_policies_are_visible_in_evidence (test_m14_variant_contract.M14VariantContractTests.test_route_matrix_and_fail_closed_policies_are_visible_in_evidence) ... ok
2026-09-07T06:55:34.9222686Z test_verifier_writes_machine_readable_evidence (test_m14_variant_contract.M14VariantContractTests.test_verifier_writes_machine_readable_evidence) ... ok
2026-09-07T06:55:34.9226058Z test_zephyr_c_header_avoids_min_max_macro_redefinition (test_m14_variant_contract.M14VariantContractTests.test_zephyr_c_header_avoids_min_max_macro_redefinition) ... ok
2026-09-07T06:55:34.9227083Z 
2026-09-07T06:55:34.9227243Z ----------------------------------------------------------------------
2026-09-07T06:55:34.9227839Z Ran 6 tests in 0.119s
2026-09-07T06:55:34.9227990Z 
2026-09-07T06:55:34.9228074Z OK
2026-09-07T06:55:34.9338181Z [M12] exec: C:\hostedtoolcache\windows\Python\3.12.10\x64\python.exe -m unittest discover -v -s D:\a\NU54DK_Arduino_Core\NU54DK_Arduino_Core\tests\host -p test_m15_board_system_contract.py
2026-09-07T06:55:35.0061466Z test_alarm_callback_is_deferred_out_of_grtc_isr (test_m15_board_system_contract.M15BoardSystemContractTests.test_alarm_callback_is_deferred_out_of_grtc_isr)
2026-09-07T06:55:35.0065184Z ! @brief GRTC ISR\uc5d0\uc11c \uc0ac\uc6a9\uc790 callback\uc744 \uc9c1\uc811 \uc2e4\ud589\ud558\uc9c0 \uc54a\ub3c4\ub85d \uac80\uc0ac\ud569\ub2c8\ub2e4. ... ok
2026-09-07T06:55:35.0066670Z test_feature_merges_exact_board_system_fragments (test_m15_board_system_contract.M15BoardSystemContractTests.test_feature_merges_exact_board_system_fragments)
2026-09-07T06:55:35.0070861Z ! @brief Arduino library \uc120\ud0dd\uc774 Wire\uc640 \uace0\uc815 conf�overlay\ub97c \uc790\ub3d9 \ubcd1\ud569\ud558\ub294\uc9c0 \uac80\uc0ac\ud569\ub2c8\ub2e4. ... ok
2026-09-07T06:55:35.0072016Z test_m15_system_off_hil_is_command_gated_and_manual (test_m15_board_system_contract.M15BoardSystemContractTests.test_m15_system_off_hil_is_command_gated_and_manual)
2026-09-07T06:55:35.0078854Z ! @brief \uacb0\ud569 HIL\uc774 SWD \uaca9\ub9ac \ub4a4 timed\uc640 button ARM\uc744 \uc21c\uc11c\ub300\ub85c \uc694\uad6c\ud569\ub2c8\ub2e4. ... ok
2026-09-07T06:55:35.0080312Z test_pmic_begin_is_read_only_and_driver_node_stays_disabled (test_m15_board_system_contract.M15BoardSystemContractTests.test_pmic_begin_is_read_only_and_driver_node_stays_disabled)
2026-09-07T06:55:35.0084996Z ! @brief begin \uacbd\ub85c\uc758 register write\uc640 PMIC DTS \uc790\ub3d9 \ud65c\uc131\ud654\ub97c \ucc28\ub2e8\ud569\ub2c8\ub2e4. ... ok
2026-09-07T06:55:35.0086463Z test_pmic_writes_require_explicit_ram_only_authorization (test_m15_board_system_contract.M15BoardSystemContractTests.test_pmic_writes_require_explicit_ram_only_authorization)
2026-09-07T06:55:35.0092851Z ! @brief PMIC write\uac00 \uacf5\uac1c raw register \uc5c6\uc774 \ub9e4 boot \uba85\uc2dc \uc2b9\uc778\uc744 \uc694\uad6c\ud558\ub294\uc9c0 \uac80\uc0ac\ud569\ub2c8\ub2e4. ... ok
2026-09-07T06:55:35.0094584Z test_public_examples_exist_without_zephyr_sidecars (test_m15_board_system_contract.M15BoardSystemContractTests.test_public_examples_exist_without_zephyr_sidecars)
2026-09-07T06:55:35.0100461Z ! @brief \uc0ac\uc6a9\uc790\uac00 prj.conf\ub098 overlay\ub97c \ud3b8\uc9d1\ud558\uc9c0 \uc54a\uc544\ub3c4 \uc608\uc81c\ub97c \uc5f4 \uc218 \uc788\ub294\uc9c0 \uac80\uc0ac\ud569\ub2c8\ub2e4. ... ok
2026-09-07T06:55:35.0101968Z test_public_surface_contains_board_system_contract (test_m15_board_system_contract.M15BoardSystemContractTests.test_public_surface_contains_board_system_contract)
2026-09-07T06:55:35.0103797Z ! @brief M15 \uc2b9\uc778 API\uc640 \uc548\uc815 \uc624\ub958 \ud0c0\uc785\uc774 \ub2e8\uc77c \uc804\uc5ed \uac1d\uccb4\uc5d0 \ub178\ucd9c\ub418\ub294\uc9c0 \uac80\uc0ac\ud569\ub2c8\ub2e4. ... ok
2026-09-07T06:55:35.0105078Z test_serial_flush_waits_for_the_final_physical_frame (test_m15_board_system_contract.M15BoardSystemContractTests.test_serial_flush_waits_for_the_final_physical_frame)
2026-09-07T06:55:35.0106726Z ! @brief polling TX mutex \uc548\uc5d0\uc11c \ub9c8\uc9c0\ub9c9 8N1 frame drain\uc744 \ubcf4\uc7a5\ud569\ub2c8\ub2e4. ... ok
2026-09-07T06:55:35.0107907Z test_storage_namespace_and_bounds_are_fixed (test_m15_board_system_contract.M15BoardSystemContractTests.test_storage_namespace_and_bounds_are_fixed)
2026-09-07T06:55:35.0109911Z ! @brief Sketch\uac00 \uc124\uc815 \uc800\uc7a5\uc18c \uc804\uccb4\ub098 \ubb34\uc81c\ud55c \uac12\uc744 \uc18c\uc720\ud558\uc9c0 \ubabb\ud558\uac8c \ud569\ub2c8\ub2e4. ... ok
2026-09-07T06:55:35.0110782Z 
2026-09-07T06:55:35.0110933Z ----------------------------------------------------------------------
2026-09-07T06:55:35.0111249Z Ran 9 tests in 0.005s
2026-09-07T06:55:35.0111630Z 
2026-09-07T06:55:35.0111702Z OK
2026-09-07T06:55:35.0198423Z [M12] exec: C:\hostedtoolcache\windows\Python\3.12.10\x64\python.exe -m unittest discover -v -s D:\a\NU54DK_Arduino_Core\NU54DK_Arduino_Core\tests\host -p test_m15_lfxo_contract.py
2026-09-07T06:55:35.0884761Z test_all_arduino_and_m15_builds_include_the_shared_fragment (test_m15_lfxo_contract.M15LfxoContractTests.test_all_arduino_and_m15_builds_include_the_shared_fragment)
2026-09-07T06:55:35.0895971Z ! @brief \ubaa8\ub4e0 Arduino \ube4c\ub4dc\uc640 M15 image\uac00 \uac19\uc740 DTSI\ub97c \uc0ac\uc6a9\ud558\ub3c4\ub85d \uace0\uc815\ud569\ub2c8\ub2e4. ... ok
2026-09-07T06:55:35.0899532Z test_profile_and_library_feature_do_not_duplicate_board_override (test_m15_lfxo_contract.M15LfxoContractTests.test_profile_and_library_feature_do_not_duplicate_board_override)
2026-09-07T06:55:35.0901423Z ! @brief profile \ucd94\uac00\ub098 library \uc120\ud0dd\uc5d0 \ub530\ub77c LFXO \uc124\uc815\uc774 \ub2ec\ub77c\uc9c0\uc9c0 \uc54a\uac8c \ud569\ub2c8\ub2e4. ... ok
2026-09-07T06:55:35.0903844Z test_shared_fragment_uses_only_external_load_capacitors (test_m15_lfxo_contract.M15LfxoContractTests.test_shared_fragment_uses_only_external_load_capacitors)
2026-09-07T06:55:35.0907078Z ! @brief \uc678\ubd80 \ucee4\ud328\uc2dc\ud130 \uc120\ud0dd\uacfc \ub0b4\ubd80 \ucee4\ud328\uc2dc\ud130 \uc18d\uc131 \uc0ad\uc81c\ub97c \uace0\uc815\ud569\ub2c8\ub2e4. ... ok
2026-09-07T06:55:35.0908256Z 
2026-09-07T06:55:35.0908511Z ----------------------------------------------------------------------
2026-09-07T06:55:35.0910919Z Ran 3 tests in 0.003s
2026-09-07T06:55:35.0911163Z 
2026-09-07T06:55:35.0911233Z OK
2026-09-07T06:55:35.1016806Z [M12] exec: C:\hostedtoolcache\windows\Python\3.12.10\x64\python.exe -m unittest discover -v -s D:\a\NU54DK_Arduino_Core\NU54DK_Arduino_Core\tests\host -p test_m15_system_off_hil_runner.py
2026-09-07T06:55:35.2539353Z test_accepts_exact_protocol_records_terminated_by_lone_cr (nu54_m15_system_off_hil.M15SystemOffHilTests.test_accepts_exact_protocol_records_terminated_by_lone_cr)
2026-09-07T06:55:35.2540655Z ! @brief \ub2e8\ub3c5 CR \ub4a4 boot banner\uac00 \uc640\ub3c4 payload \uc804\uccb4 \uc77c\uce58\ub97c \uc720\uc9c0\ud569\ub2c8\ub2e4. ... ok
2026-09-07T06:55:35.2542466Z test_accepts_exact_schema_two_timed_then_button_sequence (nu54_m15_system_off_hil.M15SystemOffHilTests.test_accepts_exact_schema_two_timed_then_button_sequence)
2026-09-07T06:55:35.2543705Z ! @brief CLOCK\uacfc LOW_POWER_WAKE \ub2e8\uc77c \uc6d0\uc778\uc744 \ubaa8\ub450 \uc694\uad6c\ud569\ub2c8\ub2e4. ... ok
2026-09-07T06:55:35.2544548Z test_acknowledgements_and_timeout_are_explicit (nu54_m15_system_off_hil.M15SystemOffHilTests.test_acknowledgements_and_timeout_are_explicit)
2026-09-07T06:55:35.2560936Z ! @brief interface switch\uc640 \ubc84\ud2bc \uc2b9\uc778\uc744 \uc11c\ub85c \ub3c5\ub9bd\uc801\uc73c\ub85c \uc694\uad6c\ud569\ub2c8\ub2e4. ... ok
2026-09-07T06:55:35.2562394Z test_capture_handles_lone_cr_and_split_crlf_records (nu54_m15_system_off_hil.M15SystemOffHilTests.test_capture_handles_lone_cr_and_split_crlf_records)
2026-09-07T06:55:35.2565728Z ! @brief live capture\uac00 \ub2e8\ub3c5 CR\uacfc chunk \ubd84\ub9ac CRLF\ub97c \uc911\ubcf5 \uc5c6\uc774 \ucc98\ub9ac\ud569\ub2c8\ub2e4. ... ok
2026-09-07T06:55:35.2566896Z test_capture_requires_two_confirmations_and_sends_bound_nonce (nu54_m15_system_off_hil.M15SystemOffHilTests.test_capture_requires_two_confirmations_and_sends_bound_nonce)
2026-09-07T06:55:35.2568430Z ! @brief SWD \uaca9\ub9ac \ub4a4 timed ARM, SW0 release \ub4a4 button ARM\ub9cc \ubcf4\ub0c5\ub2c8\ub2e4. ... ok
2026-09-07T06:55:35.2569536Z test_dirty_imported_helper_or_board_source_is_rejected (nu54_m15_system_off_hil.M15SystemOffHilTests.test_dirty_imported_helper_or_board_source_is_rejected)
2026-09-07T06:55:35.2575651Z ! @brief \uacf5\uc6a9 helper\ub098 board \ubcc0\uacbd\uc744 \uc2e4\uc81c flash \uc804\uc5d0 \uac70\ubd80\ud569\ub2c8\ub2e4. ... ok
2026-09-07T06:55:35.2576956Z test_eof_and_uart_failure_preserve_partial_transcript (nu54_m15_system_off_hil.M15SystemOffHilTests.test_eof_and_uart_failure_preserve_partial_transcript)
2026-09-07T06:55:35.2578322Z ! @brief \uaca9\ub9ac \ud655\uc778 EOF\uc640 \ud6c4\uc18d UART \ub2e8\uc808\ub3c4 \uc218\uc9d1 byte\ub97c \ubcf4\uc874\ud569\ub2c8\ub2e4. ... ok
2026-09-07T06:55:35.2580058Z test_evidence_records_schema_two_switch_and_no_post_isolation_probe (nu54_m15_system_off_hil.M15SystemOffHilTests.test_evidence_records_schema_two_switch_and_no_post_isolation_probe)
2026-09-07T06:55:35.2614007Z ! @brief \uc99d\uc801\uc774 switch \ubc29\ud5a5\uc744 \ucd94\uce21\ud558\uc9c0 \uc54a\uace0 \uae08\uc9c0 \ub3d9\uc791\uc744 false\ub85c \uae30\ub85d\ud569\ub2c8\ub2e4. ... ok
2026-09-07T06:55:35.2615242Z test_existing_evidence_is_preserved_until_atomic_pass_replace (nu54_m15_system_off_hil.M15SystemOffHilTests.test_existing_evidence_is_preserved_until_atomic_pass_replace)
2026-09-07T06:55:35.2825113Z ! @brief \uc2e4\ud328\ud55c \uc7ac\uc2dc\ud5d8\uc774 \uc774\uc804 PASS\ub97c \ud30c\uad34\ud558\uc9c0 \uc54a\ub294\uc9c0 \ud655\uc778\ud569\ub2c8\ub2e4. ... ok
2026-09-07T06:55:35.2826471Z test_flash_occurs_before_capture_and_only_once (nu54_m15_system_off_hil.M15SystemOffHilTests.test_flash_occurs_before_capture_and_only_once)
2026-09-07T06:55:35.2830826Z ! @brief SWD \uaca9\ub9ac prompt\uac00 \uac00\ub2a5\ud55c capture\ubcf4\ub2e4 flash\uac00 \uba3c\uc800 \ud55c \ubc88 \uc2e4\ud589\ub429\ub2c8\ub2e4. ... ok
2026-09-07T06:55:35.2832000Z test_rejects_failure_missing_line_and_trailing_protocol (nu54_m15_system_off_hil.M15SystemOffHilTests.test_rejects_failure_missing_line_and_trailing_protocol)
2026-09-07T06:55:35.2833477Z ! @brief FAIL, \ub204\ub77d\uacfc \ucd5c\uc885 PASS \ub4a4 \ucd94\uac00 protocol\uc744 \uac70\ubd80\ud569\ub2c8\ub2e4. ... ok
2026-09-07T06:55:35.2835006Z test_rejects_nonce_mismatch (nu54_m15_system_off_hil.M15SystemOffHilTests.test_rejects_nonce_mismatch)
2026-09-07T06:55:35.2836415Z ! @brief \uc7ac\ubd80\ud305 \uacbd\uacc4\ub97c \ub2e4\ub978 \uc2e4\ud589\uc758 token\uc73c\ub85c \uc870\ud569\ud558\uc9c0 \uc54a\uc2b5\ub2c8\ub2e4. ... ok
2026-09-07T06:55:35.2838103Z test_rejects_protocol_record_without_any_line_boundary (nu54_m15_system_off_hil.M15SystemOffHilTests.test_rejects_protocol_record_without_any_line_boundary)
2026-09-07T06:55:35.2840060Z ! @brief token\uacfc boot banner \uc0ac\uc774\uc5d0 EOL\uc774 \uc5c6\uc73c\uba74 \ubd80\ubd84 \ubcf5\uc6d0\ud558\uc9c0 \uc54a\uc2b5\ub2c8\ub2e4. ... ok
2026-09-07T06:55:35.2841707Z test_reset_cause_is_exact_supported_and_never_debug (nu54_m15_system_off_hil.M15SystemOffHilTests.test_reset_cause_is_exact_supported_and_never_debug)
2026-09-07T06:55:35.2843671Z ! @brief CLOCK�LOW_POWER_WAKE \uc678 \uc6d0\uc778\uacfc RESET_DEBUG \ud63c\ud569\uc744 \uac70\ubd80\ud569\ub2c8\ub2e4. ... ok
2026-09-07T06:55:35.2844932Z test_wake_timing_is_fail_closed (nu54_m15_system_off_hil.M15SystemOffHilTests.test_wake_timing_is_fail_closed)
2026-09-07T06:55:35.2846155Z ! @brief \ub108\ubb34 \ube60\ub974\uac70\ub098 \ub290\ub9b0 timed wake\uc640 \uc774\ub978 SW0 wake\ub97c \uac70\ubd80\ud569\ub2c8\ub2e4. ... ok
2026-09-07T06:55:35.2847681Z test_wrong_swd_confirmation_stops_before_any_arm (nu54_m15_system_off_hil.M15SystemOffHilTests.test_wrong_swd_confirmation_stops_before_any_arm)
2026-09-07T06:55:35.2849060Z ! @brief \ubaa8\ud638\ud55c switch \uc0c1\ud0dc\uc5d0\uc11c\ub294 UART ARM\uc870\ucc28 \uc804\uc1a1\ud558\uc9c0 \uc54a\uc2b5\ub2c8\ub2e4. ... ok
2026-09-07T06:55:35.2849846Z 
2026-09-07T06:55:35.2850059Z ----------------------------------------------------------------------
2026-09-07T06:55:35.2850539Z Ran 16 tests in 0.031s
2026-09-07T06:55:35.2850727Z 
2026-09-07T06:55:35.2850828Z OK
2026-09-07T06:55:35.3011157Z [M12] exec: C:\hostedtoolcache\windows\Python\3.12.10\x64\python.exe -m unittest discover -v -s D:\a\NU54DK_Arduino_Core\NU54DK_Arduino_Core\tests\host -p test_m16_ble_contract.py
2026-09-07T06:55:35.3762709Z test_arduino_library_metadata_and_example_contract (test_m16_ble_contract.M16BleNusContractTests.test_arduino_library_metadata_and_example_contract)
2026-09-07T06:55:35.3766752Z ! @brief Boards Manager\uac00 NUS library\uc640 \uc591\ucabd \uc5ed\ud560 \uc608\uc81c\ub97c \ucc3e\ub294\uc9c0 \uac80\uc99d\ud569\ub2c8\ub2e4. ... ok
2026-09-07T06:55:35.3768081Z test_ble_profile_feature_and_board_menu_are_wired (test_m16_ble_contract.M16BleNusContractTests.test_ble_profile_feature_and_board_menu_are_wired)
2026-09-07T06:55:35.3775799Z ! @brief ble profile \uc120\ud0dd\ub9cc\uc73c\ub85c \ud544\uc694\ud55c NUS feature\uac00 \ubcd1\ud569\ub418\ub294\uc9c0 \uac80\uc0ac\ud569\ub2c8\ub2e4. ... ok
2026-09-07T06:55:35.3778043Z test_bluetooth_callbacks_are_deferred_to_poll_through_fixed_queues (test_m16_ble_contract.M16BleNusContractTests.test_bluetooth_callbacks_are_deferred_to_poll_through_fixed_queues)
2026-09-07T06:55:35.3824928Z ! @brief Bluetooth context\uc5d0\uc11c Sketch callback \uc9c1\uc811 \uc2e4\ud589\uacfc \ub3d9\uc801 queue\ub97c \ucc28\ub2e8\ud569\ub2c8\ub2e4. ... ok
2026-09-07T06:55:35.3826745Z test_kconfig_and_feature_register_bounded_ble_runtime (test_m16_ble_contract.M16BleNusContractTests.test_kconfig_and_feature_register_bounded_ble_runtime)
2026-09-07T06:55:35.3829911Z ! @brief BLE \uad6c\ud604\uacfc \uace0\uc815 queue \ud06c\uae30\uac00 library feature\uc5d0 \uba85\uc2dc\ub418\ub294\uc9c0 \uac80\uc0ac\ud569\ub2c8\ub2e4. ... ok
2026-09-07T06:55:35.3831407Z test_peripheral_example_keeps_received_data_free_of_event_logs (test_m16_ble_contract.M16BleNusContractTests.test_peripheral_example_keeps_received_data_free_of_event_logs)
2026-09-07T06:55:35.3838133Z ! @brief \uc218\uc2e0 event \ub85c\uadf8\uac00 NUS-Serial \ub370\uc774\ud130 \uacbd\ub85c\uc5d0 \uc11e\uc774\uc9c0 \uc54a\ub3c4\ub85d \uace0\uc815\ud569\ub2c8\ub2e4. ... ok
2026-09-07T06:55:35.3839475Z test_public_nus_stream_surface_is_complete (test_m16_ble_contract.M16BleNusContractTests.test_public_nus_stream_surface_is_complete)
2026-09-07T06:55:35.3850376Z ! @brief peripheral\uacfc central\uc774 \uacf5\uc720\ud558\ub294 Arduino Stream \ud45c\uba74\uc744 \uace0\uc815\ud569\ub2c8\ub2e4. ... ok
2026-09-07T06:55:35.3852351Z 
2026-09-07T06:55:35.3852644Z ----------------------------------------------------------------------
2026-09-07T06:55:35.3853135Z Ran 6 tests in 0.009s
2026-09-07T06:55:35.3853333Z 
2026-09-07T06:55:35.3853431Z OK
2026-09-07T06:55:35.3941934Z [M12] exec: C:\hostedtoolcache\windows\Python\3.12.10\x64\python.exe -m unittest discover -v -s D:\a\NU54DK_Arduino_Core\NU54DK_Arduino_Core\tests\host -p test_m16_ble_pair.py
2026-09-07T06:55:35.5024026Z test_accepts_exact_frame_boundaries_and_reconnect (test_m16_ble_pair.M16BlePairHilTests.test_accepts_exact_frame_boundaries_and_reconnect)
2026-09-07T06:55:35.5025950Z ! @brief \uc591\ucabd exact protocol\uc5d0\uc11c 1/20/21/64 \ubc0f \uc7ac\uc5f0\uacb0\uc744 \uc2b9\uc778\ud569\ub2c8\ub2e4. ... ok
2026-09-07T06:55:35.5027513Z test_evidence_binds_two_boards_images_and_raw_transcript_sha (test_m16_ble_pair.M16BlePairHilTests.test_evidence_binds_two_boards_images_and_raw_transcript_sha)
2026-09-07T06:55:35.5071669Z ! @brief evidence\uac00 \ub450 UID�MSD�COM\uacfc \ub450 raw transcript hash\ub97c \uae30\ub85d\ud569\ub2c8\ub2e4. ... ok
2026-09-07T06:55:35.5072633Z test_existing_evidence_requires_explicit_overwrite (test_m16_ble_pair.M16BlePairHilTests.test_existing_evidence_requires_explicit_overwrite)
2026-09-07T06:55:35.5097706Z ! @brief \uae30\uc874 PASS\uc640 companion raw transcript\ub97c \uc554\ubb35\uc801\uc73c\ub85c \ub36e\uc9c0 \uc54a\uc2b5\ub2c8\ub2e4. ... ok
2026-09-07T06:55:35.5099112Z test_nonce_is_exact_lowercase_hex (test_m16_ble_pair.M16BlePairHilTests.test_nonce_is_exact_lowercase_hex)
2026-09-07T06:55:35.5100360Z ! @brief nonce \uae38\uc774�\ubb38\uc790 \uc9d1\ud569\uc744 \uace0\uc815\ud574 stale \ud310\uc815\uc758 \ubaa8\ud638\uc131\uc744 \uc81c\uac70\ud569\ub2c8\ub2e4. ... ok
2026-09-07T06:55:35.5101608Z test_rejects_missing_or_wrong_frame_boundary (test_m16_ble_pair.M16BlePairHilTests.test_rejects_missing_or_wrong_frame_boundary)
2026-09-07T06:55:35.5103655Z ! @brief 20/21 byte \uacbd\uacc4 \ub204\ub77d\uc774\ub098 \uc798\ubabb\ub41c \uae38\uc774\ub97c PASS\ub85c \uc2b9\uaca9\ud558\uc9c0 \uc54a\uc2b5\ub2c8\ub2e4. ... ok
2026-09-07T06:55:35.5105263Z test_rejects_missing_reconnect_and_wrong_byte_total (test_m16_ble_pair.M16BlePairHilTests.test_rejects_missing_reconnect_and_wrong_byte_total)
2026-09-07T06:55:35.5106404Z ! @brief \ub450 \ubc88\uc9f8 \uc5f0\uacb0\uacfc peripheral 106/21 byte \uacc4\uc57d \ub204\ub77d\uc744 \uac70\ubd80\ud569\ub2c8\ub2e4. ... ok
2026-09-07T06:55:35.5107268Z test_rejects_stale_nonce_before_current_final (test_m16_ble_pair.M16BlePairHilTests.test_rejects_stale_nonce_before_current_final)
2026-09-07T06:55:35.5108495Z ! @brief \uc774\uc804 \uc2e4\ud589 FINAL\uc774\ub098 frame\uc744 \ud604\uc7ac PASS\ub85c \uc7ac\uc0ac\uc6a9\ud558\uc9c0 \ubabb\ud558\uac8c \ud569\ub2c8\ub2e4. ... ok
2026-09-07T06:55:35.5109442Z test_rejects_target_fail_and_tokens_after_final (test_m16_ble_pair.M16BlePairHilTests.test_rejects_target_fail_and_tokens_after_final)
2026-09-07T06:55:35.5110767Z ! @brief target FAIL \ubc0f FINAL \ub4a4 \uc911\ubcf5 protocol token\uc744 \ubaa8\ub450 \uac70\ubd80\ud569\ub2c8\ub2e4. ... ok
2026-09-07T06:55:35.5111581Z test_requires_two_distinct_uids_volumes_and_ports (test_m16_ble_pair.M16BlePairHilTests.test_requires_two_distinct_uids_volumes_and_ports)
2026-09-07T06:55:35.5114283Z ! @brief \uac19\uc740 UID�MSD�COM\uc744 role \ub450 \uac1c\ub85c \uc624\uc778\ud558\uc9c0 \uc54a\uac8c \ucc28\ub2e8\ud569\ub2c8\ub2e4. ... ok
2026-09-07T06:55:35.5115139Z 
2026-09-07T06:55:35.5115289Z ----------------------------------------------------------------------
2026-09-07T06:55:35.5116224Z Ran 9 tests in 0.009s
2026-09-07T06:55:35.5116575Z 
2026-09-07T06:55:35.5116827Z OK
2026-09-07T06:55:35.5234040Z [M12] exec: C:\hostedtoolcache\windows\Python\3.12.10\x64\python.exe -m unittest discover -v -s D:\a\NU54DK_Arduino_Core\NU54DK_Arduino_Core\tests\host -p test_m17_coverage.py
2026-09-07T06:55:35.6497465Z test_build_only_failure_is_gate_failure (test_m17_coverage.M17CoverageTests.test_build_only_failure_is_gate_failure)
2026-09-07T06:55:35.6716509Z ! @brief build-only \ud56d\ubaa9\uc758 evidence\uac00 \uc788\ub294 fail\uc740 coverage gate\ub97c \uc2e4\ud328\uc2dc\ud0b5\ub2c8\ub2e4. ... ok
2026-09-07T06:55:35.6717860Z test_deferred_failure_is_valid_and_rendered (test_m17_coverage.M17CoverageTests.test_deferred_failure_is_valid_and_rendered)
2026-09-07T06:55:35.6953599Z ! @brief deferred \uc2e4\ud328\ub294 gate\ub97c \ub9c9\uc9c0 \uc54a\uace0 evidence\uc640 \uc694\uc57d\uc5d0 \uba85\uc2dc\ud569\ub2c8\ub2e4. ... ok
2026-09-07T06:55:35.7076237Z test_duplicate_json_key_is_rejected (test_m17_coverage.M17CoverageTests.test_duplicate_json_key_is_rejected) ... ok
2026-09-07T06:55:35.7077274Z test_evidence_drive_path_is_rejected (test_m17_coverage.M17CoverageTests.test_evidence_drive_path_is_rejected)
2026-09-07T06:55:35.7285251Z ! @brief evidence\uc5d0\ub3c4 Windows absolute�drive-relative \uacbd\ub85c\ub97c \ud5c8\uc6a9\ud558\uc9c0 \uc54a\uc2b5\ub2c8\ub2e4. ... ok
2026-09-07T06:55:35.7428918Z test_external_source_requires_exact_commit (test_m17_coverage.M17CoverageTests.test_external_source_requires_exact_commit) ... ok
2026-09-07T06:55:35.7653232Z test_fixture_validates_without_checkout_probe (test_m17_coverage.M17CoverageTests.test_fixture_validates_without_checkout_probe) ... ok
2026-09-07T06:55:35.7655412Z test_generated_outputs_accept_git_crlf_checkout (test_m17_coverage.M17CoverageTests.test_generated_outputs_accept_git_crlf_checkout)
2026-09-07T06:55:35.8019273Z ! @brief \uc0dd\uc131 \uc694\uc57d\uc758 Git CRLF checkout\uc744 LF \uc6d0\ubcf8\uacfc \ub3d9\uc77c\ud558\uac8c \uac80\uc99d\ud569\ub2c8\ub2e4. ... ok
2026-09-07T06:55:35.8247272Z test_invalid_enum_is_rejected (test_m17_coverage.M17CoverageTests.test_invalid_enum_is_rejected) ... ok
2026-09-07T06:55:35.8377683Z test_manifest_path_traversal_is_rejected (test_m17_coverage.M17CoverageTests.test_manifest_path_traversal_is_rejected) ... ok
2026-09-07T06:55:35.8378859Z test_manifest_record_hash_accepts_git_crlf_checkout (test_m17_coverage.M17CoverageTests.test_manifest_record_hash_accepts_git_crlf_checkout)
2026-09-07T06:55:35.8613190Z ! @brief Git text \ubcc0\ud658\uc73c\ub85c \uc0dd\uae34 CRLF\uac00 LF \uae30\uc900 record hash\ub97c \ubc14\uafb8\uc9c0 \uc54a\uc2b5\ub2c8\ub2e4. ... ok
2026-09-07T06:55:35.8801485Z test_manifest_record_hash_mismatch_is_rejected (test_m17_coverage.M17CoverageTests.test_manifest_record_hash_mismatch_is_rejected) ... ok
2026-09-07T06:55:35.8803030Z test_manifest_record_hash_rejects_bare_cr (test_m17_coverage.M17CoverageTests.test_manifest_record_hash_rejects_bare_cr)
2026-09-07T06:55:35.8946289Z ! @brief Git\uc758 CRLF \ubcc0\ud658\uc774 \uc544\ub2cc \ub2e8\ub3c5 CR\uc740 \ubaa8\ud638\ud55c \uc785\ub825\uc73c\ub85c \uac70\ubd80\ud569\ub2c8\ub2e4. ... ok
2026-09-07T06:55:35.8948153Z test_manifest_record_hash_rejects_content_change_with_crlf (test_m17_coverage.M17CoverageTests.test_manifest_record_hash_rejects_content_change_with_crlf)
2026-09-07T06:55:35.9088358Z ! @brief CRLF checkout\uc5d0\uc11c\ub3c4 \uc2e4\uc81c record \ub0b4\uc6a9 \ubcc0\uacbd\uc740 SHA mismatch\ub85c \uac70\ubd80\ud569\ub2c8\ub2e4. ... ok
2026-09-07T06:55:35.9221732Z test_manifest_revision_mismatch_is_rejected (test_m17_coverage.M17CoverageTests.test_manifest_revision_mismatch_is_rejected) ... ok
2026-09-07T06:55:35.9435088Z test_networking_supported_promotion_is_rejected (test_m17_coverage.M17CoverageTests.test_networking_supported_promotion_is_rejected) ... ok
2026-09-07T06:55:35.9436351Z test_pass_and_fail_require_evidence (test_m17_coverage.M17CoverageTests.test_pass_and_fail_require_evidence)
2026-09-07T06:55:35.9741362Z ! @brief \uc644\ub8cc \uacb0\uacfc\uc778 pass\uc640 fail\uc5d0 evidence\uac00 \uc5c6\uc73c\uba74 \uac70\ubd80\ud569\ub2c8\ub2e4. ... ok
2026-09-07T06:55:35.9742403Z test_planned_and_not_run_reject_evidence (test_m17_coverage.M17CoverageTests.test_planned_and_not_run_reject_evidence)
2026-09-07T06:55:36.0054601Z ! @brief \ubbf8\uc2e4\ud589 \uc0c1\ud0dc\uc778 planned\uc640 not-run\uc5d0\ub294 evidence\ub97c \uae08\uc9c0\ud569\ub2c8\ub2e4. ... ok
2026-09-07T06:55:36.0187032Z test_record_path_must_be_derived_from_id (test_m17_coverage.M17CoverageTests.test_record_path_must_be_derived_from_id) ... ok
2026-09-07T06:55:36.0418216Z test_record_revision_mismatch_is_rejected (test_m17_coverage.M17CoverageTests.test_record_revision_mismatch_is_rejected) ... ok
2026-09-07T06:55:36.2020988Z test_repository_dataset_and_generated_outputs_are_current (test_m17_coverage.M17CoverageTests.test_repository_dataset_and_generated_outputs_are_current) ... ok
2026-09-07T06:55:36.2021999Z test_resolved_path_outside_root_is_rejected (test_m17_coverage.M17CoverageTests.test_resolved_path_outside_root_is_rejected)
2026-09-07T06:55:36.2173816Z ! @brief symlink \ub4f1\uc73c\ub85c resolve \uacb0\uacfc\uac00 root \ubc16\uc774\uba74 fail-closed\ub85c \uac70\ubd80\ud569\ub2c8\ub2e4. ... ok
2026-09-07T06:55:36.2395176Z test_sensor_wrapper_is_rejected (test_m17_coverage.M17CoverageTests.test_sensor_wrapper_is_rejected) ... ok
2026-09-07T06:55:36.2396242Z test_supported_failure_is_gate_failure (test_m17_coverage.M17CoverageTests.test_supported_failure_is_gate_failure)
2026-09-07T06:55:36.2551003Z ! @brief supported \ud56d\ubaa9\uc758 evidence\uac00 \uc788\ub294 fail\ub3c4 coverage gate\ub97c \uc2e4\ud328\uc2dc\ud0b5\ub2c8\ub2e4. ... ok
2026-09-07T06:55:36.2914904Z test_unknown_record_field_is_rejected (test_m17_coverage.M17CoverageTests.test_unknown_record_field_is_rejected) ... ok
2026-09-07T06:55:36.2915879Z test_windows_drive_paths_are_rejected (test_m17_coverage.M17CoverageTests.test_windows_drive_paths_are_rejected)
2026-09-07T06:55:36.3031603Z ! @brief C:/�D:/\uc640 drive-relative \uacbd\ub85c\ub97c \uc0c1\ub300 \uacbd\ub85c\ub85c \ud574\uc11d\ud558\uc9c0 \uc54a\uc2b5\ub2c8\ub2e4. ... ok
2026-09-07T06:55:36.3032331Z 
2026-09-07T06:55:36.3032496Z ----------------------------------------------------------------------
2026-09-07T06:55:36.3032829Z Ran 25 tests in 0.654s
2026-09-07T06:55:36.3032969Z 
2026-09-07T06:55:36.3033291Z OK
2026-09-07T06:55:36.3194009Z [M12] exec: C:\hostedtoolcache\windows\Python\3.12.10\x64\python.exe -m unittest discover -v -s D:\a\NU54DK_Arduino_Core\NU54DK_Arduino_Core\tests\host -p test_m17_external_arduino.py
2026-09-07T06:55:36.4622062Z test_arduino_cli_exact_version_and_sha_are_recorded (test_m17_external_arduino.M17ExternalArduinoTests.test_arduino_cli_exact_version_and_sha_are_recorded)
2026-09-07T06:55:36.4661203Z ! @brief shell \uc5c6\uc774 \uc2e4\ud589\ud55c exact 1.5.1\uacfc executable SHA\ub97c \uc815\uaddc\ud654\ud569\ub2c8\ub2e4. ... ok
2026-09-07T06:55:36.4662231Z test_arduino_cli_rejects_wrong_or_ambiguous_version (test_m17_external_arduino.M17ExternalArduinoTests.test_arduino_cli_rejects_wrong_or_ambiguous_version)
2026-09-07T06:55:36.4691190Z ! @brief \ub2e4\ub978 version\uacfc version token \uc911\ubcf5\uc744 fail-closed\ub85c \uac70\ubd80\ud569\ub2c8\ub2e4. ... ok
2026-09-07T06:55:36.4692186Z test_arduino_cli_replacement_is_rejected (test_m17_external_arduino.M17ExternalArduinoTests.test_arduino_cli_replacement_is_rejected)
2026-09-07T06:55:36.4713406Z ! @brief compile \uc911 executable byte\uac00 \ubc14\ub00c\uba74 \uc885\ub8cc \uac80\uc99d\uc5d0\uc11c \uac70\ubd80\ud569\ub2c8\ub2e4. ... ok
2026-09-07T06:55:36.4714424Z test_arduino_library_compatibility_contract_is_present (test_m17_external_arduino.M17ExternalArduinoTests.test_arduino_library_compatibility_contract_is_present)
2026-09-07T06:55:36.4718592Z ! @brief \uc678\ubd80 Arduino library\uac00 \uc694\uad6c\ud558\ub294 macro, Print\uc640 \uc815\uc218 GPIO overload\ub97c \uace0\uc815\ud569\ub2c8\ub2e4. ... ok
2026-09-07T06:55:36.4719497Z test_compile_sketch_targets_lsm6ds3trc (test_m17_external_arduino.M17ExternalArduinoTests.test_compile_sketch_targets_lsm6ds3trc)
2026-09-07T06:55:36.4721193Z ! @brief compile gate\uac00 NU54DK \uac80\uc99d \ub300\uc0c1 LSM6DS3TR-C\ub97c \uc9c1\uc811 \uc0ac\uc6a9\ud558\ub294\uc9c0 \ud655\uc778\ud569\ub2c8\ub2e4. ... ok
2026-09-07T06:55:36.4722974Z test_contained_target_rejects_destination_escape (test_m17_external_arduino.M17ExternalArduinoTests.test_contained_target_rejects_destination_escape)
2026-09-07T06:55:36.4738110Z ! @brief \ucd5c\uc885 resolve \uacb0\uacfc\uac00 destination \ubc16\uc774\uba74 \ucd94\ucd9c \uc804\uc5d0 \uac70\ubd80\ud569\ub2c8\ub2e4. ... ok
2026-09-07T06:55:36.4739084Z test_download_checksum_contract_matches_lock (test_m17_external_arduino.M17ExternalArduinoTests.test_download_checksum_contract_matches_lock)
2026-09-07T06:55:36.4744437Z ! @brief lock SHA\uac00 64\uc790\ub9ac\uc774\uba70 evidence\uc5d0 \uc0ac\uc6a9\ud560 \uc218 \uc788\ub294 digest\uc778\uc9c0 \ud655\uc778\ud569\ub2c8\ub2e4. ... ok
2026-09-07T06:55:36.4745467Z test_exact_checkout_allows_only_untracked_ci_output_root (test_m17_external_arduino.M17ExternalArduinoTests.test_exact_checkout_allows_only_untracked_ci_output_root)
2026-09-07T06:55:36.4782756Z ! @brief \uae30\uc874 CI evidence\ub294 \ud5c8\uc6a9\ud558\ub418 \ub2e4\ub978 untracked source\ub294 \uac70\ubd80\ud569\ub2c8\ub2e4. ... ok
2026-09-07T06:55:36.4783784Z test_exact_checkout_rejects_dirty_core_or_board (test_m17_external_arduino.M17ExternalArduinoTests.test_exact_checkout_rejects_dirty_core_or_board)
2026-09-07T06:55:36.4810198Z ! @brief Core \ub610\ub294 board\uc758 \ubbf8\ucee4\ubc0b \ubcc0\uacbd\uc740 compile \uc804\uc5d0 \uac70\ubd80\ud569\ub2c8\ub2e4. ... ok
2026-09-07T06:55:36.4811240Z test_exact_checkout_rejects_gitlink_or_checkout_mismatch (test_m17_external_arduino.M17ExternalArduinoTests.test_exact_checkout_rejects_gitlink_or_checkout_mismatch)
2026-09-07T06:55:36.4836354Z ! @brief parent gitlink \ub610\ub294 \uc2e4\uc81c board HEAD\uac00 exact pin\uacfc \ub2e4\ub974\uba74 \uac70\ubd80\ud569\ub2c8\ub2e4. ... ok
2026-09-07T06:55:36.4837563Z test_lock_rejects_changed_checksum_and_duplicate_key (test_m17_external_arduino.M17ExternalArduinoTests.test_lock_rejects_changed_checksum_and_duplicate_key)
2026-09-07T06:55:36.4857601Z ! @brief checksum \ubcc0\uacbd\uacfc \uc911\ubcf5 JSON key\ub97c fail-closed\ub85c \uac70\ubd80\ud569\ub2c8\ub2e4. ... ok
2026-09-07T06:55:36.4858708Z test_repository_lock_is_exact (test_m17_external_arduino.M17ExternalArduinoTests.test_repository_lock_is_exact)
2026-09-07T06:55:36.4860813Z ! @brief \uc800\uc7a5\uc18c lock\uc774 \uc2b9\uc778\ud55c \uc138 tag�commit�SHA\ub9cc \ud3ec\ud568\ud558\ub294\uc9c0 \ud655\uc778\ud569\ub2c8\ub2e4. ... ok
2026-09-07T06:55:36.4861726Z test_safe_extract_accepts_single_root (test_m17_external_arduino.M17ExternalArduinoTests.test_safe_extract_accepts_single_root)
2026-09-07T06:55:36.4916387Z ! @brief \uc815\uc0c1 archive\uc5d0\uc11c root\ub97c \uc81c\uac70\ud55c library tree\ub9cc \uc0dd\uc131\ud569\ub2c8\ub2e4. ... ok
2026-09-07T06:55:36.4917270Z test_safe_extract_rejects_traversal (test_m17_external_arduino.M17ExternalArduinoTests.test_safe_extract_rejects_traversal)
2026-09-07T06:55:36.4928427Z ! @brief \uc0c1\uc704 \uacbd\ub85c\ub97c \uc4f0\ub294 ZIP member\ub97c \uac70\ubd80\ud569\ub2c8\ub2e4. ... ok
2026-09-07T06:55:36.4929577Z test_safe_extract_rejects_windows_drive_unc_and_ads (test_m17_external_arduino.M17ExternalArduinoTests.test_safe_extract_rejects_windows_drive_unc_and_ads)
2026-09-07T06:55:36.4982253Z ! @brief drive-relative�drive absolute�UNC�ADS ZIP \uacbd\ub85c\ub97c \ubaa8\ub450 \uac70\ubd80\ud569\ub2c8\ub2e4. ... ok
2026-09-07T06:55:36.4983071Z 
2026-09-07T06:55:36.4983300Z ----------------------------------------------------------------------
2026-09-07T06:55:36.4983774Z Ran 15 tests in 0.036s
2026-09-07T06:55:36.4983976Z 
2026-09-07T06:55:36.4984069Z OK
2026-09-07T06:55:36.5163773Z [M12] exec: C:\hostedtoolcache\windows\Python\3.12.10\x64\python.exe -m unittest discover -v -s D:\a\NU54DK_Arduino_Core\NU54DK_Arduino_Core\tests\host -p test_m17_feasibility.py
2026-09-07T06:55:36.6441437Z test_build_command_is_fixed_sysbuild (test_m17_feasibility.M17FeasibilityTests.test_build_command_is_fixed_sysbuild)
2026-09-07T06:55:36.6443539Z ! @brief \uba85\ub839\uc774 \uace0\uc815 board\uc640 sysbuild \ubc0f \uc800\uc7a5\uc18c BOARD_ROOT\ub97c \uc0ac\uc6a9\ud569\ub2c8\ub2e4. ... ok
2026-09-07T06:55:36.6446709Z test_crypto_nu54dk_failure_is_gate_failure (test_m17_feasibility.M17FeasibilityTests.test_crypto_nu54dk_failure_is_gate_failure)
2026-09-07T06:55:36.6536508Z ! @brief crypto RNG\ub294 official\uacfc NU54DK\uac00 \ubaa8\ub450 \uc131\uacf5\ud574\uc57c gate\ub97c \ud1b5\uacfc\ud569\ub2c8\ub2e4. ... ok
2026-09-07T06:55:36.6537565Z test_declared_samples_and_support_boundary_are_exact (test_m17_feasibility.M17FeasibilityTests.test_declared_samples_and_support_boundary_are_exact)
2026-09-07T06:55:36.6538763Z ! @brief \uac80\ud1a0 \ub300\uc0c1\uc740 \uacf5\uc2dd \uc138 sample\uc774\uba70 \uc9c0\uc6d0 \uc120\uc5b8\uc740 runner\uc5d0 \ud3ec\ud568\ud558\uc9c0 \uc54a\uc2b5\ub2c8\ub2e4. ... ok
2026-09-07T06:55:36.6539850Z test_execution_inputs_reject_board_revision_or_gitlink_mismatch (test_m17_feasibility.M17FeasibilityTests.test_execution_inputs_reject_board_revision_or_gitlink_mismatch)
2026-09-07T06:55:36.6546377Z ! @brief \uc2e4\uc81c checkout\uacfc \ubd80\ubaa8 gitlink\uac00 lock revision\uc5d0\uc11c \ubc97\uc5b4\ub098\uba74 \uac70\ubd80\ud569\ub2c8\ub2e4. ... ok
2026-09-07T06:55:36.6549420Z test_execution_inputs_reject_dirty_board (test_m17_feasibility.M17FeasibilityTests.test_execution_inputs_reject_dirty_board)
2026-09-07T06:55:36.6550260Z ! @brief exact revision\uc774\uc5b4\ub3c4 board checkout\uc774 dirty\uc774\uba74 build \uc804\uc5d0 \uac70\ubd80\ud569\ub2c8\ub2e4. ... ok
2026-09-07T06:55:36.6551236Z test_execution_inputs_reject_dirty_ncs_or_zephyr_workspace (test_m17_feasibility.M17FeasibilityTests.test_execution_inputs_reject_dirty_ncs_or_zephyr_workspace)
2026-09-07T06:55:36.6554116Z ! @brief revision\uc774 \uac19\uc544\ub3c4 NCS�Zephyr source \ubcc0\uacbd\uc740 exact workspace\uac00 \uc544\ub2d9\ub2c8\ub2e4. ... ok
2026-09-07T06:55:36.6555044Z test_git_output_scopes_safe_directory_to_repository (test_m17_feasibility.M17FeasibilityTests.test_git_output_scopes_safe_directory_to_repository)
2026-09-07T06:55:36.6571583Z ! @brief \uacf5\ubc31 \uacbd\ub85c\ub3c4 \uc804\uc5ed \ubcc0\uacbd \uc5c6\uc774 \ud574\ub2f9 \uc800\uc7a5\uc18c\ub9cc \uc2e0\ub8b0\ud569\ub2c8\ub2e4. ... ok
2026-09-07T06:55:36.6572780Z test_git_revision_rejects_malformed_output (test_m17_feasibility.M17FeasibilityTests.test_git_revision_rejects_malformed_output)
2026-09-07T06:55:36.6575128Z ! @brief Git \uc131\uacf5 \ucf54\ub4dc\uc5ec\ub3c4 40\uc790\ub9ac SHA\uac00 \uc544\ub2c8\uba74 exact \uc785\ub825\uc744 \uac70\ubd80\ud569\ub2c8\ub2e4. ... ok
2026-09-07T06:55:36.6576939Z test_network_nu54dk_failure_is_recorded_but_not_gate_failure (test_m17_feasibility.M17FeasibilityTests.test_network_nu54dk_failure_is_recorded_but_not_gate_failure)
2026-09-07T06:55:36.6665461Z ! @brief deferred networking\uc740 official\ub9cc gate\uc774\uba70 NU54DK \uc2e4\ud328\ub294 evidence\uc5d0 \ubcf4\uc874\ud569\ub2c8\ub2e4. ... ok
2026-09-07T06:55:36.6666503Z test_official_control_failure_is_gate_failure (test_m17_feasibility.M17FeasibilityTests.test_official_control_failure_is_gate_failure)
2026-09-07T06:55:36.6756384Z ! @brief official control \uc2e4\ud328\uac00 \uc788\uc5b4\ub3c4 \ub450 \uc5ed\ud560\uc758 evidence\ub97c \ubcf4\uc874\ud558\uace0 gate\ub97c \uc2e4\ud328\uc2dc\ud0b5\ub2c8\ub2e4. ... ok
2026-09-07T06:55:36.6757737Z test_policy_rejects_crypto_deferred_or_hil (test_m17_feasibility.M17FeasibilityTests.test_policy_rejects_crypto_deferred_or_hil)
2026-09-07T06:55:36.6760286Z ! @brief crypto build-only \ud56d\ubaa9\uc744 deferred\ub85c \ub0ae\ucd94\uac70\ub098 HIL\ub85c \uc624\ud45c\uae30\ud558\uc9c0 \ubabb\ud558\uac8c \ud569\ub2c8\ub2e4. ... ok
2026-09-07T06:55:36.6762003Z test_policy_rejects_networking_support_promotion (test_m17_feasibility.M17FeasibilityTests.test_policy_rejects_networking_support_promotion)
2026-09-07T06:55:36.6763409Z ! @brief networking sample\uc744 build-only \ub610\ub294 supported\ub85c \uc2b9\uaca9\ud558\uc9c0 \ubabb\ud558\uac8c \ud569\ub2c8\ub2e4. ... ok
2026-09-07T06:55:36.6764485Z test_run_build_hashes_normalized_log (test_m17_feasibility.M17FeasibilityTests.test_run_build_hashes_normalized_log)
2026-09-07T06:55:36.6805041Z ! @brief \ud1b5\ud569 stdout\uc744 \uc815\uaddc\ud654\ud574 exact log hash\uc640 \uacb0\uacfc\ub97c \ub0a8\uae41\ub2c8\ub2e4. ... ok
2026-09-07T06:55:36.6805803Z 
2026-09-07T06:55:36.6806052Z ----------------------------------------------------------------------
2026-09-07T06:55:36.6806758Z Ran 13 tests in 0.037s
2026-09-07T06:55:36.6806951Z 
2026-09-07T06:55:36.6807048Z OK
2026-09-07T06:55:36.6962545Z [M12] exec: C:\hostedtoolcache\windows\Python\3.12.10\x64\python.exe -m unittest discover -v -s D:\a\NU54DK_Arduino_Core\NU54DK_Arduino_Core\tests\host -p test_m18_release.py
2026-09-07T06:55:37.0897710Z test_asset_tamper_and_extra_file_are_rejected (test_m18_release.M18ReleaseTests.test_asset_tamper_and_extra_file_are_rejected) ... ok
2026-09-07T06:55:37.2034149Z test_checksum_sidecar_forgery_is_rejected_even_when_records_are_rehashed (test_m18_release.M18ReleaseTests.test_checksum_sidecar_forgery_is_rejected_even_when_records_are_rehashed) ... ok
2026-09-07T06:55:37.2059557Z test_cli_exposes_no_stable_publish_or_version_override (test_m18_release.M18ReleaseTests.test_cli_exposes_no_stable_publish_or_version_override) ... ok
2026-09-07T06:55:37.2099898Z test_dirty_core_and_dirty_board_are_rejected (test_m18_release.M18ReleaseTests.test_dirty_core_and_dirty_board_are_rejected) ... ok
2026-09-07T06:55:37.4382303Z test_evidence_artifact_and_document_blob_tamper_are_rejected (test_m18_release.M18ReleaseTests.test_evidence_artifact_and_document_blob_tamper_are_rejected) ... ok
2026-09-07T06:55:37.4391485Z test_external_process_is_always_shell_false (test_m18_release.M18ReleaseTests.test_external_process_is_always_shell_false) ... ok
2026-09-07T06:55:37.7506818Z test_immutable_plan_fields_and_roles_are_rejected_when_tampered (test_m18_release.M18ReleaseTests.test_immutable_plan_fields_and_roles_are_rejected_when_tampered) ... ok
2026-09-07T06:55:37.7754786Z test_nondeterministic_second_build_is_rejected (test_m18_release.M18ReleaseTests.test_nondeterministic_second_build_is_rejected) ... ok
2026-09-07T06:55:37.7778736Z test_package_contract_is_read_only_and_rejects_rc_or_pin_mutation (test_m18_release.M18ReleaseTests.test_package_contract_is_read_only_and_rejects_rc_or_pin_mutation) ... ok
2026-09-07T06:55:37.8702441Z test_plan_unknown_field_is_rejected (test_m18_release.M18ReleaseTests.test_plan_unknown_field_is_rejected) ... ok
2026-09-07T06:55:37.9875266Z test_prepare_builds_twice_and_validates_exact_allowlist (test_m18_release.M18ReleaseTests.test_prepare_builds_twice_and_validates_exact_allowlist) ... ok
2026-09-07T06:55:37.9876326Z test_publish_binds_verification_to_discovered_release_id (test_m18_release.M18ReleaseTests.test_publish_binds_verification_to_discovered_release_id)
2026-09-07T06:55:38.1410207Z ! @brief \uc0dd\uc131 \uc9c1\ud6c4 \ubc1c\uacac\ud55c release ID\uac00 \uc7ac\uc870\ud68c \uc911 \ubc14\ub00c\uba74 \uac80\uc99d\uc744 \uc911\ub2e8\ud569\ub2c8\ub2e4. ... ok
2026-09-07T06:55:38.1411604Z test_publish_draft_uses_only_safe_flags_and_rechecks_remote_bytes (test_m18_release.M18ReleaseTests.test_publish_draft_uses_only_safe_flags_and_rechecks_remote_bytes)
2026-09-07T06:55:38.3507329Z ! @brief untagged Draft\ub97c ID \uae30\ubc18\uc73c\ub85c \uc0dd\uc131�\uac80\uc99d\ud558\uace0 tag download\ub97c \uc4f0\uc9c0 \uc54a\uc2b5\ub2c8\ub2e4. ... ok
2026-09-07T06:55:38.3508897Z test_publish_rejects_existing_local_or_github_release (test_m18_release.M18ReleaseTests.test_publish_rejects_existing_local_or_github_release)
2026-09-07T06:55:38.5572115Z ! @brief local tag \ubc0f REST \ubaa9\ub85d\uc5d0\uc11c \ubcf4\uc774\ub294 \uae30\uc874�\uc911\ubcf5 Draft\ub97c \uc0dd\uc131 \uc804\uc5d0 \uac70\ubd80\ud569\ub2c8\ub2e4. ... ok
2026-09-07T06:55:38.5573212Z test_publish_rejects_non_main_or_unpushed_origin_main (test_m18_release.M18ReleaseTests.test_publish_rejects_non_main_or_unpushed_origin_main)
2026-09-07T06:55:38.7489911Z ! @brief main/current HEAD/origin-main\uacfc remote main \ubd88\uc77c\uce58\ub97c \uac70\ubd80\ud569\ub2c8\ub2e4. ... ok
2026-09-07T06:55:38.7490978Z test_publish_rejects_non_public_repository_or_missing_remote_commit (test_m18_release.M18ReleaseTests.test_publish_rejects_non_public_repository_or_missing_remote_commit)
2026-09-07T06:55:38.9834093Z ! @brief PUBLIC/default main\uacfc GitHub target commit \ubd80\uc7ac\ub97c \uac70\ubd80\ud569\ub2c8\ub2e4. ... ok
2026-09-07T06:55:38.9834915Z test_publish_rejects_remote_sha_mismatch (test_m18_release.M18ReleaseTests.test_publish_rejects_remote_sha_mismatch)
2026-09-07T06:55:39.4724195Z ! @brief asset ID�\uc774\ub984�\uc0c1\ud0dc�\ud06c\uae30�digest\uc640 \ub2e4\uc6b4\ub85c\ub4dc byte \ubd88\uc77c\uce58\ub97c \uac70\ubd80\ud569\ub2c8\ub2e4. ... ok
2026-09-07T06:55:39.4725403Z test_publish_rejects_remote_tag_created_during_draft (test_m18_release.M18ReleaseTests.test_publish_rejects_remote_tag_created_during_draft)
2026-09-07T06:55:39.6210785Z ! @brief Draft \uc0dd\uc131 \ub4a4 \uc6d0\uaca9 tag ref\uac00 \uc0dd\uae30\uba74 Draft \uacc4\uc57d \uc704\ubc18\uc73c\ub85c \uac70\ubd80\ud569\ub2c8\ub2e4. ... ok
2026-09-07T06:55:39.6211875Z test_publish_waits_for_delayed_draft_and_bounds_discovery (test_m18_release.M18ReleaseTests.test_publish_waits_for_delayed_draft_and_bounds_discovery)
2026-09-07T06:55:39.8547043Z ! @brief Draft \ubaa9\ub85d\uc758 \uc9e7\uc740 \uc9c0\uc5f0\uc740 \uc7ac\uc870\ud68c\ud558\uace0 \ubb34\ud55c \ub300\uae30\ub294 \ud558\uc9c0 \uc54a\uc2b5\ub2c8\ub2e4. ... ok
2026-09-07T06:55:39.8548115Z test_published_stable_root_index_identities_are_exact (test_m18_release.M18ReleaseTests.test_published_stable_root_index_identities_are_exact)
2026-09-07T06:55:39.8573197Z ! @brief M18 \uc5ed\uc0ac \uacbd\uacc4\uc640 \ud604\uc7ac \uacf5\uac1c root index\uc758 exact byte\ub97c \ud568\uaed8 \ubcf4\ud638\ud569\ub2c8\ub2e4. ... ok
2026-09-07T06:55:39.8588758Z test_stable_contract_change_is_rejected (test_m18_release.M18ReleaseTests.test_stable_contract_change_is_rejected) ... ok
2026-09-07T06:55:39.8589646Z test_stable_root_index_crlf_worktree_is_rejected (test_m18_release.M18ReleaseTests.test_stable_root_index_crlf_worktree_is_rejected)
2026-09-07T06:55:39.8609487Z ! @brief Windows CRLF\ub85c \ubcc0\ud615\ub41c stable index\ub97c M18\uc774 \uac70\ubd80\ud558\ub294\uc9c0 \uac80\uc99d\ud569\ub2c8\ub2e4. ... ok
2026-09-07T06:55:40.1295754Z test_unexpected_directory_and_symlink_are_rejected (test_m18_release.M18ReleaseTests.test_unexpected_directory_and_symlink_are_rejected) ... ok
2026-09-07T06:55:40.1296892Z test_verify_accepts_missing_optional_digest_and_rejects_foreign_url (test_m18_release.M18ReleaseTests.test_verify_accepts_missing_optional_digest_and_rejects_foreign_url)
2026-09-07T06:55:40.3727756Z ! @brief \ubbf8\uc9c0\uc6d0 digest \uc0dd\ub7b5\uc740 \ud5c8\uc6a9\ud558\ub418 \ub2e4\ub978 \uc800\uc7a5\uc18c Draft URL\uc740 \uac70\ubd80\ud569\ub2c8\ub2e4. ... ok
2026-09-07T06:55:40.3729383Z test_verify_rejects_release_name_or_body_mismatch (test_m18_release.M18ReleaseTests.test_verify_rejects_release_name_or_body_mismatch)
2026-09-07T06:55:40.5836725Z ! @brief GitHub Release \uc81c\ubaa9\uacfc \ubcf8\ubb38\uc774 exact local \ubb38\uc11c\uc640 \ub2e4\ub974\uba74 \uac70\ubd80\ud569\ub2c8\ub2e4. ... ok
2026-09-07T06:55:40.5837304Z 
2026-09-07T06:55:40.5837456Z ----------------------------------------------------------------------
2026-09-07T06:55:40.5837802Z Ran 25 tests in 3.720s
2026-09-07T06:55:40.5837937Z 
2026-09-07T06:55:40.5838014Z OK
2026-09-07T06:55:40.6010188Z [M12] exec: C:\hostedtoolcache\windows\Python\3.12.10\x64\python.exe -m unittest discover -v -s D:\a\NU54DK_Arduino_Core\NU54DK_Arduino_Core\tests\host -p test_m19_ble_gap_contract.py
2026-09-07T06:55:40.6737518Z test_feature_resolver_accepts_ble_and_rejects_standard (test_m19_ble_gap_contract.M19BleGapContractTests.test_feature_resolver_accepts_ble_and_rejects_standard)
2026-09-07T06:55:40.6995576Z ! @brief library feature\uac00 ble profile\uc5d0\ub9cc \uacb0\ud569\ub418\ub294\uc9c0 production resolver\ub85c \uac80\uc0ac\ud569\ub2c8\ub2e4. ... ok
2026-09-07T06:55:40.6996644Z test_kconfig_and_examples_cover_gap_boundaries (test_m19_ble_gap_contract.M19BleGapContractTests.test_kconfig_and_examples_cover_gap_boundaries)
2026-09-07T06:55:40.7000820Z ! @brief fixed queue\uc640 \uc0ac\uc6a9\uc790 \uc608\uc81c\uac00 package source\uc5d0 \ud3ec\ud568\ub410\ub294\uc9c0 \uac80\uc0ac\ud569\ub2c8\ub2e4. ... ok
2026-09-07T06:55:40.7001883Z test_legacy_tx_power_and_shutdown_generation_are_enforced (test_m19_ble_gap_contract.M19BleGapContractTests.test_legacy_tx_power_and_shutdown_generation_are_enforced)
2026-09-07T06:55:40.7015285Z ! @brief TPC \ube44\ud65c\uc131 target\uacfc end-during-connect \uacbd\uacc4\ub97c \uc815\uc801\uc73c\ub85c \uace0\uc815\ud569\ub2c8\ub2e4. ... ok
2026-09-07T06:55:40.7016432Z test_nus_callbacks_ignore_generic_gap_links_and_targets_link_bundle (test_m19_ble_gap_contract.M19BleGapContractTests.test_nus_callbacks_ignore_generic_gap_links_and_targets_link_bundle)
2026-09-07T06:55:40.7033856Z ! @brief GAP/GATT link\uac00 \ubbf8\uc0ac\uc6a9 NUS \uc0c1\ud0dc\ub97c \uc624\uc5fc\ud558\uc9c0 \uc54a\ub3c4\ub85d bundle parity\ub97c \uace0\uc815\ud569\ub2c8\ub2e4. ... ok
2026-09-07T06:55:40.7034845Z test_once_init_and_m21_observer_hooks_are_shared (test_m19_ble_gap_contract.M19BleGapContractTests.test_once_init_and_m21_observer_hooks_are_shared)
2026-09-07T06:55:40.7039864Z ! @brief NUS/GAP/M21\uc774 bt_enable\uacfc connection callback\uc744 \uc911\ubcf5 \uc18c\uc720\ud558\uc9c0 \uc54a\uc2b5\ub2c8\ub2e4. ... ok
2026-09-07T06:55:40.7040807Z test_public_header_is_arduino_friendly_and_complete (test_m19_ble_gap_contract.M19BleGapContractTests.test_public_header_is_arduino_friendly_and_complete)
2026-09-07T06:55:40.7043375Z ! @brief Zephyr type \uc5c6\uc774 \ubaa9\ud45c GAP \uac1d\uccb4\uc640 \uc9c4\ub2e8\uc744 \ub178\ucd9c\ud569\ub2c8\ub2e4. ... ok
2026-09-07T06:55:40.7044289Z test_stack_callbacks_only_enqueue_bounded_records (test_m19_ble_gap_contract.M19BleGapContractTests.test_stack_callbacks_only_enqueue_bounded_records)
2026-09-07T06:55:40.7077244Z ! @brief Bluetooth callback\uc5d0\uc11c user callback�heap \uc0ac\uc6a9\uc744 \uae08\uc9c0\ud569\ub2c8\ub2e4. ... ok
2026-09-07T06:55:40.7079187Z test_user_phy_control_disables_zephyr_auto_update (test_m19_ble_gap_contract.M19BleGapContractTests.test_user_phy_control_disables_zephyr_auto_update)
2026-09-07T06:55:40.7080805Z ! @brief \uacf5\uac1c PHY \uc694\uccad\uacfc HIL\uc774 Zephyr \uc790\ub3d9 PHY \uc808\ucc28\uc640 \uacbd\uc7c1\ud558\uc9c0 \uc54a\ub3c4\ub85d \uace0\uc815\ud569\ub2c8\ub2e4. ... ok
2026-09-07T06:55:40.7082164Z 
2026-09-07T06:55:40.7082413Z ----------------------------------------------------------------------
2026-09-07T06:55:40.7082913Z Ran 8 tests in 0.035s
2026-09-07T06:55:40.7083105Z 
2026-09-07T06:55:40.7083199Z OK
2026-09-07T06:55:40.7197141Z [M12] exec: C:\hostedtoolcache\windows\Python\3.12.10\x64\python.exe -m unittest discover -v -s D:\a\NU54DK_Arduino_Core\NU54DK_Arduino_Core\tests\host -p test_m19_ble_gap_hil.py
2026-09-07T06:55:40.8312881Z test_reordered_token_is_rejected (test_m19_ble_gap_hil.M19BleGapHilParserTest.test_reordered_token_is_rejected) ... ok
2026-09-07T06:55:40.8315328Z test_short_nonce_is_rejected (test_m19_ble_gap_hil.M19BleGapHilParserTest.test_short_nonce_is_rejected)
2026-09-07T06:55:40.8316354Z ! @brief full 128-bit\uac00 \uc544\ub2cc RF fixture nonce\ub97c \uac70\ubd80\ud569\ub2c8\ub2e4. ... ok
2026-09-07T06:55:40.8317800Z test_stale_nonce_is_rejected (test_m19_ble_gap_hil.M19BleGapHilParserTest.test_stale_nonce_is_rejected) ... ok
2026-09-07T06:55:40.8318972Z test_target_fail_is_rejected (test_m19_ble_gap_hil.M19BleGapHilParserTest.test_target_fail_is_rejected) ... ok
2026-09-07T06:55:40.8319697Z test_valid_pair_transcripts_pass (test_m19_ble_gap_hil.M19BleGapHilParserTest.test_valid_pair_transcripts_pass) ... ok
2026-09-07T06:55:40.8320142Z 
2026-09-07T06:55:40.8320288Z ----------------------------------------------------------------------
2026-09-07T06:55:40.8320621Z Ran 5 tests in 0.001s
2026-09-07T06:55:40.8320751Z 
2026-09-07T06:55:40.8320825Z OK
2026-09-07T06:55:40.8433934Z [M12] exec: C:\hostedtoolcache\windows\Python\3.12.10\x64\python.exe -m unittest discover -v -s D:\a\NU54DK_Arduino_Core\NU54DK_Arduino_Core\tests\host -p test_m20_ble_gatt_contract.py
2026-09-07T06:55:40.9126257Z test_client_disconnect_invalidates_and_discovery_is_bounded (test_m20_ble_gatt_contract.M20BleGattContractTests.test_client_disconnect_invalidates_and_discovery_is_bounded)
2026-09-07T06:55:40.9153804Z ! @brief reconnect \ub4a4 stale handle�subscription \uc790\ub3d9 \uc7ac\uc0ac\uc6a9\uc744 \ub9c9\uc2b5\ub2c8\ub2e4. ... ok
2026-09-07T06:55:40.9155221Z test_kconfig_examples_and_target_contracts_exist (test_m20_ble_gatt_contract.M20BleGattContractTests.test_kconfig_examples_and_target_contracts_exist)
2026-09-07T06:55:40.9159717Z ! @brief resolver config, examples\uc640 M19/M20 \ubd84\ub9ac target gate\ub97c \ud655\uc778\ud569\ub2c8\ub2e4. ... ok
2026-09-07T06:55:40.9161485Z test_public_server_and_client_surface_is_complete (test_m20_ble_gatt_contract.M20BleGattContractTests.test_public_server_and_client_surface_is_complete)
2026-09-07T06:55:40.9165277Z ! @brief portable UUID�service�characteristic�remote handle API\ub97c \uac80\uc0ac\ud569\ub2c8\ub2e4. ... ok
2026-09-07T06:55:40.9166947Z test_schema_is_registered_before_stack_and_locked_after_start (test_m20_ble_gatt_contract.M20BleGattContractTests.test_schema_is_registered_before_stack_and_locked_after_start)
2026-09-07T06:55:40.9200699Z ! @brief service \ub4f1\ub85d\u2192bt_enable/settings_load \uc21c\uc11c\uc640 late mutation \uac70\ubd80\ub97c \uace0\uc815\ud569\ub2c8\ub2e4. ... ok
2026-09-07T06:55:40.9201937Z test_server_callbacks_copy_to_fixed_queue_and_use_cached_read (test_m20_ble_gatt_contract.M20BleGattContractTests.test_server_callbacks_copy_to_fixed_queue_and_use_cached_read)
2026-09-07T06:55:40.9248260Z ! @brief stack callback\uc5d0\uc11c Sketch\ub97c \ud638\ucd9c\ud558\uc9c0 \uc54a\uace0 cached value\ub9cc \uc77d\uc2b5\ub2c8\ub2e4. ... ok
2026-09-07T06:55:40.9249399Z test_thread_context_and_session_tokens_fail_closed (test_m20_ble_gatt_contract.M20BleGattContractTests.test_thread_context_and_session_tokens_fail_closed)
2026-09-07T06:55:40.9278025Z ! @brief ISR stack \uc9c4\uc785\uacfc disconnect \ub4a4 stale callback \uc7ac\uc0ac\uc6a9\uc744 \uac70\ubd80\ud569\ub2c8\ub2e4. ... ok
2026-09-07T06:55:40.9278801Z 
2026-09-07T06:55:40.9278948Z ----------------------------------------------------------------------
2026-09-07T06:55:40.9279283Z Ran 6 tests in 0.015s
2026-09-07T06:55:40.9279413Z 
2026-09-07T06:55:40.9279495Z OK
2026-09-07T06:55:40.9368394Z [M12] exec: C:\hostedtoolcache\windows\Python\3.12.10\x64\python.exe -m unittest discover -v -s D:\a\NU54DK_Arduino_Core\NU54DK_Arduino_Core\tests\host -p test_m20_ble_gatt_hil.py
2026-09-07T06:55:41.0385128Z test_missing_rediscovery_is_rejected (test_m20_ble_gatt_hil.M20BleGattHilParserTest.test_missing_rediscovery_is_rejected) ... ok
2026-09-07T06:55:41.0386454Z test_reordered_write_modes_are_rejected (test_m20_ble_gatt_hil.M20BleGattHilParserTest.test_reordered_write_modes_are_rejected) ... ok
2026-09-07T06:55:41.0387949Z test_short_nonce_is_rejected (test_m20_ble_gatt_hil.M20BleGattHilParserTest.test_short_nonce_is_rejected)
2026-09-07T06:55:41.0388998Z ! @brief full 128-bit\uac00 \uc544\ub2cc runner challenge\ub97c fail-closed\ub85c \uac70\ubd80\ud569\ub2c8\ub2e4. ... ok
2026-09-07T06:55:41.0389735Z test_stale_nonce_is_rejected (test_m20_ble_gatt_hil.M20BleGattHilParserTest.test_stale_nonce_is_rejected) ... ok
2026-09-07T06:55:41.0390816Z test_target_fail_is_rejected (test_m20_ble_gatt_hil.M20BleGattHilParserTest.test_target_fail_is_rejected) ... ok
2026-09-07T06:55:41.0391573Z test_valid_pair_transcripts_pass (test_m20_ble_gatt_hil.M20BleGattHilParserTest.test_valid_pair_transcripts_pass) ... ok
2026-09-07T06:55:41.0392000Z 
2026-09-07T06:55:41.0392149Z ----------------------------------------------------------------------
2026-09-07T06:55:41.0392474Z Ran 6 tests in 0.001s
2026-09-07T06:55:41.0392618Z 
2026-09-07T06:55:41.0392690Z OK
2026-09-07T06:55:41.0510452Z [M12] exec: C:\hostedtoolcache\windows\Python\3.12.10\x64\python.exe -m unittest discover -v -s D:\a\NU54DK_Arduino_Core\NU54DK_Arduino_Core\tests\host -p test_m21_ble_security_contract.py
2026-09-07T06:55:41.1262214Z test_already_encrypted_restore_is_verified_without_duplicate_event (test_m21_ble_security_contract.M21BleSecurityContractTests.test_already_encrypted_restore_is_verified_without_duplicate_event)
2026-09-07T06:55:41.1283192Z ! @brief connected \uc2dc\uc810\uc5d0 \uc774\ubbf8 L2\uc778 bond \ubcf5\uc6d0 race\ub97c \uc989\uc2dc \uac80\uc99d\ud569\ub2c8\ub2e4. ... ok
2026-09-07T06:55:41.1284785Z test_auth_callbacks_match_the_configured_io_capability (test_m21_ble_security_contract.M21BleSecurityContractTests.test_auth_callbacks_match_the_configured_io_capability)
2026-09-07T06:55:41.1306782Z ! @brief \uc2e4\uc81c \uc7a5\uce58 \uc785\ucd9c\ub825\ubcf4\ub2e4 \uac15\ud55c SMP capability\ub97c \uad11\uace0\ud558\uc9c0 \uc54a\uc2b5\ub2c8\ub2e4. ... ok
2026-09-07T06:55:41.1308374Z test_backend_reuses_common_stack_and_connection_hooks (test_m21_ble_security_contract.M21BleSecurityContractTests.test_backend_reuses_common_stack_and_connection_hooks)
2026-09-07T06:55:41.1330436Z ! @brief M21\uc774 bt_enable\uc774\ub098 \ubcc4\ub3c4 connection callback\uc744 \ub9cc\ub4e4\uc9c0 \ubabb\ud558\uac8c \ud569\ub2c8\ub2e4. ... ok
2026-09-07T06:55:41.1331818Z test_board_and_security_share_zms_settings_backend (test_m21_ble_security_contract.M21BleSecurityContractTests.test_board_and_security_share_zms_settings_backend)
2026-09-07T06:55:41.1335528Z ! @brief board/system\uacfc BLE bond \uc800\uc7a5\uc18c\uac00 \ub2e8\uc77c ZMS backend\ub97c \uacf5\uc720\ud569\ub2c8\ub2e4. ... ok
2026-09-07T06:55:41.1336839Z test_bond_is_verified_only_after_reboot_key_restore (test_m21_ble_security_contract.M21BleSecurityContractTests.test_bond_is_verified_only_after_reboot_key_restore)
2026-09-07T06:55:41.1357781Z ! @brief \uac19\uc740 boot\uc758 \uba54\ubaa8\ub9ac \ubaa9\ub85d\uc744 persistence \uc131\uacf5\uc73c\ub85c \uc624\ud310\ud558\uc9c0 \uc54a\uc2b5\ub2c8\ub2e4. ... ok
2026-09-07T06:55:41.1360862Z test_erased_probe_rejects_every_interactive_pairing_path (test_m21_ble_security_contract.M21BleSecurityContractTests.test_erased_probe_rejects_every_interactive_pairing_path)
2026-09-07T06:55:41.1365289Z ! @brief \uc774\uc804 key \uac70\ubd80 \ub2e8\uacc4\uc5d0\uc11c Just Works\uc640 passkey \uc7ac pairing\uc744 \ubaa8\ub450 \uac70\ubd80\ud569\ub2c8\ub2e4. ... ok
2026-09-07T06:55:41.1366909Z test_feature_enables_smp_settings_bas_dis_and_encrypted_hids (test_m21_ble_security_contract.M21BleSecurityContractTests.test_feature_enables_smp_settings_bas_dis_and_encrypted_hids)
2026-09-07T06:55:41.1368628Z ! @brief \ubcc4\ub3c4 feature\uac00 \ud45c\uc900 profile dependency\ub97c \uc644\uc804\ud558\uac8c \uc120\uc5b8\ud558\ub294\uc9c0 \uac80\uc0ac\ud569\ub2c8\ub2e4. ... ok
2026-09-07T06:55:41.1370094Z test_hid_is_protocol_automated_but_os_claim_is_absent (test_m21_ble_security_contract.M21BleSecurityContractTests.test_hid_is_protocol_automated_but_os_claim_is_absent)
2026-09-07T06:55:41.1388282Z ! @brief protocol report\uc640 OS \uc218\ub3d9 \ud655\uc778 \uacbd\uacc4\ub97c \ud63c\ub3d9\ud558\uc9c0 \uc54a\ub3c4\ub85d \uace0\uc815\ud569\ub2c8\ub2e4. ... ok
2026-09-07T06:55:41.1390455Z test_hil_bounds_pre_security_link_recovery_in_main_loop (test_m21_ble_security_contract.M21BleSecurityContractTests.test_hil_bounds_pre_security_link_recovery_in_main_loop)
2026-09-07T06:55:41.1395409Z ! @brief \uc5f0\uacb0 \uc131\ub9bd transient\ub9cc phase\ub2f9 \uc138 \ubc88\uae4c\uc9c0 callback \ubc16\uc5d0\uc11c \ubcf5\uad6c\ud569\ub2c8\ub2e4. ... ok
2026-09-07T06:55:41.1398305Z test_hil_clear_stops_only_active_gap_operations (test_m21_ble_security_contract.M21BleSecurityContractTests.test_hil_clear_stops_only_active_gap_operations)
2026-09-07T06:55:41.1404845Z ! @brief \ucd08\uae30 CLEAR\uac00 \uc720\ud734 GAP \uac1d\uccb4\uc758 \uc624\ub958 event\ub97c \ub9cc\ub4e4\uc9c0 \uc54a\ub3c4\ub85d \uace0\uc815\ud569\ub2c8\ub2e4. ... ok
2026-09-07T06:55:41.1406858Z test_hil_continues_when_security_was_satisfied_before_event_poll (test_m21_ble_security_contract.M21BleSecurityContractTests.test_hil_continues_when_security_was_satisfied_before_event_poll)
2026-09-07T06:55:41.1410942Z ! @brief \ubcf4\uc548 event\uc640 GAP/read \uc0c1\ud0dc\uae30\uc758 \uad50\ucc28 \uc21c\uc11c\uc5d0\ub3c4 profile \uac80\uc99d\uc744 \uc7ac\uac1c\ud569\ub2c8\ub2e4. ... ok
2026-09-07T06:55:41.1412425Z test_hil_defers_non_fresh_security_request_to_main_loop (test_m21_ble_security_contract.M21BleSecurityContractTests.test_hil_defers_non_fresh_security_request_to_main_loop)
2026-09-07T06:55:41.1421276Z ! @brief \uc5f0\uacb0 \uc9c1\ud6c4 \uc694\uccad\uc744 \ubbf8\ub8e8\uace0 \uc774\ubbf8 \uc9c4\ud589 \uc911\uc778 SMP\ub294 bounded \uac04\uaca9\uc73c\ub85c \uc7ac\ud655\uc778\ud569\ub2c8\ub2e4. ... ok
2026-09-07T06:55:41.1422899Z test_hil_initializes_runtime_profiles_after_stack_enable (test_m21_ble_security_contract.M21BleSecurityContractTests.test_hil_initializes_runtime_profiles_after_stack_enable)
2026-09-07T06:55:41.1426299Z ! @brief HIDS\ub294 stack \uc804\uc5d0 \ub4f1\ub85d\ud558\uace0 DIS�BAS runtime \uac12\uc740 stack \ub4a4\uc5d0 \uc124\uc815\ud569\ub2c8\ub2e4. ... ok
2026-09-07T06:55:41.1427493Z test_hil_invalidates_stale_gatt_callbacks_on_disconnect_and_reset (test_m21_ble_security_contract.M21BleSecurityContractTests.test_hil_invalidates_stale_gatt_callbacks_on_disconnect_and_reset)
2026-09-07T06:55:41.1429917Z ! @brief \uc774\uc804 \uc5f0\uacb0 callback\uc774 \uc0c8 phase \uc644\ub8cc flag\ub97c \uc624\uc5fc\ud558\uc9c0 \ubabb\ud558\uac8c \uc138\ub300\ub97c \ubb34\ud6a8\ud654\ud569\ub2c8\ub2e4. ... ok
2026-09-07T06:55:41.1431556Z test_hil_observes_encrypted_read_denial_before_security_request (test_m21_ble_security_contract.M21BleSecurityContractTests.test_hil_observes_encrypted_read_denial_before_security_request)
2026-09-07T06:55:41.1434251Z ! @brief ATT \uc790\ub3d9 \ubcf4\uc548 \uc7ac\uc2dc\ub3c4\ub97c \ub044\uace0 \ud3c9\ubb38 HIDS read \uac70\ubd80\ub97c \uc9c1\uc811 \uac80\uc99d\ud569\ub2c8\ub2e4. ... ok
2026-09-07T06:55:41.1436897Z test_hil_repeats_profile_notifications_after_server_ccc_restore (test_m21_ble_security_contract.M21BleSecurityContractTests.test_hil_repeats_profile_notifications_after_server_ccc_restore)
2026-09-07T06:55:41.1441386Z ! @brief client \uad6c\ub3c5 \uc7ac\ub4f1\ub85d \uc804 \uc1a1\uc2e0 \uc131\uacf5 race\uc5d0\ub3c4 profile \uac12\uc744 \ubc18\ubcf5 \uc804\ub2ec\ud569\ub2c8\ub2e4. ... ok
2026-09-07T06:55:41.1442700Z test_hil_serializes_all_gatt_transitions_by_main_loop (test_m21_ble_security_contract.M21BleSecurityContractTests.test_hil_serializes_all_gatt_transitions_by_main_loop)
2026-09-07T06:55:41.1447360Z ! @brief discovery�read�subscribe \uc804\uc774\ub97c one-shot main-loop \uc791\uc5c5\uc73c\ub85c \uc9c1\ub82c\ud654\ud569\ub2c8\ub2e4. ... ok
2026-09-07T06:55:41.1448549Z test_hil_uses_typed_characteristic_and_auto_ccc_discovery (test_m21_ble_security_contract.M21BleSecurityContractTests.test_hil_uses_typed_characteristic_and_auto_ccc_discovery)
2026-09-07T06:55:41.1450790Z ! @brief \uc6d0\uaca9 characteristic \uac12\uacfc CCC\ub97c \uc720\ud6a8\ud55c Zephyr discovery \ubc29\uc2dd\uc73c\ub85c \ucc3e\uc2b5\ub2c8\ub2e4. ... ok
2026-09-07T06:55:41.1452216Z test_library_discovery_phase_excludes_internal_zephyr_backend (test_m21_ble_security_contract.M21BleSecurityContractTests.test_library_discovery_phase_excludes_internal_zephyr_backend)
2026-09-07T06:55:41.1468237Z ! @brief Arduino \ud0d0\uc0c9 compile\uc5d0\uc11c\ub294 \uacf5\uac1c header\ub9cc \ud574\uc11d\ud558\ub3c4\ub85d \uace0\uc815\ud569\ub2c8\ub2e4. ... ok
2026-09-07T06:55:41.1469758Z test_pairing_callbacks_defer_user_code_and_never_log_secrets (test_m21_ble_security_contract.M21BleSecurityContractTests.test_pairing_callbacks_defer_user_code_and_never_log_secrets)
2026-09-07T06:55:41.1548348Z ! @brief stack callback\uc5d0\uc11c Sketch callback�Serial passkey \ucd9c\ub825\uc744 \uae08\uc9c0\ud569\ub2c8\ub2e4. ... ok
2026-09-07T06:55:41.1550400Z test_public_surface_covers_security_profiles_and_hid (test_m21_ble_security_contract.M21BleSecurityContractTests.test_public_surface_covers_security_profiles_and_hid)
2026-09-07T06:55:41.1554079Z ! @brief pairing�bond�BAS�DIS�keyboard API\uac00 \ubaa8\ub450 \uacf5\uac1c\ub418\ub294\uc9c0 \ud655\uc778\ud569\ub2c8\ub2e4. ... ok
2026-09-07T06:55:41.1555795Z test_security_request_synchronizes_an_already_secured_link (test_m21_ble_security_contract.M21BleSecurityContractTests.test_security_request_synchronizes_an_already_secured_link)
2026-09-07T06:55:41.1574870Z ! @brief \ubcf4\uc548 \uc694\uccad \uc804�\ud6c4\uc5d0 \uc774\ubbf8 \ucda9\uc871\ub41c link\ub97c event\uc640 bond \uc0c1\ud0dc\uc5d0 \ub3d9\uae30\ud654\ud569\ub2c8\ub2e4. ... ok
2026-09-07T06:55:41.1576131Z 
2026-09-07T06:55:41.1576370Z ----------------------------------------------------------------------
2026-09-07T06:55:41.1576884Z Ran 22 tests in 0.031s
2026-09-07T06:55:41.1577341Z 
2026-09-07T06:55:41.1577453Z OK
2026-09-07T06:55:41.1667320Z [M12] exec: C:\hostedtoolcache\windows\Python\3.12.10\x64\python.exe -m unittest discover -v -s D:\a\NU54DK_Arduino_Core\NU54DK_Arduino_Core\tests\host -p test_m21_ble_security_hil.py
2026-09-07T06:55:41.2748717Z test_accepts_pair_restore_erase_repair_and_profiles (test_m21_ble_security_hil.M21BleSecurityHilTests.test_accepts_pair_restore_erase_repair_and_profiles)
2026-09-07T06:55:41.2754339Z ! @brief exact \uc911\uc559�\uc8fc\ubcc0\uc7a5\uce58 transcript\ub97c \uc2b9\uc778\ud569\ub2c8\ub2e4. ... ok
2026-09-07T06:55:41.2755317Z test_boot_ready_ignores_preflash_protocol_but_runtime_rejects_it (test_m21_ble_security_hil.M21BleSecurityHilTests.test_boot_ready_ignores_preflash_protocol_but_runtime_rejects_it)
2026-09-07T06:55:41.2760000Z ! @brief flash \uc911 \ub0a8\uc740 \uc774\uc804 firmware token\uc740 READY \uc804\ub9cc \ubb34\uc2dc\ud569\ub2c8\ub2e4. ... ok
2026-09-07T06:55:41.2760893Z test_evidence_marks_only_protocol_hid_as_automatic (test_m21_ble_security_hil.M21BleSecurityHilTests.test_evidence_marks_only_protocol_hid_as_automatic)
2026-09-07T06:55:41.2805020Z ! @brief OS \uc785\ub825 \ud655\uc778\uc740 \uc790\ub3d9 PASS\uc640 \ubd84\ub9ac\ud574 pending\uc73c\ub85c \ub0a8\uae41\ub2c8\ub2e4. ... ok
2026-09-07T06:55:41.2806066Z test_phase_transitions_have_bounded_security_settle_windows (test_m21_ble_security_hil.M21BleSecurityHilTests.test_phase_transitions_have_bounded_security_settle_windows)
2026-09-07T06:55:41.2809428Z ! @brief bond \uc800\uc7a5�\uc7ac\ubd80\ud305 \uc900\ube44�SMP \uac70\ubd80 \ub4a4\uc5d0 \uc81c\ud55c\ub41c \uc804\ud658 \uc720\uc608\ub97c \uac15\uc81c\ud569\ub2c8\ub2e4. ... ok
2026-09-07T06:55:41.2811220Z test_rejects_erase_without_post_reboot_zero_bond (test_m21_ble_security_hil.M21BleSecurityHilTests.test_rejects_erase_without_post_reboot_zero_bond)
2026-09-07T06:55:41.2812883Z ! @brief \uc81c\uac70 \uc694\uccad \uc9c1\ud6c4 \uac12\uc744 \uc601\uc18d \uc0ad\uc81c \uc644\ub8cc\ub85c \uc624\ud310\ud558\uc9c0 \uc54a\uc2b5\ub2c8\ub2e4. ... ok
2026-09-07T06:55:41.2814883Z test_rejects_missing_encrypted_gatt_negative_or_hid (test_m21_ble_security_hil.M21BleSecurityHilTests.test_rejects_missing_encrypted_gatt_negative_or_hid)
2026-09-07T06:55:41.2816467Z ! @brief \uc554\ud638\ud654 \uc804 \uac70\ubd80\ub098 8-byte HID \uac80\uc99d \ub204\ub77d\uc744 \uac70\ubd80\ud569\ub2c8\ub2e4. ... ok
2026-09-07T06:55:41.2817940Z test_rejects_missing_or_short_rf_nonce_binding (test_m21_ble_security_hil.M21BleSecurityHilTests.test_rejects_missing_or_short_rf_nonce_binding)
2026-09-07T06:55:41.2819568Z ! @brief 128-bit RF peer binding \ub204\ub77d�\ucd95\uc18c\ub97c \ubaa8\ub450 \uac70\ubd80\ud569\ub2c8\ub2e4. ... ok
2026-09-07T06:55:41.2821092Z test_rejects_stale_nonce_target_fail_and_wrong_pairing_count (test_m21_ble_security_hil.M21BleSecurityHilTests.test_rejects_stale_nonce_target_fail_and_wrong_pairing_count)
2026-09-07T06:55:41.2822759Z ! @brief stale \uc2e4\ud589, target FAIL\uacfc restore \uc7ac\ud398\uc5b4\ub97c \ubaa8\ub450 \uac70\ubd80\ud569\ub2c8\ub2e4. ... ok
2026-09-07T06:55:41.2824224Z test_requires_distinct_boards_and_exact_nonce (test_m21_ble_security_hil.M21BleSecurityHilTests.test_requires_distinct_boards_and_exact_nonce)
2026-09-07T06:55:41.2826084Z ! @brief \uac19\uc740 UID�MSD�UART\uc640 \uc798\ubabb\ub41c nonce\ub97c \ucc28\ub2e8\ud569\ub2c8\ub2e4. ... ok
2026-09-07T06:55:41.2827368Z test_uart_console_rendering_is_ascii_safe (test_m21_ble_security_hil.M21BleSecurityHilTests.test_uart_console_rendering_is_ascii_safe)
2026-09-07T06:55:41.2828875Z ! @brief UTF-8\ub85c \ud574\uc11d \uac00\ub2a5\ud55c UART \uc7a1\uc74c\ub3c4 Windows code page\uc640 \ubb34\uad00\ud558\uac8c \ucd9c\ub825\ud569\ub2c8\ub2e4. ... ok
2026-09-07T06:55:41.2829744Z 
2026-09-07T06:55:41.2829959Z ----------------------------------------------------------------------
2026-09-07T06:55:41.2830442Z Ran 10 tests in 0.008s
2026-09-07T06:55:41.2830881Z 
2026-09-07T06:55:41.2830987Z OK
2026-09-07T06:55:41.2831494Z [central] NUCODE_M21_EVENT:DISCONNECTED:role=central:nonce=fedcba9876543210fedcba9876543210
2026-09-07T06:55:41.2832218Z [central] NUCODE_M21_FAIL:role=central:reason=old-image
2026-09-07T06:55:41.2832734Z [central] NUCODE_M21_READY:role=central:bond_count=0
2026-09-07T06:55:41.2833390Z [central] NUCODE_M21_EVENT:DISCONNECTED:role=central:nonce=fedcba9876543210fedcba9876543210
2026-09-07T06:55:41.2945797Z [M12] exec: C:\hostedtoolcache\windows\Python\3.12.10\x64\python.exe -m unittest discover -v -s D:\a\NU54DK_Arduino_Core\NU54DK_Arduino_Core\tests\host -p test_m21_ble_security_negative.py
2026-09-07T06:55:41.3678605Z test_battery_isr_error_and_hid_usage_range_are_api_specific (test_m21_ble_security_negative.M21BleSecurityNegativeTests.test_battery_isr_error_and_hid_usage_range_are_api_specific)
2026-09-07T06:55:41.3680556Z ! @brief BAS ISR \uc624\ub958\uc640 HID descriptor \ubc94\uc704 \ubc16 usage\ub97c \uc815\ud655\ud788 \uac70\ubd80\ud569\ub2c8\ub2e4. ... ok
2026-09-07T06:55:41.3682332Z test_delete_scope_is_ble_bond_only_and_profile_is_ble_only (test_m21_ble_security_negative.M21BleSecurityNegativeTests.test_delete_scope_is_ble_bond_only_and_profile_is_ble_only)
2026-09-07T06:55:41.3688303Z ! @brief erase \ubc94\uc704\uc640 BLE profile \ud55c\uacc4\ub97c \uc720\uc9c0\ud558\uba74\uc11c NUS dependency\uc640 \uacb0\ud569\ud569\ub2c8\ub2e4. ... ok
2026-09-07T06:55:41.3689597Z test_hil_requires_full_rf_nonce_before_connect (test_m21_ble_security_negative.M21BleSecurityNegativeTests.test_hil_requires_full_rf_nonce_before_connect)
2026-09-07T06:55:41.3690596Z ! @brief \uc774\ub984\ub9cc \uac19\uc740 stale \uc7a5\uce58\uc5d0\ub294 \uc5f0\uacb0\ud558\uc9c0 \uc54a\uace0 128-bit nonce\ub97c \uc694\uad6c\ud569\ub2c8\ub2e4. ... ok
2026-09-07T06:55:41.3691658Z test_no_fixed_passkey_secret_log_or_unencrypted_hids_config (test_m21_ble_security_negative.M21BleSecurityNegativeTests.test_no_fixed_passkey_secret_log_or_unencrypted_hids_config)
2026-09-07T06:55:41.3709537Z ! @brief \uace0\uc815 passkey�secret \ub85c\uadf8�\ud3c9\ubb38 HIDS \uc124\uc815\uc744 \ubaa8\ub450 \uae08\uc9c0\ud569\ub2c8\ub2e4. ... ok
2026-09-07T06:55:41.3711623Z test_rejects_hid_before_encryption_or_subscription (test_m21_ble_security_negative.M21BleSecurityNegativeTests.test_rejects_hid_before_encryption_or_subscription)
2026-09-07T06:55:41.3712944Z ! @brief L2 \ubbf8\ub9cc link\uc640 CCC \ubbf8\uad6c\ub3c5 HID \uc804\uc1a1\uc744 PASS\ub85c \uc62c\ub9ac\uc9c0 \uc54a\uc2b5\ub2c8\ub2e4. ... ok
2026-09-07T06:55:41.3714239Z test_rejects_security_below_encrypted_and_invalid_timeout (test_m21_ble_security_negative.M21BleSecurityNegativeTests.test_rejects_security_below_encrypted_and_invalid_timeout)
2026-09-07T06:55:41.3715623Z ! @brief \ubb34\uc554\ud638\ud654 \ubc0f \ube44\uc815\uc0c1 \uc0ac\uc6a9\uc790 \uc751\ub2f5 timeout\uc744 \ucd08\uae30\ud654\uc5d0\uc11c \uac70\ubd80\ud569\ub2c8\ub2e4. ... ok
2026-09-07T06:55:41.3716665Z test_same_boot_bond_is_pending_and_never_false_verified (test_m21_ble_security_negative.M21BleSecurityNegativeTests.test_same_boot_bond_is_pending_and_never_false_verified)
2026-09-07T06:55:41.3717668Z ! @brief pairing \uc9c1\ud6c4\uc5d0\ub294 persistence pending\uc774\uba70 reboot \ubcf5\uc6d0 \uc804 bonded\uac00 \uc544\ub2d9\ub2c8\ub2e4. ... ok
2026-09-07T06:55:41.3718155Z 
2026-09-07T06:55:41.3718301Z ----------------------------------------------------------------------
2026-09-07T06:55:41.3718897Z Ran 7 tests in 0.004s
2026-09-07T06:55:41.3719028Z 
2026-09-07T06:55:41.3719103Z OK
2026-09-07T06:55:41.3807552Z [M12] exec: C:\hostedtoolcache\windows\Python\3.12.10\x64\python.exe -m unittest discover -v -s D:\a\NU54DK_Arduino_Core\NU54DK_Arduino_Core\tests\host -p test_m22_cleanroom.py
2026-09-07T06:55:41.5021827Z test_cleanup_rejects_parent_wrong_token_and_changed_evidence (test_m22_cleanroom.M22CleanroomTests.test_cleanup_rejects_parent_wrong_token_and_changed_evidence)
2026-09-07T06:55:41.5109065Z ! @brief broad target, token mismatch, evidence 변경을 모두 fail-closed 처리합니다. ... ok
2026-09-07T06:55:41.5109910Z test_cleanup_removes_only_exact_leaf_and_preserves_evidence (test_m22_cleanroom.M22CleanroomTests.test_cleanup_removes_only_exact_leaf_and_preserves_evidence)
2026-09-07T06:55:41.5178966Z ! @brief marker와 외부 hash 확인 뒤 exact run leaf 하나만 제거합니다. ... ok
2026-09-07T06:55:41.5179780Z test_cleanup_removes_windows_readonly_file_inside_exact_leaf (test_m22_cleanroom.M22CleanroomTests.test_cleanup_removes_windows_readonly_file_inside_exact_leaf)
2026-09-07T06:55:41.5282722Z ! @brief 격리 NCS Git object와 같은 Windows 읽기 전용 파일도 안전하게 제거합니다. ... ok
2026-09-07T06:55:41.5283627Z test_core_list_uses_installed_version_field (test_m22_cleanroom.M22CleanroomTests.test_core_list_uses_installed_version_field)
2026-09-07T06:55:41.5307705Z ! @brief Arduino CLI 1.5 JSON의 installed_version을 exact 비교합니다. ... ok
2026-09-07T06:55:41.5308564Z test_dry_run_contract_has_no_side_effect_and_no_uid_field (test_m22_cleanroom.M22CleanroomTests.test_dry_run_contract_has_no_side_effect_and_no_uid_field)
2026-09-07T06:55:41.5335892Z ! @brief 실제 설치 전 exact URL·격리·수명주기·cleanup 정책을 고정합니다. ... ok
2026-09-07T06:55:41.5336575Z test_environment_rehomes_every_mutable_root (test_m22_cleanroom.M22CleanroomTests.test_environment_rehomes_every_mutable_root)
2026-09-07T06:55:41.5366048Z ! @brief 원래 Arduino15/NCS/PATH를 상속하지 않고 run leaf로 재배치합니다. ... ok
2026-09-07T06:55:41.5366905Z test_flash_log_binds_exact_uid_and_non_destructive_options (test_m22_cleanroom.M22CleanroomTests.test_flash_log_binds_exact_uid_and_non_destructive_options)
2026-09-07T06:55:41.5429926Z ! @brief 설치본 upload가 exact UID·HEX를 쓰고 erase/recover를 금지합니다. ... ok
2026-09-07T06:55:41.5430757Z test_layout_does_not_precreate_nordic_install_leaves (test_m22_cleanroom.M22CleanroomTests.test_layout_does_not_precreate_nordic_install_leaves)
2026-09-07T06:55:41.5538997Z ! @brief Nordic SDK와 Toolchain 설치 대상 leaf를 미리 만들지 않습니다. ... ok
2026-09-07T06:55:41.5539739Z test_layout_rejects_preexisting_nordic_install_leaf (test_m22_cleanroom.M22CleanroomTests.test_layout_rejects_preexisting_nordic_install_leaf)
2026-09-07T06:55:41.5766373Z ! @brief Nordic 설치 대상 leaf가 먼저 생기면 즉시 중단합니다. ... ok
2026-09-07T06:55:41.5767156Z test_rc_index_requires_exact_public_asset_identity (test_m22_cleanroom.M22CleanroomTests.test_rc_index_requires_exact_public_asset_identity)
2026-09-07T06:55:41.5789543Z ! @brief 공개 RC URL/hash/size가 plan과 다르면 설치 전에 차단합니다. ... ok
2026-09-07T06:55:41.5790279Z test_readonly_retry_rejects_path_outside_exact_leaf (test_m22_cleanroom.M22CleanroomTests.test_readonly_retry_rejects_path_outside_exact_leaf)
2026-09-07T06:55:41.5820892Z ! @brief 읽기 전용 복구 callback이 exact run leaf 밖 경로를 거부합니다. ... ok
2026-09-07T06:55:41.5821776Z test_runner_binding_requires_exact_release_commit_and_bytes (test_m22_cleanroom.M22CleanroomTests.test_runner_binding_requires_exact_release_commit_and_bytes)
2026-09-07T06:55:41.5875671Z ! @brief clean-room runner가 exact plan commit과 byte에 묶이는지 확인합니다. ... ok
2026-09-07T06:55:41.5876418Z test_uid_and_user_path_are_redacted (test_m22_cleanroom.M22CleanroomTests.test_uid_and_user_path_are_redacted)
2026-09-07T06:55:41.5901961Z ! @brief 외부 log에 probe UID와 실제 Windows 사용자명이 남지 않습니다. ... ok
2026-09-07T06:55:41.5902351Z 
2026-09-07T06:55:41.5902584Z ----------------------------------------------------------------------
2026-09-07T06:55:41.5903021Z Ran 13 tests in 0.088s
2026-09-07T06:55:41.5903160Z 
2026-09-07T06:55:41.5903257Z OK
2026-09-07T06:55:41.6047317Z [M12] exec: C:\hostedtoolcache\windows\Python\3.12.10\x64\python.exe -m unittest discover -v -s D:\a\NU54DK_Arduino_Core\NU54DK_Arduino_Core\tests\host -p test_m22_fixed_gate.py
2026-09-07T06:55:41.6893731Z test_host_gate_is_exact_unittest_discovery (test_m22_fixed_gate.M22FixedGateTests.test_host_gate_is_exact_unittest_discovery)
2026-09-07T06:55:41.6902780Z ! @brief host gate가 임의 test command를 받지 않습니다. ... ok
2026-09-07T06:55:41.6903472Z test_package_examples_delegates_all_isolated_roots (test_m22_fixed_gate.M22FixedGateTests.test_package_examples_delegates_all_isolated_roots)
2026-09-07T06:55:41.6912007Z ! @brief 설치본 예제 gate에 SDK/toolchain/cache/forbid root를 모두 넘깁니다. ... ok
2026-09-07T06:55:41.6912802Z test_rc_upload_requires_exact_uid_but_redacts_it (test_m22_fixed_gate.M22FixedGateTests.test_rc_upload_requires_exact_uid_but_redacts_it)
2026-09-07T06:55:41.6924868Z ! @brief RC upload는 pyOCD 1회와 UID를 강제하되 공개 문구에서 지웁니다. ... ok
2026-09-07T06:55:41.6925797Z test_rc_upload_without_uid_fails_closed (test_m22_fixed_gate.M22FixedGateTests.test_rc_upload_without_uid_fails_closed)
2026-09-07T06:55:41.6934129Z ! @brief 다중 probe 환경에서 암묵 선택을 허용하지 않습니다. ... ok
2026-09-07T06:55:41.6934460Z 
2026-09-07T06:55:41.6934696Z ----------------------------------------------------------------------
2026-09-07T06:55:41.6935108Z Ran 4 tests in 0.004s
2026-09-07T06:55:41.6935234Z 
2026-09-07T06:55:41.6935316Z OK
2026-09-07T06:55:41.7038200Z [M12] exec: C:\hostedtoolcache\windows\Python\3.12.10\x64\python.exe -m unittest discover -v -s D:\a\NU54DK_Arduino_Core\NU54DK_Arduino_Core\tests\host -p test_m22_package_examples.py
2026-09-07T06:55:41.7950669Z test_deep_forbidden_path_scan_is_fail_closed (test_m22_package_examples.M22PackageExamplesTests.test_deep_forbidden_path_scan_is_fail_closed)
2026-09-07T06:55:41.8407686Z ! @brief 중첩 manifest 문자열의 기존 Arduino15 경로도 거부합니다. ... ok
2026-09-07T06:55:41.8408489Z test_discovery_accepts_only_installed_platform_paths (test_m22_package_examples.M22PackageExamplesTests.test_discovery_accepts_only_installed_platform_paths)
2026-09-07T06:55:41.9100842Z ! @brief Arduino CLI가 설치본에서 열거한 exact 29개만 승인합니다. ... ok
2026-09-07T06:55:41.9102122Z test_discovery_rejects_source_checkout_substitution (test_m22_package_examples.M22PackageExamplesTests.test_discovery_rejects_source_checkout_substitution)
2026-09-07T06:55:41.9681407Z ! @brief 저장소 source 예제를 설치본으로 가장하면 실패합니다. ... ok
2026-09-07T06:55:41.9682245Z test_discovery_rejects_unlocked_installed_package_example (test_m22_package_examples.M22PackageExamplesTests.test_discovery_rejects_unlocked_installed_package_example)
2026-09-07T06:55:42.0328622Z ! @brief 새 package 예제를 lock/compile 대상에서 빠뜨릴 수 없습니다. ... ok
2026-09-07T06:55:42.0329384Z test_lock_contains_every_29_profiled_examples (test_m22_package_examples.M22PackageExamplesTests.test_lock_contains_every_29_profiled_examples)
2026-09-07T06:55:42.0763844Z ! @brief 공개 package 예제 집합과 BLE profile 구분을 고정합니다. ... ok
2026-09-07T06:55:42.0764644Z test_lock_matches_every_repository_library_example (test_m22_package_examples.M22PackageExamplesTests.test_lock_matches_every_repository_library_example)
2026-09-07T06:55:42.3449578Z ! @brief package source에 추가된 Arduino 예제가 lock 밖으로 빠지지 않습니다. ... ok
2026-09-07T06:55:42.3450473Z test_manifest_binds_isolated_package_sdk_toolchain_and_cache (test_m22_package_examples.M22PackageExamplesTests.test_manifest_binds_isolated_package_sdk_toolchain_and_cache)
2026-09-07T06:55:42.4004231Z ! @brief build identity가 모든 격리 root와 HEX byte에 묶입니다. ... ok
2026-09-07T06:55:42.4004607Z 
2026-09-07T06:55:42.4004764Z ----------------------------------------------------------------------
2026-09-07T06:55:42.4005107Z Ran 7 tests in 0.605s
2026-09-07T06:55:42.4005242Z 
2026-09-07T06:55:42.4005321Z OK
2026-09-07T06:55:42.4126109Z [M12] exec: C:\hostedtoolcache\windows\Python\3.12.10\x64\python.exe -m unittest discover -v -s D:\a\NU54DK_Arduino_Core\NU54DK_Arduino_Core\tests\host -p test_m22_release.py
2026-09-07T06:55:42.5545210Z test_finalize_requires_exact_four_passed_gates (test_m22_release.M22ReleaseTests.test_finalize_requires_exact_four_passed_gates)
2026-09-07T06:55:42.5833142Z ! @brief host/examples/upload/clean-room 모두 있어야 RC3 ready가 됩니다. ... ok
2026-09-07T06:55:42.5833927Z test_package_contract_contains_only_exact_new_rc (test_m22_release.M22ReleaseTests.test_package_contract_contains_only_exact_new_rc)
2026-09-07T06:55:42.5839758Z ! @brief 0.3.0-rc.3이 과거 RC/stable 계약 뒤에 정확히 추가됩니다. ... ok
2026-09-07T06:55:42.5840421Z test_parser_exposes_no_publish_or_push_command (test_m22_release.M22ReleaseTests.test_parser_exposes_no_publish_or_push_command)
2026-09-07T06:55:42.5864242Z ! @brief M22 자동화가 GitHub Release 조작 경로를 제공하지 않습니다. ... ok
2026-09-07T06:55:42.5865053Z test_stable_index_is_exact_and_tamper_is_rejected (test_m22_release.M22ReleaseTests.test_stable_index_is_exact_and_tamper_is_rejected)
2026-09-07T06:55:42.5884379Z ! @brief RC3 준비가 기존 stable index 한 byte 변경도 거부합니다. ... ok
2026-09-07T06:55:42.5885054Z test_two_builds_must_be_byte_identical (test_m22_release.M22ReleaseTests.test_two_builds_must_be_byte_identical)
2026-09-07T06:55:42.6107303Z ! @brief 독립 build 중 한 byte라도 다르면 prepare가 진행되지 않습니다. ... ok
2026-09-07T06:55:42.6107698Z 
2026-09-07T06:55:42.6107883Z ----------------------------------------------------------------------
2026-09-07T06:55:42.6108220Z Ran 5 tests in 0.056s
2026-09-07T06:55:42.6108359Z 
2026-09-07T06:55:42.6108435Z OK
2026-09-07T06:55:42.6271298Z [M12] exec: C:\hostedtoolcache\windows\Python\3.12.10\x64\python.exe -m unittest discover -v -s D:\a\NU54DK_Arduino_Core\NU54DK_Arduino_Core\tests\host -p test_m23_peripheral_inventory.py
2026-09-07T06:55:42.7935908Z test_common_ownership_contract_lists_dma_and_event_resources (test_m23_peripheral_inventory.M23PeripheralInventoryTests.test_common_ownership_contract_lists_dma_and_event_resources) ... ok
2026-09-07T06:55:43.2261918Z test_common_ownership_dma_and_block_semantics_run_on_host (test_m23_peripheral_inventory.M23PeripheralInventoryTests.test_common_ownership_dma_and_block_semantics_run_on_host) ... ok
2026-09-07T06:55:43.3643327Z test_exhaustive_instance_omission_is_rejected (test_m23_peripheral_inventory.M23PeripheralInventoryTests.test_exhaustive_instance_omission_is_rejected) ... ok
2026-09-07T06:55:43.4357477Z test_pinned_ncs_dts_checksum_and_labels_are_verified (test_m23_peripheral_inventory.M23PeripheralInventoryTests.test_pinned_ncs_dts_checksum_and_labels_are_verified) ... skipped 'exact NCS v3.4.0 workspace is not installed'
2026-09-07T06:55:43.8535086Z test_public_inventory_api_compiles_links_and_runs (test_m23_peripheral_inventory.M23PeripheralInventoryTests.test_public_inventory_api_compiles_links_and_runs) ... ok
2026-09-07T06:55:43.9999355Z test_public_object_alias_is_rejected (test_m23_peripheral_inventory.M23PeripheralInventoryTests.test_public_object_alias_is_rejected) ... ok
2026-09-07T06:55:44.1448119Z test_same_serial_block_personality_set_is_exact (test_m23_peripheral_inventory.M23PeripheralInventoryTests.test_same_serial_block_personality_set_is_exact) ... ok
2026-09-07T06:55:44.3664044Z test_schema_inventory_sources_and_generated_outputs_pass (test_m23_peripheral_inventory.M23PeripheralInventoryTests.test_schema_inventory_sources_and_generated_outputs_pass) ... ok
2026-09-07T06:55:44.3665061Z 
2026-09-07T06:55:44.3665289Z ----------------------------------------------------------------------
2026-09-07T06:55:44.3665660Z Ran 8 tests in 1.640s
2026-09-07T06:55:44.3665796Z 
2026-09-07T06:55:44.3665881Z OK (skipped=1)
2026-09-07T06:55:44.3784986Z [M12] exec: C:\hostedtoolcache\windows\Python\3.12.10\x64\python.exe -m unittest discover -v -s D:\a\NU54DK_Arduino_Core\NU54DK_Arduino_Core\tests\host -p test_m24_serial_contract.py
2026-09-07T06:55:44.4864174Z test_block_personality_omission_is_rejected (test_m24_serial_contract.M24SerialContractTests.test_block_personality_omission_is_rejected) ... ok
2026-09-07T06:55:44.4874718Z test_candidate_header_and_handover_sources_are_required (test_m24_serial_contract.M24SerialContractTests.test_candidate_header_and_handover_sources_are_required) ... ok
2026-09-07T06:55:44.5925124Z test_contract_schema_generated_document_and_exact_ncs_pass (test_m24_serial_contract.M24SerialContractTests.test_contract_schema_generated_document_and_exact_ncs_pass) ... ok
2026-09-07T06:55:44.6037026Z test_dedicated_pin_mapping_and_board_conflict_are_rejected_on_drift (test_m24_serial_contract.M24SerialContractTests.test_dedicated_pin_mapping_and_board_conflict_are_rejected_on_drift) ... ok
2026-09-07T06:55:44.6092609Z test_every_identity_needs_one_approved_hil_profile (test_m24_serial_contract.M24SerialContractTests.test_every_identity_needs_one_approved_hil_profile) ... ok
2026-09-07T06:55:44.6108257Z test_functionally_verified_candidates_remain_internal_until_release (test_m24_serial_contract.M24SerialContractTests.test_functionally_verified_candidates_remain_internal_until_release) ... ok
2026-09-07T06:55:44.6133157Z test_local_board_source_checksum_is_fail_closed (test_m24_serial_contract.M24SerialContractTests.test_local_board_source_checksum_is_fail_closed) ... ok
2026-09-07T06:55:44.6188935Z test_onboard_resources_partition_profiles_and_keep_fixture_boundary (test_m24_serial_contract.M24SerialContractTests.test_onboard_resources_partition_profiles_and_keep_fixture_boundary) ... ok
2026-09-07T06:55:44.6279032Z test_public_alias_or_singleton_identity_drift_is_rejected (test_m24_serial_contract.M24SerialContractTests.test_public_alias_or_singleton_identity_drift_is_rejected) ... ok
2026-09-07T06:55:44.6280706Z test_spim_hardware_csn_meets_nrf54l15_spis_timing (test_m24_serial_contract.M24SerialContractTests.test_spim_hardware_csn_meets_nrf54l15_spis_timing)
2026-09-07T06:55:44.6287466Z Source regression only; Fixture 201 proves the physical timing path. ... ok
2026-09-07T06:55:44.6288756Z test_spim_rx_delay_matches_nrf54l15_instance_clock (test_m24_serial_contract.M24SerialContractTests.test_spim_rx_delay_matches_nrf54l15_instance_clock)
2026-09-07T06:55:44.6294105Z Source regression only; 8 MHz Fixture 201 proves the physical sample path. ... ok
2026-09-07T06:55:44.6298585Z test_text_source_hash_is_checkout_eol_invariant (test_m24_serial_contract.M24SerialContractTests.test_text_source_hash_is_checkout_eol_invariant) ... ok
2026-09-07T06:55:44.6300787Z test_twim_activation_explicitly_enables_nrfx_instance (test_m24_serial_contract.M24SerialContractTests.test_twim_activation_explicitly_enables_nrfx_instance)
2026-09-07T06:55:44.6305916Z Source regression only; actual transfers remain an onboard/fixture gate. ... ok
2026-09-07T06:55:44.6307614Z test_twis_late_buffer_resumes_clock_stretched_request (test_m24_serial_contract.M24SerialContractTests.test_twis_late_buffer_resumes_clock_stretched_request)
2026-09-07T06:55:44.6313347Z Source regression only; Fixture 301 proves the physical clock-stretch path. ... ok
2026-09-07T06:55:44.6423298Z test_unsafe_pin_profile_is_rejected (test_m24_serial_contract.M24SerialContractTests.test_unsafe_pin_profile_is_rejected) ... ok
2026-09-07T06:55:44.6423843Z 
2026-09-07T06:55:44.6424146Z ----------------------------------------------------------------------
2026-09-07T06:55:44.6424980Z Ran 15 tests in 0.162s
2026-09-07T06:55:44.6425270Z 
2026-09-07T06:55:44.6425399Z OK
2026-09-07T06:55:44.6552443Z [M12] exec: C:\hostedtoolcache\windows\Python\3.12.10\x64\python.exe -m unittest discover -v -s D:\a\NU54DK_Arduino_Core\NU54DK_Arduino_Core\tests\host -p test_m26_system_contract.py
2026-09-07T06:55:44.7517808Z test_all_m26_identities_have_a_non_unknown_disposition (test_m26_system_contract.M26SystemContractTests.test_all_m26_identities_have_a_non_unknown_disposition) ... ok
2026-09-07T06:55:44.7520736Z test_raw_radio_is_exclusive_with_managed_ble (test_m26_system_contract.M26SystemContractTests.test_raw_radio_is_exclusive_with_managed_ble) ... ok
2026-09-07T06:55:44.7642027Z test_schematic_hash_and_generated_document_are_exact (test_m26_system_contract.M26SystemContractTests.test_schematic_hash_and_generated_document_are_exact) ... ok
2026-09-07T06:55:44.7710609Z test_silicon_only_capability_cannot_be_public (test_m26_system_contract.M26SystemContractTests.test_silicon_only_capability_cannot_be_public) ... ok
2026-09-07T06:55:44.7811896Z test_supported_state_requires_automated_and_physical_pass (test_m26_system_contract.M26SystemContractTests.test_supported_state_requires_automated_and_physical_pass) ... ok
2026-09-07T06:55:44.7812954Z 
2026-09-07T06:55:44.7813103Z ----------------------------------------------------------------------
2026-09-07T06:55:44.7813431Z Ran 5 tests in 0.042s
2026-09-07T06:55:44.7813567Z 
2026-09-07T06:55:44.7813638Z OK
2026-09-07T06:55:44.7936119Z [M12] exec: C:\hostedtoolcache\windows\Python\3.12.10\x64\python.exe -m unittest discover -v -s D:\a\NU54DK_Arduino_Core\NU54DK_Arduino_Core\tests\host -p test_m27_package_examples.py
2026-09-07T06:55:44.9189724Z test_local_software_package_cannot_be_labeled_rc_evidence (test_m27_package_examples.M27PackageExampleTests.test_local_software_package_cannot_be_labeled_rc_evidence)
2026-09-07T06:55:44.9283409Z M27_PACKAGE_EXAMPLE_PASS 1/29 EEPROM::EEPROMPersistence
2026-09-07T06:55:44.9296405Z M27_PACKAGE_EXAMPLE_PASS 2/29 LittleFS::LittleFSPersistence
2026-09-07T06:55:45.4376720Z M27_PACKAGE_EXAMPLE_PASS 3/29 NUCODE BLE::CustomGattCentral
2026-09-07T06:55:45.4390155Z M27_PACKAGE_EXAMPLE_PASS 4/29 NUCODE BLE::CustomGattPeripheral
2026-09-07T06:55:45.4402487Z M27_PACKAGE_EXAMPLE_PASS 5/29 NUCODE BLE::GAPCentral
2026-09-07T06:55:45.4414953Z M27_PACKAGE_EXAMPLE_PASS 6/29 NUCODE BLE::GAPPeripheral
2026-09-07T06:55:45.4426675Z M27_PACKAGE_EXAMPLE_PASS 7/29 NUCODE BLE::NUSCentral
2026-09-07T06:55:45.4438712Z M27_PACKAGE_EXAMPLE_PASS 8/29 NUCODE BLE::NUSPeripheral
2026-09-07T06:55:45.4451011Z M27_PACKAGE_EXAMPLE_PASS 9/29 NUCODE BLE Security::SecureKeyboard
2026-09-07T06:55:45.4462778Z M27_PACKAGE_EXAMPLE_PASS 10/29 NUCODE NU54DK::AnalogChannels
2026-09-07T06:55:45.4475075Z M27_PACKAGE_EXAMPLE_PASS 11/29 NUCODE NU54DK::AnalogReadA0
2026-09-07T06:55:45.4486886Z M27_PACKAGE_EXAMPLE_PASS 12/29 NUCODE NU54DK::AnalogResolution
2026-09-07T06:55:45.4499070Z M27_PACKAGE_EXAMPLE_PASS 13/29 NUCODE NU54DK::Blink
2026-09-07T06:55:45.4513619Z M27_PACKAGE_EXAMPLE_PASS 14/29 NUCODE NU54DK::BoardInfo
2026-09-07T06:55:45.4528560Z M27_PACKAGE_EXAMPLE_PASS 15/29 NUCODE NU54DK::CounterAlarm
2026-09-07T06:55:45.5279589Z M27_PACKAGE_EXAMPLE_PASS 16/29 NUCODE NU54DK::DynamicPWM
2026-09-07T06:55:45.5292393Z M27_PACKAGE_EXAMPLE_PASS 17/29 NUCODE NU54DK::InterruptButton
2026-09-07T06:55:45.5305320Z M27_PACKAGE_EXAMPLE_PASS 18/29 NUCODE NU54DK::PWMFade
2026-09-07T06:55:45.5317065Z M27_PACKAGE_EXAMPLE_PASS 19/29 NUCODE NU54DK::Serial1RuntimePins
2026-09-07T06:55:45.5329635Z M27_PACKAGE_EXAMPLE_PASS 20/29 NUCODE NU54DK::SerialEcho
2026-09-07T06:55:45.5341674Z M27_PACKAGE_EXAMPLE_PASS 21/29 NUCODE NU54DK::SettingsStorage
2026-09-07T06:55:45.5353651Z M27_PACKAGE_EXAMPLE_PASS 22/29 NUCODE NU54DK::SPI00RuntimePins
2026-09-07T06:55:45.5366498Z M27_PACKAGE_EXAMPLE_PASS 23/29 NUCODE NU54DK::SystemOffWake
2026-09-07T06:55:45.5441002Z M27_PACKAGE_EXAMPLE_PASS 24/29 NUCODE NU54DK::ToneOutput
2026-09-07T06:55:45.5455805Z M27_PACKAGE_EXAMPLE_PASS 25/29 NUCODE NU54DK::WatchdogBasic
2026-09-07T06:55:45.5469186Z M27_PACKAGE_EXAMPLE_PASS 26/29 NUCODE NU54DK::WireRuntimePins
2026-09-07T06:55:45.5482169Z M27_PACKAGE_EXAMPLE_PASS 27/29 Servo::Sweep
2026-09-07T06:55:45.5495778Z M27_PACKAGE_EXAMPLE_PASS 28/29 SPI::SPITransaction
2026-09-07T06:55:45.5508353Z M27_PACKAGE_EXAMPLE_PASS 29/29 Wire::WirePmicId
2026-09-07T06:55:45.5638043Z M27_PACKAGE_EXAMPLE_PASS 1/29 EEPROM::EEPROMPersistence
2026-09-07T06:55:45.5650496Z M27_PACKAGE_EXAMPLE_PASS 2/29 LittleFS::LittleFSPersistence
2026-09-07T06:55:45.5801457Z M27_PACKAGE_EXAMPLE_PASS 3/29 NUCODE BLE::CustomGattCentral
2026-09-07T06:55:45.5814334Z M27_PACKAGE_EXAMPLE_PASS 4/29 NUCODE BLE::CustomGattPeripheral
2026-09-07T06:55:45.5827954Z M27_PACKAGE_EXAMPLE_PASS 5/29 NUCODE BLE::GAPCentral
2026-09-07T06:55:45.5839962Z M27_PACKAGE_EXAMPLE_PASS 6/29 NUCODE BLE::GAPPeripheral
2026-09-07T06:55:45.5852464Z M27_PACKAGE_EXAMPLE_PASS 7/29 NUCODE BLE::NUSCentral
2026-09-07T06:55:45.5864919Z M27_PACKAGE_EXAMPLE_PASS 8/29 NUCODE BLE::NUSPeripheral
2026-09-07T06:55:45.5877304Z M27_PACKAGE_EXAMPLE_PASS 9/29 NUCODE BLE Security::SecureKeyboard
2026-09-07T06:55:45.5890059Z M27_PACKAGE_EXAMPLE_PASS 10/29 NUCODE NU54DK::AnalogChannels
2026-09-07T06:55:45.5902239Z M27_PACKAGE_EXAMPLE_PASS 11/29 NUCODE NU54DK::AnalogReadA0
2026-09-07T06:55:45.5913984Z M27_PACKAGE_EXAMPLE_PASS 12/29 NUCODE NU54DK::AnalogResolution
2026-09-07T06:55:45.5925953Z M27_PACKAGE_EXAMPLE_PASS 13/29 NUCODE NU54DK::Blink
2026-09-07T06:55:45.5938447Z M27_PACKAGE_EXAMPLE_PASS 14/29 NUCODE NU54DK::BoardInfo
2026-09-07T06:55:45.5951130Z M27_PACKAGE_EXAMPLE_PASS 15/29 NUCODE NU54DK::CounterAlarm
2026-09-07T06:55:45.6108959Z M27_PACKAGE_EXAMPLE_PASS 16/29 NUCODE NU54DK::DynamicPWM
2026-09-07T06:55:45.6121763Z M27_PACKAGE_EXAMPLE_PASS 17/29 NUCODE NU54DK::InterruptButton
2026-09-07T06:55:45.6133972Z M27_PACKAGE_EXAMPLE_PASS 18/29 NUCODE NU54DK::PWMFade
2026-09-07T06:55:45.6146747Z M27_PACKAGE_EXAMPLE_PASS 19/29 NUCODE NU54DK::Serial1RuntimePins
2026-09-07T06:55:45.6158953Z M27_PACKAGE_EXAMPLE_PASS 20/29 NUCODE NU54DK::SerialEcho
2026-09-07T06:55:45.6171333Z M27_PACKAGE_EXAMPLE_PASS 21/29 NUCODE NU54DK::SettingsStorage
2026-09-07T06:55:45.6183722Z M27_PACKAGE_EXAMPLE_PASS 22/29 NUCODE NU54DK::SPI00RuntimePins
2026-09-07T06:55:45.6195945Z M27_PACKAGE_EXAMPLE_PASS 23/29 NUCODE NU54DK::SystemOffWake
2026-09-07T06:55:45.6288261Z M27_PACKAGE_EXAMPLE_PASS 24/29 NUCODE NU54DK::ToneOutput
2026-09-07T06:55:45.6300894Z M27_PACKAGE_EXAMPLE_PASS 25/29 NUCODE NU54DK::WatchdogBasic
2026-09-07T06:55:45.6313718Z M27_PACKAGE_EXAMPLE_PASS 26/29 NUCODE NU54DK::WireRuntimePins
2026-09-07T06:55:45.6326220Z M27_PACKAGE_EXAMPLE_PASS 27/29 Servo::Sweep
2026-09-07T06:55:45.6338948Z M27_PACKAGE_EXAMPLE_PASS 28/29 SPI::SPITransaction
2026-09-07T06:55:45.6351765Z M27_PACKAGE_EXAMPLE_PASS 29/29 Wire::WirePmicId
2026-09-07T06:55:45.6488856Z ! @brief 기존 RC 기본값과 software preview의 별도 identity를 유지합니다. ... ok
2026-09-07T06:55:45.6492799Z test_lock_has_exact_version_profiles_and_count (test_m27_package_examples.M27PackageExampleTests.test_lock_has_exact_version_profiles_and_count) ... ok
2026-09-07T06:55:45.6494530Z test_m22_historical_runner_remains_pinned (test_m27_package_examples.M27PackageExampleTests.test_m22_historical_runner_remains_pinned) ... ok
2026-09-07T06:55:45.6496568Z test_runner_parallelizes_independent_build_roots (test_m27_package_examples.M27PackageExampleTests.test_runner_parallelizes_independent_build_roots) ... ok
2026-09-07T06:55:45.6498453Z test_runner_uses_version_explicit_discovery (test_m27_package_examples.M27PackageExampleTests.test_runner_uses_version_explicit_discovery) ... ok
2026-09-07T06:55:45.6499350Z 
2026-09-07T06:55:45.6499510Z ----------------------------------------------------------------------
2026-09-07T06:55:45.6500005Z Ran 5 tests in 0.731s
2026-09-07T06:55:45.6500137Z 
2026-09-07T06:55:45.6500217Z OK
2026-09-07T06:55:45.6683734Z [M12] exec: C:\hostedtoolcache\windows\Python\3.12.10\x64\python.exe -m unittest discover -v -s D:\a\NU54DK_Arduino_Core\NU54DK_Arduino_Core\tests\host -p test_m27_release.py
2026-09-07T06:55:45.8118347Z test_candidate_extension_does_not_add_unapproved_stable (test_m27_release.M27ReleaseTests.test_candidate_extension_does_not_add_unapproved_stable) ... ok
2026-09-07T06:55:47.0692054Z test_clean_submodule_status_survives_trimmed_first_prefix (test_m27_release.M27ReleaseTests.test_clean_submodule_status_survives_trimmed_first_prefix) ... ok
2026-09-07T06:55:47.0698589Z test_cli_exposes_no_publish_or_finalize_command (test_m27_release.M27ReleaseTests.test_cli_exposes_no_publish_or_finalize_command) ... ok
2026-09-07T06:55:47.0745275Z test_contract_has_every_required_gate_and_remains_hold (test_m27_release.M27ReleaseTests.test_contract_has_every_required_gate_and_remains_hold) ... ok
2026-09-07T06:55:47.0844437Z test_functional_fixture_gates_cannot_become_optional (test_m27_release.M27ReleaseTests.test_functional_fixture_gates_cannot_become_optional) ... ok
2026-09-07T06:55:47.0894848Z test_historical_package_contract_is_not_modified (test_m27_release.M27ReleaseTests.test_historical_package_contract_is_not_modified) ... ok
2026-09-07T06:55:47.0935700Z test_owner_scope_excludes_metrology_not_functional_hil (test_m27_release.M27ReleaseTests.test_owner_scope_excludes_metrology_not_functional_hil) ... ok
2026-09-07T06:55:47.0967271Z test_plan_rejects_publication_or_missing_artifacts (test_m27_release.M27ReleaseTests.test_plan_rejects_publication_or_missing_artifacts) ... ok
2026-09-07T06:55:47.1052203Z test_scope_drift_or_missing_decision_is_rejected (test_m27_release.M27ReleaseTests.test_scope_drift_or_missing_decision_is_rejected) ... ok
2026-09-07T06:55:47.1053248Z 
2026-09-07T06:55:47.1053401Z ----------------------------------------------------------------------
2026-09-07T06:55:47.1053746Z Ran 9 tests in 1.303s
2026-09-07T06:55:47.1053874Z 
2026-09-07T06:55:47.1053955Z OK
2026-09-07T06:55:47.1228748Z [M12] exec: C:\hostedtoolcache\windows\Python\3.12.10\x64\python.exe -m unittest discover -v -s D:\a\NU54DK_Arduino_Core\NU54DK_Arduino_Core\tests\host -p test_m27_staged_candidate.py
2026-09-07T06:55:47.2212352Z test_archive_members_require_exact_root (test_m27_staged_candidate.M27StagedCandidateTests.test_archive_members_require_exact_root) ... ok
2026-09-07T06:55:47.2215021Z test_runner_has_no_publication_command (test_m27_staged_candidate.M27StagedCandidateTests.test_runner_has_no_publication_command) ... ok
2026-09-07T06:55:47.2285706Z test_stage_archive_places_payload_at_arduino_platform_path (test_m27_staged_candidate.M27StagedCandidateTests.test_stage_archive_places_payload_at_arduino_platform_path) ... ok
2026-09-07T06:55:47.2286522Z 
2026-09-07T06:55:47.2286697Z ----------------------------------------------------------------------
2026-09-07T06:55:47.2287294Z Ran 3 tests in 0.012s
2026-09-07T06:55:47.2287434Z 
2026-09-07T06:55:47.2287503Z OK
2026-09-07T06:55:47.2413217Z [M12] exec: C:\hostedtoolcache\windows\Python\3.12.10\x64\python.exe -m unittest discover -v -s D:\a\NU54DK_Arduino_Core\NU54DK_Arduino_Core\tests\host -p test_m8_flash.py
2026-09-07T06:55:47.3418651Z test_accepts_matching_non_sysbuild_artifacts (test_m8_flash.M8FlashContractTests.test_accepts_matching_non_sysbuild_artifacts)
2026-09-07T06:55:47.3848935Z ! @brief export와 native artifact가 같을 때 upload 입력을 승인합니다. ... ok
2026-09-07T06:55:47.3849662Z test_flash_command_has_no_destructive_option (test_m8_flash.M8FlashContractTests.test_flash_command_has_no_destructive_option)
2026-09-07T06:55:47.4250541Z ! @brief 일반 upload 명령에 erase 또는 recover가 없는지 검증합니다. ... ok
2026-09-07T06:55:47.4251542Z test_redacts_explicit_probe_identity_without_losing_selection_mode (test_m8_flash.M8FlashContractTests.test_redacts_explicit_probe_identity_without_losing_selection_mode)
2026-09-07T06:55:47.4549128Z ! @brief 결과 JSON이 UID를 숨기면서 선택 방식과 메뉴를 보존하는지 검증합니다. ... ok
2026-09-07T06:55:47.4549698Z test_rejects_board_mismatch (test_m8_flash.M8FlashContractTests.test_rejects_board_mismatch)
2026-09-07T06:55:47.4879161Z ! @brief 다른 board로 생성된 manifest를 거부합니다. ... ok
2026-09-07T06:55:47.4880232Z test_rejects_destructive_runner_metadata (test_m8_flash.M8FlashContractTests.test_rejects_destructive_runner_metadata)
2026-09-07T06:55:47.5278616Z ! @brief runners.yaml에 숨은 erase/recover option도 일반 upload에서 거부합니다. ... ok
2026-09-07T06:55:47.5279336Z test_rejects_exported_hex_hash_mismatch (test_m8_flash.M8FlashContractTests.test_rejects_exported_hex_hash_mismatch)
2026-09-07T06:55:47.5681836Z ! @brief build 후 변경된 export HEX를 거부합니다. ... ok
2026-09-07T06:55:47.5682518Z test_rejects_missing_or_ambiguous_pyocd_probe (test_m8_flash.M8FlashContractTests.test_rejects_missing_or_ambiguous_pyocd_probe)
2026-09-07T06:55:47.5967430Z ! @brief probe 없음과 다중 probe 무지정 상태를 구분해 거부합니다. ... ok
2026-09-07T06:55:47.5968199Z test_rejects_missing_runner (test_m8_flash.M8FlashContractTests.test_rejects_missing_runner)
2026-09-07T06:55:47.6321988Z ! @brief build에 등록되지 않은 runner를 거부합니다. ... ok
2026-09-07T06:55:47.6322554Z test_rejects_native_hex_mismatch (test_m8_flash.M8FlashContractTests.test_rejects_native_hex_mismatch)
2026-09-07T06:55:47.6778549Z ! @brief west가 기록할 native HEX와 export HEX가 다르면 거부합니다. ... ok
2026-09-07T06:55:47.6779138Z test_rejects_sysbuild_manifest (test_m8_flash.M8FlashContractTests.test_rejects_sysbuild_manifest)
2026-09-07T06:55:47.7175685Z ! @brief 아직 지원하지 않는 merged sysbuild artifact를 명확히 거부합니다. ... ok
2026-09-07T06:55:47.7176459Z test_selects_noninteractive_or_explicit_uid_upload_tool (test_m8_flash.M8FlashContractTests.test_selects_noninteractive_or_explicit_uid_upload_tool)
2026-09-07T06:55:47.7479507Z ! @brief 기본 pyOCD와 명시 UID 전용 메뉴가 분리되는지 검증합니다. ... ok
2026-09-07T06:55:47.7480153Z test_selects_one_or_explicit_pyocd_probe (test_m8_flash.M8FlashContractTests.test_selects_one_or_explicit_pyocd_probe)
2026-09-07T06:55:47.7870085Z ! @brief 단일 probe 자동 선택과 명시 UID 선택을 검증합니다. ... ok
2026-09-07T06:55:47.7870784Z test_validates_both_runner_contracts (test_m8_flash.M8FlashContractTests.test_validates_both_runner_contracts)
2026-09-07T06:55:47.8215341Z ! @brief pyOCD와 J-Link 고정 target argument를 YAML에서 확인합니다. ... ok
2026-09-07T06:55:47.8215831Z 
2026-09-07T06:55:47.8216073Z ----------------------------------------------------------------------
2026-09-07T06:55:47.8216585Z Ran 13 tests in 0.480s
2026-09-07T06:55:47.8216763Z 
2026-09-07T06:55:47.8216851Z OK
2026-09-07T06:55:47.8382401Z [M12] exec: C:\hostedtoolcache\windows\Python\3.12.10\x64\python.exe -m unittest discover -v -s D:\a\NU54DK_Arduino_Core\NU54DK_Arduino_Core\tests\host -p test_m9_cache.py
2026-09-07T06:55:47.9767467Z test_actual_input_collector_tracks_board_sdk_and_toolchain_identity (test_m9_cache.M9CacheContractTests.test_actual_input_collector_tracks_board_sdk_and_toolchain_identity)
2026-09-07T06:55:48.0265810Z ! @brief \uc2e4\uc81c collector\uac00 board/NCS/Zephyr/compiler \uc785\ub825\uc744 key\uc5d0 \ud3ec\ud568\ud569\ub2c8\ub2e4. ... ok
2026-09-07T06:55:48.0266713Z test_byte_quota_prune_preserves_active_lock (test_m9_cache.M9CacheContractTests.test_byte_quota_prune_preserves_active_lock)
2026-09-07T06:55:48.1165506Z ! @brief byte quota\uc5d0\uc11c\ub3c4 \ud65c\uc131 lock\uc744 \uac74\ub108\ub6f0\uace0 \ube44\ud65c\uc131 entry\ub97c \uc815\ub9ac\ud569\ub2c8\ub2e4. ... ok
2026-09-07T06:55:48.1166538Z test_cache_root_inside_platform_fingerprint_is_rejected (test_m9_cache.M9CacheContractTests.test_cache_root_inside_platform_fingerprint_is_rejected)
2026-09-07T06:55:48.1245929Z ! @brief cache\uac00 platform hash\uc5d0 \uc790\uae30 \uc790\uc2e0\uc744 \ud3ec\ud568\ud558\ub294 \ubc30\uce58\ub97c \uac70\ubd80\ud569\ub2c8\ub2e4. ... ok
2026-09-07T06:55:48.1246966Z test_cache_workspace_uses_bounded_key_and_schema_namespace (test_m9_cache.M9CacheContractTests.test_cache_workspace_uses_bounded_key_and_schema_namespace)
2026-09-07T06:55:48.1273164Z ! @brief Windows \uacbd\ub85c\ub97c \uc81c\ud55c\ud55c directory key\uac00 schema namespace\uc5d0 \ud3ec\ud568\ub429\ub2c8\ub2e4. ... ok
2026-09-07T06:55:48.1274133Z test_canonical_manifest_key_ignores_dictionary_order (test_m9_cache.M9CacheContractTests.test_canonical_manifest_key_ignores_dictionary_order)
2026-09-07T06:55:48.1279700Z ! @brief \uac19\uc740 canonical JSON\uc740 field \uc21c\uc11c\uc640 \ubb34\uad00\ud558\uac8c \uac19\uc740 key\ub97c \uc5bb\uc2b5\ub2c8\ub2e4. ... ok
2026-09-07T06:55:48.1280487Z test_dead_local_lock_is_recovered (test_m9_cache.M9CacheContractTests.test_dead_local_lock_is_recovered)
2026-09-07T06:55:48.1399561Z ! @brief \uc885\ub8cc\ub41c \uac19\uc740 host PID\uc758 stale lock\ub9cc \uc790\ub3d9 \ud68c\uc218\ud569\ub2c8\ub2e4. ... ok
2026-09-07T06:55:48.1400617Z test_default_cache_root_keeps_windows_object_path_short (test_m9_cache.M9CacheContractTests.test_default_cache_root_keeps_windows_object_path_short)
2026-09-07T06:55:48.1446174Z ! @brief \uae30\ubcf8 cache root\uac00 \uae34 nRF Security object \uacbd\ub85c\ub97c \uc704\ud55c \uc9e7\uc740 suffix\ub97c \uc501\ub2c8\ub2e4. ... ok
2026-09-07T06:55:48.1447186Z test_external_library_sources_keep_private_header_semantics (test_m9_cache.M9CacheContractTests.test_external_library_sources_keep_private_header_semantics)
2026-09-07T06:55:48.1774311Z ! @brief \uac01 library source\ub97c \uc6d0\ubcf8 \uacbd\ub85c\uc5d0\uc11c \ucef4\ud30c\uc77c\ud558\uace0 include \uc21c\uc11c\ub97c \ubcf4\uc874\ud569\ub2c8\ub2e4. ... ok
2026-09-07T06:55:48.1775322Z test_foreign_metadata_does_not_block_local_os_lock (test_m9_cache.M9CacheContractTests.test_foreign_metadata_does_not_block_local_os_lock)
2026-09-07T06:55:48.2015547Z ! @brief local-only cache\uc5d0\uc11c\ub294 stale \uc678\ubd80 metadata\ubcf4\ub2e4 OS lock\uc744 \uc2e0\ub8b0\ud569\ub2c8\ub2e4. ... ok
2026-09-07T06:55:48.2016480Z test_generated_source_categories_do_not_share_a_mirror (test_m9_cache.M9CacheContractTests.test_generated_source_categories_do_not_share_a_mirror)
2026-09-07T06:55:48.3157001Z ! @brief sketch\uc640 library\uc758 \uac19\uc740 \ud30c\uc77c\uba85\uc774 \ubcc4\ub3c4 mirror source\ub85c \uc720\uc9c0\ub429\ub2c8\ub2e4. ... ok
2026-09-07T06:55:48.3158041Z test_generated_source_identity_is_build_path_independent (test_m9_cache.M9CacheContractTests.test_generated_source_identity_is_build_path_independent)
2026-09-07T06:55:48.3206298Z ! @brief \ub2e4\ub978 Arduino \uc784\uc2dc build path\uac00 \uac19\uc740 Sketch mirror \uc774\ub984\uc744 \uc0ac\uc6a9\ud569\ub2c8\ub2e4. ... ok
2026-09-07T06:55:48.3207122Z test_live_lock_serializes_two_workers (test_m9_cache.M9CacheContractTests.test_live_lock_serializes_two_workers)
2026-09-07T06:55:48.4687069Z ! @brief \uac19\uc740 cache\uc758 \ub450 worker\uac00 lock \uc784\uacc4\uad6c\uc5ed\uc5d0 \ub3d9\uc2dc\uc5d0 \uc9c4\uc785\ud558\uc9c0 \uc54a\uc2b5\ub2c8\ub2e4. ... ok
2026-09-07T06:55:48.4688897Z test_lru_prune_preserves_current_and_pinned_entries (test_m9_cache.M9CacheContractTests.test_lru_prune_preserves_current_and_pinned_entries)
2026-09-07T06:55:48.4993633Z ! @brief quota \uc815\ub9ac\ub294 \uc624\ub798\ub41c \ube44\ubcf4\ud638 entry\ub9cc \uc81c\uac70\ud569\ub2c8\ub2e4. ... ok
2026-09-07T06:55:48.4995392Z test_os_lock_serializes_processes_and_recovers_after_termination (test_m9_cache.M9CacheContractTests.test_os_lock_serializes_processes_and_recovers_after_termination)
2026-09-07T06:55:48.6582210Z ! @brief \ubcc4\ub3c4 process\uc758 lock\uc744 \ucc28\ub2e8\ud558\uace0 owner \uc885\ub8cc \ub4a4 OS\uac00 \uc790\ub3d9 \ud68c\uc218\ud569\ub2c8\ub2e4. ... ok
2026-09-07T06:55:48.6584036Z test_parent_build_flags_are_removed_before_toolchain_environment (test_m9_cache.M9CacheContractTests.test_parent_build_flags_are_removed_before_toolchain_environment)
2026-09-07T06:55:48.6634521Z ! @brief shell\uc758 build flag\uac00 canonical key \ubc16\uc5d0\uc11c child build\ub97c \ubc14\uafb8\uc9c0 \ubabb\ud569\ub2c8\ub2e4. ... ok
2026-09-07T06:55:48.6636393Z test_prepare_graph_invalidation_removes_only_owned_placeholders (test_m9_cache.M9CacheContractTests.test_prepare_graph_invalidation_removes_only_owned_placeholders)
2026-09-07T06:55:48.6761466Z ! @brief library \uc7ac\uc120\ud0dd \uc804 record\uc640 build \ub0b4\ubd80 placeholder\ub9cc \ubb34\ud6a8\ud654\ud569\ub2c8\ub2e4. ... ok
2026-09-07T06:55:48.6763129Z test_probe_mutex_identity_does_not_depend_on_user_temp_path (test_m9_cache.M9CacheContractTests.test_probe_mutex_identity_does_not_depend_on_user_temp_path)
2026-09-07T06:55:48.6768601Z ! @brief \uac19\uc740 probe UID\ub294 \uc0ac\uc6a9\uc790\ubcc4 TEMP\uac00 \ub2ec\ub77c\ub3c4 \uac19\uc740 Global mutex\ub97c \uc0ac\uc6a9\ud569\ub2c8\ub2e4. ... ok
2026-09-07T06:55:48.6770270Z test_remove_rejects_invalid_key_and_active_lock (test_m9_cache.M9CacheContractTests.test_remove_rejects_invalid_key_and_active_lock)
2026-09-07T06:55:48.7646314Z ! @brief \ubaa8\ud638\ud55c \uacbd\ub85c\uc640 \ud65c\uc131 lock\uc774 \uc788\ub294 entry \uc0ad\uc81c\ub97c \ucc28\ub2e8\ud569\ub2c8\ub2e4. ... ok
2026-09-07T06:55:48.7648226Z test_remove_rejects_truncated_key_collision (test_m9_cache.M9CacheContractTests.test_remove_rejects_truncated_key_collision)
2026-09-07T06:55:48.7788458Z ! @brief \uac19\uc740 128-bit prefix\uc758 \ub2e4\ub978 \uc804\uccb4 key\ub97c \ub300\uc2e0 \uc0ad\uc81c\ud558\uc9c0 \uc54a\uc2b5\ub2c8\ub2e4. ... ok
2026-09-07T06:55:48.7789841Z test_removed_entry_can_be_recreated_without_compiler_cache (test_m9_cache.M9CacheContractTests.test_removed_entry_can_be_recreated_without_compiler_cache)
2026-09-07T06:55:48.8091356Z ! @brief \ub2e8\uc77c tree \uc0ad\uc81c \ud6c4 \uac19\uc740 key state\ub97c \ub2e4\uc2dc \ub9cc\ub4e4\uba70 compiler cache\ub97c \ubcf4\uc874\ud569\ub2c8\ub2e4. ... ok
2026-09-07T06:55:48.8093054Z test_state_transition_preserves_created_time (test_m9_cache.M9CacheContractTests.test_state_transition_preserves_created_time)
2026-09-07T06:55:48.8396156Z ! @brief cache \uc0c1\ud0dc \uc804\uc774\uac00 \uc0dd\uc131 \uc2dc\uac01\uacfc \ub204\uc801 field\ub97c \ubcf4\uc874\ud569\ub2c8\ub2e4. ... ok
2026-09-07T06:55:48.8405079Z test_target_sdk_toolchain_and_board_identity_invalidate_key (test_m9_cache.M9CacheContractTests.test_target_sdk_toolchain_and_board_identity_invalidate_key)
2026-09-07T06:55:48.8406780Z ! @brief \ube44\ud638\ud658 target/tool identity \ubcc0\uacbd\uc740 \ubaa8\ub450 \ub2e4\ub978 full key\ub97c \ub9cc\ub4ed\ub2c8\ub2e4. ... ok
2026-09-07T06:55:48.8408315Z test_tree_content_hash_detects_content_and_path (test_m9_cache.M9CacheContractTests.test_tree_content_hash_detects_content_and_path)
2026-09-07T06:55:48.8453800Z ! @brief dirty Core \ub0b4\uc6a9\uacfc \uc0c1\ub300 \uacbd\ub85c \ubcc0\uacbd\uc774 fingerprint\uc5d0 \ubc18\uc601\ub429\ub2c8\ub2e4. ... ok
2026-09-07T06:55:48.8454649Z 
2026-09-07T06:55:48.8454877Z ----------------------------------------------------------------------
2026-09-07T06:55:48.8455397Z Ran 23 tests in 0.869s
2026-09-07T06:55:48.8455615Z 
2026-09-07T06:55:48.8455735Z OK
2026-09-07T06:55:48.8650520Z [M12] exec: C:\hostedtoolcache\windows\Python\3.12.10\x64\python.exe -m unittest discover -v -s D:\a\NU54DK_Arduino_Core\NU54DK_Arduino_Core\tests\host -p test_m9_safety.py
2026-09-07T06:55:49.0005537Z test_configure_failed_tree_recovers_once_then_becomes_cache_hit (test_m9_safety.M9SafetyContractTests.test_configure_failed_tree_recovers_once_then_becomes_cache_hit)
2026-09-07T06:55:49.1182603Z ! @brief \uc2e4\ud328 cache\ub294 pristine 1\ud68c \ubcf5\uad6c \ud6c4 configure-failed\ub97c \uc720\uc9c0\ud558\uc9c0 \uc54a\uc2b5\ub2c8\ub2e4. ... ok
2026-09-07T06:55:49.1184823Z test_configure_failure_marks_cache_unusable (test_m9_safety.M9SafetyContractTests.test_configure_failure_marks_cache_unusable)
2026-09-07T06:55:49.1859773Z ! @brief pristine configure \uc2e4\ud328 \uc2dc first-complete\ub97c false\ub85c \uace0\uc815\ud558\uace0 \uc2e4\ud328\ub97c \uae30\ub85d\ud569\ub2c8\ub2e4. ... ok
2026-09-07T06:55:49.1862096Z test_flash_holds_session_cache_and_probe_locks_during_validation (test_m9_safety.M9SafetyContractTests.test_flash_holds_session_cache_and_probe_locks_during_validation)
2026-09-07T06:55:49.1940644Z ! @brief flash \uac80\uc99d\uacfc write \uc804\uccb4\uac00 session\u2192cache\u2192probe lock \uc21c\uc11c\ub97c \uc720\uc9c0\ud569\ub2c8\ub2e4. ... ok
2026-09-07T06:55:49.1942463Z test_flash_rejects_current_toolchain_identity_mismatch (test_m9_safety.M9SafetyContractTests.test_flash_rejects_current_toolchain_identity_mismatch)
2026-09-07T06:55:49.1956739Z ! @brief build\uc640 \ub2e4\ub978 NCS/toolchain\uc73c\ub85c flash\ud558\ub294 \uc694\uccad\uc744 \uac70\ubd80\ud569\ub2c8\ub2e4. ... ok
2026-09-07T06:55:49.1958480Z test_passthrough_allowlist_is_exact (test_m9_safety.M9SafetyContractTests.test_passthrough_allowlist_is_exact)
2026-09-07T06:55:49.1967884Z ! @brief include\uc640 object \uc804\ub2ec\ub9cc \ud5c8\uc6a9\ud558\uace0 option \uc624\ud0c0\ub97c \uac70\ubd80\ud569\ub2c8\ub2e4. ... ok
2026-09-07T06:55:49.1969756Z test_prepare_configure_uses_application_volume_across_windows_drives (test_m9_safety.M9SafetyContractTests.test_prepare_configure_uses_application_volume_across_windows_drives)
2026-09-07T06:55:49.2722100Z ! @brief NCS\uc640 cache drive\uac00 \ub2ec\ub77c\ub3c4 configure\uc758 cwd\ub294 application \ucabd\uc744 \uc0ac\uc6a9\ud569\ub2c8\ub2e4. ... ok
2026-09-07T06:55:49.2723874Z test_publish_keyboard_interrupt_restores_previous_generation (test_m9_safety.M9SafetyContractTests.test_publish_keyboard_interrupt_restores_previous_generation)
2026-09-07T06:55:49.3535497Z ! @brief metadata commit \uc911 Ctrl+C\ub3c4 \uc774\uc804 \uacf5\uac1c generation\uc744 \ubcf4\uc874\ud569\ub2c8\ub2e4. ... ok
2026-09-07T06:55:49.3537344Z test_publish_metadata_failure_restores_artifacts_manifest_and_context (test_m9_safety.M9SafetyContractTests.test_publish_metadata_failure_restores_artifacts_manifest_and_context)
2026-09-07T06:55:49.4414890Z ! @brief export \ub4a4 metadata \uc2e4\ud328\ub3c4 \uc774\uc804 \uacf5\uac1c generation \uc804\uccb4\ub97c \ubcf5\uad6c\ud569\ub2c8\ub2e4. ... ok
2026-09-07T06:55:49.4416999Z test_transactional_export_publishes_one_verified_generation (test_m9_safety.M9SafetyContractTests.test_transactional_export_publishes_one_verified_generation)
2026-09-07T06:55:49.4868459Z ! @brief staging\uc774 \ubaa8\ub450 \ub05d\ub09c \ub4a4 \ub124 artifact\ub97c \uac80\uc99d\ub41c generation\uc73c\ub85c \uad50\uccb4\ud569\ub2c8\ub2e4. ... ok
2026-09-07T06:55:49.4869799Z test_transactional_export_restores_old_generation_on_commit_failure (test_m9_safety.M9SafetyContractTests.test_transactional_export_restores_old_generation_on_commit_failure)
2026-09-07T06:55:49.5312893Z ! @brief \ub450 \ubc88\uc9f8 artifact \uad50\uccb4 \uc2e4\ud328 \uc2dc \uc774\ubbf8 \uad50\uccb4\ud55c \ud30c\uc77c\ub3c4 \uc774\uc804 \uac12\uc73c\ub85c \ubcf5\uc6d0\ud569\ub2c8\ub2e4. ... ok
2026-09-07T06:55:49.5314890Z test_unknown_cache_option_fails_closed_before_dispatch (test_m9_safety.M9SafetyContractTests.test_unknown_cache_option_fails_closed_before_dispatch)
2026-09-07T06:55:49.5349063Z ! @brief destructive cache CLI\uc758 \uc624\ud0c0\ub97c \ubb34\uc2dc\ud558\uc9c0 \uc54a\uace0 action \ud638\ucd9c \uc804\uc5d0 \uac70\ubd80\ud569\ub2c8\ub2e4. ... ok
2026-09-07T06:55:49.5351151Z test_west_build_working_directory_rejects_split_cache_volumes (test_m9_safety.M9SafetyContractTests.test_west_build_working_directory_rejects_split_cache_volumes)
2026-09-07T06:55:49.5358092Z ! @brief application\uacfc build\uac00 \uc11c\ub85c \ub2e4\ub978 Windows volume\uc774\uba74 \uba85\uc2dc\uc801\uc73c\ub85c \uac70\ubd80\ud569\ub2c8\ub2e4. ... ok
2026-09-07T06:55:49.5359116Z 
2026-09-07T06:55:49.5359450Z ----------------------------------------------------------------------
2026-09-07T06:55:49.5360048Z Ran 12 tests in 0.536s
2026-09-07T06:55:49.5360254Z 
2026-09-07T06:55:49.5360354Z OK
2026-09-07T06:55:49.5361119Z NU54_UPLOAD_START runner=pyocd probe=PROBE board=nrf54l15dk/nrf54l15/cpuapp/nu54dk hex_sha256=1111111111111111111111111111111111111111111111111111111111111111
2026-09-07T06:55:49.5361777Z NU54_UPLOAD_PASS runner=pyocd probe=PROBE
2026-09-07T06:55:49.5587681Z [M12] exec: C:\hostedtoolcache\windows\Python\3.12.10\x64\python.exe -m unittest discover -v -s D:\a\NU54DK_Arduino_Core\NU54DK_Arduino_Core\tests\host -p test_r02_serial_drivers.py
2026-09-07T06:55:55.7553326Z test_production_sync_and_lifetime (test_r02_serial_drivers.SerialDriverTests.test_production_sync_and_lifetime) ... ok
2026-09-07T06:55:55.7554465Z 
2026-09-07T06:55:55.7554701Z ----------------------------------------------------------------------
2026-09-07T06:55:55.7555276Z Ran 1 test in 6.120s
2026-09-07T06:55:55.7555475Z 
2026-09-07T06:55:55.7555600Z OK
2026-09-07T06:55:55.7676889Z [M12] exec: C:\hostedtoolcache\windows\Python\3.12.10\x64\python.exe -m unittest discover -v -s D:\a\NU54DK_Arduino_Core\NU54DK_Arduino_Core\tests\host -p test_r03_fabric_drivers.py
2026-09-07T06:55:56.9981743Z test_analog_production (test_r03_fabric_drivers.FabricDriverTests.test_analog_production) ... ok
2026-09-07T06:55:57.9204910Z test_pwm_deferred_production (test_r03_fabric_drivers.FabricDriverTests.test_pwm_deferred_production) ... ok
2026-09-07T06:55:59.1366881Z test_stream_production (test_r03_fabric_drivers.FabricDriverTests.test_stream_production) ... ok
2026-09-07T06:55:59.1367347Z 
2026-09-07T06:55:59.1367501Z ----------------------------------------------------------------------
2026-09-07T06:55:59.1367844Z Ran 3 tests in 3.288s
2026-09-07T06:55:59.1367985Z 
2026-09-07T06:55:59.1368063Z OK
2026-09-07T06:55:59.1469278Z [M12] exec: C:\hostedtoolcache\windows\Python\3.12.10\x64\python.exe -m unittest discover -v -s D:\a\NU54DK_Arduino_Core\NU54DK_Arduino_Core\tests\host -p test_r04_file.py
2026-09-07T06:56:01.0187355Z test_production_file (test_r04_file.FileLifetimeTests.test_production_file) ... ok
2026-09-07T06:56:01.0188197Z 
2026-09-07T06:56:01.0188390Z ----------------------------------------------------------------------
2026-09-07T06:56:01.0188734Z Ran 1 test in 1.797s
2026-09-07T06:56:01.0188863Z 
2026-09-07T06:56:01.0188976Z OK
2026-09-07T06:56:01.0300537Z [M12] exec: C:\hostedtoolcache\windows\Python\3.12.10\x64\python.exe -m unittest discover -v -s D:\a\NU54DK_Arduino_Core\NU54DK_Arduino_Core\tests\host -p test_r05_identity.py
2026-09-07T06:56:01.1521377Z test_checkout_drift_is_detected_and_regenerated (test_r05_identity.ProductIdentityTests.test_checkout_drift_is_detected_and_regenerated) ... ok
2026-09-07T06:56:01.1524553Z test_checkout_identity_and_schema_independence (test_r05_identity.ProductIdentityTests.test_checkout_identity_and_schema_independence) ... ok
2026-09-07T06:56:03.2990158Z test_cmake_matches_builder_and_rejects_invalid_identity (test_r05_identity.ProductIdentityTests.test_cmake_matches_builder_and_rejects_invalid_identity) ... ok
2026-09-07T06:56:03.4256876Z test_live_build_record_carries_both_versions (test_r05_identity.ProductIdentityTests.test_live_build_record_carries_both_versions) ... ok
2026-09-07T06:56:03.4265344Z test_payload_identity_tracks_source_but_allows_package_stamping (test_r05_identity.ProductIdentityTests.test_payload_identity_tracks_source_but_allows_package_stamping) ... ok
2026-09-07T06:56:03.4324674Z test_stamped_install_preserves_source_version (test_r05_identity.ProductIdentityTests.test_stamped_install_preserves_source_version) ... ok
2026-09-07T06:56:03.4325585Z 
2026-09-07T06:56:03.4325812Z ----------------------------------------------------------------------
2026-09-07T06:56:03.4326188Z Ran 6 tests in 2.288s
2026-09-07T06:56:03.4326325Z 
2026-09-07T06:56:03.4326402Z OK
2026-09-07T06:56:03.4489569Z [M12] exec: C:\hostedtoolcache\windows\Python\3.12.10\x64\python.exe -m unittest discover -v -s D:\a\NU54DK_Arduino_Core\NU54DK_Arduino_Core\tests\host -p test_r06_builder_modules.py
2026-09-07T06:56:04.2761467Z test_extracted_entry_isolated_from_cwd_and_pythonpath (test_r06_builder_modules.BuilderPackageTests.test_extracted_entry_isolated_from_cwd_and_pythonpath) ... ok
2026-09-07T06:56:04.3125871Z test_source_package_includes_explicit_models_and_launcher (test_r06_builder_modules.BuilderPackageTests.test_source_package_includes_explicit_models_and_launcher) ... ok
2026-09-07T06:56:04.3126593Z 
2026-09-07T06:56:04.3126754Z ----------------------------------------------------------------------
2026-09-07T06:56:04.3127098Z Ran 2 tests in 0.788s
2026-09-07T06:56:04.3127234Z 
2026-09-07T06:56:04.3127312Z OK
2026-09-07T06:56:04.3267986Z [M12] exec: C:\hostedtoolcache\windows\Python\3.12.10\x64\python.exe -m unittest discover -v -s D:\a\NU54DK_Arduino_Core\NU54DK_Arduino_Core\tests\host -p test_r06_windows_recipe.py
2026-09-07T06:56:04.4452654Z test_checkout_and_ascii_install_keep_original_build_root (test_r06_windows_recipe.WindowsRecipeTests.test_checkout_and_ascii_install_keep_original_build_root) ... ok
2026-09-07T06:56:04.6850995Z test_copy_rejects_cache_junction_to_another_directory (test_r06_windows_recipe.WindowsRecipeTests.test_copy_rejects_cache_junction_to_another_directory) ... ok
2026-09-07T06:56:04.9924542Z test_installed_command_preserves_quoted_paths_and_exit (test_r06_windows_recipe.WindowsRecipeTests.test_installed_command_preserves_quoted_paths_and_exit) ... ok
2026-09-07T06:56:05.0835019Z test_package_copy_preserves_identity_recovers_bytes_and_rejects_extra_files (test_r06_windows_recipe.WindowsRecipeTests.test_package_copy_preserves_identity_recovers_bytes_and_rejects_extra_files) ... ok
2026-09-07T06:56:05.0835817Z 
2026-09-07T06:56:05.0835969Z ----------------------------------------------------------------------
2026-09-07T06:56:05.0836298Z Ran 4 tests in 0.680s
2026-09-07T06:56:05.0836426Z 
2026-09-07T06:56:05.0836503Z OK
2026-09-07T06:56:05.0976561Z [M12] exec: C:\hostedtoolcache\windows\Python\3.12.10\x64\python.exe -m unittest discover -v -s D:\a\NU54DK_Arduino_Core\NU54DK_Arduino_Core\tests\host -p test_r07_event_driver.py
2026-09-07T06:56:06.9490320Z test_production_dppi_and_registry (test_r07_event_driver.EventDriverTests.test_production_dppi_and_registry) ... ok
2026-09-07T06:56:06.9491477Z 
2026-09-07T06:56:06.9491774Z ----------------------------------------------------------------------
2026-09-07T06:56:06.9492612Z Ran 1 test in 1.777s
2026-09-07T06:56:06.9492811Z 
2026-09-07T06:56:06.9492912Z OK
2026-09-07T06:56:06.9596115Z [M12] exec: C:\hostedtoolcache\windows\Python\3.12.10\x64\python.exe -m unittest discover -v -s D:\a\NU54DK_Arduino_Core\NU54DK_Arduino_Core\tests\host -p test_r08_resource_route.py
2026-09-07T06:56:09.2035115Z test_production_resource_and_route (test_r08_resource_route.ResourceRouteTests.test_production_resource_and_route) ... ok
2026-09-07T06:56:09.2035895Z 
2026-09-07T06:56:09.2036053Z ----------------------------------------------------------------------
2026-09-07T06:56:09.2036398Z Ran 1 test in 2.168s
2026-09-07T06:56:09.2036537Z 
2026-09-07T06:56:09.2036611Z OK
2026-09-07T06:56:09.2148854Z [M12] exec: C:\hostedtoolcache\windows\Python\3.12.10\x64\python.exe -m unittest discover -v -s D:\a\NU54DK_Arduino_Core\NU54DK_Arduino_Core\tests\host -p test_r09_spi_facade.py
2026-09-07T06:56:10.7367998Z test_production_spi_facade (test_r09_spi_facade.SpiFacadeTests.test_production_spi_facade) ... ok
2026-09-07T06:56:10.7368573Z 
2026-09-07T06:56:10.7368743Z ----------------------------------------------------------------------
2026-09-07T06:56:10.7369077Z Ran 1 test in 1.447s
2026-09-07T06:56:10.7369214Z 
2026-09-07T06:56:10.7369283Z OK
2026-09-07T06:56:10.7478647Z [M12] exec: C:\hostedtoolcache\windows\Python\3.12.10\x64\python.exe -m unittest discover -v -s D:\a\NU54DK_Arduino_Core\NU54DK_Arduino_Core\tests\host -p test_r10_serial_concurrency.py
2026-09-07T06:56:13.0586005Z test_production_stop_reservation (test_r10_serial_concurrency.SerialConcurrencyTests.test_production_stop_reservation) ... ok
2026-09-07T06:56:13.0586567Z 
2026-09-07T06:56:13.0586727Z ----------------------------------------------------------------------
2026-09-07T06:56:13.0587062Z Ran 1 test in 2.235s
2026-09-07T06:56:13.0587197Z 
2026-09-07T06:56:13.0587275Z OK
2026-09-07T06:56:13.0698390Z [M12] exec: C:\hostedtoolcache\windows\Python\3.12.10\x64\python.exe -m unittest discover -v -s D:\a\NU54DK_Arduino_Core\NU54DK_Arduino_Core\tests\host -p test_r11_fabric_data.py
2026-09-07T06:56:21.2750330Z test_production_data_and_restarts (test_r11_fabric_data.FabricDataTests.test_production_data_and_restarts) ... ok
2026-09-07T06:56:21.2750836Z 
2026-09-07T06:56:21.2750993Z ----------------------------------------------------------------------
2026-09-07T06:56:21.2751340Z Ran 1 test in 8.129s
2026-09-07T06:56:21.2751487Z 
2026-09-07T06:56:21.2751559Z OK
2026-09-07T06:56:21.2871314Z [M12] exec: C:\hostedtoolcache\windows\Python\3.12.10\x64\python.exe -m unittest discover -v -s D:\a\NU54DK_Arduino_Core\NU54DK_Arduino_Core\tests\host -p test_r12_ble_gap.py
2026-09-07T06:56:21.3657315Z test_production_gap_lifecycle (test_r12_ble_gap.BleGapTests.test_production_gap_lifecycle)
2026-09-07T06:56:25.5143255Z ! @brief PE-COFF \uae30\ubcf8 weak \uc815\uc758\ub97c \uba3c\uc800 \ub9c1\ud06c\ud558\uace0 GAP \uc218\uba85\uc8fc\uae30\ub97c \uac80\uc99d\ud569\ub2c8\ub2e4. ... ok
2026-09-07T06:56:25.5144166Z 
2026-09-07T06:56:25.5144334Z ----------------------------------------------------------------------
2026-09-07T06:56:25.5144678Z Ran 1 test in 4.149s
2026-09-07T06:56:25.5144814Z 
2026-09-07T06:56:25.5144887Z OK
2026-09-07T06:56:25.5256072Z [M12] exec: C:\hostedtoolcache\windows\Python\3.12.10\x64\python.exe -m unittest discover -v -s D:\a\NU54DK_Arduino_Core\NU54DK_Arduino_Core\tests\host -p test_r12_ble_gatt.py
2026-09-07T06:56:25.6034586Z test_production_gatt_lifecycle (test_r12_ble_gatt.BleGattTests.test_production_gatt_lifecycle)
2026-09-07T06:56:32.3104419Z ! @brief PE-COFF \uae30\ubcf8 weak \uc815\uc758\ub97c \uba3c\uc800 \ub9c1\ud06c\ud558\uace0 GATT \uad6c\ud604\uc758 \ub300\uccb4\ub97c \uac80\uc99d\ud569\ub2c8\ub2e4. ... ok
2026-09-07T06:56:32.3105030Z 
2026-09-07T06:56:32.3105207Z ----------------------------------------------------------------------
2026-09-07T06:56:32.3105536Z Ran 1 test in 6.707s
2026-09-07T06:56:32.3105703Z 
2026-09-07T06:56:32.3105780Z OK
2026-09-07T06:56:32.3217444Z [M12] exec: C:\hostedtoolcache\windows\Python\3.12.10\x64\python.exe -m unittest discover -v -s D:\a\NU54DK_Arduino_Core\NU54DK_Arduino_Core\tests\host -p test_r12_ble_security.py
2026-09-07T06:56:32.3970614Z test_production_security_lifecycle (test_r12_ble_security.BleSecurityTests.test_production_security_lifecycle)
2026-09-07T06:56:48.7513477Z ! @brief PE-COFF \uae30\ubcf8 weak \uc815\uc758\ub97c \uba3c\uc800 \ub9c1\ud06c\ud558\uace0 \ubcf4\uc548 \uad6c\ud604\uc758 \ub300\uccb4\ub97c \uac80\uc99d\ud569\ub2c8\ub2e4. ... ok
2026-09-07T06:56:48.7514215Z 
2026-09-07T06:56:48.7514378Z ----------------------------------------------------------------------
2026-09-07T06:56:48.7514711Z Ran 1 test in 16.354s
2026-09-07T06:56:48.7514850Z 
2026-09-07T06:56:48.7514934Z OK
2026-09-07T06:56:48.7620339Z [M12] exec: C:\hostedtoolcache\windows\Python\3.12.10\x64\python.exe -m unittest discover -v -s D:\a\NU54DK_Arduino_Core\NU54DK_Arduino_Core\tests\host -p test_r12_eeprom.py
2026-09-07T06:56:51.0230637Z test_production_eeprom_record_and_restart (test_r12_eeprom.EepromPersistenceTests.test_production_eeprom_record_and_restart) ... ok
2026-09-07T06:56:51.0231363Z 
2026-09-07T06:56:51.0231523Z ----------------------------------------------------------------------
2026-09-07T06:56:51.0231871Z Ran 1 test in 2.185s
2026-09-07T06:56:51.0232016Z 
2026-09-07T06:56:51.0232089Z OK
2026-09-07T06:56:51.0341146Z [M12] exec: C:\hostedtoolcache\windows\Python\3.12.10\x64\python.exe -m unittest discover -v -s D:\a\NU54DK_Arduino_Core\NU54DK_Arduino_Core\tests\host -p test_r12_littlefs.py
2026-09-07T06:56:56.1472137Z test_production_littlefs_lifecycle (test_r12_littlefs.LittleFsPersistenceTests.test_production_littlefs_lifecycle) ... ok
2026-09-07T06:56:56.1473774Z 
2026-09-07T06:56:56.1474573Z ----------------------------------------------------------------------
2026-09-07T06:56:56.1475104Z Ran 1 test in 5.037s
2026-09-07T06:56:56.1475332Z 
2026-09-07T06:56:56.1475435Z OK
2026-09-07T06:56:56.1597183Z [M12] exec: C:\hostedtoolcache\windows\Python\3.12.10\x64\python.exe -m unittest discover -v -s D:\a\NU54DK_Arduino_Core\NU54DK_Arduino_Core\tests\host -p test_r13_generated.py
2026-09-07T06:56:56.2567620Z test_changed_missing_or_outside_output_is_rejected (test_r13_generated.GeneratedContractTests.test_changed_missing_or_outside_output_is_rejected) ... ok
2026-09-07T06:56:56.2584041Z test_checkout_crlf_preserves_utf8_lf_contract (test_r13_generated.GeneratedContractTests.test_checkout_crlf_preserves_utf8_lf_contract) ... ok
2026-09-07T06:56:56.2590858Z test_nondeterministic_or_omitted_generation_is_rejected (test_r13_generated.GeneratedContractTests.test_nondeterministic_or_omitted_generation_is_rejected) ... ok
2026-09-07T06:56:56.2591835Z 
2026-09-07T06:56:56.2592048Z ----------------------------------------------------------------------
2026-09-07T06:56:56.2592493Z Ran 3 tests in 0.008s
2026-09-07T06:56:56.2592633Z 
2026-09-07T06:56:56.2593009Z OK
2026-09-07T06:56:56.2731695Z [M12] exec: C:\hostedtoolcache\windows\Python\3.12.10\x64\python.exe -m unittest discover -v -s D:\a\NU54DK_Arduino_Core\NU54DK_Arduino_Core\tests\host -p test_r13_manifest_revision.py
2026-09-07T06:56:56.3533284Z test_configure_and_live_parsers_validate_full_revision (test_r13_manifest_revision.ManifestRevisionTests.test_configure_and_live_parsers_validate_full_revision)
2026-09-07T06:56:57.1813368Z ! @brief 40\uc790\ub9ac \ub300\uc18c\ubb38\uc790 SHA\uc640 \uae38\uc774�\ubb38\uc790�JSON \uc624\ub958\ub97c \ub450 \uc2e4\uc81c \ud568\uc218\uc5d0\uc11c \uac80\uc99d\ud569\ub2c8\ub2e4. ... ok
2026-09-07T06:56:57.1815240Z test_live_writer_restores_core_and_board_from_gitless_manifest (test_r13_manifest_revision.ManifestRevisionTests.test_live_writer_restores_core_and_board_from_gitless_manifest)
2026-09-07T06:56:57.2206287Z ! @brief \uc2e4\uc81c build record writer\uac00 package\uc758 Core�board SHA\ub97c YAML\uc5d0 \uae30\ub85d\ud569\ub2c8\ub2e4. ... ok
2026-09-07T06:56:57.2207230Z 
2026-09-07T06:56:57.2207762Z ----------------------------------------------------------------------
2026-09-07T06:56:57.2208278Z Ran 2 tests in 0.867s
2026-09-07T06:56:57.2208471Z 
2026-09-07T06:56:57.2208575Z OK
2026-09-07T06:56:57.2321061Z [M12] exec: C:\hostedtoolcache\windows\Python\3.12.10\x64\python.exe -m unittest discover -v -s D:\a\NU54DK_Arduino_Core\NU54DK_Arduino_Core\tests\host -p test_r13_package_modules.py
2026-09-07T06:56:57.4557421Z test_error_marker_and_no_partial_output_for_invalid_version (test_r13_package_modules.PackageModuleTests.test_error_marker_and_no_partial_output_for_invalid_version) ... ok
2026-09-07T06:56:57.9131940Z test_isolated_cli_ignores_foreign_package_and_pythonpath (test_r13_package_modules.PackageModuleTests.test_isolated_cli_ignores_foreign_package_and_pythonpath) ... ok
2026-09-07T06:56:57.9133122Z test_isolated_cli_uses_utf8_with_legacy_output_encoding (test_r13_package_modules.PackageModuleTests.test_isolated_cli_uses_utf8_with_legacy_output_encoding)
2026-09-07T06:56:58.0064454Z ! @brief CP1252 \ucd9c\ub825 \ud658\uacbd\uc5d0\uc11c\ub3c4 \uaca9\ub9ac CLI\uac00 \ud55c\uae00 \ub3c4\uc6c0\ub9d0\uc744 UTF-8\ub85c \ucd9c\ub825\ud574\uc57c \ud569\ub2c8\ub2e4. ... ok
2026-09-07T06:56:58.0176995Z test_repository_default_and_multiple_import_identity (test_r13_package_modules.PackageModuleTests.test_repository_default_and_multiple_import_identity) ... ok
2026-09-07T06:56:58.0283063Z test_same_consumer_reload_does_not_reuse_candidate_state (test_r13_package_modules.PackageModuleTests.test_same_consumer_reload_does_not_reuse_candidate_state) ... ok
2026-09-07T06:56:58.0430015Z test_stable_snapshot_includes_moved_package_model (test_r13_package_modules.PackageModuleTests.test_stable_snapshot_includes_moved_package_model) ... ok
2026-09-07T06:56:58.0430847Z 
2026-09-07T06:56:58.0431006Z ----------------------------------------------------------------------
2026-09-07T06:56:58.0431343Z Ran 6 tests in 0.734s
2026-09-07T06:56:58.0431485Z 
2026-09-07T06:56:58.0431590Z OK
2026-09-07T06:56:58.0574976Z [M12] exec: C:\hostedtoolcache\windows\Python\3.12.10\x64\python.exe -m unittest discover -v -s D:\a\NU54DK_Arduino_Core\NU54DK_Arduino_Core\tests\host -p test_v04_campaign.py
2026-09-07T06:56:58.1384587Z test_duration_is_fresh_for_each_invocation (test_v04_campaign.CampaignTests.test_duration_is_fresh_for_each_invocation) ... ok
2026-09-07T06:56:58.1386300Z test_invalid_or_unbounded_options_fail_closed (test_v04_campaign.CampaignTests.test_invalid_or_unbounded_options_fail_closed) ... ok
2026-09-07T06:56:58.1387752Z test_repetition_campaign_is_bounded (test_v04_campaign.CampaignTests.test_repetition_campaign_is_bounded) ... ok
2026-09-07T06:56:58.1388451Z 
2026-09-07T06:56:58.1388656Z ----------------------------------------------------------------------
2026-09-07T06:56:58.1389120Z Ran 3 tests in 0.001s
2026-09-07T06:56:58.1389325Z 
2026-09-07T06:56:58.1389426Z OK
2026-09-07T06:56:58.1493398Z [M12] exec: C:\hostedtoolcache\windows\Python\3.12.10\x64\python.exe -m unittest discover -v -s D:\a\NU54DK_Arduino_Core\NU54DK_Arduino_Core\tests\host -p test_v04_cmake_sources.py
2026-09-07T06:57:09.5864474Z test_personality_sources_belong_only_to_named_core (test_v04_cmake_sources.CoreSourceMembershipTests.test_personality_sources_belong_only_to_named_core) ... ok
2026-09-07T06:57:09.5865560Z 
2026-09-07T06:57:09.5865804Z ----------------------------------------------------------------------
2026-09-07T06:57:09.5866333Z Ran 1 test in 11.360s
2026-09-07T06:57:09.5866515Z 
2026-09-07T06:57:09.5866620Z OK
2026-09-07T06:57:09.5977583Z [M12] exec: C:\hostedtoolcache\windows\Python\3.12.10\x64\python.exe -m unittest discover -v -s D:\a\NU54DK_Arduino_Core\NU54DK_Arduino_Core\tests\host -p test_v04_dma_memory.py
2026-09-07T06:57:09.6768665Z test_all_candidate_dma_fabrics_use_full_range_validation (test_v04_dma_memory.DmaMemoryTests.test_all_candidate_dma_fabrics_use_full_range_validation) ... ok
2026-09-07T06:57:09.8361203Z test_native_full_range_and_alignment_boundaries (test_v04_dma_memory.DmaMemoryTests.test_native_full_range_and_alignment_boundaries) ... ok
2026-09-07T06:57:09.8363421Z 
2026-09-07T06:57:09.8363678Z ----------------------------------------------------------------------
2026-09-07T06:57:09.8364233Z Ran 2 tests in 0.161s
2026-09-07T06:57:09.8364457Z 
2026-09-07T06:57:09.8364567Z OK
2026-09-07T06:57:09.8469203Z [M12] exec: C:\hostedtoolcache\windows\Python\3.12.10\x64\python.exe -m unittest discover -v -s D:\a\NU54DK_Arduino_Core\NU54DK_Arduino_Core\tests\host -p test_v04_fixture.py
2026-09-07T06:57:09.9605291Z test_catalog_connector_pin_map_and_no_forbidden_nets (test_v04_fixture.FixtureTests.test_catalog_connector_pin_map_and_no_forbidden_nets) ... ok
2026-09-07T06:57:09.9614389Z test_cli_cannot_implicitly_execute_or_omit_confirmation (test_v04_fixture.FixtureTests.test_cli_cannot_implicitly_execute_or_omit_confirmation) ... ok
2026-09-07T06:57:09.9682490Z test_confirmation_rejects_every_missing_condition (test_v04_fixture.FixtureTests.test_confirmation_rejects_every_missing_condition) ... ok
2026-09-07T06:57:09.9684263Z test_expected_error_recovery_ids_keep_the_error_cause (test_v04_fixture.FixtureTests.test_expected_error_recovery_ids_keep_the_error_cause) ... ok
2026-09-07T06:57:09.9710046Z test_foreign_image_role_uid_and_expiry_rejected (test_v04_fixture.FixtureTests.test_foreign_image_role_uid_and_expiry_rejected) ... ok
2026-09-07T06:57:09.9721566Z test_generated_confirmation_is_bound_but_not_approved (test_v04_fixture.FixtureTests.test_generated_confirmation_is_bound_but_not_approved) ... ok
2026-09-07T06:57:09.9726203Z test_spi_split_buffer_waits_for_peer_rearm_before_second_segment (test_v04_fixture.FixtureTests.test_spi_split_buffer_waits_for_peer_rearm_before_second_segment) ... ok
2026-09-07T06:57:09.9728319Z test_transfer_scope_matches_encoded_controller_style (test_v04_fixture.FixtureTests.test_transfer_scope_matches_encoded_controller_style)
2026-09-07T06:57:09.9729891Z ! @brief style\uc640 I2C address encoding\uc744 \ub3c5\ub9bd\uc801\uc778 \uae30\ub300\uac12\uc73c\ub85c \uac80\uc99d\ud569\ub2c8\ub2e4. ... ok
2026-09-07T06:57:09.9736004Z test_twi_fixture_uses_internal_pullups_without_external_resistors (test_v04_fixture.FixtureTests.test_twi_fixture_uses_internal_pullups_without_external_resistors) ... ok
2026-09-07T06:57:09.9746822Z test_twi_requires_explicit_catalog_pullup_confirmation (test_v04_fixture.FixtureTests.test_twi_requires_explicit_catalog_pullup_confirmation) ... ok
2026-09-07T06:57:09.9749438Z test_user_confirmed_connector_pinmap_is_complete_and_locked (test_v04_fixture.FixtureTests.test_user_confirmed_connector_pinmap_is_complete_and_locked) ... ok
2026-09-07T06:57:09.9758197Z test_vectors_and_transfer_direction_are_explicit (test_v04_fixture.FixtureTests.test_vectors_and_transfer_direction_are_explicit) ... ok
2026-09-07T06:57:09.9758904Z 
2026-09-07T06:57:09.9759421Z ----------------------------------------------------------------------
2026-09-07T06:57:09.9760110Z Ran 12 tests in 0.016s
2026-09-07T06:57:09.9760622Z 
2026-09-07T06:57:09.9760708Z OK
2026-09-07T06:57:09.9888599Z [M12] exec: C:\hostedtoolcache\windows\Python\3.12.10\x64\python.exe -m unittest discover -v -s D:\a\NU54DK_Arduino_Core\NU54DK_Arduino_Core\tests\host -p test_v04_math.py
2026-09-07T06:57:10.0728330Z test_dma_count_is_checked_before_nrfx (test_v04_math.V04MathTests.test_dma_count_is_checked_before_nrfx) ... ok
2026-09-07T06:57:10.7121563Z test_production_clock_math_and_cross_language_protocol (test_v04_math.V04MathTests.test_production_clock_math_and_cross_language_protocol) ... ok
2026-09-07T06:57:10.7128980Z test_target_clock_uses_actual_instance_and_internal_adc_is_soc_specific (test_v04_math.V04MathTests.test_target_clock_uses_actual_instance_and_internal_adc_is_soc_specific) ... ok
2026-09-07T06:57:10.7130024Z 
2026-09-07T06:57:10.7130256Z ----------------------------------------------------------------------
2026-09-07T06:57:10.7130733Z Ran 3 tests in 0.642s
2026-09-07T06:57:10.7130922Z 
2026-09-07T06:57:10.7131057Z OK
2026-09-07T06:57:10.7256026Z [M12] exec: C:\hostedtoolcache\windows\Python\3.12.10\x64\python.exe -m unittest discover -v -s D:\a\NU54DK_Arduino_Core\NU54DK_Arduino_Core\tests\host -p test_v04_nojumper.py
2026-09-07T06:57:10.8526348Z test_cancel_rejects_any_dma_or_period_activity (test_v04_nojumper.NojumperTests.test_cancel_rejects_any_dma_or_period_activity) ... ok
2026-09-07T06:57:10.8530839Z test_failure_is_preserved_before_poisoning_session (test_v04_nojumper.NojumperTests.test_failure_is_preserved_before_poisoning_session) ... ok
2026-09-07T06:57:10.8532438Z test_identity_result_and_cleanup_fail_closed (test_v04_nojumper.NojumperTests.test_identity_result_and_cleanup_fail_closed) ... ok
2026-09-07T06:57:10.8538557Z test_plan_has_all_modes_without_duplicate_vectors (test_v04_nojumper.NojumperTests.test_plan_has_all_modes_without_duplicate_vectors) ... ok
2026-09-07T06:57:10.8540073Z test_started_requires_dma_and_wave_counter (test_v04_nojumper.NojumperTests.test_started_requires_dma_and_wave_counter) ... ok
2026-09-07T06:57:10.8541311Z test_subscribed_start_must_be_rejected (test_v04_nojumper.NojumperTests.test_subscribed_start_must_be_rejected) ... ok
2026-09-07T06:57:10.8542319Z test_valid_cancel_and_start_modes (test_v04_nojumper.NojumperTests.test_valid_cancel_and_start_modes) ... ok
2026-09-07T06:57:10.8542715Z 
2026-09-07T06:57:10.8542868Z ----------------------------------------------------------------------
2026-09-07T06:57:10.8543207Z Ran 7 tests in 0.002s
2026-09-07T06:57:10.8543340Z 
2026-09-07T06:57:10.8543421Z OK
2026-09-07T06:57:10.8699982Z [M12] exec: C:\hostedtoolcache\windows\Python\3.12.10\x64\python.exe -m unittest discover -v -s D:\a\NU54DK_Arduino_Core\NU54DK_Arduino_Core\tests\host -p test_v04_nojumper_internal.py
2026-09-07T06:57:10.9649107Z test_adc_independent_raw_guards_tail_and_channel_order (test_v04_nojumper_internal.InternalNojumperTests.test_adc_independent_raw_guards_tail_and_channel_order) ... ok
2026-09-07T06:57:10.9651547Z test_adc_scan_reverse_and_calibration_count (test_v04_nojumper_internal.InternalNojumperTests.test_adc_scan_reverse_and_calibration_count) ... ok
2026-09-07T06:57:10.9653440Z test_busy_wait_uses_existing_five_percent_clock_tolerance (test_v04_nojumper_internal.InternalNojumperTests.test_busy_wait_uses_existing_five_percent_clock_tolerance)
2026-09-07T06:57:10.9655268Z ! @brief clock \ucc28\uc774 995us\ub294 \ud5c8\uc6a9\ud558\uace0 5% \ubc14\uae65\uacfc \ub204\ub77d\ub41c \ubc18\ubcf5\uc740 \uac70\ubd80\ud569\ub2c8\ub2e4. ... ok
2026-09-07T06:57:10.9657186Z test_event_and_bridge_require_disable_group_and_overflow_checks (test_v04_nojumper_internal.InternalNojumperTests.test_event_and_bridge_require_disable_group_and_overflow_checks) ... ok
2026-09-07T06:57:10.9659322Z test_grtc_public_time_requires_elapsed_and_timer_agreement (test_v04_nojumper_internal.InternalNojumperTests.test_grtc_public_time_requires_elapsed_and_timer_agreement) ... ok
2026-09-07T06:57:10.9661473Z test_millis_quantization_includes_separate_read_windows_and_kernel_tick (test_v04_nojumper_internal.InternalNojumperTests.test_millis_quantization_includes_separate_read_windows_and_kernel_tick)
2026-09-07T06:57:10.9664573Z ! @brief 997us \uad00\uce21\uc758 2ms \ucc28\uc774\ub294 \uc81c\ud55c\ub41c \uc591\uc790\ud654\ub85c \ud310\uc815\ud558\uace0 3ms�\uac70\uc9d3 \uc6d0\ubcf8\uc740 \uac70\ubd80\ud569\ub2c8\ub2e4. ... ok
2026-09-07T06:57:10.9666562Z test_timer_shortcuts_and_independent_elapsed_tolerance (test_v04_nojumper_internal.InternalNojumperTests.test_timer_shortcuts_and_independent_elapsed_tolerance) ... ok
2026-09-07T06:57:10.9668437Z test_vectors_cover_channel_boundaries_and_repetitions (test_v04_nojumper_internal.InternalNojumperTests.test_vectors_cover_channel_boundaries_and_repetitions) ... ok
2026-09-07T06:57:10.9669427Z 
2026-09-07T06:57:10.9669628Z ----------------------------------------------------------------------
2026-09-07T06:57:10.9670113Z Ran 8 tests in 0.002s
2026-09-07T06:57:10.9670314Z 
2026-09-07T06:57:10.9670846Z OK
2026-09-07T06:57:10.9790790Z [M12] exec: C:\hostedtoolcache\windows\Python\3.12.10\x64\python.exe -m unittest discover -v -s D:\a\NU54DK_Arduino_Core\NU54DK_Arduino_Core\tests\host -p test_v04_pair.py
2026-09-07T06:57:11.1059982Z test_boot_checks_images_and_clears_only_mailbox_markers_before_resume (test_v04_pair.V04PairTests.test_boot_checks_images_and_clears_only_mailbox_markers_before_resume) ... ok
2026-09-07T06:57:11.1061305Z test_corruption_and_length_rejected (test_v04_pair.V04PairTests.test_corruption_and_length_rejected) ... ok
2026-09-07T06:57:11.1062092Z test_empty_nonce_and_oversized_values_rejected (test_v04_pair.V04PairTests.test_empty_nonce_and_oversized_values_rejected) ... ok
2026-09-07T06:57:11.1105327Z test_evidence_existing_journal_is_preserved_and_result_finalized (test_v04_pair.V04PairTests.test_evidence_existing_journal_is_preserved_and_result_finalized) ... ok
2026-09-07T06:57:11.1126043Z test_evidence_interrupt_retains_partial_results (test_v04_pair.V04PairTests.test_evidence_interrupt_retains_partial_results) ... ok
2026-09-07T06:57:11.1128757Z test_failure_stop_cannot_hide_failure_or_retry_poisoned_device (test_v04_pair.V04PairTests.test_failure_stop_cannot_hide_failure_or_retry_poisoned_device) ... ok
2026-09-07T06:57:11.1129655Z test_frame_roundtrip (test_v04_pair.V04PairTests.test_frame_roundtrip) ... ok
2026-09-07T06:57:11.1130432Z test_identity_commit_and_role (test_v04_pair.V04PairTests.test_identity_commit_and_role) ... ok
2026-09-07T06:57:11.1131431Z test_mailbox_polling_interval_supports_10mhz_fixture_runs (test_v04_pair.V04PairTests.test_mailbox_polling_interval_supports_10mhz_fixture_runs) ... ok
2026-09-07T06:57:11.1137829Z test_no_external_pin_opcode_or_implicit_flash (test_v04_pair.V04PairTests.test_no_external_pin_opcode_or_implicit_flash) ... ok
2026-09-07T06:57:11.1142415Z test_onboard_runner_requires_multi_dma_concurrency_result (test_v04_pair.V04PairTests.test_onboard_runner_requires_multi_dma_concurrency_result) ... ok
2026-09-07T06:57:11.2285648Z test_os_lock_rejects_competing_process_then_releases (test_v04_pair.V04PairTests.test_os_lock_rejects_competing_process_then_releases) ... ok
2026-09-07T06:57:11.2291071Z test_pmic_pins_released_from_nfc_in_both_images (test_v04_pair.V04PairTests.test_pmic_pins_released_from_nfc_in_both_images) ... ok
2026-09-07T06:57:11.2291964Z test_same_probe_rejected (test_v04_pair.V04PairTests.test_same_probe_rejected) ... ok
2026-09-07T06:57:11.2293258Z test_stale_role_opcode_nonce_rejected (test_v04_pair.V04PairTests.test_stale_role_opcode_nonce_rejected) ... ok
2026-09-07T06:57:11.2295197Z test_swd_mailbox_commit_and_poison (test_v04_pair.V04PairTests.test_swd_mailbox_commit_and_poison) ... ok
2026-09-07T06:57:11.2295831Z 
2026-09-07T06:57:11.2295975Z ----------------------------------------------------------------------
2026-09-07T06:57:11.2296298Z Ran 16 tests in 0.126s
2026-09-07T06:57:11.2296433Z 
2026-09-07T06:57:11.2296515Z OK
2026-09-07T06:57:11.2457796Z [M12] exec: C:\hostedtoolcache\windows\Python\3.12.10\x64\python.exe -m unittest discover -v -s D:\a\NU54DK_Arduino_Core\NU54DK_Arduino_Core\tests\host -p test_v04_pdm_continuous.py
2026-09-07T06:57:11.3996991Z test_continuous_mode_requires_pdm_fixture (test_v04_pdm_continuous.PdmContinuousTests.test_continuous_mode_requires_pdm_fixture) ... ok
2026-09-07T06:57:11.4008858Z test_continuous_oracle_rejects_truncation_swaps_and_malformed_stats (test_v04_pdm_continuous.PdmContinuousTests.test_continuous_oracle_rejects_truncation_swaps_and_malformed_stats) ... ok
2026-09-07T06:57:11.5696902Z test_native_rotation_guard_and_ownership (test_v04_pdm_continuous.PdmContinuousTests.test_native_rotation_guard_and_ownership) ... ok
2026-09-07T06:57:11.5705651Z test_receiver_gate_precedes_generator_in_both_roles (test_v04_pdm_continuous.PdmContinuousTests.test_receiver_gate_precedes_generator_in_both_roles) ... ok
2026-09-07T06:57:11.5706460Z 
2026-09-07T06:57:11.5706627Z ----------------------------------------------------------------------
2026-09-07T06:57:11.5706950Z Ran 4 tests in 0.172s
2026-09-07T06:57:11.5707110Z 
2026-09-07T06:57:11.5707189Z OK
2026-09-07T06:57:11.5868700Z [M12] exec: C:\hostedtoolcache\windows\Python\3.12.10\x64\python.exe -m unittest discover -v -s D:\a\NU54DK_Arduino_Core\NU54DK_Arduino_Core\tests\host -p test_v04_qdec.py
2026-09-07T06:57:11.6737033Z test_double_transition_does_not_count_as_motion (test_v04_qdec.QdecTests.test_double_transition_does_not_count_as_motion) ... ok
2026-09-07T06:57:11.6800881Z test_forward_reverse_cycles_and_cancellation (test_v04_qdec.QdecTests.test_forward_reverse_cycles_and_cancellation) ... ok
2026-09-07T06:57:11.8121659Z test_native_period_and_led_boundaries (test_v04_qdec.QdecTests.test_native_period_and_led_boundaries) ... ok
2026-09-07T06:57:11.8122834Z test_native_pwm_levels_match_independent_ab_decoder (test_v04_qdec.QdecTests.test_native_pwm_levels_match_independent_ab_decoder)
2026-09-07T06:57:11.9782979Z ! @brief \uc2e4\uc81c C++ \ud30c\ud615\uc758 \uadf9\uc131�A/B \ubc30\uce58�idle \ubcf5\uadc0\ub97c \ub3c5\ub9bd \uc804\uc774 \ud45c\ub85c \uac80\uc0ac\ud569\ub2c8\ub2e4. ... ok
2026-09-07T06:57:11.9787436Z test_production_uses_validated_period_and_explicit_report_policy (test_v04_qdec.QdecTests.test_production_uses_validated_period_and_explicit_report_policy) ... ok
2026-09-07T06:57:11.9788568Z test_sampling_cannot_use_slow_nrfx_default (test_v04_qdec.QdecTests.test_sampling_cannot_use_slow_nrfx_default) ... ok
2026-09-07T06:57:11.9801322Z test_stream_dap_borrowing_is_explicit_and_does_not_change_public_gpio (test_v04_qdec.QdecTests.test_stream_dap_borrowing_is_explicit_and_does_not_change_public_gpio) ... ok
2026-09-07T06:57:11.9802206Z 
2026-09-07T06:57:11.9802361Z ----------------------------------------------------------------------
2026-09-07T06:57:11.9802704Z Ran 7 tests in 0.307s
2026-09-07T06:57:11.9802837Z 
2026-09-07T06:57:11.9802923Z OK
2026-09-07T06:57:11.9933419Z [M12] exec: C:\hostedtoolcache\windows\Python\3.12.10\x64\python.exe -m unittest discover -v -s D:\a\NU54DK_Arduino_Core\NU54DK_Arduino_Core\tests\host -p test_v04_revision.py
2026-09-07T06:57:12.2982838Z test_different_owner_is_scoped_and_nonrepository_rejected (test_v04_revision.RevisionTests.test_different_owner_is_scoped_and_nonrepository_rejected) ... ok
2026-09-07T06:57:12.2983504Z 
2026-09-07T06:57:12.2983655Z ----------------------------------------------------------------------
2026-09-07T06:57:12.2984001Z Ran 1 test in 0.227s
2026-09-07T06:57:12.2984143Z 
2026-09-07T06:57:12.2984216Z OK
2026-09-07T06:57:12.3096630Z [M12] exec: C:\hostedtoolcache\windows\Python\3.12.10\x64\python.exe -m unittest discover -v -s D:\a\NU54DK_Arduino_Core\NU54DK_Arduino_Core\tests\host -p test_v04_serial_lifecycle.py
2026-09-07T06:57:12.8527221Z test_fixture_gate_allowlist_expiry_and_fault_latch (test_v04_serial_lifecycle.SerialLifecycleTests.test_fixture_gate_allowlist_expiry_and_fault_latch) ... ok
2026-09-07T06:57:13.2795899Z test_native_production_lifecycle (test_v04_serial_lifecycle.SerialLifecycleTests.test_native_production_lifecycle) ... ok
2026-09-07T06:57:13.7871185Z test_native_production_route_validator (test_v04_serial_lifecycle.SerialLifecycleTests.test_native_production_route_validator) ... ok
2026-09-07T06:57:13.7871780Z 
2026-09-07T06:57:13.7871934Z ----------------------------------------------------------------------
2026-09-07T06:57:13.7872293Z Ran 3 tests in 1.399s
2026-09-07T06:57:13.7872423Z 
2026-09-07T06:57:13.7872503Z OK
2026-09-07T06:57:13.7987946Z [M12] exec: C:\hostedtoolcache\windows\Python\3.12.10\x64\python.exe -m unittest discover -v -s D:\a\NU54DK_Arduino_Core\NU54DK_Arduino_Core\tests\host -p test_v04_signal.py
2026-09-07T06:57:13.9338075Z test_405_has_low_release_low_for_every_dma_boundary (test_v04_signal.SignalTests.test_405_has_low_release_low_for_every_dma_boundary) ... ok
2026-09-07T06:57:13.9339112Z test_406_requires_input_bias_and_fully_settled_low_high_samples (test_v04_signal.SignalTests.test_406_requires_input_bias_and_fully_settled_low_high_samples)
2026-09-07T06:57:13.9342471Z ! @brief VBAT \uacf5\uc720 \uc785\ub825\uc758 \ucd9c\ub825 \ud65c\uc131\ud654�\ubbf8\uc815\ucc29�\uacbd\uacc4 \uc704\ubc18\uc744 \uac70\ubd80\ud569\ub2c8\ub2e4. ... ok
2026-09-07T06:57:13.9343541Z test_407_button_shared_input_rejects_stuck_low_and_any_output_driver (test_v04_signal.SignalTests.test_407_button_shared_input_rejects_stuck_low_and_any_output_driver)
2026-09-07T06:57:13.9361364Z ! @brief \ubc84\ud2bc \uacf5\uc720 \uc785\ub825\uc758 \uc138 \ub2e8\uacc4�DMA \uacbd\uacc4\uc640 \ub20c\ub9bc LOW�\ucd9c\ub825 \uad6c\uc131\uc744 \uac70\ubd80\ud569\ub2c8\ub2e4. ... ok
2026-09-07T06:57:13.9371167Z test_default_cli_is_preflight_and_execution_needs_files (test_v04_signal.SignalTests.test_default_cli_is_preflight_and_execution_needs_files) ... ok
2026-09-07T06:57:13.9372251Z test_i2s_finite_transfer_waits_for_payload_release_and_uses_separate_tail (test_v04_signal.SignalTests.test_i2s_finite_transfer_waits_for_payload_release_and_uses_separate_tail)
2026-09-07T06:57:14.0865122Z ! @brief \uc2e4\uc81c HIL \uc21c\uc11c helper\uc5d0\uc11c \ub2e8\uc77c/\uc774\uc911 \ubc18\ud658�\uc911\ubcf5�\ubbf8\uc81c\ucd9c slot\uc744 \uac80\uc0ac\ud569\ub2c8\ub2e4. ... ok
2026-09-07T06:57:14.0866999Z test_i2s_full_payload_preserves_packed_samples_after_bounded_startup (test_v04_signal.SignalTests.test_i2s_full_payload_preserves_packed_samples_after_bounded_startup)
2026-09-07T06:57:14.0908847Z ! @brief \uc2dc\uc791 frame \ub4a4 \uc804\uccb4 payload\uc640 packed \uc0c1\uc704 sample \uc190\uc0c1�\ub204\ub77d\uc744 \uac80\uc0ac\ud569\ub2c8\ub2e4. ... ok
2026-09-07T06:57:14.0909804Z test_i2s_masks_are_width_and_channel_explicit (test_v04_signal.SignalTests.test_i2s_masks_are_width_and_channel_explicit) ... ok
2026-09-07T06:57:14.0910546Z test_invalid_vectors_fail_closed (test_v04_signal.SignalTests.test_invalid_vectors_fail_closed) ... ok
2026-09-07T06:57:14.0911488Z test_partial_arm_failure_still_disarms_both_devices (test_v04_signal.SignalTests.test_partial_arm_failure_still_disarms_both_devices)
2026-09-07T06:57:14.0912451Z ! @brief \ub450 \ubc88\uc9f8 \ubcf4\ub4dc arm \uc2e4\ud328 \uc2dc \uccab \ubc88\uc9f8 \ubcf4\ub4dc\uc758 lease\ub97c \ubc29\uce58\ud558\uc9c0 \uc54a\uc2b5\ub2c8\ub2e4. ... ok
2026-09-07T06:57:14.0914581Z test_pdm_firmware_reports_the_released_dma_length (test_v04_signal.SignalTests.test_pdm_firmware_reports_the_released_dma_length) ... ok
2026-09-07T06:57:14.0917375Z test_pdm_runner_requires_channel_and_density_discrimination (test_v04_signal.SignalTests.test_pdm_runner_requires_channel_and_density_discrimination) ... ok
2026-09-07T06:57:14.0918436Z test_pdm_stereo_rejects_shared_channels_swaps_wrong_edges_and_short_dma (test_v04_signal.SignalTests.test_pdm_stereo_rejects_shared_channels_swaps_wrong_edges_and_short_dma)
2026-09-07T06:57:14.0922826Z ! @brief \uc88c\uc6b0 \uad6c\ubcc4�\uc5d0\uc9c0 \ubc18\uc804�source \ubc18\uc804\uacfc \uc190\uc0c1\ub41c \uc218\uc2e0 \uae38\uc774\ub97c \ub3c5\ub9bd \uac80\uc0ac\ud569\ub2c8\ub2e4. ... ok
2026-09-07T06:57:14.0926007Z test_shared_adc_oracle_rejects_stuck_levels_short_dma_and_push_pull (test_v04_signal.SignalTests.test_shared_adc_oracle_rejects_stuck_levels_short_dma_and_push_pull) ... ok
2026-09-07T06:57:14.0927695Z test_shared_fixtures_run_all_phases_and_release_even_on_failure (test_v04_signal.SignalTests.test_shared_fixtures_run_all_phases_and_release_even_on_failure)
2026-09-07T06:57:14.0972805Z ! @brief Host \uc2e4\ud589 \uc21c\uc11c\uc640 \uc2e4\ud328 \ub4a4 \uc591\ucabd cleanup\uc744 \ubaa8\uc758 mailbox\ub85c \uac80\uc99d\ud569\ub2c8\ub2e4. ... ok
2026-09-07T06:57:14.0973758Z test_shared_source_never_drives_high_and_releases_on_abort (test_v04_signal.SignalTests.test_shared_source_never_drives_high_and_releases_on_abort)
2026-09-07T06:57:14.4529286Z ! @brief \uc2e4\uc81c firmware helper\ub97c \ucef4\ud30c\uc77c\ud558\uc5ec \uc798\ubabb\ub41c \uc778\uc790�\uc911\ubcf5 \uc2dc\uc791�\ud574\uc81c\ub97c \uac80\uc0ac\ud569\ub2c8\ub2e4. ... ok
2026-09-07T06:57:14.4537969Z test_signal_campaign_is_bounded (test_v04_signal.SignalTests.test_signal_campaign_is_bounded) ... ok
2026-09-07T06:57:14.4539884Z test_vector_counts_and_boundaries (test_v04_signal.SignalTests.test_vector_counts_and_boundaries) ... ok
2026-09-07T06:57:14.4540802Z 
2026-09-07T06:57:14.4541025Z ----------------------------------------------------------------------
2026-09-07T06:57:14.4541523Z Ran 17 tests in 0.521s
2026-09-07T06:57:14.4541666Z 
2026-09-07T06:57:14.4541748Z OK
2026-09-07T06:57:14.4720705Z [M12] exec: C:\hostedtoolcache\windows\Python\3.12.10\x64\python.exe -m unittest discover -v -s D:\a\NU54DK_Arduino_Core\NU54DK_Arduino_Core\tests\host -p test_v04_test_plan.py
2026-09-07T06:57:14.5534103Z test_duplicate_json_key_rejected (test_v04_test_plan.V04TestPlanTests.test_duplicate_json_key_rejected) ... ok
2026-09-07T06:57:14.5607774Z test_empty_criteria_and_bad_reuse_path_rejected (test_v04_test_plan.V04TestPlanTests.test_empty_criteria_and_bad_reuse_path_rejected) ... ok
2026-09-07T06:57:14.5672313Z test_exact_inventory_and_generated_document (test_v04_test_plan.V04TestPlanTests.test_exact_inventory_and_generated_document) ... ok
2026-09-07T06:57:14.5694882Z test_instance_omission_rejected (test_v04_test_plan.V04TestPlanTests.test_instance_omission_rejected) ... ok
2026-09-07T06:57:14.5700412Z test_inventory_gate_calls_preparation_validator (test_v04_test_plan.V04TestPlanTests.test_inventory_gate_calls_preparation_validator) ... ok
2026-09-07T06:57:14.5784612Z test_missing_or_duplicate_case_rejected (test_v04_test_plan.V04TestPlanTests.test_missing_or_duplicate_case_rejected) ... ok
2026-09-07T06:57:14.5814096Z test_passing_plan_or_result_field_rejected (test_v04_test_plan.V04TestPlanTests.test_passing_plan_or_result_field_rejected) ... ok
2026-09-07T06:57:14.5848923Z test_qdec_not_dma (test_v04_test_plan.V04TestPlanTests.test_qdec_not_dma) ... ok
2026-09-07T06:57:14.5893233Z test_unknown_erratum_rejected (test_v04_test_plan.V04TestPlanTests.test_unknown_erratum_rejected) ... ok
2026-09-07T06:57:14.5961417Z test_zero_timeout_and_loss_allowance_rejected (test_v04_test_plan.V04TestPlanTests.test_zero_timeout_and_loss_allowance_rejected) ... ok
2026-09-07T06:57:14.5962286Z 
2026-09-07T06:57:14.5963086Z ----------------------------------------------------------------------
2026-09-07T06:57:14.5963627Z Ran 10 tests in 0.043s
2026-09-07T06:57:14.5963834Z 
2026-09-07T06:57:14.5963929Z OK
2026-09-07T06:57:14.6067546Z [M12] exec: C:\hostedtoolcache\windows\Python\3.12.10\x64\python.exe -m unittest discover -v -s D:\a\NU54DK_Arduino_Core\NU54DK_Arduino_Core\tests\host -p test_v04_uart.py
2026-09-07T06:57:14.7432529Z test_ambiguous_noisy_and_truncated_response_rejected (test_v04_uart.UartTests.test_ambiguous_noisy_and_truncated_response_rejected) ... ok
2026-09-07T06:57:14.7443054Z test_continuous_mode_is_explicit_and_bounded (test_v04_uart.UartTests.test_continuous_mode_is_explicit_and_bounded) ... ok
2026-09-07T06:57:14.7444854Z test_dma_state_fail_closed (test_v04_uart.UartTests.test_dma_state_fail_closed) ... ok
2026-09-07T06:57:14.7478054Z test_oracle (test_v04_uart.UartTests.test_oracle) ... ok
2026-09-07T06:57:14.7484083Z test_producer_pacing_is_explicit_and_partial_write_fails (test_v04_uart.UartTests.test_producer_pacing_is_explicit_and_partial_write_fails) ... ok
2026-09-07T06:57:14.7485658Z test_vectors (test_v04_uart.UartTests.test_vectors) ... ok
2026-09-07T06:57:14.7486048Z 
2026-09-07T06:57:14.7486283Z ----------------------------------------------------------------------
2026-09-07T06:57:14.7486813Z Ran 6 tests in 0.019s
2026-09-07T06:57:14.7487018Z 
2026-09-07T06:57:14.7487142Z OK
2026-09-07T06:57:14.7677230Z [M12] exec: C:\hostedtoolcache\windows\Python\3.12.10\x64\python.exe -m unittest discover -v -s D:\a\NU54DK_Arduino_Core\NU54DK_Arduino_Core\tests\hil\nu54dk -p test_ac03_storage.py
2026-09-07T06:57:14.9334556Z test_accepts_complete_reset_and_recovery_protocol (test_ac03_storage.AC03StorageHilTests.test_accepts_complete_reset_and_recovery_protocol)
2026-09-07T06:57:14.9336279Z ! @brief \uc601\uc18d\uc131�\uc190\uc0c1�\uba85\uc2dc \ubcf5\uad6c�\uc815\ub9ac\uac00 \ubaa8\ub450 \uc788\uc744 \ub54c\ub9cc PASS\uc785\ub2c8\ub2e4. ... ok
2026-09-07T06:57:14.9337682Z test_exact_input_binds_commit_gitlink_record_digest_and_hex (test_ac03_storage.AC03StorageHilTests.test_exact_input_binds_commit_gitlink_record_digest_and_hex)
2026-09-07T06:57:14.9387129Z ! @brief exact \uc785\ub825 \uac80\uc0ac\uac00 revision�board�record�source digest\ub97c \ubaa8\ub450 \ubb36\uc2b5\ub2c8\ub2e4. ... ok
2026-09-07T06:57:14.9423001Z test_failure_recovery_preserves_original_error_and_no_evidence (test_ac03_storage.AC03StorageHilTests.test_failure_recovery_preserves_original_error_and_no_evidence)
2026-09-07T06:57:14.9424245Z ! @brief \ubb3c\ub9ac \uc2e4\ud328 \ub4a4 CLEAR\ub97c \uc2dc\ub3c4\ud558\ub418 \uc6d0\ub798 \uc624\ub958\uc640 FAIL \uc0c1\ud0dc\ub97c \uc720\uc9c0\ud569\ub2c8\ub2e4. ... ok
2026-09-07T06:57:14.9425296Z test_final_prefix_is_not_accepted_until_complete_newline (test_ac03_storage.AC03StorageHilTests.test_final_prefix_is_not_accepted_until_complete_newline)
2026-09-07T06:57:14.9427361Z ! @brief FINAL \ubcf8\ubb38\uc774 \ubaa8\ub450 \uc640\ub3c4 \uac1c\ud589 \uc804\uc5d0\ub294 \uc644\ub8cc line\uc73c\ub85c \ubcf4\uc9c0 \uc54a\uc2b5\ub2c8\ub2e4. ... ok
2026-09-07T06:57:14.9429079Z test_pass_evidence_contains_revisions_and_source_digests (test_ac03_storage.AC03StorageHilTests.test_pass_evidence_contains_revisions_and_source_digests)
2026-09-07T06:57:14.9478462Z ! @brief PASS JSON\uc5d0 exact Core�board�source�build�HEX identity\ub97c \uae30\ub85d\ud569\ub2c8\ub2e4. ... ok
2026-09-07T06:57:14.9480374Z test_recovery_continues_after_one_board_cleanup_failure (test_ac03_storage.AC03StorageHilTests.test_recovery_continues_after_one_board_cleanup_failure)
2026-09-07T06:57:14.9482273Z ! @brief \ud55c \ubcf4\ub4dc CLEAR \uc2e4\ud328\uac00 \ub2e4\ub978 \uc811\ucd09 \ubcf4\ub4dc \ubcf5\uad6c\ub97c \ub9c9\uc9c0 \uc54a\uc2b5\ub2c8\ub2e4. ... ok
2026-09-07T06:57:14.9483837Z test_rejects_missing_reordered_or_failed_phase (test_ac03_storage.AC03StorageHilTests.test_rejects_missing_reordered_or_failed_phase)
2026-09-07T06:57:14.9485339Z ! @brief \ube60\uc9c4 \ub2e8\uacc4, \uc21c\uc11c \ubcc0\uacbd\uacfc target FAIL\uc744 \ubaa8\ub450 \uac70\ubd80\ud569\ub2c8\ub2e4. ... ok
2026-09-07T06:57:14.9486786Z test_rejects_wrong_final_nonce_and_trailing_token (test_ac03_storage.AC03StorageHilTests.test_rejects_wrong_final_nonce_and_trailing_token)
2026-09-07T06:57:14.9488227Z ! @brief \ub2e4\ub978 \uc2e4\ud589\uc758 final\uacfc final \ub4a4 \uc704\uc870 token\uc744 \uac70\ubd80\ud569\ub2c8\ub2e4. ... ok
2026-09-07T06:57:14.9489844Z test_requires_explicit_destructive_approval_before_image_access (test_ac03_storage.AC03StorageHilTests.test_requires_explicit_destructive_approval_before_image_access)
2026-09-07T06:57:14.9496759Z ! @brief \uc2b9\uc778 \uc5c6\uc774\ub294 HEX \ud655\uc778\uc774\ub098 flash\ubcf4\ub2e4 \uba3c\uc800 \uc911\ub2e8\ud569\ub2c8\ub2e4. ... ok
2026-09-07T06:57:14.9498098Z test_requires_new_evidence_before_exact_input_or_flash (test_ac03_storage.AC03StorageHilTests.test_requires_new_evidence_before_exact_input_or_flash)
2026-09-07T06:57:14.9526502Z ! @brief evidence \ub204\ub77d�\uae30\uc874 \ud30c\uc77c\uc740 HEX \uac80\uc99d\uacfc \ubb3c\ub9ac \uc2e4\ud589\ubcf4\ub2e4 \uba3c\uc800 \uac70\ubd80\ud569\ub2c8\ub2e4. ... ok
2026-09-07T06:57:14.9527438Z test_requires_two_distinct_board_ids (test_ac03_storage.AC03StorageHilTests.test_requires_two_distinct_board_ids)
2026-09-07T06:57:14.9538100Z ! @brief runner\uac00 \ud55c \ubcf4\ub4dc \ub610\ub294 \uac19\uc740 UID \ub450 \ubc88\uc744 \ud5c8\uc6a9\ud558\uc9c0 \uc54a\uc2b5\ub2c8\ub2e4. ... ok
2026-09-07T06:57:14.9539258Z test_target_source_performs_real_corruption_and_cleanup (test_ac03_storage.AC03StorageHilTests.test_target_source_performs_real_corruption_and_cleanup)
2026-09-07T06:57:14.9542046Z ! @brief HIL image\uac00 \ud569\uc131 token\uc774 \uc544\ub2cc raw \uc190\uc0c1\uacfc \uc2e4\uc81c reset\uc744 \uc218\ud589\ud569\ub2c8\ub2e4. ... ok
2026-09-07T06:57:14.9542712Z 
2026-09-07T06:57:14.9543383Z ----------------------------------------------------------------------
2026-09-07T06:57:14.9544171Z Ran 12 tests in 0.021s
2026-09-07T06:57:14.9544722Z 
2026-09-07T06:57:14.9544975Z OK
2026-09-07T06:57:14.9545214Z AC03_BOARD_PASS=one;PORT=COM1;RESETS=3
2026-09-07T06:57:14.9545481Z AC03_BOARD_PASS=two;PORT=COM2;RESETS=3
2026-09-07T06:57:14.9545723Z AC03_TWO_BOARD_HIL_PASS=2
2026-09-07T06:57:14.9734336Z [M12] exec: C:\hostedtoolcache\windows\Python\3.12.10\x64\python.exe -m unittest discover -v -s D:\a\NU54DK_Arduino_Core\NU54DK_Arduino_Core\tests\hil\nu54dk -p test_m24_uarte_onboard.py
2026-09-07T06:57:15.0972379Z test_failed_readback_keeps_cpu_halted (test_m24_uarte_onboard.IdleBiasTests.test_failed_readback_keeps_cpu_halted) ... ok
2026-09-07T06:57:15.0976615Z test_only_pull_fields_are_set_before_drain_and_resume (test_m24_uarte_onboard.IdleBiasTests.test_only_pull_fields_are_set_before_drain_and_resume) ... ok
2026-09-07T06:57:15.0979096Z test_output_pin_is_rejected_before_any_write_or_resume (test_m24_uarte_onboard.IdleBiasTests.test_output_pin_is_rejected_before_any_write_or_resume) ... ok
2026-09-07T06:57:15.1158627Z test_all_onboard_flash_runners_disable_automatic_mass_erase (test_m24_uarte_onboard.M24UarteOnboardTests.test_all_onboard_flash_runners_disable_automatic_mass_erase) ... ok
2026-09-07T06:57:15.1163469Z test_controlled_start_orders_halt_drain_and_resume (test_m24_uarte_onboard.M24UarteOnboardTests.test_controlled_start_orders_halt_drain_and_resume) ... ok
2026-09-07T06:57:15.1165550Z test_pyocd_command_is_exact_and_non_destructive (test_m24_uarte_onboard.M24UarteOnboardTests.test_pyocd_command_is_exact_and_non_destructive) ... ok
2026-09-07T06:57:15.1167244Z test_ready_frame_is_fixed_per_instance (test_m24_uarte_onboard.M24UarteOnboardTests.test_ready_frame_is_fixed_per_instance) ... ok
2026-09-07T06:57:15.1168917Z test_response_must_be_exact_unique_and_other_port_silent (test_m24_uarte_onboard.M24UarteOnboardTests.test_response_must_be_exact_unique_and_other_port_silent) ... ok
2026-09-07T06:57:15.1170665Z test_selected_probe_requires_exactly_two_vcom_ports (test_m24_uarte_onboard.M24UarteOnboardTests.test_selected_probe_requires_exactly_two_vcom_ports) ... ok
2026-09-07T06:57:15.1190915Z test_single_result_collectors_reject_late_extra_bytes (test_m24_uarte_onboard.M24UarteOnboardTests.test_single_result_collectors_reject_late_extra_bytes) ... ok
2026-09-07T06:57:15.1192037Z 
2026-09-07T06:57:15.1192547Z ----------------------------------------------------------------------
2026-09-07T06:57:15.1193104Z Ran 10 tests in 0.024s
2026-09-07T06:57:15.1193305Z 
2026-09-07T06:57:15.1193414Z OK
2026-09-07T06:57:15.1362209Z [M12] exec: C:\hostedtoolcache\windows\Python\3.12.10\x64\python.exe -m unittest discover -v -s D:\a\NU54DK_Arduino_Core\NU54DK_Arduino_Core\tests\hil\nu54dk -p test_m24_twim_onboard.py
2026-09-07T06:57:15.2177264Z test_exact_port_rejects_extra_bytes (test_m24_twim_onboard.M24TwimOnboardTests.test_exact_port_rejects_extra_bytes) ... ok
2026-09-07T06:57:15.2178565Z test_probe_must_have_exactly_two_ports (test_m24_twim_onboard.M24TwimOnboardTests.test_probe_must_have_exactly_two_ports) ... ok
2026-09-07T06:57:15.2180804Z test_ready_and_command_frames_are_unique (test_m24_twim_onboard.M24TwimOnboardTests.test_ready_and_command_frames_are_unique) ... ok
2026-09-07T06:57:15.2182368Z test_result_frame_requires_exact_read_only_identity (test_m24_twim_onboard.M24TwimOnboardTests.test_result_frame_requires_exact_read_only_identity) ... ok
2026-09-07T06:57:15.2183275Z 
2026-09-07T06:57:15.2183499Z ----------------------------------------------------------------------
2026-09-07T06:57:15.2184009Z Ran 4 tests in 0.000s
2026-09-07T06:57:15.2184212Z 
2026-09-07T06:57:15.2184309Z OK
2026-09-07T06:57:15.2292676Z [M12] exec: C:\hostedtoolcache\windows\Python\3.12.10\x64\python.exe -m unittest discover -v -s D:\a\NU54DK_Arduino_Core\NU54DK_Arduino_Core\tests\hil\nu54dk -p test_m25_onboard.py
2026-09-07T06:57:15.3161038Z test_exact_port_rejects_noise (test_m25_onboard.M25OnboardTests.test_exact_port_rejects_noise) ... ok
2026-09-07T06:57:15.3162626Z test_probe_requires_exactly_two_vcom_ports (test_m25_onboard.M25OnboardTests.test_probe_requires_exactly_two_vcom_ports) ... ok
2026-09-07T06:57:15.3163732Z test_protocol_frames_are_fixed (test_m25_onboard.M25OnboardTests.test_protocol_frames_are_fixed) ... ok
2026-09-07T06:57:15.3164676Z test_result_requires_both_physical_checks (test_m25_onboard.M25OnboardTests.test_result_requires_both_physical_checks) ... ok
2026-09-07T06:57:15.3165147Z 
2026-09-07T06:57:15.3165293Z ----------------------------------------------------------------------
2026-09-07T06:57:15.3165617Z Ran 4 tests in 0.001s
2026-09-07T06:57:15.3165755Z 
2026-09-07T06:57:15.3165839Z OK
2026-09-07T06:57:15.3278538Z [M12] exec: C:\hostedtoolcache\windows\Python\3.12.10\x64\python.exe -m unittest discover -v -s D:\a\NU54DK_Arduino_Core\NU54DK_Arduino_Core\tests\hil\nu54dk -p test_m26_onboard.py
2026-09-07T06:57:15.4471237Z test_armed_frame_requires_temp_and_wdt30_lifecycle (test_m26_onboard.M26OnboardTests.test_armed_frame_requires_temp_and_wdt30_lifecycle) ... ok
2026-09-07T06:57:15.4472501Z test_exact_frame_rejects_noise (test_m26_onboard.M26OnboardTests.test_exact_frame_rejects_noise) ... ok
2026-09-07T06:57:15.4473775Z test_observed_watchdog_packets_validate_without_promoting_hil (test_m26_onboard.M26OnboardTests.test_observed_watchdog_packets_validate_without_promoting_hil) ... ok
2026-09-07T06:57:15.4474732Z test_probe_requires_exactly_two_vcom_ports (test_m26_onboard.M26OnboardTests.test_probe_requires_exactly_two_vcom_ports) ... ok
2026-09-07T06:57:15.4475475Z test_protocol_frames_are_fixed (test_m26_onboard.M26OnboardTests.test_protocol_frames_are_fixed) ... ok
2026-09-07T06:57:15.4478215Z test_reset_epoch_collects_split_marker_without_dropping_prefix (test_m26_onboard.M26OnboardTests.test_reset_epoch_collects_split_marker_without_dropping_prefix) ... ok
2026-09-07T06:57:15.4480456Z test_reset_epoch_retains_bounded_prefix_and_requires_exact_marker (test_m26_onboard.M26OnboardTests.test_reset_epoch_retains_bounded_prefix_and_requires_exact_marker) ... ok
2026-09-07T06:57:15.4482079Z test_reset_prefix_is_never_accepted_in_result_phase (test_m26_onboard.M26OnboardTests.test_reset_prefix_is_never_accepted_in_result_phase) ... ok
2026-09-07T06:57:15.4483555Z test_result_rejects_non_watchdog_and_unsupported_reset_causes (test_m26_onboard.M26OnboardTests.test_result_rejects_non_watchdog_and_unsupported_reset_causes) ... ok
2026-09-07T06:57:15.4484630Z test_result_requires_reset_cause_and_retained_temp (test_m26_onboard.M26OnboardTests.test_result_requires_reset_cause_and_retained_temp) ... ok
2026-09-07T06:57:15.4485150Z 
2026-09-07T06:57:15.4485306Z ----------------------------------------------------------------------
2026-09-07T06:57:15.4485636Z Ran 10 tests in 0.002s
2026-09-07T06:57:15.4485764Z 
2026-09-07T06:57:15.4485848Z OK
2026-09-07T06:57:15.4640985Z M12_GATE_PASS=host
2026-09-07T06:57:15.5925901Z Post job cleanup.
2026-09-07T06:57:15.7786073Z Post job cleanup.
2026-09-07T06:57:15.9944150Z [command]"C:\Program Files\Git\bin\git.exe" version
2026-09-07T06:57:16.0254241Z git version 2.55.0.windows.5
2026-09-07T06:57:16.0325616Z Temporarily overriding HOME='D:\a\_temp\c05fd180-453c-4919-8e99-24c78f5ae853' before making global git config changes
2026-09-07T06:57:16.0326747Z Adding repository directory to the temporary git global config as a safe directory
2026-09-07T06:57:16.0337192Z [command]"C:\Program Files\Git\bin\git.exe" config --global --add safe.directory D:\a\NU54DK_Arduino_Core\NU54DK_Arduino_Core
2026-09-07T06:57:16.0683227Z Removing SSH command configuration
2026-09-07T06:57:16.0695781Z [command]"C:\Program Files\Git\bin\git.exe" config --local --name-only --get-regexp core\.sshCommand
2026-09-07T06:57:16.1089085Z [command]"C:\Program Files\Git\bin\git.exe" submodule foreach --recursive "sh -c \"git config --local --name-only --get-regexp 'core\.sshCommand' && git config --local --unset-all 'core.sshCommand' || :\""
2026-09-07T06:57:16.7283667Z Entering 'board_package/NU54DK_Zephyr_DTS'
2026-09-07T06:57:16.8244994Z Removing HTTP extra header
2026-09-07T06:57:16.8257079Z [command]"C:\Program Files\Git\bin\git.exe" config --local --name-only --get-regexp http\.https\:\/\/github\.com\/\.extraheader
2026-09-07T06:57:16.8587035Z [command]"C:\Program Files\Git\bin\git.exe" submodule foreach --recursive "sh -c \"git config --local --name-only --get-regexp 'http\.https\:\/\/github\.com\/\.extraheader' && git config --local --unset-all 'http.https://github.com/.extraheader' || :\""
2026-09-07T06:57:17.4258995Z Entering 'board_package/NU54DK_Zephyr_DTS'
2026-09-07T06:57:17.5224172Z Removing includeIf entries pointing to credentials config files
2026-09-07T06:57:17.5236110Z [command]"C:\Program Files\Git\bin\git.exe" config --local --name-only --get-regexp ^includeIf\.gitdir:
2026-09-07T06:57:17.5517666Z includeif.gitdir:D:/a/NU54DK_Arduino_Core/NU54DK_Arduino_Core/.git.path
2026-09-07T06:57:17.5518280Z includeif.gitdir:D:/a/NU54DK_Arduino_Core/NU54DK_Arduino_Core/.git/worktrees/*.path
2026-09-07T06:57:17.5518729Z includeif.gitdir:/github/workspace/.git.path
2026-09-07T06:57:17.5519068Z includeif.gitdir:/github/workspace/.git/worktrees/*.path
2026-09-07T06:57:17.5561615Z [command]"C:\Program Files\Git\bin\git.exe" config --local --get-all includeif.gitdir:D:/a/NU54DK_Arduino_Core/NU54DK_Arduino_Core/.git.path
2026-09-07T06:57:17.5833859Z D:\a\_temp\git-credentials-4ed53e87-c929-4557-8da9-655663905b95.config
2026-09-07T06:57:17.5880242Z [command]"C:\Program Files\Git\bin\git.exe" config --local --unset includeif.gitdir:D:/a/NU54DK_Arduino_Core/NU54DK_Arduino_Core/.git.path D\:\\a\\_temp\\git\-credentials\-4ed53e87\-c929\-4557\-8da9\-655663905b95\.config
2026-09-07T06:57:17.6202423Z [command]"C:\Program Files\Git\bin\git.exe" config --local --get-all includeif.gitdir:D:/a/NU54DK_Arduino_Core/NU54DK_Arduino_Core/.git/worktrees/*.path
2026-09-07T06:57:17.6482183Z D:\a\_temp\git-credentials-4ed53e87-c929-4557-8da9-655663905b95.config
2026-09-07T06:57:17.6529552Z [command]"C:\Program Files\Git\bin\git.exe" config --local --unset includeif.gitdir:D:/a/NU54DK_Arduino_Core/NU54DK_Arduino_Core/.git/worktrees/*.path D\:\\a\\_temp\\git\-credentials\-4ed53e87\-c929\-4557\-8da9\-655663905b95\.config
2026-09-07T06:57:17.6847032Z [command]"C:\Program Files\Git\bin\git.exe" config --local --get-all includeif.gitdir:/github/workspace/.git.path
2026-09-07T06:57:17.7115429Z /github/runner_temp/git-credentials-4ed53e87-c929-4557-8da9-655663905b95.config
2026-09-07T06:57:17.7194863Z [command]"C:\Program Files\Git\bin\git.exe" config --local --unset includeif.gitdir:/github/workspace/.git.path \/github\/runner_temp\/git\-credentials\-4ed53e87\-c929\-4557\-8da9\-655663905b95\.config
2026-09-07T06:57:17.7524608Z [command]"C:\Program Files\Git\bin\git.exe" config --local --get-all includeif.gitdir:/github/workspace/.git/worktrees/*.path
2026-09-07T06:57:17.7802535Z /github/runner_temp/git-credentials-4ed53e87-c929-4557-8da9-655663905b95.config
2026-09-07T06:57:17.7846090Z [command]"C:\Program Files\Git\bin\git.exe" config --local --unset includeif.gitdir:/github/workspace/.git/worktrees/*.path \/github\/runner_temp\/git\-credentials\-4ed53e87\-c929\-4557\-8da9\-655663905b95\.config
2026-09-07T06:57:17.8171817Z [command]"C:\Program Files\Git\bin\git.exe" submodule foreach --recursive "git config --local --show-origin --name-only --get-regexp remote.origin.url"
2026-09-07T06:57:18.3764404Z Entering 'board_package/NU54DK_Zephyr_DTS'
2026-09-07T06:57:18.4143662Z file:D:/a/NU54DK_Arduino_Core/NU54DK_Arduino_Core/.git/modules/board_package/NU54DK_Zephyr_DTS/config	remote.origin.url
2026-09-07T06:57:18.4414188Z [command]"C:\Program Files\Git\bin\git.exe" config --file D:/a/NU54DK_Arduino_Core/NU54DK_Arduino_Core/.git/modules/board_package/NU54DK_Zephyr_DTS/config --name-only --get-regexp ^includeIf\.gitdir:
2026-09-07T06:57:18.4695659Z includeif.gitdir:D:/a/NU54DK_Arduino_Core/NU54DK_Arduino_Core/.git/modules/board_package/NU54DK_Zephyr_DTS.path
2026-09-07T06:57:18.4696649Z includeif.gitdir:/github/workspace/.git/modules/board_package/NU54DK_Zephyr_DTS.path
2026-09-07T06:57:18.4742182Z [command]"C:\Program Files\Git\bin\git.exe" config --file D:/a/NU54DK_Arduino_Core/NU54DK_Arduino_Core/.git/modules/board_package/NU54DK_Zephyr_DTS/config --get-all includeif.gitdir:D:/a/NU54DK_Arduino_Core/NU54DK_Arduino_Core/.git/modules/board_package/NU54DK_Zephyr_DTS.path
2026-09-07T06:57:18.5011287Z D:\a\_temp\git-credentials-4ed53e87-c929-4557-8da9-655663905b95.config
2026-09-07T06:57:18.5055597Z [command]"C:\Program Files\Git\bin\git.exe" config --file D:/a/NU54DK_Arduino_Core/NU54DK_Arduino_Core/.git/modules/board_package/NU54DK_Zephyr_DTS/config --unset includeif.gitdir:D:/a/NU54DK_Arduino_Core/NU54DK_Arduino_Core/.git/modules/board_package/NU54DK_Zephyr_DTS.path D\:\\a\\_temp\\git\-credentials\-4ed53e87\-c929\-4557\-8da9\-655663905b95\.config
2026-09-07T06:57:18.5377401Z [command]"C:\Program Files\Git\bin\git.exe" config --file D:/a/NU54DK_Arduino_Core/NU54DK_Arduino_Core/.git/modules/board_package/NU54DK_Zephyr_DTS/config --get-all includeif.gitdir:/github/workspace/.git/modules/board_package/NU54DK_Zephyr_DTS.path
2026-09-07T06:57:18.5643879Z /github/runner_temp/git-credentials-4ed53e87-c929-4557-8da9-655663905b95.config
2026-09-07T06:57:18.5690287Z [command]"C:\Program Files\Git\bin\git.exe" config --file D:/a/NU54DK_Arduino_Core/NU54DK_Arduino_Core/.git/modules/board_package/NU54DK_Zephyr_DTS/config --unset includeif.gitdir:/github/workspace/.git/modules/board_package/NU54DK_Zephyr_DTS.path \/github\/runner_temp\/git\-credentials\-4ed53e87\-c929\-4557\-8da9\-655663905b95\.config
2026-09-07T06:57:18.6058255Z Removing credentials config 'D:\a\_temp\git-credentials-4ed53e87-c929-4557-8da9-655663905b95.config'
2026-09-07T06:57:18.6274459Z Cleaning up orphan processes
