2026-09-07T06:27:58.9842376Z Current runner version: '2.337.0'
2026-09-07T06:27:58.9867509Z ##[group]Runner Image Provisioner
2026-09-07T06:27:58.9868334Z Hosted Compute Agent
2026-09-07T06:27:58.9868937Z Version: 20260819.586
2026-09-07T06:27:58.9869587Z Commit: 3cc4a88dfa507ef76119ad1bb3eccc6378bb2b76
2026-09-07T06:27:58.9870300Z Build Date: 2026-08-18T23:20:18Z
2026-09-07T06:27:58.9870971Z Worker ID: {5f46ea6b-99f1-4e29-bfef-bd9899864592}
2026-09-07T06:27:58.9871647Z Azure Region: westus
2026-09-07T06:27:58.9872184Z ##[endgroup]
2026-09-07T06:27:58.9873594Z ##[group]Operating System
2026-09-07T06:27:58.9874356Z Microsoft Windows Server 2025
2026-09-07T06:27:58.9875030Z 10.0.26100
2026-09-07T06:27:58.9875529Z Datacenter
2026-09-07T06:27:58.9876024Z ##[endgroup]
2026-09-07T06:27:58.9876592Z ##[group]Runner Image
2026-09-07T06:27:58.9877144Z Image: windows-2025-vs2026
2026-09-07T06:27:58.9877740Z Version: 20260824.214.3
2026-09-07T06:27:58.9879269Z Included Software: https://github.com/actions/runner-images/blob/win25-vs2026/20260824.214/images/windows/Windows2025-VS2026-Readme.md
2026-09-07T06:27:58.9880939Z Image Release: https://github.com/actions/runner-images/releases/tag/win25-vs2026%2F20260824.214
2026-09-07T06:27:58.9881860Z ##[endgroup]
2026-09-07T06:27:58.9883582Z ##[group]GITHUB_TOKEN Permissions
2026-09-07T06:27:58.9885713Z Contents: read
2026-09-07T06:27:58.9886350Z Metadata: read
2026-09-07T06:27:58.9886868Z ##[endgroup]
2026-09-07T06:27:58.9889098Z Secret source: Actions
2026-09-07T06:27:58.9890192Z Prepare workflow directory
2026-09-07T06:27:59.0242852Z Prepare all required actions
2026-09-07T06:27:59.0291753Z Getting action download info
2026-09-07T06:27:59.3595231Z Download action repository 'actions/checkout@3d3c42e5aac5ba805825da76410c181273ba90b1' (SHA:3d3c42e5aac5ba805825da76410c181273ba90b1)
2026-09-07T06:27:59.4815430Z Download action repository 'actions/setup-python@5fda3b95a4ea91299a34e894583c3862153e4b97' (SHA:5fda3b95a4ea91299a34e894583c3862153e4b97)
2026-09-07T06:27:59.7545116Z Complete job name: Host unit with Windows PowerShell contracts
2026-09-07T06:27:59.9663640Z ##[group]Run actions/checkout@3d3c42e5aac5ba805825da76410c181273ba90b1
2026-09-07T06:27:59.9665208Z with:
2026-09-07T06:27:59.9665761Z   fetch-depth: 0
2026-09-07T06:27:59.9666687Z   submodules: recursive
2026-09-07T06:27:59.9667541Z   repository: EIDOSDATA/NU54DK_Arduino_Core
2026-09-07T06:27:59.9673186Z   token: ***
2026-09-07T06:27:59.9673646Z   ssh-strict: true
2026-09-07T06:27:59.9674095Z   ssh-user: git
2026-09-07T06:27:59.9674556Z   persist-credentials: true
2026-09-07T06:27:59.9675083Z   clean: true
2026-09-07T06:27:59.9675546Z   sparse-checkout-cone-mode: true
2026-09-07T06:27:59.9676093Z   fetch-tags: false
2026-09-07T06:27:59.9676585Z   show-progress: true
2026-09-07T06:27:59.9677052Z   lfs: false
2026-09-07T06:27:59.9677495Z   set-safe-directory: true
2026-09-07T06:27:59.9678013Z   allow-unsafe-pr-checkout: false
2026-09-07T06:27:59.9678851Z ##[endgroup]
2026-09-07T06:28:00.1381744Z Syncing repository: EIDOSDATA/NU54DK_Arduino_Core
2026-09-07T06:28:00.1383768Z ##[group]Getting Git version info
2026-09-07T06:28:00.1384581Z Working directory is 'D:\a\NU54DK_Arduino_Core\NU54DK_Arduino_Core'
2026-09-07T06:28:00.2388034Z [command]"C:\Program Files\Git\bin\git.exe" version
2026-09-07T06:28:00.5664500Z git version 2.55.0.windows.5
2026-09-07T06:28:00.5720011Z ##[endgroup]
2026-09-07T06:28:00.5736138Z Temporarily overriding HOME='D:\a\_temp\d123735d-9b93-4ce5-8f24-cea0c7b72d8b' before making global git config changes
2026-09-07T06:28:00.5737514Z Adding repository directory to the temporary git global config as a safe directory
2026-09-07T06:28:00.5746312Z [command]"C:\Program Files\Git\bin\git.exe" config --global --add safe.directory D:\a\NU54DK_Arduino_Core\NU54DK_Arduino_Core
2026-09-07T06:28:00.6303579Z Deleting the contents of 'D:\a\NU54DK_Arduino_Core\NU54DK_Arduino_Core'
2026-09-07T06:28:00.6308733Z ##[group]Determining repository object format
2026-09-07T06:28:00.6311114Z ##[endgroup]
2026-09-07T06:28:00.6314434Z ##[group]Initializing the repository
2026-09-07T06:28:00.6319615Z [command]"C:\Program Files\Git\bin\git.exe" init D:\a\NU54DK_Arduino_Core\NU54DK_Arduino_Core
2026-09-07T06:28:00.7122772Z Initialized empty Git repository in D:/a/NU54DK_Arduino_Core/NU54DK_Arduino_Core/.git/
2026-09-07T06:28:00.7164635Z [command]"C:\Program Files\Git\bin\git.exe" remote add origin https://github.com/EIDOSDATA/NU54DK_Arduino_Core
2026-09-07T06:28:00.7723258Z ##[endgroup]
2026-09-07T06:28:00.7724672Z ##[group]Disabling automatic garbage collection
2026-09-07T06:28:00.7732167Z [command]"C:\Program Files\Git\bin\git.exe" config --local gc.auto 0
2026-09-07T06:28:00.8014888Z ##[endgroup]
2026-09-07T06:28:00.8015987Z ##[group]Setting up auth
2026-09-07T06:28:00.8016895Z Removing SSH command configuration
2026-09-07T06:28:00.8024868Z [command]"C:\Program Files\Git\bin\git.exe" config --local --name-only --get-regexp core\.sshCommand
2026-09-07T06:28:00.8309014Z [command]"C:\Program Files\Git\bin\git.exe" submodule foreach --recursive "sh -c \"git config --local --name-only --get-regexp 'core\.sshCommand' && git config --local --unset-all 'core.sshCommand' || :\""
2026-09-07T06:28:02.1583113Z Removing HTTP extra header
2026-09-07T06:28:02.1592121Z [command]"C:\Program Files\Git\bin\git.exe" config --local --name-only --get-regexp http\.https\:\/\/github\.com\/\.extraheader
2026-09-07T06:28:02.1882965Z [command]"C:\Program Files\Git\bin\git.exe" submodule foreach --recursive "sh -c \"git config --local --name-only --get-regexp 'http\.https\:\/\/github\.com\/\.extraheader' && git config --local --unset-all 'http.https://github.com/.extraheader' || :\""
2026-09-07T06:28:02.7268553Z Removing includeIf entries pointing to credentials config files
2026-09-07T06:28:02.7278637Z [command]"C:\Program Files\Git\bin\git.exe" config --local --name-only --get-regexp ^includeIf\.gitdir:
2026-09-07T06:28:02.7565375Z [command]"C:\Program Files\Git\bin\git.exe" submodule foreach --recursive "git config --local --show-origin --name-only --get-regexp remote.origin.url"
2026-09-07T06:28:03.2816581Z [command]"C:\Program Files\Git\bin\git.exe" config --file D:\a\_temp\git-credentials-2734951a-4896-4ec5-95bf-f03776903e0f.config http.https://github.com/.extraheader "AUTHORIZATION: basic ***"
2026-09-07T06:28:03.3123810Z [command]"C:\Program Files\Git\bin\git.exe" config --local includeIf.gitdir:D:/a/NU54DK_Arduino_Core/NU54DK_Arduino_Core/.git.path D:\a\_temp\git-credentials-2734951a-4896-4ec5-95bf-f03776903e0f.config
2026-09-07T06:28:03.3435942Z [command]"C:\Program Files\Git\bin\git.exe" config --local includeIf.gitdir:D:/a/NU54DK_Arduino_Core/NU54DK_Arduino_Core/.git/worktrees/*.path D:\a\_temp\git-credentials-2734951a-4896-4ec5-95bf-f03776903e0f.config
2026-09-07T06:28:03.3809432Z [command]"C:\Program Files\Git\bin\git.exe" config --local includeIf.gitdir:/github/workspace/.git.path /github/runner_temp/git-credentials-2734951a-4896-4ec5-95bf-f03776903e0f.config
2026-09-07T06:28:03.4125304Z [command]"C:\Program Files\Git\bin\git.exe" config --local includeIf.gitdir:/github/workspace/.git/worktrees/*.path /github/runner_temp/git-credentials-2734951a-4896-4ec5-95bf-f03776903e0f.config
2026-09-07T06:28:03.4428343Z ##[endgroup]
2026-09-07T06:28:03.4429228Z ##[group]Fetching the repository
2026-09-07T06:28:03.4441593Z [command]"C:\Program Files\Git\bin\git.exe" -c protocol.version=2 fetch --no-tags --prune --no-recurse-submodules origin +refs/heads/*:refs/remotes/origin/* +refs/tags/*:refs/tags/*
2026-09-07T06:28:06.9682253Z From https://github.com/EIDOSDATA/NU54DK_Arduino_Core
2026-09-07T06:28:06.9683393Z  * [new branch]      main               -> origin/main
2026-09-07T06:28:06.9684048Z  * [new tag]         m10-preview-0.0.90 -> m10-preview-0.0.90
2026-09-07T06:28:06.9684768Z  * [new tag]         m10-preview-0.0.91 -> m10-preview-0.0.91
2026-09-07T06:28:06.9685400Z  * [new tag]         m10-preview-0.0.92 -> m10-preview-0.0.92
2026-09-07T06:28:06.9686106Z  * [new tag]         m10-preview-0.0.93 -> m10-preview-0.0.93
2026-09-07T06:28:06.9688144Z  * [new tag]         m10-preview-0.0.94 -> m10-preview-0.0.94
2026-09-07T06:28:06.9688796Z  * [new tag]         m10-preview-0.0.95 -> m10-preview-0.0.95
2026-09-07T06:28:06.9689562Z  * [new tag]         m10-preview-0.0.96 -> m10-preview-0.0.96
2026-09-07T06:28:06.9690571Z  * [new tag]         m10-preview-0.0.97 -> m10-preview-0.0.97
2026-09-07T06:28:06.9690934Z  * [new tag]         v0.1.0             -> v0.1.0
2026-09-07T06:28:06.9691259Z  * [new tag]         v0.1.0-rc.2        -> v0.1.0-rc.2
2026-09-07T06:28:06.9691570Z  * [new tag]         v0.2.0             -> v0.2.0
2026-09-07T06:28:06.9691873Z  * [new tag]         v0.2.0-rc.1        -> v0.2.0-rc.1
2026-09-07T06:28:06.9692165Z  * [new tag]         v0.2.0-rc.2        -> v0.2.0-rc.2
2026-09-07T06:28:06.9692485Z  * [new tag]         v0.3.0             -> v0.3.0
2026-09-07T06:28:06.9692823Z  * [new tag]         v0.3.0-rc.1        -> v0.3.0-rc.1
2026-09-07T06:28:06.9693107Z  * [new tag]         v0.3.0-rc.2        -> v0.3.0-rc.2
2026-09-07T06:28:06.9693422Z  * [new tag]         v0.3.0-rc.3        -> v0.3.0-rc.3
2026-09-07T06:28:06.9739013Z [command]"C:\Program Files\Git\bin\git.exe" branch --list --remote origin/main
2026-09-07T06:28:07.0108728Z   origin/main
2026-09-07T06:28:07.0145639Z [command]"C:\Program Files\Git\bin\git.exe" rev-parse refs/remotes/origin/main
2026-09-07T06:28:07.0499830Z 801673704ce2de1e286c0003e2380231595a542b
2026-09-07T06:28:07.0528008Z ##[endgroup]
2026-09-07T06:28:07.0528365Z ##[group]Determining the checkout info
2026-09-07T06:28:07.0529484Z ##[endgroup]
2026-09-07T06:28:07.0540006Z [command]"C:\Program Files\Git\bin\git.exe" sparse-checkout disable
2026-09-07T06:28:07.0971243Z [command]"C:\Program Files\Git\bin\git.exe" config --local --unset-all extensions.worktreeConfig
2026-09-07T06:28:07.1290061Z ##[group]Checking out the ref
2026-09-07T06:28:07.1302071Z [command]"C:\Program Files\Git\bin\git.exe" checkout --progress --force -B main refs/remotes/origin/main
2026-09-07T06:28:08.1971192Z Updating files:  33% (2099/6299)
2026-09-07T06:28:08.2116907Z Updating files:  34% (2142/6299)
2026-09-07T06:28:08.2264776Z Updating files:  35% (2205/6299)
2026-09-07T06:28:08.2414341Z Updating files:  36% (2268/6299)
2026-09-07T06:28:08.2567963Z Updating files:  37% (2331/6299)
2026-09-07T06:28:08.2713922Z Updating files:  38% (2394/6299)
2026-09-07T06:28:08.2866878Z Updating files:  39% (2457/6299)
2026-09-07T06:28:08.3020687Z Updating files:  40% (2520/6299)
2026-09-07T06:28:08.3213290Z Updating files:  41% (2583/6299)
2026-09-07T06:28:08.3356804Z Updating files:  42% (2646/6299)
2026-09-07T06:28:08.3496783Z Updating files:  43% (2709/6299)
2026-09-07T06:28:08.3679858Z Updating files:  44% (2772/6299)
2026-09-07T06:28:08.3825168Z Updating files:  45% (2835/6299)
2026-09-07T06:28:08.3965505Z Updating files:  46% (2898/6299)
2026-09-07T06:28:08.4109485Z Updating files:  47% (2961/6299)
2026-09-07T06:28:08.4268217Z Updating files:  48% (3024/6299)
2026-09-07T06:28:08.4458088Z Updating files:  49% (3087/6299)
2026-09-07T06:28:08.4626079Z Updating files:  50% (3150/6299)
2026-09-07T06:28:08.4775895Z Updating files:  51% (3213/6299)
2026-09-07T06:28:08.4963144Z Updating files:  52% (3276/6299)
2026-09-07T06:28:08.5101942Z Updating files:  53% (3339/6299)
2026-09-07T06:28:08.5245085Z Updating files:  54% (3402/6299)
2026-09-07T06:28:08.5392375Z Updating files:  55% (3465/6299)
2026-09-07T06:28:08.5557436Z Updating files:  56% (3528/6299)
2026-09-07T06:28:08.5789420Z Updating files:  57% (3591/6299)
2026-09-07T06:28:08.5981697Z Updating files:  58% (3654/6299)
2026-09-07T06:28:08.6135830Z Updating files:  59% (3717/6299)
2026-09-07T06:28:08.6283801Z Updating files:  60% (3780/6299)
2026-09-07T06:28:08.6423223Z Updating files:  61% (3843/6299)
2026-09-07T06:28:08.6571058Z Updating files:  62% (3906/6299)
2026-09-07T06:28:08.6712506Z Updating files:  63% (3969/6299)
2026-09-07T06:28:08.6905441Z Updating files:  64% (4032/6299)
2026-09-07T06:28:08.7052888Z Updating files:  65% (4095/6299)
2026-09-07T06:28:08.7204990Z Updating files:  66% (4158/6299)
2026-09-07T06:28:08.7378663Z Updating files:  67% (4221/6299)
2026-09-07T06:28:08.7552515Z Updating files:  68% (4284/6299)
2026-09-07T06:28:08.7727472Z Updating files:  69% (4347/6299)
2026-09-07T06:28:08.8083584Z Updating files:  70% (4410/6299)
2026-09-07T06:28:08.8257229Z Updating files:  71% (4473/6299)
2026-09-07T06:28:08.8426205Z Updating files:  72% (4536/6299)
2026-09-07T06:28:08.8593687Z Updating files:  73% (4599/6299)
2026-09-07T06:28:08.8727524Z Updating files:  74% (4662/6299)
2026-09-07T06:28:08.9039467Z Updating files:  75% (4725/6299)
2026-09-07T06:28:08.9207426Z Updating files:  76% (4788/6299)
2026-09-07T06:28:08.9376719Z Updating files:  77% (4851/6299)
2026-09-07T06:28:08.9547889Z Updating files:  78% (4914/6299)
2026-09-07T06:28:08.9715484Z Updating files:  79% (4977/6299)
2026-09-07T06:28:09.0047165Z Updating files:  80% (5040/6299)
2026-09-07T06:28:09.0204492Z Updating files:  81% (5103/6299)
2026-09-07T06:28:09.0349180Z Updating files:  82% (5166/6299)
2026-09-07T06:28:09.0501551Z Updating files:  83% (5229/6299)
2026-09-07T06:28:09.0683214Z Updating files:  84% (5292/6299)
2026-09-07T06:28:09.0855964Z Updating files:  85% (5355/6299)
2026-09-07T06:28:09.1038655Z Updating files:  86% (5418/6299)
2026-09-07T06:28:09.1242251Z Updating files:  87% (5481/6299)
2026-09-07T06:28:09.1412708Z Updating files:  88% (5544/6299)
2026-09-07T06:28:09.1617195Z Updating files:  89% (5607/6299)
2026-09-07T06:28:09.1775461Z Updating files:  90% (5670/6299)
2026-09-07T06:28:09.1892332Z Updating files:  91% (5733/6299)
2026-09-07T06:28:09.1941537Z Updating files:  91% (5779/6299)
2026-09-07T06:28:09.2121519Z Updating files:  92% (5796/6299)
2026-09-07T06:28:09.2280843Z Updating files:  93% (5859/6299)
2026-09-07T06:28:09.2432808Z Updating files:  94% (5922/6299)
2026-09-07T06:28:09.2588009Z Updating files:  95% (5985/6299)
2026-09-07T06:28:09.2760988Z Updating files:  96% (6048/6299)
2026-09-07T06:28:09.3055620Z Updating files:  97% (6111/6299)
2026-09-07T06:28:09.3247295Z Updating files:  98% (6174/6299)
2026-09-07T06:28:09.3434846Z Updating files:  99% (6237/6299)
2026-09-07T06:28:09.3439178Z Updating files: 100% (6299/6299)
2026-09-07T06:28:09.3439949Z Updating files: 100% (6299/6299), done.
2026-09-07T06:28:09.3660134Z Switched to a new branch 'main'
2026-09-07T06:28:09.3716649Z branch 'main' set up to track 'origin/main'.
2026-09-07T06:28:09.3844154Z ##[endgroup]
2026-09-07T06:28:09.3844720Z ##[group]Setting up auth for fetching submodules
2026-09-07T06:28:09.3854252Z [command]"C:\Program Files\Git\bin\git.exe" config --file D:\a\_temp\git-credentials-2734951a-4896-4ec5-95bf-f03776903e0f.config http.https://github.com/.extraheader "AUTHORIZATION: basic ***"
2026-09-07T06:28:09.4174735Z [command]"C:\Program Files\Git\bin\git.exe" config --global include.path D:\a\_temp\git-credentials-2734951a-4896-4ec5-95bf-f03776903e0f.config
2026-09-07T06:28:09.4460092Z [command]"C:\Program Files\Git\bin\git.exe" config --global --unset-all url.https://github.com/.insteadOf
2026-09-07T06:28:09.4746124Z [command]"C:\Program Files\Git\bin\git.exe" config --global --add url.https://github.com/.insteadOf git@github.com:
2026-09-07T06:28:09.5036035Z [command]"C:\Program Files\Git\bin\git.exe" config --global --add url.https://github.com/.insteadOf org-48746729@github.com:
2026-09-07T06:28:09.5318495Z ##[endgroup]
2026-09-07T06:28:09.5318865Z ##[group]Fetching submodules
2026-09-07T06:28:09.5326713Z [command]"C:\Program Files\Git\bin\git.exe" submodule sync --recursive
2026-09-07T06:28:10.0451816Z [command]"C:\Program Files\Git\bin\git.exe" -c protocol.version=2 submodule update --init --force --recursive
2026-09-07T06:28:10.5913735Z Submodule 'board_package/NU54DK_Zephyr_DTS' (https://github.com/Nucode01/NU54DK_Zephyr_DTS.git) registered for path 'board_package/NU54DK_Zephyr_DTS'
2026-09-07T06:28:10.6443317Z Cloning into 'D:/a/NU54DK_Arduino_Core/NU54DK_Arduino_Core/board_package/NU54DK_Zephyr_DTS'...
2026-09-07T06:28:11.3988553Z Submodule path 'board_package/NU54DK_Zephyr_DTS': checked out 'fe65f2f0880bd05b32e562d9bf1ee59142b4f4d3'
2026-09-07T06:28:11.4209689Z [command]"C:\Program Files\Git\bin\git.exe" submodule foreach --recursive "git config --local gc.auto 0"
2026-09-07T06:28:11.9564818Z Entering 'board_package/NU54DK_Zephyr_DTS'
2026-09-07T06:28:12.0168361Z ##[endgroup]
2026-09-07T06:28:12.0168981Z ##[group]Persisting credentials for submodules
2026-09-07T06:28:12.0181858Z [command]"C:\Program Files\Git\bin\git.exe" submodule foreach --recursive "sh -c \"git config --local --name-only --get-regexp 'url\.https\:\/\/github\.com\/\.insteadOf' && git config --local --unset-all 'url.https://github.com/.insteadOf' || :\""
2026-09-07T06:28:12.5548360Z Entering 'board_package/NU54DK_Zephyr_DTS'
2026-09-07T06:28:12.6516310Z [command]"C:\Program Files\Git\bin\git.exe" submodule foreach --recursive "git config --local --show-origin --name-only --get-regexp remote.origin.url"
2026-09-07T06:28:13.1774894Z Entering 'board_package/NU54DK_Zephyr_DTS'
2026-09-07T06:28:13.2113160Z file:D:/a/NU54DK_Arduino_Core/NU54DK_Arduino_Core/.git/modules/board_package/NU54DK_Zephyr_DTS/config	remote.origin.url
2026-09-07T06:28:13.2353910Z [command]"C:\Program Files\Git\bin\git.exe" config --file D:/a/NU54DK_Arduino_Core/NU54DK_Arduino_Core/.git/modules/board_package/NU54DK_Zephyr_DTS/config includeIf.gitdir:D:/a/NU54DK_Arduino_Core/NU54DK_Arduino_Core/.git/modules/board_package/NU54DK_Zephyr_DTS.path D:\a\_temp\git-credentials-2734951a-4896-4ec5-95bf-f03776903e0f.config
2026-09-07T06:28:13.2648953Z [command]"C:\Program Files\Git\bin\git.exe" config --file D:/a/NU54DK_Arduino_Core/NU54DK_Arduino_Core/.git/modules/board_package/NU54DK_Zephyr_DTS/config includeIf.gitdir:/github/workspace/.git/modules/board_package/NU54DK_Zephyr_DTS.path /github/runner_temp/git-credentials-2734951a-4896-4ec5-95bf-f03776903e0f.config
2026-09-07T06:28:13.2937153Z [command]"C:\Program Files\Git\bin\git.exe" submodule foreach --recursive "git config --local --add 'url.https://github.com/.insteadOf' 'git@github.com:'"
2026-09-07T06:28:13.8226382Z Entering 'board_package/NU54DK_Zephyr_DTS'
2026-09-07T06:28:13.8798678Z [command]"C:\Program Files\Git\bin\git.exe" submodule foreach --recursive "git config --local --add 'url.https://github.com/.insteadOf' 'org-48746729@github.com:'"
2026-09-07T06:28:14.4480247Z Entering 'board_package/NU54DK_Zephyr_DTS'
2026-09-07T06:28:14.5238753Z ##[endgroup]
2026-09-07T06:28:14.5614372Z [command]"C:\Program Files\Git\bin\git.exe" log -1 --format=%H
2026-09-07T06:28:14.5880870Z 801673704ce2de1e286c0003e2380231595a542b
2026-09-07T06:28:14.6402052Z ##[group]Run actions/setup-python@5fda3b95a4ea91299a34e894583c3862153e4b97
2026-09-07T06:28:14.6402519Z with:
2026-09-07T06:28:14.6402725Z   python-version: 3.12.10
2026-09-07T06:28:14.6402949Z   check-latest: false
2026-09-07T06:28:14.6405743Z   token: ***
2026-09-07T06:28:14.6405951Z   update-environment: true
2026-09-07T06:28:14.6406179Z   allow-prereleases: false
2026-09-07T06:28:14.6406398Z   freethreaded: false
2026-09-07T06:28:14.6406592Z ##[endgroup]
2026-09-07T06:28:14.7933959Z ##[group]Installed versions
2026-09-07T06:28:14.8035317Z Successfully set up CPython (3.12.10)
2026-09-07T06:28:14.8036208Z ##[endgroup]
2026-09-07T06:28:14.8319263Z ##[group]Run python -m pip install --disable-pip-version-check --no-deps --only-binary=:all: --require-hashes -r tools/ci/requirements-host.txt
2026-09-07T06:28:14.8320431Z [36;1mpython -m pip install --disable-pip-version-check --no-deps --only-binary=:all: --require-hashes -r tools/ci/requirements-host.txt[0m
2026-09-07T06:28:15.0032500Z shell: C:\Program Files\PowerShell\7\pwsh.EXE -command ". '{0}'"
2026-09-07T06:28:15.0032989Z env:
2026-09-07T06:28:15.0033375Z   pythonLocation: C:\hostedtoolcache\windows\Python\3.12.10\x64
2026-09-07T06:28:15.0034057Z   PKG_CONFIG_PATH: C:\hostedtoolcache\windows\Python\3.12.10\x64/lib/pkgconfig
2026-09-07T06:28:15.0034714Z   Python_ROOT_DIR: C:\hostedtoolcache\windows\Python\3.12.10\x64
2026-09-07T06:28:15.0036171Z   Python2_ROOT_DIR: C:\hostedtoolcache\windows\Python\3.12.10\x64
2026-09-07T06:28:15.0036754Z   Python3_ROOT_DIR: C:\hostedtoolcache\windows\Python\3.12.10\x64
2026-09-07T06:28:15.0037218Z ##[endgroup]
2026-09-07T06:28:19.3178211Z Collecting PyYAML==6.0.3 (from -r tools/ci/requirements-host.txt (line 1))
2026-09-07T06:28:19.5741655Z   Downloading pyyaml-6.0.3-cp312-cp312-win_amd64.whl (154 kB)
2026-09-07T06:28:19.8006173Z Installing collected packages: PyYAML
2026-09-07T06:28:19.8988738Z Successfully installed PyYAML-6.0.3
2026-09-07T06:28:20.0874386Z ##[group]Run python tools/ci/run_m12_gate.py host
2026-09-07T06:28:20.0874839Z [36;1mpython tools/ci/run_m12_gate.py host[0m
2026-09-07T06:28:20.0976327Z shell: C:\Program Files\PowerShell\7\pwsh.EXE -command ". '{0}'"
2026-09-07T06:28:20.0976668Z env:
2026-09-07T06:28:20.0976932Z   pythonLocation: C:\hostedtoolcache\windows\Python\3.12.10\x64
2026-09-07T06:28:20.0977396Z   PKG_CONFIG_PATH: C:\hostedtoolcache\windows\Python\3.12.10\x64/lib/pkgconfig
2026-09-07T06:28:20.0977860Z   Python_ROOT_DIR: C:\hostedtoolcache\windows\Python\3.12.10\x64
2026-09-07T06:28:20.0978294Z   Python2_ROOT_DIR: C:\hostedtoolcache\windows\Python\3.12.10\x64
2026-09-07T06:28:20.0978714Z   Python3_ROOT_DIR: C:\hostedtoolcache\windows\Python\3.12.10\x64
2026-09-07T06:28:20.0979039Z ##[endgroup]
2026-09-07T06:28:20.4071501Z [M12] exec: C:\hostedtoolcache\windows\Python\3.12.10\x64\python.exe -m unittest discover -v -s D:\a\NU54DK_Arduino_Core\NU54DK_Arduino_Core\tests\host -p test_ac01_contract.py
2026-09-07T06:28:20.5639156Z test_connector_dtsi_uses_only_approved_free_gpio_pair (test_ac01_contract.AC01ContractTests.test_connector_dtsi_uses_only_approved_free_gpio_pair) ... ok
2026-09-07T06:28:20.5654645Z test_safe_interrupt_and_timing_apis_have_real_backends (test_ac01_contract.AC01ContractTests.test_safe_interrupt_and_timing_apis_have_real_backends) ... ok
2026-09-07T06:28:20.5658113Z test_standard_and_ble_profiles_share_one_connector_definition (test_ac01_contract.AC01ContractTests.test_standard_and_ble_profiles_share_one_connector_definition) ... ok
2026-09-07T06:28:20.5667706Z test_variant_exposes_connector_capability_and_ownership (test_ac01_contract.AC01ContractTests.test_variant_exposes_connector_capability_and_ownership) ... ok
2026-09-07T06:28:20.5668428Z 
2026-09-07T06:28:20.5668707Z ----------------------------------------------------------------------
2026-09-07T06:28:20.5669060Z Ran 4 tests in 0.004s
2026-09-07T06:28:20.5669197Z 
2026-09-07T06:28:20.5669272Z OK
2026-09-07T06:28:20.5756996Z [M12] exec: C:\hostedtoolcache\windows\Python\3.12.10\x64\python.exe -m unittest discover -v -s D:\a\NU54DK_Arduino_Core\NU54DK_Arduino_Core\tests\host -p test_ac02b_analog_contract.py
2026-09-07T06:28:20.6531174Z test_examples_exist (test_ac02b_analog_contract.Ac02bAnalogContractTests.test_examples_exist) ... ok
2026-09-07T06:28:23.0879937Z test_math_contract_compiles (test_ac02b_analog_contract.Ac02bAnalogContractTests.test_math_contract_compiles) ... ok
2026-09-07T06:28:23.0881026Z test_production_pwm_route_backend_is_transactional (test_ac02b_analog_contract.Ac02bAnalogContractTests.test_production_pwm_route_backend_is_transactional)
2026-09-07T06:28:23.0886113Z Production adapter\uac00 B2 route \uc218\uba85\uc8fc\uae30\uc640 \uc2e4\ud328 \ubcf5\uad6c\ub97c \uc0ac\uc6a9\ud569\ub2c8\ub2e4. ... ok
2026-09-07T06:28:23.0894067Z test_public_implementation_contains_fixed_policy (test_ac02b_analog_contract.Ac02bAnalogContractTests.test_public_implementation_contains_fixed_policy) ... ok
2026-09-07T06:28:23.0896594Z test_recovery_failure_is_fail_closed_and_gpio_transition_is_rollbackable (test_ac02b_analog_contract.Ac02bAnalogContractTests.test_recovery_failure_is_fail_closed_and_gpio_transition_is_rollbackable)
2026-09-07T06:28:23.0919646Z \ubcf5\uad6c \uc2e4\ud328\uac00 \uc870\uc6a9\ud788 \uc0c1\ud0dc\ub97c \ubc84\ub9ac\uac70\ub098 route\ub97c \uc7ac\uc0ac\uc6a9\ud558\uc9c0 \uc54a\uc2b5\ub2c8\ub2e4. ... ok
2026-09-07T06:28:23.0924086Z test_servo_is_fixed_memory_pwm22_backend (test_ac02b_analog_contract.Ac02bAnalogContractTests.test_servo_is_fixed_memory_pwm22_backend) ... ok
2026-09-07T06:28:23.0931073Z test_target_contract_covers_adc_pwm_tone_servo_and_pm (test_ac02b_analog_contract.Ac02bAnalogContractTests.test_target_contract_covers_adc_pwm_tone_servo_and_pm) ... ok
2026-09-07T06:28:23.0932272Z 
2026-09-07T06:28:23.0932535Z ----------------------------------------------------------------------
2026-09-07T06:28:23.0933060Z Ran 7 tests in 2.440s
2026-09-07T06:28:23.0933266Z 
2026-09-07T06:28:23.0935940Z OK
2026-09-07T06:28:23.1032228Z [M12] exec: C:\hostedtoolcache\windows\Python\3.12.10\x64\python.exe -m unittest discover -v -s D:\a\NU54DK_Arduino_Core\NU54DK_Arduino_Core\tests\host -p test_ac02b_b2_contract.py
2026-09-07T06:28:23.1746445Z test_disabled_backends_and_library_discovery_fail_closed (test_ac02b_b2_contract.Ac02bPeripheralContractTests.test_disabled_backends_and_library_discovery_fail_closed) ... ok
2026-09-07T06:28:23.1749231Z test_instance_route_matrix_and_zero_psel_boundary_are_fixed (test_ac02b_b2_contract.Ac02bPeripheralContractTests.test_instance_route_matrix_and_zero_psel_boundary_are_fixed) ... ok
2026-09-07T06:28:23.1761850Z test_lifecycle_and_fail_closed_operations_are_present (test_ac02b_b2_contract.Ac02bPeripheralContractTests.test_lifecycle_and_fail_closed_operations_are_present) ... ok
2026-09-07T06:28:23.1764263Z test_public_concrete_types_and_capabilities_are_explicit (test_ac02b_b2_contract.Ac02bPeripheralContractTests.test_public_concrete_types_and_capabilities_are_explicit) ... ok
2026-09-07T06:28:23.1769473Z test_public_diagnostics_distinguish_runtime_routes_and_serial1 (test_ac02b_b2_contract.Ac02bPeripheralContractTests.test_public_diagnostics_distinguish_runtime_routes_and_serial1) ... ok
2026-09-07T06:28:23.1773665Z test_wire_target_and_extra_instances_are_not_faked (test_ac02b_b2_contract.Ac02bPeripheralContractTests.test_wire_target_and_extra_instances_are_not_faked) ... ok
2026-09-07T06:28:23.1774355Z 
2026-09-07T06:28:23.1774502Z ----------------------------------------------------------------------
2026-09-07T06:28:23.1774836Z Ran 6 tests in 0.004s
2026-09-07T06:28:23.1774972Z 
2026-09-07T06:28:23.1775036Z OK
2026-09-07T06:28:23.1854982Z [M12] exec: C:\hostedtoolcache\windows\Python\3.12.10\x64\python.exe -m unittest discover -v -s D:\a\NU54DK_Arduino_Core\NU54DK_Arduino_Core\tests\host -p test_ac03_storage_contract.py
2026-09-07T06:28:23.3215301Z test_approved_legacy_headers_and_examples_exist (test_ac03_storage_contract.AC03StorageContractTests.test_approved_legacy_headers_and_examples_exist)
2026-09-07T06:28:23.3218636Z ! @brief \ub300\ud45c Arduino include\uc640 \uc138 \uacf5\uac1c \uc608\uc81c\ub97c \uac80\uc99d\ud569\ub2c8\ub2e4. ... ok
2026-09-07T06:28:23.3220181Z test_builder_validates_the_effective_linker_partition (test_ac03_storage_contract.AC03StorageContractTests.test_builder_validates_the_effective_linker_partition)
2026-09-07T06:28:23.3292322Z ! @brief generated DTS\uc640 linker map\uc758 \uc77c\uce58\ub97c \uc0b0\ucd9c\ubb3c \uacf5\uac1c \uc804\uc5d0 \uac80\uc99d\ud569\ub2c8\ub2e4. ... ok
2026-09-07T06:28:23.3293665Z test_eeprom_record_and_explicit_commit_contract (test_ac03_storage_contract.AC03StorageContractTests.test_eeprom_record_and_explicit_commit_contract)
2026-09-07T06:28:23.3303235Z ! @brief EEPROM\uc758 mirror, CRC, bounds, \uba85\uc2dc\uc801 commit \uacc4\uc57d\uc744 \uac80\uc99d\ud569\ub2c8\ub2e4. ... ok
2026-09-07T06:28:23.3304671Z test_feature_manifests_are_allowlisted_and_profile_compatible (test_ac03_storage_contract.AC03StorageContractTests.test_feature_manifests_are_allowlisted_and_profile_compatible)
2026-09-07T06:28:23.3342146Z ! @brief EEPROM\uacfc LittleFS\uc758 \uc120\uc5b8\ud615 build \uc785\ub825\uc744 \uac80\uc99d\ud569\ub2c8\ub2e4. ... ok
2026-09-07T06:28:23.3343663Z test_littlefs_default_mount_cannot_format (test_ac03_storage_contract.AC03StorageContractTests.test_littlefs_default_mount_cannot_format)
2026-09-07T06:28:23.3346570Z ! @brief \uae30\ubcf8 mount\uc640 \uba85\uc2dc\uc801 format \uacbd\uacc4\ub97c \uac80\uc99d\ud569\ub2c8\ub2e4. ... ok
2026-09-07T06:28:23.3348542Z test_partition_is_common_exact_and_non_overlapping (test_ac03_storage_contract.AC03StorageContractTests.test_partition_is_common_exact_and_non_overlapping)
2026-09-07T06:28:23.3361746Z ! @brief \ub450 profile\uc774 \uac19\uc740 loaderless flash \ubd84\ud560\uacfc linker \uc124\uc815\uc744 \ud3ec\ud568\ud558\ub294\uc9c0 \uac80\uc99d\ud569\ub2c8\ub2e4. ... ok
2026-09-07T06:28:23.3362385Z 
2026-09-07T06:28:23.3363362Z ----------------------------------------------------------------------
2026-09-07T06:28:23.3363724Z Ran 6 tests in 0.015s
2026-09-07T06:28:23.3363858Z 
2026-09-07T06:28:23.3363930Z OK
2026-09-07T06:28:23.3486426Z [M12] exec: C:\hostedtoolcache\windows\Python\3.12.10\x64\python.exe -m unittest discover -v -s D:\a\NU54DK_Arduino_Core\NU54DK_Arduino_Core\tests\host -p test_build_matrix_runner.py
2026-09-07T06:28:23.7398770Z test_all_nu54dk_testcase_metadata_is_in_canonical_runner (test_build_matrix_runner.BuildMatrixRunnerTests.test_all_nu54dk_testcase_metadata_is_in_canonical_runner)
2026-09-07T06:28:23.7885325Z ! @brief \ub3c5\ub9bd testcase YAML\uc744 \ub300\uc870\ud558\uc5ec \uc0c8 target\uc758 canonical \ubaa9\ub85d \ub204\ub77d\uc744 \uac70\ubd80\ud569\ub2c8\ub2e4. ... ok
2026-09-07T06:28:23.7888922Z ARDUINO_CLI_BOOTSTRAP_RETRY=1/2;DELAY_SECONDS=2
2026-09-07T06:28:23.7892224Z test_arduino_compile_retries_only_bootstrap_failure (test_build_matrix_runner.BuildMatrixRunnerTests.test_arduino_compile_retries_only_bootstrap_failure) ... ok
2026-09-07T06:28:23.7894410Z test_arduino_groups_are_explicit_and_disjoint (test_build_matrix_runner.BuildMatrixRunnerTests.test_arduino_groups_are_explicit_and_disjoint) ... ok
2026-09-07T06:28:23.7896817Z test_child_python_output_is_unbuffered (test_build_matrix_runner.BuildMatrixRunnerTests.test_child_python_output_is_unbuffered) ... ok
2026-09-07T06:28:23.8040693Z test_serial_source_validator_rejects_false_positive_builds (test_build_matrix_runner.BuildMatrixRunnerTests.test_serial_source_validator_rejects_false_positive_builds) ... ok
2026-09-07T06:28:23.8044961Z test_target_subset_never_silently_escapes_group (test_build_matrix_runner.BuildMatrixRunnerTests.test_target_subset_never_silently_escapes_group) ... ok
2026-09-07T06:28:23.8058219Z test_zephyr_failure_summary_identifies_scenario (test_build_matrix_runner.BuildMatrixRunnerTests.test_zephyr_failure_summary_identifies_scenario) ... ok
2026-09-07T06:28:23.8059891Z test_zephyr_groups_partition_every_suite_once (test_build_matrix_runner.BuildMatrixRunnerTests.test_zephyr_groups_partition_every_suite_once) ... ok
2026-09-07T06:28:23.8067314Z test_zephyr_plan_uses_short_isolated_outdirs (test_build_matrix_runner.BuildMatrixRunnerTests.test_zephyr_plan_uses_short_isolated_outdirs) ... ok
2026-09-07T06:28:23.8068387Z 
2026-09-07T06:28:23.8068549Z ----------------------------------------------------------------------
2026-09-07T06:28:23.8069251Z Ran 9 tests in 0.067s
2026-09-07T06:28:23.8069403Z 
2026-09-07T06:28:23.8069472Z OK
2026-09-07T06:28:23.8224837Z [M12] exec: C:\hostedtoolcache\windows\Python\3.12.10\x64\python.exe -m unittest discover -v -s D:\a\NU54DK_Arduino_Core\NU54DK_Arduino_Core\tests\host -p test_compact_tokens.py
2026-09-07T06:28:25.1053309Z test_transactions_match_prior_lease_algorithm (test_compact_tokens.CompactTokenTests.test_transactions_match_prior_lease_algorithm) ... ok
2026-09-07T06:28:25.1054203Z 
2026-09-07T06:28:25.1054410Z ----------------------------------------------------------------------
2026-09-07T06:28:25.1054815Z Ran 1 test in 1.208s
2026-09-07T06:28:25.1054968Z 
2026-09-07T06:28:25.1055047Z OK
2026-09-07T06:28:25.1145766Z [M12] exec: C:\hostedtoolcache\windows\Python\3.12.10\x64\python.exe -m unittest discover -v -s D:\a\NU54DK_Arduino_Core\NU54DK_Arduino_Core\tests\host -p test_fixed_gate_runner.py
2026-09-07T06:28:25.2230522Z test_main_rejects_different_repository_root (test_fixed_gate_runner.FixedGateRunnerTests.test_main_rejects_different_repository_root) ... ok
2026-09-07T06:28:25.2242149Z test_parser_rejects_arbitrary_host_command (test_fixed_gate_runner.FixedGateRunnerTests.test_parser_rejects_arbitrary_host_command) ... ok
2026-09-07T06:28:25.2245825Z test_runtime_fingerprint_normalizes_only_platform_version (test_fixed_gate_runner.FixedGateRunnerTests.test_runtime_fingerprint_normalizes_only_platform_version) ... ok
2026-09-07T06:28:25.2289400Z test_short_workspace_preserves_existing_slot (test_fixed_gate_runner.FixedGateRunnerTests.test_short_workspace_preserves_existing_slot) ... ok
2026-09-07T06:28:25.2821021Z test_short_workspace_rejects_exhausted_slots (test_fixed_gate_runner.FixedGateRunnerTests.test_short_workspace_rejects_exhausted_slots) ... ok
2026-09-07T06:28:25.2839674Z test_short_workspace_rejects_long_path_budget (test_fixed_gate_runner.FixedGateRunnerTests.test_short_workspace_rejects_long_path_budget) ... ok
2026-09-07T06:28:25.2854519Z test_smoke_cli_config_isolates_data_downloads_and_user (test_fixed_gate_runner.FixedGateRunnerTests.test_smoke_cli_config_isolates_data_downloads_and_user) ... ok
2026-09-07T06:28:25.2856954Z test_smoke_scope_uses_only_canonical_m9_name (test_fixed_gate_runner.FixedGateRunnerTests.test_smoke_scope_uses_only_canonical_m9_name) ... ok
2026-09-07T06:28:25.3837698Z test_stage_zephyr_gate_tree_preserves_relative_core_root (test_fixed_gate_runner.FixedGateRunnerTests.test_stage_zephyr_gate_tree_preserves_relative_core_root) ... ok
2026-09-07T06:28:25.3922561Z test_twister_result_binds_report_to_workspace (test_fixed_gate_runner.FixedGateRunnerTests.test_twister_result_binds_report_to_workspace) ... ok
2026-09-07T06:28:25.4006497Z test_twister_result_rejects_non_build_only_status (test_fixed_gate_runner.FixedGateRunnerTests.test_twister_result_rejects_non_build_only_status) ... ok
2026-09-07T06:28:25.4157320Z test_twister_result_requires_exact_build_only_set (test_fixed_gate_runner.FixedGateRunnerTests.test_twister_result_requires_exact_build_only_set) ... ok
2026-09-07T06:28:25.4301113Z test_validate_platform_accepts_exact_identity (test_fixed_gate_runner.FixedGateRunnerTests.test_validate_platform_accepts_exact_identity) ... ok
2026-09-07T06:28:25.4415525Z test_validate_platform_rejects_payload_tampering (test_fixed_gate_runner.FixedGateRunnerTests.test_validate_platform_rejects_payload_tampering) ... ok
2026-09-07T06:28:25.4418915Z test_zephyr_command_uses_short_non_junction_contract (test_fixed_gate_runner.FixedGateRunnerTests.test_zephyr_command_uses_short_non_junction_contract) ... ok
2026-09-07T06:28:25.4467505Z test_zephyr_environment_stages_fixed_demangler (test_fixed_gate_runner.FixedGateRunnerTests.test_zephyr_environment_stages_fixed_demangler) ... ok
2026-09-07T06:28:25.4468262Z 
2026-09-07T06:28:25.4468435Z ----------------------------------------------------------------------
2026-09-07T06:28:25.4468962Z Ran 16 tests in 0.227s
2026-09-07T06:28:25.4469169Z 
2026-09-07T06:28:25.4469248Z OK
2026-09-07T06:28:25.4585763Z [M12] exec: C:\hostedtoolcache\windows\Python\3.12.10\x64\python.exe -m unittest discover -v -s D:\a\NU54DK_Arduino_Core\NU54DK_Arduino_Core\tests\host -p test_host_compiler.py
2026-09-07T06:28:25.5700237Z test_c_flags_are_independent_of_cxx_flags (test_host_compiler.HostCompilerTests.test_c_flags_are_independent_of_cxx_flags) ... ok
2026-09-07T06:28:25.5724376Z test_defaults_preserve_gcc_first_selection (test_host_compiler.HostCompilerTests.test_defaults_preserve_gcc_first_selection) ... ok
2026-09-07T06:28:25.5748075Z test_explicit_compiler_and_arguments_preserve_spaces (test_host_compiler.HostCompilerTests.test_explicit_compiler_and_arguments_preserve_spaces) ... ok
2026-09-07T06:28:25.5845089Z test_invalid_flags_are_rejected_without_shell_parsing (test_host_compiler.HostCompilerTests.test_invalid_flags_are_rejected_without_shell_parsing) ... ok
2026-09-07T06:28:25.5868954Z test_missing_explicit_compiler_does_not_fall_back_or_skip (test_host_compiler.HostCompilerTests.test_missing_explicit_compiler_does_not_fall_back_or_skip) ... ok
2026-09-07T06:28:25.5892762Z test_optional_absence_and_invalid_language (test_host_compiler.HostCompilerTests.test_optional_absence_and_invalid_language) ... ok
2026-09-07T06:28:25.5893391Z 
2026-09-07T06:28:25.5893557Z ----------------------------------------------------------------------
2026-09-07T06:28:25.5893921Z Ran 6 tests in 0.023s
2026-09-07T06:28:25.5894069Z 
2026-09-07T06:28:25.5894144Z OK
2026-09-07T06:28:25.6011002Z [M12] exec: C:\hostedtoolcache\windows\Python\3.12.10\x64\python.exe -m unittest discover -v -s D:\a\NU54DK_Arduino_Core\NU54DK_Arduino_Core\tests\host -p test_m10_prerequisites.py
2026-09-07T06:28:25.7282698Z test_builder_launcher_isolates_embedded_python_runtime (test_m10_prerequisites.M10PrerequisiteContractTests.test_builder_launcher_isolates_embedded_python_runtime)
2026-09-07T06:28:25.7458274Z ! @brief \uc678\ubd80 Python \ud658\uacbd\uc774 NCS Toolchain \ud45c\uc900 library\ub97c \uc624\uc5fc\uc2dc\ud0a4\uc9c0 \ubabb\ud558\uac8c \ud569\ub2c8\ub2e4. ... ok
2026-09-07T06:28:25.7459611Z test_builder_launcher_searches_exact_user_toolchain_first (test_m10_prerequisites.M10PrerequisiteContractTests.test_builder_launcher_searches_exact_user_toolchain_first)
2026-09-07T06:28:25.7582168Z ! @brief Arduino process\uac00 PATH \uc5c6\uc774 \uc0ac\uc6a9\uc790 profile\uc758 \uace0\uc815 Python\uc744 \ucc3e\uc2b5\ub2c8\ub2e4. ... ok
2026-09-07T06:28:25.7583609Z test_changed_pin_hash_is_rejected (test_m10_prerequisites.M10PrerequisiteContractTests.test_changed_pin_hash_is_rejected)
2026-09-07T06:28:25.7755096Z ! @brief package pin byte\uac00 \ubc14\ub00c\uba74 \uacfc\uac70 \uc644\ub8cc marker\ub97c \uc7ac\uc0ac\uc6a9\ud558\uc9c0 \uc54a\uc2b5\ub2c8\ub2e4. ... ok
2026-09-07T06:28:25.7757635Z test_empty_explicit_ncs_root_does_not_fall_back (test_m10_prerequisites.M10PrerequisiteContractTests.test_empty_explicit_ncs_root_does_not_fall_back)
2026-09-07T06:28:25.7934146Z ! @brief \ud658\uacbd \ubcc0\uc218\ub97c \ube48 \uac12\uc73c\ub85c \uba85\uc2dc\ud574\ub3c4 \uae30\uc874 NCS\ub97c \uc120\ud0dd\ud558\uc9c0 \uc54a\uc2b5\ub2c8\ub2e4. ... ok
2026-09-07T06:28:25.7935235Z test_explicit_ncs_root_is_authoritative (test_m10_prerequisites.M10PrerequisiteContractTests.test_explicit_ncs_root_is_authoritative)
2026-09-07T06:28:25.8131055Z ! @brief \uba85\uc2dc\ud55c NCS root\ub9cc \uc120\ud0dd\ud558\uace0 \uae30\ubcf8 \uc124\uce58 \ud6c4\ubcf4\ub97c \uc870\ud68c\ud558\uc9c0 \uc54a\uc2b5\ub2c8\ub2e4. ... ok
2026-09-07T06:28:25.8133051Z test_gitless_revision_falls_back_only_to_valid_release_manifest (test_m10_prerequisites.M10PrerequisiteContractTests.test_gitless_revision_falls_back_only_to_valid_release_manifest)
2026-09-07T06:28:25.8768106Z ! @brief \uc0c1\uc704 Git\uc744 \uc624\uc778\ud558\uc9c0 \uc54a\uace0 40\uc790\ub9ac archive revision\ub9cc \uc0ac\uc6a9\ud569\ub2c8\ub2e4. ... ok
2026-09-07T06:28:25.8769758Z test_incomplete_or_wrong_ready_marker_is_rejected (test_m10_prerequisites.M10PrerequisiteContractTests.test_incomplete_or_wrong_ready_marker_is_rejected)
2026-09-07T06:28:25.9060205Z ! @brief incomplete \uc0c1\ud0dc\uc640 \ub2e4\ub978 Toolchain marker\ub97c \ubaa8\ub450 fail-closed \ucc98\ub9ac\ud569\ub2c8\ub2e4. ... ok
2026-09-07T06:28:25.9061349Z test_installer_is_user_scoped_resumable_and_version_checked (test_m10_prerequisites.M10PrerequisiteContractTests.test_installer_is_user_scoped_resumable_and_version_checked)
2026-09-07T06:28:25.9241363Z ! @brief \uc124\uce58\uae30\ub294 \uc0ac\uc6a9\uc790 \uacbd\ub85c\uc640 \ub2e8\uacc4 marker\ub9cc \uc0ac\uc6a9\ud558\uace0 \uace0\uc815 version\uc744 \ud655\uc778\ud569\ub2c8\ub2e4. ... ok
2026-09-07T06:28:25.9242862Z test_installer_sets_utf8_before_any_runtime_output (test_m10_prerequisites.M10PrerequisiteContractTests.test_installer_sets_utf8_before_any_runtime_output)
2026-09-07T06:28:25.9346158Z ! @brief \uc124\uce58\uae30\uac00 \uccab \ucd9c\ub825 \uc804\uc5d0 PS 5.1 console\uacfc native pipe\ub97c UTF-8\ub85c \uace0\uc815\ud569\ub2c8\ub2e4. ... ok
2026-09-07T06:28:25.9347759Z test_installer_uses_powershell_51_compatible_log_append (test_m10_prerequisites.M10PrerequisiteContractTests.test_installer_uses_powershell_51_compatible_log_append)
2026-09-07T06:28:27.9341252Z ! @brief PS 5.1\uc5d0\uc11c \ud5c8\uc6a9\ub418\uc9c0 \uc54a\ub294 Tee \ub9e4\uac1c \ubcc0\uc218 \uc870\ud569\uc744 \ucc28\ub2e8\ud569\ub2c8\ub2e4. ... ok
2026-09-07T06:28:27.9342876Z test_invalid_explicit_ncs_root_does_not_fall_back (test_m10_prerequisites.M10PrerequisiteContractTests.test_invalid_explicit_ncs_root_does_not_fall_back)
2026-09-07T06:28:27.9546761Z ! @brief \uaca9\ub9ac NCS\uac00 \uc5c6\uc744 \ub54c \uae30\uc874 \uc0ac\uc6a9\uc790�C \ub4dc\ub77c\uc774\ube0c \uc124\uce58\ub85c \uc0c8\uc9c0 \uc54a\uc2b5\ub2c8\ub2e4. ... ok
2026-09-07T06:28:27.9549125Z test_matching_release_manifest_and_ready_marker_are_accepted (test_m10_prerequisites.M10PrerequisiteContractTests.test_matching_release_manifest_and_ready_marker_are_accepted)
2026-09-07T06:28:27.9702500Z ! @brief package, pin\uacfc \uc124\uce58 marker\uc758 3-way identity\uac00 \uac19\uc73c\uba74 \uc2b9\uc778\ud569\ub2c8\ub2e4. ... ok
2026-09-07T06:28:27.9704431Z test_packaged_revisions_use_bundled_git_with_empty_path (test_m10_prerequisites.M10PrerequisiteContractTests.test_packaged_revisions_use_bundled_git_with_empty_path)
2026-09-07T06:28:28.0043610Z ! @brief system Git\uc774 \uc5c6\uc5b4\ub3c4 NCS/Zephyr\ub294 Toolchain Git\uc73c\ub85c\ub9cc \uc870\ud68c\ud569\ub2c8\ub2e4. ... ok
2026-09-07T06:28:28.0045150Z test_packaged_toolchain_discovery_requires_only_pinned_bundle (test_m10_prerequisites.M10PrerequisiteContractTests.test_packaged_toolchain_discovery_requires_only_pinned_bundle)
2026-09-07T06:28:28.0332053Z ! @brief package\ub294 env\uc640 registry\uc758 \ub2e4\ub978 bundle\uc744 \ubb34\uc2dc\ud558\uace0 exact pin\ub9cc \uc120\ud0dd\ud569\ub2c8\ub2e4. ... ok
2026-09-07T06:28:28.0334726Z test_pin_file_fixes_official_bytes_and_all_nordic_versions (test_m10_prerequisites.M10PrerequisiteContractTests.test_pin_file_fixes_official_bytes_and_all_nordic_versions)
2026-09-07T06:28:28.0436282Z ! @brief \uacf5\uc2dd URL, byte hash\uc640 SDK/Toolchain revision\uc774 \uc815\ud655\ud788 \uace0\uc815\ub429\ub2c8\ub2e4. ... ok
2026-09-07T06:28:28.0438271Z test_post_install_cmd_emits_strict_utf8_for_korean_output (test_m10_prerequisites.M10PrerequisiteContractTests.test_post_install_cmd_emits_strict_utf8_for_korean_output)
2026-09-07T06:28:28.5402844Z ! @brief Arduino gRPC\uc5d0 \uc804\ub2ec\ud560 \ud55c\uae00 \ucd9c\ub825\uc744 \uc5c4\uaca9\ud55c UTF-8\ub85c \ubcf4\uc7a5\ud569\ub2c8\ub2e4. ... ok
2026-09-07T06:28:28.5404258Z test_post_install_cmd_preserves_quoted_platform_root_and_exit_code (test_m10_prerequisites.M10PrerequisiteContractTests.test_post_install_cmd_preserves_quoted_platform_root_and_exit_code)
2026-09-07T06:28:29.0206789Z ! @brief trailing slash\uc640 \uacf5\ubc31\uc774 \uc788\ub294 package root\ub97c \uc2e4\uc81c CMD \ud638\ucd9c\ub85c \ubcf4\uc874\ud569\ub2c8\ub2e4. ... ok
2026-09-07T06:28:29.0208220Z test_post_install_propagates_powershell_exit_code (test_m10_prerequisites.M10PrerequisiteContractTests.test_post_install_propagates_powershell_exit_code)
2026-09-07T06:28:29.0315372Z ! @brief Arduino hook\uac00 \uc124\uce58 \uc2e4\ud328\ub97c \uc131\uacf5\uc73c\ub85c \uc228\uae30\uc9c0 \uc54a\uc2b5\ub2c8\ub2e4. ... ok
2026-09-07T06:28:29.0317361Z test_powershell_install_and_verify_scripts_parse (test_m10_prerequisites.M10PrerequisiteContractTests.test_powershell_install_and_verify_scripts_parse)
2026-09-07T06:28:29.4736828Z ! @brief clean Windows\uc5d0\uc11c \uc2e4\ud589\ud560 \ub450 PowerShell script\uac00 parser \uc624\ub958 \uc5c6\uc774 \uc77d\ud799\ub2c8\ub2e4. ... ok
2026-09-07T06:28:29.4738129Z test_powershell_scripts_do_not_depend_on_hash_module_autoload (test_m10_prerequisites.M10PrerequisiteContractTests.test_powershell_scripts_do_not_depend_on_hash_module_autoload)
2026-09-07T06:28:29.4843317Z ! @brief clean PowerShell\uc5d0\uc11c SHA-256 cmdlet \uc790\ub3d9 \ub85c\ub4dc\uc5d0 \uc758\uc874\ud558\uc9c0 \uc54a\uc2b5\ub2c8\ub2e4. ... ok
2026-09-07T06:28:29.4844774Z test_sdk_manager_requirement_uses_exact_version_operator (test_m10_prerequisites.M10PrerequisiteContractTests.test_sdk_manager_requirement_uses_exact_version_operator)
2026-09-07T06:28:29.4947441Z ! @brief nRF Util installation set\uc774 sdk-manager patch version\uae4c\uc9c0 \uace0\uc815\ud569\ub2c8\ub2e4. ... ok
2026-09-07T06:28:29.4948774Z test_toolchain_manifest_bundle_id_is_verified (test_m10_prerequisites.M10PrerequisiteContractTests.test_toolchain_manifest_bundle_id_is_verified)
2026-09-07T06:28:29.5126851Z ! @brief directory \uc774\ub984\uacfc \ub0b4\ubd80 Nordic bundle metadata\uac00 \ubaa8\ub450 pin\uacfc \uac19\uc544\uc57c \ud569\ub2c8\ub2e4. ... ok
2026-09-07T06:28:29.5128550Z test_verifier_checks_reused_marker_version_and_normalized_nrfutil_path (test_m10_prerequisites.M10PrerequisiteContractTests.test_verifier_checks_reused_marker_version_and_normalized_nrfutil_path)
2026-09-07T06:28:29.5231694Z ! @brief verifier\uac00 Builder\uc640 \uac19\uc740 ready marker version/path \uacc4\uc57d\uc744 \uc801\uc6a9\ud569\ub2c8\ub2e4. ... ok
2026-09-07T06:28:29.5233740Z test_verify_script_initializes_utf8_before_runtime_setup (test_m10_prerequisites.M10PrerequisiteContractTests.test_verify_script_initializes_utf8_before_runtime_setup)
2026-09-07T06:28:29.5334845Z ! @brief \uac80\uc99d subprocess\ub3c4 \uccab \ucd9c\ub825 \uc804\uc5d0 UTF-8 \ucd9c\ub825\uc744 \uace0\uc815\ud569\ub2c8\ub2e4. ... ok
2026-09-07T06:28:29.5335577Z 
2026-09-07T06:28:29.5335764Z ----------------------------------------------------------------------
2026-09-07T06:28:29.5336202Z Ran 24 tests in 3.805s
2026-09-07T06:28:29.5336369Z 
2026-09-07T06:28:29.5336458Z OK
2026-09-07T06:28:29.5493281Z [M12] exec: C:\hostedtoolcache\windows\Python\3.12.10\x64\python.exe -m unittest discover -v -s D:\a\NU54DK_Arduino_Core\NU54DK_Arduino_Core\tests\host -p test_m10_remote_runner.py
2026-09-07T06:28:29.6311822Z test_arduino_cli_15_uses_supported_json_flags (test_m10_remote_runner.M10RemoteRunnerContractTests.test_arduino_cli_15_uses_supported_json_flags)
2026-09-07T06:28:29.6313941Z ! @brief \ub300\uc0c1 Arduino CLI 1.5 \uacc4\uc5f4\uc774 \uc9c0\uc6d0\ud558\ub294 global JSON flag\ub97c \uc0ac\uc6a9\ud569\ub2c8\ub2e4. ... ok
2026-09-07T06:28:29.6315800Z test_checkpoint_writes_are_atomic_and_write_through (test_m10_remote_runner.M10RemoteRunnerContractTests.test_checkpoint_writes_are_atomic_and_write_through)
2026-09-07T06:28:30.6845959Z ! @brief state/evidence\uac00 \uac19\uc740 directory\uc758 \uc784\uc2dc \ud30c\uc77c\uc5d0\uc11c \uc6d0\uc790 \uad50\uccb4\ub429\ub2c8\ub2e4. ... ok
2026-09-07T06:28:30.6847662Z test_clean_baseline_requires_absent_ncs_and_prerequisite_state (test_m10_remote_runner.M10RemoteRunnerContractTests.test_clean_baseline_requires_absent_ncs_and_prerequisite_state)
2026-09-07T06:28:30.6848816Z ! @brief fresh M10 run\uc740 \uae30\uc874 Nordic \uc124\uce58\ub97c clean \uc124\uce58\ub85c \uc624\uc778\ud558\uc9c0 \uc54a\uc2b5\ub2c8\ub2e4. ... ok
2026-09-07T06:28:30.6849800Z test_complete_lifecycle_is_checkpointed (test_m10_remote_runner.M10RemoteRunnerContractTests.test_complete_lifecycle_is_checkpointed)
2026-09-07T06:28:30.6852467Z ! @brief \uc124\uce58\ubd80\ud130 uninstall \ubc0f reinstall\uae4c\uc9c0 \ubaa8\ub4e0 \ub2e8\uacc4 \uc774\ub984\uc744 \uace0\uc815\ud569\ub2c8\ub2e4. ... ok
2026-09-07T06:28:30.6854989Z test_exact_arduino_cli_identity_is_asserted_and_recorded (test_m10_remote_runner.M10RemoteRunnerContractTests.test_exact_arduino_cli_identity_is_asserted_and_recorded)
2026-09-07T06:28:30.6857787Z ! @brief version \ubb38\uc790\uc5f4\ubfd0 \uc544\ub2c8\ub77c commit\uacfc \uc2e4\ud589 \ud30c\uc77c hash\ub3c4 \uace0\uc815\ud569\ub2c8\ub2e4. ... ok
2026-09-07T06:28:30.6860113Z test_failed_post_install_can_be_retried_for_an_installed_core (test_m10_remote_runner.M10RemoteRunnerContractTests.test_failed_post_install_can_be_retried_for_an_installed_core)
2026-09-07T06:28:31.0310372Z ! @brief CLI\uac00 \uc124\uce58\ub428\uc73c\ub85c \ub0a8\uae34 core\ub3c4 post-install\uc744 \uc9c1\uc811 \uc7ac\uc2e4\ud589\ud569\ub2c8\ub2e4. ... ok
2026-09-07T06:28:31.0311925Z test_idempotent_uninstall_runs_once_when_core_is_installed (test_m10_remote_runner.M10RemoteRunnerContractTests.test_idempotent_uninstall_runs_once_when_core_is_installed)
2026-09-07T06:28:31.3815304Z ! @brief \uc815\uc0c1 \uc124\uce58 \uc0c1\ud0dc\uc5d0\uc11c\ub294 uninstall\uc744 \uc815\ud655\ud788 \ud55c \ubc88 \ud638\ucd9c\ud569\ub2c8\ub2e4. ... ok
2026-09-07T06:28:31.3818106Z test_index_cannot_redirect_to_an_arbitrary_archive (test_m10_remote_runner.M10RemoteRunnerContractTests.test_index_cannot_redirect_to_an_arbitrary_archive)
2026-09-07T06:28:31.3819893Z ! @brief index\uc758 filename\uacfc EIDOSDATA release URL\uc744 version\ubcc4\ub85c \uace0\uc815\ud569\ub2c8\ub2e4. ... ok
2026-09-07T06:28:31.3821587Z test_installed_release_byte_provenance_is_in_evidence (test_m10_remote_runner.M10RemoteRunnerContractTests.test_installed_release_byte_provenance_is_in_evidence)
2026-09-07T06:28:31.3823017Z ! @brief \uc124\uce58 archive\uc640 release manifest\uc758 commit/checksum identity\ub97c \ub0a8\uae41\ub2c8\ub2e4. ... ok
2026-09-07T06:28:31.3824119Z test_local_runner_has_windows_powershell_utf8_signature (test_m10_remote_runner.M10RemoteRunnerContractTests.test_local_runner_has_windows_powershell_utf8_signature)
2026-09-07T06:28:31.3825214Z ! @brief \ud55c\uae00 \uc2e4\ud589\uae30\ub97c \uc601\ubb38 Windows PowerShell 5.1\ub3c4 UTF-8\ub85c \uc77d\uac8c \ud569\ub2c8\ub2e4. ... ok
2026-09-07T06:28:31.3826264Z test_multi_probe_failure_preserves_count_in_evidence (test_m10_remote_runner.M10RemoteRunnerContractTests.test_multi_probe_failure_preserves_count_in_evidence)
2026-09-07T06:28:31.3827403Z ! @brief \uc120\ud0dd \uc5c6\ub294 multi-probe \uc2e4\ud328 evidence\uc5d0 \uc2e4\uc81c count\uc640 \ucc28\ub2e8 \uc0ac\uc720\ub97c \ub0a8\uae41\ub2c8\ub2e4. ... ok
2026-09-07T06:28:31.3828470Z test_native_command_returns_one_object_under_strict_mode (test_m10_remote_runner.M10RemoteRunnerContractTests.test_native_command_returns_one_object_under_strict_mode)
2026-09-07T06:28:32.7671497Z ! @brief PS 5.1 Task \uacb0\uacfc\uac00 success stream\uc5d0 \uc11e\uc5ec JSON \uacb0\uacfc\ub97c \ubc30\uc5f4\ub85c \ub9cc\ub4e4\uc9c0 \uc54a\uc2b5\ub2c8\ub2e4. ... ok
2026-09-07T06:28:32.7672742Z test_native_output_is_disk_spooled_and_tail_bounded (test_m10_remote_runner.M10RemoteRunnerContractTests.test_native_output_is_disk_spooled_and_tail_bounded)
2026-09-07T06:28:34.7500412Z ! @brief \uc7a5\uc2dc\uac04 native \ucd9c\ub825\uc740 file\ub85c \ud758\ub9ac\uace0 \uc81c\ud55c\ub41c tail\ub9cc \uba54\ubaa8\ub9ac\uc5d0 \ubc18\ud658\ud569\ub2c8\ub2e4. ... ok
2026-09-07T06:28:34.7501945Z test_nordic_verifier_is_invoked_from_installed_platform (test_m10_remote_runner.M10RemoteRunnerContractTests.test_nordic_verifier_is_invoked_from_installed_platform)
2026-09-07T06:28:34.7502989Z ! @brief \uc124\uce58\ub41c core \ub0b4\ubd80 verifier\ub97c JSON mode\ub85c \uba85\uc2dc \uc2e4\ud589\ud569\ub2c8\ub2e4. ... ok
2026-09-07T06:28:34.7503940Z test_powershell_51_parser_accepts_both_scripts (test_m10_remote_runner.M10RemoteRunnerContractTests.test_powershell_51_parser_accepts_both_scripts)
2026-09-07T06:28:35.1474742Z ! @brief Windows PowerShell parser\uac00 \ub450 \ud30c\uc77c\uc744 \uc624\ub958 \uc5c6\uc774 \ud574\uc11d\ud569\ub2c8\ub2e4. ... ok
2026-09-07T06:28:35.1476720Z test_probe_identity_and_credentials_are_redacted (test_m10_remote_runner.M10RemoteRunnerContractTests.test_probe_identity_and_credentials_are_redacted)
2026-09-07T06:28:35.1478574Z ! @brief probe UID\uc640 \uc790\uaca9 \uc99d\uba85 \ud615\ud0dc\ub97c \ub450 \uc2e4\ud589\uae30\uc5d0\uc11c \uc81c\uac70\ud569\ub2c8\ub2e4. ... ok
2026-09-07T06:28:35.1480472Z test_probe_is_required_unless_explicitly_relaxed (test_m10_remote_runner.M10RemoteRunnerContractTests.test_probe_is_required_unless_explicitly_relaxed)
2026-09-07T06:28:35.1482345Z ! @brief \uae30\ubcf8 HIL\uc740 probe\ub97c \uc694\uad6c\ud558\uace0 \uc870\uc0ac \uc2e4\ud589\ub9cc \uba85\uc2dc\uc801\uc73c\ub85c \uc0dd\ub7b5\ud569\ub2c8\ub2e4. ... ok
2026-09-07T06:28:35.1484096Z test_public_index_uses_repository_owner (test_m10_remote_runner.M10RemoteRunnerContractTests.test_public_index_uses_repository_owner)
2026-09-07T06:28:35.1486023Z ! @brief \uae30\ubcf8 index\uac00 \uacf5\uac1c EIDOSDATA \uc800\uc7a5\uc18c\ub97c \uac00\ub9ac\ud0a4\ub294\uc9c0 \uac80\uc99d\ud569\ub2c8\ub2e4. ... ok
2026-09-07T06:28:35.1487777Z test_pyocd_api_count_uses_utf8_and_ten_uploads (test_m10_remote_runner.M10RemoteRunnerContractTests.test_pyocd_api_count_uses_utf8_and_ten_uploads)
2026-09-07T06:28:35.1489891Z ! @brief \ud55c\uad6d\uc5b4 Windows\uc5d0\uc11c\ub3c4 probe \uc5f4\uac70\uc640 RC 10\ud68c HIL\uc774 \uc7ac\ud604\ub418\ub294\uc9c0 \uace0\uc815\ud569\ub2c8\ub2e4. ... ok
2026-09-07T06:28:35.1491929Z test_pyocd_api_probe_count_accepts_only_one_integer (test_m10_remote_runner.M10RemoteRunnerContractTests.test_pyocd_api_probe_count_accepts_only_one_integer)
2026-09-07T06:28:36.0058526Z ! @brief pyOCD API\uc758 \ube44\uc2dd\ubcc4 count \ud55c \uac1c\ub9cc \uc548\uc804\ud558\uac8c \ud574\uc11d\ud569\ub2c8\ub2e4. ... ok
2026-09-07T06:28:36.0059748Z test_pyocd_api_probe_count_rejects_ambiguous_output (test_m10_remote_runner.M10RemoteRunnerContractTests.test_pyocd_api_probe_count_rejects_ambiguous_output)
2026-09-07T06:28:37.5188171Z ! @brief \ube48 \uac12, \uc74c\uc218\uc640 \ubd80\uac00 \ucd9c\ub825\uc774 \uc11e\uc778 count\ub97c fail-closed \ucc98\ub9ac\ud569\ub2c8\ub2e4. ... ok
2026-09-07T06:28:37.5190136Z test_resume_fingerprint_pins_runner_cli_index_and_archives (test_m10_remote_runner.M10RemoteRunnerContractTests.test_resume_fingerprint_pins_runner_cli_index_and_archives)
2026-09-07T06:28:37.5192962Z ! @brief mutable main URL\uc774\ub098 \uc2e4\ud589\uae30 \uad50\uccb4\uac00 \uae30\uc874 PASS checkpoint\uc640 \uc11e\uc774\uc9c0 \uc54a\uc2b5\ub2c8\ub2e4. ... ok
2026-09-07T06:28:37.5195299Z test_run_identity_has_one_global_mutex_owner (test_m10_remote_runner.M10RemoteRunnerContractTests.test_run_identity_has_one_global_mutex_owner)
2026-09-07T06:28:38.5003513Z ! @brief \uac19\uc740 RunId\uc758 \ub450 process\uac00 Arduino data\uc640 checkpoint\ub97c \uacf5\uc720\ud558\uc9c0 \uc54a\uc2b5\ub2c8\ub2e4. ... ok
2026-09-07T06:28:38.5004909Z test_ssh_authentication_fails_closed (test_m10_remote_runner.M10RemoteRunnerContractTests.test_ssh_authentication_fails_closed)
2026-09-07T06:28:38.5011728Z ! @brief SSH\uac00 password fallback\uacfc \ubbf8\ud655\uc778 host key\ub97c \ud5c8\uc6a9\ud558\uc9c0 \uc54a\uc2b5\ub2c8\ub2e4. ... ok
2026-09-07T06:28:38.5012926Z test_target_runner_is_ascii_only (test_m10_remote_runner.M10RemoteRunnerContractTests.test_target_runner_is_ascii_only)
2026-09-07T06:28:38.5035399Z ! @brief \ub300\uc0c1 PC \uc804\uc1a1 \ud30c\uc77c\uc5d0 code page \uc758\uc874 \ubb38\uc790\uac00 \uc5c6\uc74c\uc744 \uac80\uc99d\ud569\ub2c8\ub2e4. ... ok
2026-09-07T06:28:38.5037249Z test_target_uses_isolated_arduino_directories (test_m10_remote_runner.M10RemoteRunnerContractTests.test_target_uses_isolated_arduino_directories)
2026-09-07T06:28:38.5038842Z ! @brief run\ubcc4 data, downloads, sketchbook\uacfc build\ub97c \ubd84\ub9ac\ud569\ub2c8\ub2e4. ... ok
2026-09-07T06:28:38.5040449Z test_timeout_and_exit_code_contract_is_fail_closed (test_m10_remote_runner.M10RemoteRunnerContractTests.test_timeout_and_exit_code_contract_is_fail_closed)
2026-09-07T06:28:38.5042067Z ! @brief native command\uac00 timeout\uacfc exit code\ub97c \ubaa8\ub450 \uac80\uc0ac\ud569\ub2c8\ub2e4. ... ok
2026-09-07T06:28:38.5043840Z test_uninstall_crash_window_recovers_when_core_is_already_absent (test_m10_remote_runner.M10RemoteRunnerContractTests.test_uninstall_crash_window_recovers_when_core_is_already_absent)
2026-09-07T06:28:38.8060465Z ! @brief uninstall \ub4a4 checkpoint \uc804 \uc911\ub2e8\ub41c \uc7ac\uac1c\uac00 \uc7ac\uc0ad\uc81c \uc5c6\uc774 \uc131\uacf5\ud569\ub2c8\ub2e4. ... ok
2026-09-07T06:28:38.8061553Z test_versions_and_post_install_are_explicit (test_m10_remote_runner.M10RemoteRunnerContractTests.test_versions_and_post_install_are_explicit)
2026-09-07T06:28:38.8062845Z ! @brief preview version\uacfc post-install \uc2e4\ud589\uc744 \uc554\ubb35\uc801\uc73c\ub85c \uc120\ud0dd\ud558\uc9c0 \uc54a\uc2b5\ub2c8\ub2e4. ... ok
2026-09-07T06:28:38.8064157Z 
2026-09-07T06:28:38.8064413Z ----------------------------------------------------------------------
2026-09-07T06:28:38.8064968Z Ran 29 tests in 9.176s
2026-09-07T06:28:38.8065188Z 
2026-09-07T06:28:38.8065297Z OK
2026-09-07T06:28:38.8158517Z [M12] exec: C:\hostedtoolcache\windows\Python\3.12.10\x64\python.exe -m unittest discover -v -s D:\a\NU54DK_Arduino_Core\NU54DK_Arduino_Core\tests\host -p test_m11_rc_hil.py
2026-09-07T06:28:38.9675745Z test_argument_defaults_preserve_source_mode_and_force_one_rc_upload (test_m11_rc_hil.M11RcHilTests.test_argument_defaults_preserve_source_mode_and_force_one_rc_upload)
2026-09-07T06:28:38.9818283Z ! @brief source mode 10회와 RC mode 1회 기본값을 분리해 보존합니다. ... ok
2026-09-07T06:28:38.9819599Z test_auto_uart_opens_all_candidates_and_selects_unique_token (test_m11_rc_hil.M11RcHilTests.test_auto_uart_opens_all_candidates_and_selects_unique_token)
2026-09-07T06:28:38.9921215Z ! @brief COM3·COM4를 동시에 열고 READY가 있는 하나만 승인합니다. ... ok
2026-09-07T06:28:38.9922093Z test_auto_uart_rejects_ambiguous_or_occupied_candidates (test_m11_rc_hil.M11RcHilTests.test_auto_uart_rejects_ambiguous_or_occupied_candidates)
2026-09-07T06:28:39.0064470Z ! @brief READY 중복과 후보 port 점유를 모두 fail-closed 처리합니다. ... ok
2026-09-07T06:28:39.0065344Z test_build_manifest_rejects_hex_outside_build_and_hash_change (test_m11_rc_hil.M11RcHilTests.test_build_manifest_rejects_hex_outside_build_and_hash_change)
2026-09-07T06:28:39.0382229Z ! @brief HEX path traversal과 compile 뒤 byte 변경을 거부합니다. ... ok
2026-09-07T06:28:39.0383385Z test_command_output_is_bounded_and_keeps_upload_pass_tail (test_m11_rc_hil.M11RcHilTests.test_command_output_is_bounded_and_keeps_upload_pass_tail)
2026-09-07T06:28:39.0803723Z ! @brief 큰 출력은 disk에 spool하고 마지막 upload PASS 표식은 보존합니다. ... ok
2026-09-07T06:28:39.0804605Z test_command_timeout_terminates_descendant_process (test_m11_rc_hil.M11RcHilTests.test_command_timeout_terminates_descendant_process)
2026-09-07T06:28:42.1656946Z ! @brief timeout된 HIL command의 후손 process가 실행을 계속하지 못합니다. ... ok
2026-09-07T06:28:42.1658537Z test_committed_file_hash_ignores_worktree_crlf_conversion (test_m11_rc_hil.M11RcHilTests.test_committed_file_hash_ignores_worktree_crlf_conversion)
2026-09-07T06:28:42.5334433Z ! @brief LF Git blob을 CRLF 작업 파일과 독립적으로 구분합니다. ... ok
2026-09-07T06:28:42.5335290Z test_flash_log_requires_one_safe_pyocd_upload (test_m11_rc_hil.M11RcHilTests.test_flash_log_requires_one_safe_pyocd_upload)
2026-09-07T06:28:42.5528468Z ! @brief exact HEX의 비파괴 pyOCD command 한 건만 승인합니다. ... ok
2026-09-07T06:28:42.5529531Z test_rc_main_compiles_uploads_once_and_writes_identity_evidence (test_m11_rc_hil.M11RcHilTests.test_rc_main_compiles_uploads_once_and_writes_identity_evidence)
2026-09-07T06:28:42.6233545Z ! @brief RC root→compile→pyOCD 1회→UART 순서를 JSON evidence에 고정합니다. ... ok
2026-09-07T06:28:42.6235105Z test_rejects_manifest_path_traversal_and_unexpected_file (test_m11_rc_hil.M11RcHilTests.test_rejects_manifest_path_traversal_and_unexpected_file)
2026-09-07T06:28:42.6554032Z ! @brief manifest traversal과 package 밖 추가 payload를 모두 거부합니다. ... ok
2026-09-07T06:28:42.6555036Z test_validates_and_byte_exactly_stages_rc_platform (test_m11_rc_hil.M11RcHilTests.test_validates_and_byte_exactly_stages_rc_platform)
2026-09-07T06:28:42.7248874Z ! @brief 원본과 staged root가 같은 tree identity를 가져야 합니다. ... ok
2026-09-07T06:28:42.7249368Z 
2026-09-07T06:28:42.7249615Z ----------------------------------------------------------------------
2026-09-07T06:28:42.7250235Z Ran 11 tests in 3.758s
2026-09-07T06:28:42.7250510Z 
2026-09-07T06:28:42.7250643Z OK
2026-09-07T06:28:42.7250997Z [NU54] command output truncated to final 32 MiB
2026-09-07T06:28:42.7274625Z xxxxxxxxxxxxxxxxxxxxxxxxxxxxxxxxxxxxxxxxxxxxxxxxxxxxxxxxxxxxxxxxxxxxxxxxxxxxxxxxxxxxxxxxxxxxxxxxxxxxxxxxxxxxxxxxxxxxxxxxxxxxxxxxxxxxxxxxxxxxxxxxxxxxxxxxxxxxxxxxxxxxxxxxxxxxxxxxxxxxxxxxxxxxxxxxxxxxxxxxxxxxxxxxxxxxxxxxxxxxxxxxxxxxxxxxxxxxxxxxxxxxxxxxxxxxxxxxxxxxxxxxxxxxxxxxxxxxxxxxxxxxxxxxxxxxxxxxxxxxxxxxxxxxxxxxxxxxxxxxxxxxxxxxxxxxxxxxxxxxxxxxxxxxxxxxxxxxxxxxxxxxxxxxxxxxxxxxxxxxxxxxxxxxxxxxxxxxxxxxxxxxxxxxxxxxxxxxxxxxxxxxxxxxxxxxxxxxxxxxxxxxxxxxxxxxxxxxxxxxxxxxxxxxxxxxxxxxxxxxxxxxxxxxxxxxxxxxxxxxxxxxxxxxxxxxxxxxxxxxxxxxxxxxxxxxxxxxxxxxxxxxxxxxxxxxxxxxxxxxxxxxxxxxxxxxxxxxxxxxxxxxxxxxxxxxxxxxxxxxxxxxxxxxxxxxxxxxxxxxxxxxxxxxxxxxxxxxxxxxxxxxxxxxxxxxxxxxxxxxxxxxxxxxxxxxxxxxxxxxxxxxxxxxxxxxxxxxxxxxxxxxxxxxxxxxxxxxxxxxxxxxxxxxxxxxxxxxxxxxxxxxxxxxxxxxxxxxxxxxxxxxxxxxxxxxxxxxxxxxxxxxxxxxxxxxxxxxxxxxxxxxxxxxxxxxxxxxxxxxxxxxxxxxxxxxxxxxxxxxxxxxxxxxxxxxxxxxxxxxxxxxxxxxxxxxxxxxxxxxxxxxxxxxxxxxxxxxxxxxxxxxxxxxxxxxxxxxxxxxxxxxxxxxxxxxxxxxxxxxxxxxx
2026-09-07T06:28:42.7295419Z NU54_UPLOAD_PASS runner=pyocd
2026-09-07T06:28:42.7295686Z NUCODE_M8_UPLOAD_ATTEMPT:1/1
2026-09-07T06:28:42.7295934Z NUCODE_M8_UPLOAD_ATTEMPT_PASS:1/1
2026-09-07T06:28:42.7296944Z M8_UPLOAD_HIL_PASS runner=pyocd repetitions=1 hex_sha256=3f8e73b74c458dcf96bcdf19bf482239a9abf5ced2b78737a4418d6035c81a03 result=C:\Users\runneradmin\AppData\Local\Temp\nu54-m11-rc-hil-st7vqjr7\workspace\20260907T062842-563111Z\m8-upload-result.json
2026-09-07T06:28:42.7422893Z [M12] exec: C:\hostedtoolcache\windows\Python\3.12.10\x64\python.exe -m unittest discover -v -s D:\a\NU54DK_Arduino_Core\NU54DK_Arduino_Core\tests\host -p test_m11_release.py
2026-09-07T06:28:53.9949809Z test_00_m11_rejects_the_m18_release_candidate (test_m11_release.M11ReleaseTests.test_00_m11_rejects_the_m18_release_candidate)
2026-09-07T06:28:53.9978872Z ! @brief M11 역사적 자동화가 v0.2 RC를 받아들이지 않는지 검증합니다. ... usage: python.exe -m unittest prepare [-h] [--repo-root REPO_ROOT]
2026-09-07T06:28:53.9979895Z                                       --output-dir OUTPUT_DIR --version
2026-09-07T06:28:53.9980493Z                                       {0.1.0-rc.2} [--commit COMMIT]
2026-09-07T06:28:53.9981461Z python.exe -m unittest prepare: error: argument --version: invalid choice: '0.2.0-rc.1' (choose from 0.1.0-rc.2)
2026-09-07T06:28:53.9982391Z ok
2026-09-07T06:28:54.0920748Z test_01_rc_package_and_index_have_separate_identity (test_m11_release.M11ReleaseTests.test_01_rc_package_and_index_have_separate_identity) ... ok
2026-09-07T06:28:54.0922769Z test_02_published_stable_rebuild_and_mixed_channels_fail (test_m11_release.M11ReleaseTests.test_02_published_stable_rebuild_and_mixed_channels_fail)
2026-09-07T06:28:54.1537747Z ! @brief 개발 HEAD에서 공개 stable을 덮어쓰지 못하고 채널 혼합도 거부합니다. ... ok
2026-09-07T06:28:54.2523038Z test_03_plan_binds_all_artifacts_and_human_boundary (test_m11_release.M11ReleaseTests.test_03_plan_binds_all_artifacts_and_human_boundary) ... ok
2026-09-07T06:28:54.2649407Z test_04_plan_rejects_tampered_artifact (test_m11_release.M11ReleaseTests.test_04_plan_rejects_tampered_artifact) ... ok
2026-09-07T06:28:54.4424587Z test_05_command_gate_redacts_output_and_binds_plan (test_m11_release.M11ReleaseTests.test_05_command_gate_redacts_output_and_binds_plan) ... ok
2026-09-07T06:28:54.5755258Z test_06_failed_command_never_becomes_pass_evidence (test_m11_release.M11ReleaseTests.test_06_failed_command_never_becomes_pass_evidence) ... ok
2026-09-07T06:28:55.1807765Z test_07_extracted_package_placeholder_points_to_fixed_rc (test_m11_release.M11ReleaseTests.test_07_extracted_package_placeholder_points_to_fixed_rc) ... ok
2026-09-07T06:28:56.1726058Z test_08_documentation_must_be_exact_committed_blob (test_m11_release.M11ReleaseTests.test_08_documentation_must_be_exact_committed_blob) ... ok
2026-09-07T06:28:57.0480198Z test_09_m10_import_requires_clean_machine_and_safe_preview_generation (test_m11_release.M11ReleaseTests.test_09_m10_import_requires_clean_machine_and_safe_preview_generation) ... ok
2026-09-07T06:28:57.1516560Z test_10_finalize_reports_hold_when_required_gate_is_missing (test_m11_release.M11ReleaseTests.test_10_finalize_reports_hold_when_required_gate_is_missing) ... ok
2026-09-07T06:29:00.5259401Z test_11_all_technical_gates_still_require_human_stable_approval (test_m11_release.M11ReleaseTests.test_11_all_technical_gates_still_require_human_stable_approval) ... ok
2026-09-07T06:29:00.5291486Z test_12_forged_evidence_type_is_rejected (test_m11_release.M11ReleaseTests.test_12_forged_evidence_type_is_rejected) ... ok
2026-09-07T06:29:00.5292778Z test_13_documentation_cannot_be_replaced_by_a_command_gate (test_m11_release.M11ReleaseTests.test_13_documentation_cannot_be_replaced_by_a_command_gate)
2026-09-07T06:29:00.5295123Z ! @brief 종료 코드 0인 임의 명령이 exact 문서 blob gate를 대신하지 못합니다. ... ok
2026-09-07T06:29:00.5296385Z test_14_command_evidence_requires_redacted_log_and_full_schema (test_m11_release.M11ReleaseTests.test_14_command_evidence_requires_redacted_log_and_full_schema)
2026-09-07T06:29:00.6661815Z ! @brief log나 실행 field가 빠진 합성 PASS JSON을 finalize에서 거부합니다. ... ok
2026-09-07T06:29:00.6663222Z test_15_redaction_covers_bearer_json_and_github_environment_tokens (test_m11_release.M11ReleaseTests.test_15_redaction_covers_bearer_json_and_github_environment_tokens)
2026-09-07T06:29:00.6664298Z ! @brief 공개 log에 흔한 GitHub token 표기 변형을 모두 제거합니다. ... ok
2026-09-07T06:29:00.6665153Z test_16_plan_and_archive_never_accept_an_empty_commit (test_m11_release.M11ReleaseTests.test_16_plan_and_archive_never_accept_an_empty_commit)
2026-09-07T06:29:00.7002261Z ! @brief 빈 core revision으로 exact commit 비교를 우회하지 못합니다. ... ok
2026-09-07T06:29:00.7003658Z test_17_documentation_evidence_is_rechecked_against_git_blob (test_m11_release.M11ReleaseTests.test_17_documentation_evidence_is_rechecked_against_git_blob)
2026-09-07T06:29:01.6269551Z ! @brief file evidence의 size·SHA·Git object를 finalize 시점에 다시 검증합니다. ... ok
2026-09-07T06:29:01.6270387Z test_18_imported_m10_gate_rechecks_frozen_raw_evidence (test_m11_release.M11ReleaseTests.test_18_imported_m10_gate_rechecks_frozen_raw_evidence)
2026-09-07T06:29:02.1249991Z ! @brief import 뒤 원본 M10 JSON이 바뀌면 gate validation을 실패시킵니다. ... ok
2026-09-07T06:29:02.1250815Z test_19_command_log_is_bounded_while_preserving_redaction (test_m11_release.M11ReleaseTests.test_19_command_log_is_bounded_while_preserving_redaction)
2026-09-07T06:29:02.2561757Z ! @brief 큰 command 출력도 공개 log 상한 안에서 정제해 기록합니다. ... ok
2026-09-07T06:29:02.2562754Z test_20_post_gate_source_failure_preserves_log_bound (test_m11_release.M11ReleaseTests.test_20_post_gate_source_failure_preserves_log_bound)
2026-09-07T06:29:02.3885493Z ! @brief 실행 후 source 실패를 덧붙여도 공개 log byte 상한을 넘지 않습니다. ... ok
2026-09-07T06:29:02.3886310Z test_21_timeout_terminates_descendant_processes (test_m11_release.M11ReleaseTests.test_21_timeout_terminates_descendant_processes)
2026-09-07T06:29:05.5491209Z ! @brief timeout 시 직접 자식뿐 아니라 command의 후손 process도 종료합니다. ... ok
2026-09-07T06:29:05.5492356Z test_22_m10_followup_allows_only_ancestor_documentation_and_tests (test_m11_release.M11ReleaseTests.test_22_m10_followup_allows_only_ancestor_documentation_and_tests)
2026-09-07T06:29:05.5501455Z ! @brief M10 이후 허용 경로만 바뀐 ancestor 이력을 수용합니다. ... ok
2026-09-07T06:29:05.5502328Z test_23_m10_runtime_payload_mismatch_is_rejected (test_m11_release.M11ReleaseTests.test_23_m10_runtime_payload_mismatch_is_rejected)
2026-09-07T06:29:05.6152333Z ! @brief archive 이름과 commit을 맞춰도 runtime payload가 다르면 거부합니다. ... ok
2026-09-07T06:29:05.6153097Z test_24_imported_m10_records_runtime_provenance (test_m11_release.M11ReleaseTests.test_24_imported_m10_records_runtime_provenance)
2026-09-07T06:29:06.1145254Z ! @brief 가져온 gate가 M10/RC revision과 허용 diff를 동결합니다. ... ok
2026-09-07T06:29:06.1146169Z test_25_run_gate_cli_rejects_arbitrary_command_tail (test_m11_release.M11ReleaseTests.test_25_run_gate_cli_rejects_arbitrary_command_tail)
2026-09-07T06:29:06.1170689Z ! @brief 종료 코드 0인 임의 argv를 public gate CLI에 주입할 수 없습니다. ... usage: python.exe -m unittest [-h]
2026-09-07T06:29:06.1171829Z                               {prepare,validate-plan,run-gate,record-docs,import-m10,finalize}
2026-09-07T06:29:06.1172592Z                               ...
2026-09-07T06:29:06.1173896Z python.exe -m unittest: error: unrecognized arguments: -- C:\hostedtoolcache\windows\Python\3.12.10\x64\python.exe -c raise SystemExit(0)
2026-09-07T06:29:06.1176188Z ok
2026-09-07T06:29:06.1176980Z test_26_fixed_gate_contract_pins_repo_runner_and_exact_scope (test_m11_release.M11ReleaseTests.test_26_fixed_gate_contract_pins_repo_runner_and_exact_scope)
2026-09-07T06:29:06.1177911Z ! @brief gate 계약이 runner blob·archive·CLI·시험 범위를 모두 고정합니다. ... ok
2026-09-07T06:29:06.1178578Z test_27_rc_hil_result_byte_tamper_is_rejected (test_m11_release.M11ReleaseTests.test_27_rc_hil_result_byte_tamper_is_rejected)
2026-09-07T06:29:06.1815560Z ! @brief 동결한 HIL result JSON의 사후 변경을 evidence checksum이 차단합니다. ... ok
2026-09-07T06:29:06.1993820Z 
2026-09-07T06:29:06.1994506Z ----------------------------------------------------------------------
2026-09-07T06:29:06.1995011Z Ran 28 tests in 23.259s
2026-09-07T06:29:06.1995195Z 
2026-09-07T06:29:06.1995289Z OK
2026-09-07T06:29:06.2162785Z [M12] exec: C:\hostedtoolcache\windows\Python\3.12.10\x64\python.exe -m unittest discover -v -s D:\a\NU54DK_Arduino_Core\NU54DK_Arduino_Core\tests\host -p test_m11_remote_runner.py
2026-09-07T06:29:06.3003101Z test_01_powershell_51_parser_accepts_runner (test_m11_remote_runner.M11RemoteRunnerContractTests.test_01_powershell_51_parser_accepts_runner)
2026-09-07T06:29:06.5033280Z ! @brief Windows PowerShell 5.1 parser\uac00 \uc804\uccb4 script\ub97c \ud574\uc11d\ud569\ub2c8\ub2e4. ... ok
2026-09-07T06:29:06.5034342Z test_01b_runner_has_windows_powershell_utf8_signature (test_m11_remote_runner.M11RemoteRunnerContractTests.test_01b_runner_has_windows_powershell_utf8_signature)
2026-09-07T06:29:06.5036329Z ! @brief \ud55c\uae00 RC \uc2e4\ud589\uae30\ub97c \uc601\ubb38 Windows PowerShell 5.1\ub3c4 UTF-8\ub85c \uc77d\uac8c \ud569\ub2c8\ub2e4. ... ok
2026-09-07T06:29:06.5037438Z test_02_ssh_authentication_and_host_key_are_fail_closed (test_m11_remote_runner.M11RemoteRunnerContractTests.test_02_ssh_authentication_and_host_key_are_fail_closed)
2026-09-07T06:29:06.5038868Z ! @brief password fallback\uacfc \ud655\uc778\ud558\uc9c0 \uc54a\uc740 host key\ub97c \ud5c8\uc6a9\ud558\uc9c0 \uc54a\uc2b5\ub2c8\ub2e4. ... ok
2026-09-07T06:29:06.5040153Z test_03_public_exact_commit_and_submodule_are_forced (test_m11_remote_runner.M11RemoteRunnerContractTests.test_03_public_exact_commit_and_submodule_are_forced)
2026-09-07T06:29:06.5041547Z ! @brief credential \uc5c6\ub294 \uacf5\uac1c clone \ub4a4 exact detached commit\ub9cc \uc0ac\uc6a9\ud569\ub2c8\ub2e4. ... ok
2026-09-07T06:29:06.5042931Z test_04_m10_ready_marker_selects_pinned_python_and_git (test_m11_remote_runner.M11RemoteRunnerContractTests.test_04_m10_ready_marker_selects_pinned_python_and_git)
2026-09-07T06:29:06.5045550Z ! @brief M10 \uc644\ub8cc marker\uc640 \uace0\uc815 Toolchain \uc2e4\ud589 \ud30c\uc77c\ub9cc \uc0ac\uc6a9\ud569\ub2c8\ub2e4. ... ok
2026-09-07T06:29:06.5047409Z test_05_arduino_cli_identity_and_gate_set_are_fixed (test_m11_remote_runner.M11RemoteRunnerContractTests.test_05_arduino_cli_identity_and_gate_set_are_fixed)
2026-09-07T06:29:06.5050010Z ! @brief exact Arduino CLI\uc640 \uc138 \uac1c\uc758 repo-owned gate\ub9cc \uc2e4\ud589\ud569\ub2c8\ub2e4. ... ok
2026-09-07T06:29:06.5051851Z test_06_plan_and_every_artifact_are_checked_before_transfer (test_m11_remote_runner.M11RemoteRunnerContractTests.test_06_plan_and_every_artifact_are_checked_before_transfer)
2026-09-07T06:29:06.5054130Z ! @brief plan allowlist\uc758 \uc804\uccb4 byte�\ud06c\uae30�\uacbd\ub85c\ub97c \ub85c\uceec\uc5d0\uc11c \uac80\uc99d\ud569\ub2c8\ub2e4. ... ok
2026-09-07T06:29:06.5056075Z test_07_release_bundle_runtime_rejects_modified_artifact (test_m11_remote_runner.M11RemoteRunnerContractTests.test_07_release_bundle_runtime_rejects_modified_artifact)
2026-09-07T06:29:07.4607079Z ! @brief \uc2e4\uc81c bundle validator\uac00 \ubcc0\uc870\ud55c artifact\ub97c fail-closed \ucc98\ub9ac\ud569\ub2c8\ub2e4. ... ok
2026-09-07T06:29:07.4609089Z test_08_evidence_log_and_hil_result_are_always_retrieved (test_m11_remote_runner.M11RemoteRunnerContractTests.test_08_evidence_log_and_hil_result_are_always_retrieved)
2026-09-07T06:29:07.4611469Z ! @brief \uc131\uacf5\uacfc \uc2e4\ud328 \ubaa8\ub450\uc5d0\uc11c \uace0\uc815 companion \ud30c\uc77c \ud68c\uc218\ub97c \uc2dc\ub3c4\ud569\ub2c8\ub2e4. ... ok
2026-09-07T06:29:07.4613366Z test_09_timeout_and_output_capture_are_bounded (test_m11_remote_runner.M11RemoteRunnerContractTests.test_09_timeout_and_output_capture_are_bounded)
2026-09-07T06:29:07.4619826Z ! @brief \uc7a5\uc2dc\uac04 gate\ub3c4 disk spool, timeout\uacfc process-tree \uc885\ub8cc\ub97c \uc0ac\uc6a9\ud569\ub2c8\ub2e4. ... ok
2026-09-07T06:29:07.4621760Z test_09b_remote_gate_uses_uploaded_ascii_launcher (test_m11_remote_runner.M11RemoteRunnerContractTests.test_09b_remote_gate_uses_uploaded_ascii_launcher)
2026-09-07T06:29:07.4622803Z ! @brief \uae34 remote command\ub97c SSH command line\uc5d0 \uc9c1\uc811 \ub123\uc9c0 \uc54a\uc2b5\ub2c8\ub2e4. ... ok
2026-09-07T06:29:07.4623847Z test_10_credentials_device_and_endpoint_are_redacted (test_m11_remote_runner.M11RemoteRunnerContractTests.test_10_credentials_device_and_endpoint_are_redacted)
2026-09-07T06:29:07.7846485Z ! @brief endpoint, token, probe UID\uc640 COM port \uc6d0\ubb38\uc744 \uc81c\uac70\ud569\ub2c8\ub2e4. ... ok
2026-09-07T06:29:07.7847853Z test_11_result_omits_endpoint_and_records_hashes (test_m11_remote_runner.M11RemoteRunnerContractTests.test_11_result_omits_endpoint_and_records_hashes)
2026-09-07T06:29:07.7849109Z ! @brief orchestrator JSON\uc5d0\ub294 endpoint \uc6d0\ubb38 \ub300\uc2e0 hash\uc640 gate byte\ub97c \ub0a8\uae41\ub2c8\ub2e4. ... ok
2026-09-07T06:29:07.7851694Z test_12_remote_paths_are_unique_and_never_deleted_for_reuse (test_m11_remote_runner.M11RemoteRunnerContractTests.test_12_remote_paths_are_unique_and_never_deleted_for_reuse)
2026-09-07T06:29:07.7854106Z ! @brief run\ubcc4 \uc0c8 \uacbd\ub85c\ub97c \uc694\uad6c\ud574 \uc774\uc804 evidence\uc640 checkout\uc744 \uc11e\uc9c0 \uc54a\uc2b5\ub2c8\ub2e4. ... ok
2026-09-07T06:29:07.7856095Z test_13_gate_records_use_powershell_51_object_array (test_m11_remote_runner.M11RemoteRunnerContractTests.test_13_gate_records_use_powershell_51_object_array)
2026-09-07T06:29:08.1398533Z ! @brief generic list array \ubcc0\ud658\uc758 PowerShell 5.1 binder \uc624\ub958\ub97c \ucc28\ub2e8\ud569\ub2c8\ub2e4. ... ok
2026-09-07T06:29:08.1400157Z test_14_post_processing_failure_records_failed_receipt (test_m11_remote_runner.M11RemoteRunnerContractTests.test_14_post_processing_failure_records_failed_receipt)
2026-09-07T06:29:08.1401624Z ! @brief \ub85c\uceec \uac80\uc99d�\ubcf5\uc0ac�\ub9c8\uac10 \uc2e4\ud328\ub3c4 fail-closed receipt\ub85c \ub0a8\uae41\ub2c8\ub2e4. ... ok
2026-09-07T06:29:08.1402200Z 
2026-09-07T06:29:08.1402351Z ----------------------------------------------------------------------
2026-09-07T06:29:08.1402699Z Ran 16 tests in 1.840s
2026-09-07T06:29:08.1402840Z 
2026-09-07T06:29:08.1402911Z OK
2026-09-07T06:29:08.1505777Z [M12] exec: C:\hostedtoolcache\windows\Python\3.12.10\x64\python.exe -m unittest discover -v -s D:\a\NU54DK_Arduino_Core\NU54DK_Arduino_Core\tests\host -p test_m13_profiles.py
2026-09-07T06:29:08.2776153Z test_arduino_cli_discovers_canonical_examples_when_installed (test_m13_profiles.M13ProfileContractTests.test_arduino_cli_discovers_canonical_examples_when_installed)
2026-09-07T06:29:08.2778340Z ! @brief \uc124\uce58\ub41c Arduino CLI\uac00 \uacf5\uac1c \uc608\uc81c\ub97c \ub178\ucd9c\ud558\ub294\uc9c0 \ud655\uc778\ud569\ub2c8\ub2e4. ... skipped 'M13 package \uc124\uce58 \ud6c4 NUCODE_M13_CLI_DISCOVERY=1\ub85c \uc2e4\ud589\ud569\ub2c8\ub2e4.'
2026-09-07T06:29:08.2780529Z test_canonical_examples_have_no_zephyr_sidecars (test_m13_profiles.M13ProfileContractTests.test_canonical_examples_have_no_zephyr_sidecars)
2026-09-07T06:29:08.2825995Z ! @brief \uacf5\uac1c \uc608\uc81c\uac00 ino\ub9cc\uc73c\ub85c \ud0d0\uc0c9 \uac00\ub2a5\ud55c\uc9c0 \ud655\uc778\ud569\ub2c8\ub2e4. ... ok
2026-09-07T06:29:08.2827403Z test_duplicate_feature_key_uses_feature_schema_diagnostic (test_m13_profiles.M13ProfileContractTests.test_duplicate_feature_key_uses_feature_schema_diagnostic)
2026-09-07T06:29:08.4217226Z ! @brief feature manifest \uc911\ubcf5 key\ub97c profile \uc624\ub958\ub85c \uc798\ubabb \ubcf4\uace0\ud558\uc9c0 \uc54a\uc2b5\ub2c8\ub2e4. ... ok
2026-09-07T06:29:08.4218541Z test_feature_cache_collision_is_fail_closed (test_m13_profiles.M13ProfileContractTests.test_feature_cache_collision_is_fail_closed)
2026-09-07T06:29:08.4425977Z ! @brief \ucd95\uc57d cache directory\uc758 \ub2e4\ub978 full key\ub97c \ub36e\uc5b4\uc4f0\uc9c0 \uc54a\uc2b5\ub2c8\ub2e4. ... ok
2026-09-07T06:29:08.4427625Z test_feature_configure_failure_marks_cache_failed (test_m13_profiles.M13ProfileContractTests.test_feature_configure_failure_marks_cache_failed)
2026-09-07T06:29:08.5174243Z ! @brief \ucd5c\uc885 configure \uc2e4\ud328\ub97c failed/configure-failed \uc0c1\ud0dc\ub85c \ubcf4\uc874\ud569\ub2c8\ub2e4. ... ok
2026-09-07T06:29:08.5175527Z test_only_selected_bundled_library_is_resolved (test_m13_profiles.M13ProfileContractTests.test_only_selected_bundled_library_is_resolved)
2026-09-07T06:29:08.5215520Z ! @brief \uc2e4\uc81c source record\uc5d0 \ub4f1\uc7a5\ud55c bundled library\ub9cc \uc120\ud0dd\ud569\ub2c8\ub2e4. ... ok
2026-09-07T06:29:08.5216768Z test_profile_rejects_wrong_fqbn_and_zephyr_board (test_m13_profiles.M13ProfileContractTests.test_profile_rejects_wrong_fqbn_and_zephyr_board)
2026-09-07T06:29:08.5220454Z ! @brief profile\uc774 \uc2e4\uc81c Arduino \ubc0f Zephyr target\uacfc \ub2e4\ub974\uba74 \uc911\ub2e8\ud569\ub2c8\ub2e4. ... ok
2026-09-07T06:29:08.5221776Z test_profile_string_types_and_windows_paths_are_rejected (test_m13_profiles.M13ProfileContractTests.test_profile_string_types_and_windows_paths_are_rejected)
2026-09-07T06:29:08.5465879Z ! @brief malformed scalar\uc640 Windows \uc808\ub300 \uacbd\ub85c\ub97c schema \uc624\ub958\ub85c \uac70\ubd80\ud569\ub2c8\ub2e4. ... ok
2026-09-07T06:29:08.5467090Z test_schema_path_conflict_and_cache_key_contract (test_m13_profiles.M13ProfileContractTests.test_schema_path_conflict_and_cache_key_contract)
2026-09-07T06:29:08.7167104Z ! @brief \uc798\ubabb\ub41c manifest\ub97c \uac70\ubd80\ud558\uace0 feature \uc9d1\ud569\uc774 cache key\ub97c \ubc14\uafb8\ub294\uc9c0 \ud655\uc778\ud569\ub2c8\ub2e4. ... ok
2026-09-07T06:29:08.7168735Z test_selected_feature_fragments_merge_before_expert_override (test_m13_profiles.M13ProfileContractTests.test_selected_feature_fragments_merge_before_expert_override)
2026-09-07T06:29:08.9264870Z ! @brief \uc120\ud0dd feature fragment\uc640 sketch override\uc758 \ubcd1\ud569 \uc21c\uc11c\ub97c \uac80\uc99d\ud569\ub2c8\ub2e4. ... ok
2026-09-07T06:29:08.9266105Z test_standard_profile_and_allowlist (test_m13_profiles.M13ProfileContractTests.test_standard_profile_and_allowlist)
2026-09-07T06:29:08.9333799Z ! @brief \ud45c\uc900 profile\uacfc bundled feature manifest\ub97c \uac80\uc99d\ud569\ub2c8\ub2e4. ... ok
2026-09-07T06:29:08.9334654Z 
2026-09-07T06:29:08.9334908Z ----------------------------------------------------------------------
2026-09-07T06:29:08.9335540Z Ran 11 tests in 0.656s
2026-09-07T06:29:08.9335778Z 
2026-09-07T06:29:08.9335921Z OK (skipped=1)
2026-09-07T06:29:08.9494782Z [M12] exec: C:\hostedtoolcache\windows\Python\3.12.10\x64\python.exe -m unittest discover -v -s D:\a\NU54DK_Arduino_Core\NU54DK_Arduino_Core\tests\host -p test_m14_core_contract.py
2026-09-07T06:29:10.3260453Z test_core_utility_random_f_and_diagnostics_compile_link (test_m14_core_contract.M14CoreContractTests.test_core_utility_random_f_and_diagnostics_compile_link) ... ok
2026-09-07T06:29:10.7767224Z test_disabled_peripheral_stubs_compile_link_and_fail_closed (test_m14_core_contract.M14CoreContractTests.test_disabled_peripheral_stubs_compile_link_and_fail_closed) ... ok
2026-09-07T06:29:11.6027608Z test_generated_native_runtime_semantics (test_m14_core_contract.M14CoreContractTests.test_generated_native_runtime_semantics) ... ok
2026-09-07T06:29:11.6034411Z test_peripheral_config_matrix_has_real_link_targets (test_m14_core_contract.M14CoreContractTests.test_peripheral_config_matrix_has_real_link_targets) ... ok
2026-09-07T06:29:11.6036334Z test_production_sources_are_registered (test_m14_core_contract.M14CoreContractTests.test_production_sources_are_registered) ... ok
2026-09-07T06:29:11.6036880Z 
2026-09-07T06:29:11.6037279Z ----------------------------------------------------------------------
2026-09-07T06:29:11.6037864Z Ran 5 tests in 2.580s
2026-09-07T06:29:11.6038005Z 
2026-09-07T06:29:11.6038448Z OK
2026-09-07T06:29:11.6129710Z [M12] exec: C:\hostedtoolcache\windows\Python\3.12.10\x64\python.exe -m unittest discover -v -s D:\a\NU54DK_Arduino_Core\NU54DK_Arduino_Core\tests\host -p test_m14_pin_hil_runner.py
2026-09-07T06:29:11.7527835Z test_accepts_exact_led_button_and_edge_contract (nu54_m14_pin_hil.M14PinHilTests.test_accepts_exact_led_button_and_edge_contract)
2026-09-07T06:29:11.7530175Z ! @brief LED 2\uac1c\uc640 \ubc84\ud2bc 3\uac1c\uc758 \uc644\uc804\ud55c protocol\ub9cc \uc2b9\uc778\ud569\ub2c8\ub2e4. ... ok
2026-09-07T06:29:11.7531510Z test_board_checkout_must_match_parent_gitlink (nu54_m14_pin_hil.M14PinHilTests.test_board_checkout_must_match_parent_gitlink)
2026-09-07T06:29:11.7534625Z ! @brief clean submodule\uc774\ub77c\ub3c4 \ubd80\ubaa8 commit\uacfc \ub2e4\ub978 revision\uc774\uba74 \uac70\ubd80\ud569\ub2c8\ub2e4. ... ok
2026-09-07T06:29:11.7536004Z test_build_record_requires_clean_exact_target_identity (nu54_m14_pin_hil.M14PinHilTests.test_build_record_requires_clean_exact_target_identity)
2026-09-07T06:29:11.7627733Z ! @brief dirty revision\uc774\ub098 \ub2e4\ub978 NCS/board target\uc758 HEX\ub97c \uac70\ubd80\ud569\ub2c8\ub2e4. ... ok
2026-09-07T06:29:11.7629161Z test_evidence_binds_revisions_image_transcript_and_exclusion (nu54_m14_pin_hil.M14PinHilTests.test_evidence_binds_revisions_image_transcript_and_exclusion)
2026-09-07T06:29:11.7653305Z ! @brief PASS JSON\uc774 exact byte\uc640 PWM-owned \uc81c\uc678 \uadfc\uac70\ub97c \ud568\uaed8 \uae30\ub85d\ud569\ub2c8\ub2e4. ... ok
2026-09-07T06:29:11.7654549Z test_existing_evidence_requires_explicit_overwrite (nu54_m14_pin_hil.M14PinHilTests.test_existing_evidence_requires_explicit_overwrite)
2026-09-07T06:29:11.7675548Z ! @brief \uc774\uc804 PASS \uc99d\uc801\uc744 \uc790\ub3d9\uc73c\ub85c \ub36e\uc5b4\uc4f0\uc9c0 \uc54a\ub294\uc9c0 \ud655\uc778\ud569\ub2c8\ub2e4. ... ok
2026-09-07T06:29:11.7676848Z test_m14_keeps_live_worktree_digest_contract (nu54_m14_pin_hil.M14PinHilTests.test_m14_keeps_live_worktree_digest_contract)
2026-09-07T06:29:11.7679171Z ! @brief M14 local build \uac80\uc99d\uc774 CI canonical helper\ub85c \ubc14\ub00c\uc9c0 \uc54a\uac8c \uace0\uc815\ud569\ub2c8\ub2e4. ... ok
2026-09-07T06:29:11.7680961Z test_manual_acknowledgement_and_timeout_are_explicit (nu54_m14_pin_hil.M14PinHilTests.test_manual_acknowledgement_and_timeout_are_explicit)
2026-09-07T06:29:11.7690030Z ! @brief \uc2e4\uc81c \uc2e4\ud589 \uae30\ubcf8\uac12\uc740 \uc218\ub3d9 \ub3d9\uc791\uc744 \uc554\ubb35\uc801\uc73c\ub85c \uc2b9\uc778\ud558\uc9c0 \uc54a\uc2b5\ub2c8\ub2e4. ... ok
2026-09-07T06:29:11.7691254Z test_rejects_duplicate_protocol_after_final_pass (nu54_m14_pin_hil.M14PinHilTests.test_rejects_duplicate_protocol_after_final_pass)
2026-09-07T06:29:11.7692654Z ! @brief \ucd5c\uc885 PASS \ub4a4 \uc911\ubcf5 \ub610\ub294 \uc704\uc870 protocol token\uc744 \uac70\ubd80\ud569\ub2c8\ub2e4. ... ok
2026-09-07T06:29:11.7694034Z test_rejects_missing_edge_and_incomplete_change_pair (nu54_m14_pin_hil.M14PinHilTests.test_rejects_missing_edge_and_incomplete_change_pair)
2026-09-07T06:29:11.7696431Z ! @brief edge 0\ud68c\uc640 CHANGE release \ucd94\uac00 edge \ubd80\uc7ac\ub97c \ubaa8\ub450 \uac70\ubd80\ud569\ub2c8\ub2e4. ... ok
2026-09-07T06:29:11.7697565Z test_rejects_target_failure_and_missing_pin (nu54_m14_pin_hil.M14PinHilTests.test_rejects_target_failure_and_missing_pin)
2026-09-07T06:29:11.7701802Z ! @brief target FAIL \ub610\ub294 \uc2e0\uaddc \ud540 \ub204\ub77d\uc744 PASS\ub85c \uc2b9\uaca9\ud558\uc9c0 \uc54a\uc2b5\ub2c8\ub2e4. ... ok
2026-09-07T06:29:11.7702922Z test_rejects_wrong_logical_id_and_action_order (nu54_m14_pin_hil.M14PinHilTests.test_rejects_wrong_logical_id_and_action_order)
2026-09-07T06:29:11.7705271Z ! @brief \uc774\ub984/ID \ubd88\uc77c\uce58\uc640 \uc548\ub0b4\ubcf4\ub2e4 \uc55e\uc120 \ubb3c\ub9ac \ub3d9\uc791 \uacb0\uacfc\ub97c \uac70\ubd80\ud569\ub2c8\ub2e4. ... ok
2026-09-07T06:29:11.7706430Z test_uart_waits_for_complete_terminal_line (nu54_m14_pin_hil.M14PinHilTests.test_uart_waits_for_complete_terminal_line)
2026-09-07T06:29:11.7707792Z ! @brief FAIL prefix\ub9cc \ubcf4\uace0 \uc870\uae30 \uc885\ub8cc\ud558\uc9c0 \uc54a\uace0 \uc9c4\ub2e8 line \uc804\uccb4\ub97c \ubcf4\uc874\ud569\ub2c8\ub2e4. ... ok
2026-09-07T06:29:11.7708595Z 
2026-09-07T06:29:11.7708765Z ----------------------------------------------------------------------
2026-09-07T06:29:11.7709108Z Ran 12 tests in 0.018s
2026-09-07T06:29:11.7709636Z 
2026-09-07T06:29:11.7709767Z OK
2026-09-07T06:29:11.7842478Z [M12] exec: C:\hostedtoolcache\windows\Python\3.12.10\x64\python.exe -m unittest discover -v -s D:\a\NU54DK_Arduino_Core\NU54DK_Arduino_Core\tests\host -p test_m14_variant_contract.py
2026-09-07T06:29:11.8812762Z test_core_dts_maps_all_31_pads_with_legacy_alias_compatibility (test_m14_variant_contract.M14VariantContractTests.test_core_dts_maps_all_31_pads_with_legacy_alias_compatibility) ... ok
2026-09-07T06:29:11.9008943Z test_duplicate_physical_pad_in_core_dts_is_rejected (test_m14_variant_contract.M14VariantContractTests.test_duplicate_physical_pad_in_core_dts_is_rejected) ... ok
2026-09-07T06:29:11.9683174Z test_public_constants_compile_without_changing_legacy_values (test_m14_variant_contract.M14VariantContractTests.test_public_constants_compile_without_changing_legacy_values) ... ok
2026-09-07T06:29:11.9798677Z test_route_matrix_and_fail_closed_policies_are_visible_in_evidence (test_m14_variant_contract.M14VariantContractTests.test_route_matrix_and_fail_closed_policies_are_visible_in_evidence) ... ok
2026-09-07T06:29:11.9941956Z test_verifier_writes_machine_readable_evidence (test_m14_variant_contract.M14VariantContractTests.test_verifier_writes_machine_readable_evidence) ... ok
2026-09-07T06:29:11.9945537Z test_zephyr_c_header_avoids_min_max_macro_redefinition (test_m14_variant_contract.M14VariantContractTests.test_zephyr_c_header_avoids_min_max_macro_redefinition) ... ok
2026-09-07T06:29:11.9947185Z 
2026-09-07T06:29:11.9947452Z ----------------------------------------------------------------------
2026-09-07T06:29:11.9947996Z Ran 6 tests in 0.126s
2026-09-07T06:29:11.9948209Z 
2026-09-07T06:29:11.9948306Z OK
2026-09-07T06:29:12.0044118Z [M12] exec: C:\hostedtoolcache\windows\Python\3.12.10\x64\python.exe -m unittest discover -v -s D:\a\NU54DK_Arduino_Core\NU54DK_Arduino_Core\tests\host -p test_m15_board_system_contract.py
2026-09-07T06:29:12.0778030Z test_alarm_callback_is_deferred_out_of_grtc_isr (test_m15_board_system_contract.M15BoardSystemContractTests.test_alarm_callback_is_deferred_out_of_grtc_isr)
2026-09-07T06:29:12.0781494Z ! @brief GRTC ISR\uc5d0\uc11c \uc0ac\uc6a9\uc790 callback\uc744 \uc9c1\uc811 \uc2e4\ud589\ud558\uc9c0 \uc54a\ub3c4\ub85d \uac80\uc0ac\ud569\ub2c8\ub2e4. ... ok
2026-09-07T06:29:12.0783294Z test_feature_merges_exact_board_system_fragments (test_m15_board_system_contract.M15BoardSystemContractTests.test_feature_merges_exact_board_system_fragments)
2026-09-07T06:29:12.0786913Z ! @brief Arduino library \uc120\ud0dd\uc774 Wire\uc640 \uace0\uc815 conf�overlay\ub97c \uc790\ub3d9 \ubcd1\ud569\ud558\ub294\uc9c0 \uac80\uc0ac\ud569\ub2c8\ub2e4. ... ok
2026-09-07T06:29:12.0788522Z test_m15_system_off_hil_is_command_gated_and_manual (test_m15_board_system_contract.M15BoardSystemContractTests.test_m15_system_off_hil_is_command_gated_and_manual)
2026-09-07T06:29:12.0796478Z ! @brief \uacb0\ud569 HIL\uc774 SWD \uaca9\ub9ac \ub4a4 timed\uc640 button ARM\uc744 \uc21c\uc11c\ub300\ub85c \uc694\uad6c\ud569\ub2c8\ub2e4. ... ok
2026-09-07T06:29:12.0797756Z test_pmic_begin_is_read_only_and_driver_node_stays_disabled (test_m15_board_system_contract.M15BoardSystemContractTests.test_pmic_begin_is_read_only_and_driver_node_stays_disabled)
2026-09-07T06:29:12.0801839Z ! @brief begin \uacbd\ub85c\uc758 register write\uc640 PMIC DTS \uc790\ub3d9 \ud65c\uc131\ud654\ub97c \ucc28\ub2e8\ud569\ub2c8\ub2e4. ... ok
2026-09-07T06:29:12.0803225Z test_pmic_writes_require_explicit_ram_only_authorization (test_m15_board_system_contract.M15BoardSystemContractTests.test_pmic_writes_require_explicit_ram_only_authorization)
2026-09-07T06:29:12.0810558Z ! @brief PMIC write\uac00 \uacf5\uac1c raw register \uc5c6\uc774 \ub9e4 boot \uba85\uc2dc \uc2b9\uc778\uc744 \uc694\uad6c\ud558\ub294\uc9c0 \uac80\uc0ac\ud569\ub2c8\ub2e4. ... ok
2026-09-07T06:29:12.0812605Z test_public_examples_exist_without_zephyr_sidecars (test_m15_board_system_contract.M15BoardSystemContractTests.test_public_examples_exist_without_zephyr_sidecars)
2026-09-07T06:29:12.0819338Z ! @brief \uc0ac\uc6a9\uc790\uac00 prj.conf\ub098 overlay\ub97c \ud3b8\uc9d1\ud558\uc9c0 \uc54a\uc544\ub3c4 \uc608\uc81c\ub97c \uc5f4 \uc218 \uc788\ub294\uc9c0 \uac80\uc0ac\ud569\ub2c8\ub2e4. ... ok
2026-09-07T06:29:12.0820760Z test_public_surface_contains_board_system_contract (test_m15_board_system_contract.M15BoardSystemContractTests.test_public_surface_contains_board_system_contract)
2026-09-07T06:29:12.0822034Z ! @brief M15 \uc2b9\uc778 API\uc640 \uc548\uc815 \uc624\ub958 \ud0c0\uc785\uc774 \ub2e8\uc77c \uc804\uc5ed \uac1d\uccb4\uc5d0 \ub178\ucd9c\ub418\ub294\uc9c0 \uac80\uc0ac\ud569\ub2c8\ub2e4. ... ok
2026-09-07T06:29:12.0823719Z test_serial_flush_waits_for_the_final_physical_frame (test_m15_board_system_contract.M15BoardSystemContractTests.test_serial_flush_waits_for_the_final_physical_frame)
2026-09-07T06:29:12.0825976Z ! @brief polling TX mutex \uc548\uc5d0\uc11c \ub9c8\uc9c0\ub9c9 8N1 frame drain\uc744 \ubcf4\uc7a5\ud569\ub2c8\ub2e4. ... ok
2026-09-07T06:29:12.0827458Z test_storage_namespace_and_bounds_are_fixed (test_m15_board_system_contract.M15BoardSystemContractTests.test_storage_namespace_and_bounds_are_fixed)
2026-09-07T06:29:12.0829594Z ! @brief Sketch\uac00 \uc124\uc815 \uc800\uc7a5\uc18c \uc804\uccb4\ub098 \ubb34\uc81c\ud55c \uac12\uc744 \uc18c\uc720\ud558\uc9c0 \ubabb\ud558\uac8c \ud569\ub2c8\ub2e4. ... ok
2026-09-07T06:29:12.0830380Z 
2026-09-07T06:29:12.0830542Z ----------------------------------------------------------------------
2026-09-07T06:29:12.0830877Z Ran 9 tests in 0.005s
2026-09-07T06:29:12.0831012Z 
2026-09-07T06:29:12.0831077Z OK
2026-09-07T06:29:12.0908849Z [M12] exec: C:\hostedtoolcache\windows\Python\3.12.10\x64\python.exe -m unittest discover -v -s D:\a\NU54DK_Arduino_Core\NU54DK_Arduino_Core\tests\host -p test_m15_lfxo_contract.py
2026-09-07T06:29:12.1589591Z test_all_arduino_and_m15_builds_include_the_shared_fragment (test_m15_lfxo_contract.M15LfxoContractTests.test_all_arduino_and_m15_builds_include_the_shared_fragment)
2026-09-07T06:29:12.1599079Z ! @brief \ubaa8\ub4e0 Arduino \ube4c\ub4dc\uc640 M15 image\uac00 \uac19\uc740 DTSI\ub97c \uc0ac\uc6a9\ud558\ub3c4\ub85d \uace0\uc815\ud569\ub2c8\ub2e4. ... ok
2026-09-07T06:29:12.1600519Z test_profile_and_library_feature_do_not_duplicate_board_override (test_m15_lfxo_contract.M15LfxoContractTests.test_profile_and_library_feature_do_not_duplicate_board_override)
2026-09-07T06:29:12.1604511Z ! @brief profile \ucd94\uac00\ub098 library \uc120\ud0dd\uc5d0 \ub530\ub77c LFXO \uc124\uc815\uc774 \ub2ec\ub77c\uc9c0\uc9c0 \uc54a\uac8c \ud569\ub2c8\ub2e4. ... ok
2026-09-07T06:29:12.1605840Z test_shared_fragment_uses_only_external_load_capacitors (test_m15_lfxo_contract.M15LfxoContractTests.test_shared_fragment_uses_only_external_load_capacitors)
2026-09-07T06:29:12.1607681Z ! @brief \uc678\ubd80 \ucee4\ud328\uc2dc\ud130 \uc120\ud0dd\uacfc \ub0b4\ubd80 \ucee4\ud328\uc2dc\ud130 \uc18d\uc131 \uc0ad\uc81c\ub97c \uace0\uc815\ud569\ub2c8\ub2e4. ... ok
2026-09-07T06:29:12.1608423Z 
2026-09-07T06:29:12.1608599Z ----------------------------------------------------------------------
2026-09-07T06:29:12.1608996Z Ran 3 tests in 0.002s
2026-09-07T06:29:12.1609154Z 
2026-09-07T06:29:12.1609236Z OK
2026-09-07T06:29:12.1681590Z [M12] exec: C:\hostedtoolcache\windows\Python\3.12.10\x64\python.exe -m unittest discover -v -s D:\a\NU54DK_Arduino_Core\NU54DK_Arduino_Core\tests\host -p test_m15_system_off_hil_runner.py
2026-09-07T06:29:12.3087395Z test_accepts_exact_protocol_records_terminated_by_lone_cr (nu54_m15_system_off_hil.M15SystemOffHilTests.test_accepts_exact_protocol_records_terminated_by_lone_cr)
2026-09-07T06:29:12.3090523Z ! @brief \ub2e8\ub3c5 CR \ub4a4 boot banner\uac00 \uc640\ub3c4 payload \uc804\uccb4 \uc77c\uce58\ub97c \uc720\uc9c0\ud569\ub2c8\ub2e4. ... ok
2026-09-07T06:29:12.3092525Z test_accepts_exact_schema_two_timed_then_button_sequence (nu54_m15_system_off_hil.M15SystemOffHilTests.test_accepts_exact_schema_two_timed_then_button_sequence)
2026-09-07T06:29:12.3093766Z ! @brief CLOCK\uacfc LOW_POWER_WAKE \ub2e8\uc77c \uc6d0\uc778\uc744 \ubaa8\ub450 \uc694\uad6c\ud569\ub2c8\ub2e4. ... ok
2026-09-07T06:29:12.3095158Z test_acknowledgements_and_timeout_are_explicit (nu54_m15_system_off_hil.M15SystemOffHilTests.test_acknowledgements_and_timeout_are_explicit)
2026-09-07T06:29:12.3111813Z ! @brief interface switch\uc640 \ubc84\ud2bc \uc2b9\uc778\uc744 \uc11c\ub85c \ub3c5\ub9bd\uc801\uc73c\ub85c \uc694\uad6c\ud569\ub2c8\ub2e4. ... ok
2026-09-07T06:29:12.3112893Z test_capture_handles_lone_cr_and_split_crlf_records (nu54_m15_system_off_hil.M15SystemOffHilTests.test_capture_handles_lone_cr_and_split_crlf_records)
2026-09-07T06:29:12.3116241Z ! @brief live capture\uac00 \ub2e8\ub3c5 CR\uacfc chunk \ubd84\ub9ac CRLF\ub97c \uc911\ubcf5 \uc5c6\uc774 \ucc98\ub9ac\ud569\ub2c8\ub2e4. ... ok
2026-09-07T06:29:12.3117382Z test_capture_requires_two_confirmations_and_sends_bound_nonce (nu54_m15_system_off_hil.M15SystemOffHilTests.test_capture_requires_two_confirmations_and_sends_bound_nonce)
2026-09-07T06:29:12.3119337Z ! @brief SWD \uaca9\ub9ac \ub4a4 timed ARM, SW0 release \ub4a4 button ARM\ub9cc \ubcf4\ub0c5\ub2c8\ub2e4. ... ok
2026-09-07T06:29:12.3120312Z test_dirty_imported_helper_or_board_source_is_rejected (nu54_m15_system_off_hil.M15SystemOffHilTests.test_dirty_imported_helper_or_board_source_is_rejected)
2026-09-07T06:29:12.3126558Z ! @brief \uacf5\uc6a9 helper\ub098 board \ubcc0\uacbd\uc744 \uc2e4\uc81c flash \uc804\uc5d0 \uac70\ubd80\ud569\ub2c8\ub2e4. ... ok
2026-09-07T06:29:12.3127615Z test_eof_and_uart_failure_preserve_partial_transcript (nu54_m15_system_off_hil.M15SystemOffHilTests.test_eof_and_uart_failure_preserve_partial_transcript)
2026-09-07T06:29:12.3129201Z ! @brief \uaca9\ub9ac \ud655\uc778 EOF\uc640 \ud6c4\uc18d UART \ub2e8\uc808\ub3c4 \uc218\uc9d1 byte\ub97c \ubcf4\uc874\ud569\ub2c8\ub2e4. ... ok
2026-09-07T06:29:12.3130755Z test_evidence_records_schema_two_switch_and_no_post_isolation_probe (nu54_m15_system_off_hil.M15SystemOffHilTests.test_evidence_records_schema_two_switch_and_no_post_isolation_probe)
2026-09-07T06:29:12.3164237Z ! @brief \uc99d\uc801\uc774 switch \ubc29\ud5a5\uc744 \ucd94\uce21\ud558\uc9c0 \uc54a\uace0 \uae08\uc9c0 \ub3d9\uc791\uc744 false\ub85c \uae30\ub85d\ud569\ub2c8\ub2e4. ... ok
2026-09-07T06:29:12.3165421Z test_existing_evidence_is_preserved_until_atomic_pass_replace (nu54_m15_system_off_hil.M15SystemOffHilTests.test_existing_evidence_is_preserved_until_atomic_pass_replace)
2026-09-07T06:29:12.3371983Z ! @brief \uc2e4\ud328\ud55c \uc7ac\uc2dc\ud5d8\uc774 \uc774\uc804 PASS\ub97c \ud30c\uad34\ud558\uc9c0 \uc54a\ub294\uc9c0 \ud655\uc778\ud569\ub2c8\ub2e4. ... ok
2026-09-07T06:29:12.3373351Z test_flash_occurs_before_capture_and_only_once (nu54_m15_system_off_hil.M15SystemOffHilTests.test_flash_occurs_before_capture_and_only_once)
2026-09-07T06:29:12.3377339Z ! @brief SWD \uaca9\ub9ac prompt\uac00 \uac00\ub2a5\ud55c capture\ubcf4\ub2e4 flash\uac00 \uba3c\uc800 \ud55c \ubc88 \uc2e4\ud589\ub429\ub2c8\ub2e4. ... ok
2026-09-07T06:29:12.3378775Z test_rejects_failure_missing_line_and_trailing_protocol (nu54_m15_system_off_hil.M15SystemOffHilTests.test_rejects_failure_missing_line_and_trailing_protocol)
2026-09-07T06:29:12.3380844Z ! @brief FAIL, \ub204\ub77d\uacfc \ucd5c\uc885 PASS \ub4a4 \ucd94\uac00 protocol\uc744 \uac70\ubd80\ud569\ub2c8\ub2e4. ... ok
2026-09-07T06:29:12.3382608Z test_rejects_nonce_mismatch (nu54_m15_system_off_hil.M15SystemOffHilTests.test_rejects_nonce_mismatch)
2026-09-07T06:29:12.3384203Z ! @brief \uc7ac\ubd80\ud305 \uacbd\uacc4\ub97c \ub2e4\ub978 \uc2e4\ud589\uc758 token\uc73c\ub85c \uc870\ud569\ud558\uc9c0 \uc54a\uc2b5\ub2c8\ub2e4. ... ok
2026-09-07T06:29:12.3386192Z test_rejects_protocol_record_without_any_line_boundary (nu54_m15_system_off_hil.M15SystemOffHilTests.test_rejects_protocol_record_without_any_line_boundary)
2026-09-07T06:29:12.3388770Z ! @brief token\uacfc boot banner \uc0ac\uc774\uc5d0 EOL\uc774 \uc5c6\uc73c\uba74 \ubd80\ubd84 \ubcf5\uc6d0\ud558\uc9c0 \uc54a\uc2b5\ub2c8\ub2e4. ... ok
2026-09-07T06:29:12.3390811Z test_reset_cause_is_exact_supported_and_never_debug (nu54_m15_system_off_hil.M15SystemOffHilTests.test_reset_cause_is_exact_supported_and_never_debug)
2026-09-07T06:29:12.3392994Z ! @brief CLOCK�LOW_POWER_WAKE \uc678 \uc6d0\uc778\uacfc RESET_DEBUG \ud63c\ud569\uc744 \uac70\ubd80\ud569\ub2c8\ub2e4. ... ok
2026-09-07T06:29:12.3394476Z test_wake_timing_is_fail_closed (nu54_m15_system_off_hil.M15SystemOffHilTests.test_wake_timing_is_fail_closed)
2026-09-07T06:29:12.3395927Z ! @brief \ub108\ubb34 \ube60\ub974\uac70\ub098 \ub290\ub9b0 timed wake\uc640 \uc774\ub978 SW0 wake\ub97c \uac70\ubd80\ud569\ub2c8\ub2e4. ... ok
2026-09-07T06:29:12.3397523Z test_wrong_swd_confirmation_stops_before_any_arm (nu54_m15_system_off_hil.M15SystemOffHilTests.test_wrong_swd_confirmation_stops_before_any_arm)
2026-09-07T06:29:12.3399133Z ! @brief \ubaa8\ud638\ud55c switch \uc0c1\ud0dc\uc5d0\uc11c\ub294 UART ARM\uc870\ucc28 \uc804\uc1a1\ud558\uc9c0 \uc54a\uc2b5\ub2c8\ub2e4. ... ok
2026-09-07T06:29:12.3399983Z 
2026-09-07T06:29:12.3400203Z ----------------------------------------------------------------------
2026-09-07T06:29:12.3400710Z Ran 16 tests in 0.031s
2026-09-07T06:29:12.3400915Z 
2026-09-07T06:29:12.3401017Z OK
2026-09-07T06:29:12.3540895Z [M12] exec: C:\hostedtoolcache\windows\Python\3.12.10\x64\python.exe -m unittest discover -v -s D:\a\NU54DK_Arduino_Core\NU54DK_Arduino_Core\tests\host -p test_m16_ble_contract.py
2026-09-07T06:29:12.4260106Z test_arduino_library_metadata_and_example_contract (test_m16_ble_contract.M16BleNusContractTests.test_arduino_library_metadata_and_example_contract)
2026-09-07T06:29:12.4265408Z ! @brief Boards Manager\uac00 NUS library\uc640 \uc591\ucabd \uc5ed\ud560 \uc608\uc81c\ub97c \ucc3e\ub294\uc9c0 \uac80\uc99d\ud569\ub2c8\ub2e4. ... ok
2026-09-07T06:29:12.4266821Z test_ble_profile_feature_and_board_menu_are_wired (test_m16_ble_contract.M16BleNusContractTests.test_ble_profile_feature_and_board_menu_are_wired)
2026-09-07T06:29:12.4274637Z ! @brief ble profile \uc120\ud0dd\ub9cc\uc73c\ub85c \ud544\uc694\ud55c NUS feature\uac00 \ubcd1\ud569\ub418\ub294\uc9c0 \uac80\uc0ac\ud569\ub2c8\ub2e4. ... ok
2026-09-07T06:29:12.4276237Z test_bluetooth_callbacks_are_deferred_to_poll_through_fixed_queues (test_m16_ble_contract.M16BleNusContractTests.test_bluetooth_callbacks_are_deferred_to_poll_through_fixed_queues)
2026-09-07T06:29:12.4323183Z ! @brief Bluetooth context\uc5d0\uc11c Sketch callback \uc9c1\uc811 \uc2e4\ud589\uacfc \ub3d9\uc801 queue\ub97c \ucc28\ub2e8\ud569\ub2c8\ub2e4. ... ok
2026-09-07T06:29:12.4324613Z test_kconfig_and_feature_register_bounded_ble_runtime (test_m16_ble_contract.M16BleNusContractTests.test_kconfig_and_feature_register_bounded_ble_runtime)
2026-09-07T06:29:12.4327905Z ! @brief BLE \uad6c\ud604\uacfc \uace0\uc815 queue \ud06c\uae30\uac00 library feature\uc5d0 \uba85\uc2dc\ub418\ub294\uc9c0 \uac80\uc0ac\ud569\ub2c8\ub2e4. ... ok
2026-09-07T06:29:12.4329459Z test_peripheral_example_keeps_received_data_free_of_event_logs (test_m16_ble_contract.M16BleNusContractTests.test_peripheral_example_keeps_received_data_free_of_event_logs)
2026-09-07T06:29:12.4335981Z ! @brief \uc218\uc2e0 event \ub85c\uadf8\uac00 NUS-Serial \ub370\uc774\ud130 \uacbd\ub85c\uc5d0 \uc11e\uc774\uc9c0 \uc54a\ub3c4\ub85d \uace0\uc815\ud569\ub2c8\ub2e4. ... ok
2026-09-07T06:29:12.4337634Z test_public_nus_stream_surface_is_complete (test_m16_ble_contract.M16BleNusContractTests.test_public_nus_stream_surface_is_complete)
2026-09-07T06:29:12.4347241Z ! @brief peripheral\uacfc central\uc774 \uacf5\uc720\ud558\ub294 Arduino Stream \ud45c\uba74\uc744 \uace0\uc815\ud569\ub2c8\ub2e4. ... ok
2026-09-07T06:29:12.4348093Z 
2026-09-07T06:29:12.4348261Z ----------------------------------------------------------------------
2026-09-07T06:29:12.4348662Z Ran 6 tests in 0.009s
2026-09-07T06:29:12.4348811Z 
2026-09-07T06:29:12.4348900Z OK
2026-09-07T06:29:12.4425132Z [M12] exec: C:\hostedtoolcache\windows\Python\3.12.10\x64\python.exe -m unittest discover -v -s D:\a\NU54DK_Arduino_Core\NU54DK_Arduino_Core\tests\host -p test_m16_ble_pair.py
2026-09-07T06:29:12.5544949Z test_accepts_exact_frame_boundaries_and_reconnect (test_m16_ble_pair.M16BlePairHilTests.test_accepts_exact_frame_boundaries_and_reconnect)
2026-09-07T06:29:12.5546369Z ! @brief \uc591\ucabd exact protocol\uc5d0\uc11c 1/20/21/64 \ubc0f \uc7ac\uc5f0\uacb0\uc744 \uc2b9\uc778\ud569\ub2c8\ub2e4. ... ok
2026-09-07T06:29:12.5547654Z test_evidence_binds_two_boards_images_and_raw_transcript_sha (test_m16_ble_pair.M16BlePairHilTests.test_evidence_binds_two_boards_images_and_raw_transcript_sha)
2026-09-07T06:29:12.5591731Z ! @brief evidence\uac00 \ub450 UID�MSD�COM\uacfc \ub450 raw transcript hash\ub97c \uae30\ub85d\ud569\ub2c8\ub2e4. ... ok
2026-09-07T06:29:12.5592666Z test_existing_evidence_requires_explicit_overwrite (test_m16_ble_pair.M16BlePairHilTests.test_existing_evidence_requires_explicit_overwrite)
2026-09-07T06:29:12.5620037Z ! @brief \uae30\uc874 PASS\uc640 companion raw transcript\ub97c \uc554\ubb35\uc801\uc73c\ub85c \ub36e\uc9c0 \uc54a\uc2b5\ub2c8\ub2e4. ... ok
2026-09-07T06:29:12.5620882Z test_nonce_is_exact_lowercase_hex (test_m16_ble_pair.M16BlePairHilTests.test_nonce_is_exact_lowercase_hex)
2026-09-07T06:29:12.5622567Z ! @brief nonce \uae38\uc774�\ubb38\uc790 \uc9d1\ud569\uc744 \uace0\uc815\ud574 stale \ud310\uc815\uc758 \ubaa8\ud638\uc131\uc744 \uc81c\uac70\ud569\ub2c8\ub2e4. ... ok
2026-09-07T06:29:12.5623560Z test_rejects_missing_or_wrong_frame_boundary (test_m16_ble_pair.M16BlePairHilTests.test_rejects_missing_or_wrong_frame_boundary)
2026-09-07T06:29:12.5627160Z ! @brief 20/21 byte \uacbd\uacc4 \ub204\ub77d\uc774\ub098 \uc798\ubabb\ub41c \uae38\uc774\ub97c PASS\ub85c \uc2b9\uaca9\ud558\uc9c0 \uc54a\uc2b5\ub2c8\ub2e4. ... ok
2026-09-07T06:29:12.5628534Z test_rejects_missing_reconnect_and_wrong_byte_total (test_m16_ble_pair.M16BlePairHilTests.test_rejects_missing_reconnect_and_wrong_byte_total)
2026-09-07T06:29:12.5629485Z ! @brief \ub450 \ubc88\uc9f8 \uc5f0\uacb0\uacfc peripheral 106/21 byte \uacc4\uc57d \ub204\ub77d\uc744 \uac70\ubd80\ud569\ub2c8\ub2e4. ... ok
2026-09-07T06:29:12.5630665Z test_rejects_stale_nonce_before_current_final (test_m16_ble_pair.M16BlePairHilTests.test_rejects_stale_nonce_before_current_final)
2026-09-07T06:29:12.5631733Z ! @brief \uc774\uc804 \uc2e4\ud589 FINAL\uc774\ub098 frame\uc744 \ud604\uc7ac PASS\ub85c \uc7ac\uc0ac\uc6a9\ud558\uc9c0 \ubabb\ud558\uac8c \ud569\ub2c8\ub2e4. ... ok
2026-09-07T06:29:12.5632876Z test_rejects_target_fail_and_tokens_after_final (test_m16_ble_pair.M16BlePairHilTests.test_rejects_target_fail_and_tokens_after_final)
2026-09-07T06:29:12.5633915Z ! @brief target FAIL \ubc0f FINAL \ub4a4 \uc911\ubcf5 protocol token\uc744 \ubaa8\ub450 \uac70\ubd80\ud569\ub2c8\ub2e4. ... ok
2026-09-07T06:29:12.5634791Z test_requires_two_distinct_uids_volumes_and_ports (test_m16_ble_pair.M16BlePairHilTests.test_requires_two_distinct_uids_volumes_and_ports)
2026-09-07T06:29:12.5639022Z ! @brief \uac19\uc740 UID�MSD�COM\uc744 role \ub450 \uac1c\ub85c \uc624\uc778\ud558\uc9c0 \uc54a\uac8c \ucc28\ub2e8\ud569\ub2c8\ub2e4. ... ok
2026-09-07T06:29:12.5639552Z 
2026-09-07T06:29:12.5639697Z ----------------------------------------------------------------------
2026-09-07T06:29:12.5640030Z Ran 9 tests in 0.010s
2026-09-07T06:29:12.5640170Z 
2026-09-07T06:29:12.5640240Z OK
2026-09-07T06:29:12.5749323Z [M12] exec: C:\hostedtoolcache\windows\Python\3.12.10\x64\python.exe -m unittest discover -v -s D:\a\NU54DK_Arduino_Core\NU54DK_Arduino_Core\tests\host -p test_m17_coverage.py
2026-09-07T06:29:12.7022886Z test_build_only_failure_is_gate_failure (test_m17_coverage.M17CoverageTests.test_build_only_failure_is_gate_failure)
2026-09-07T06:29:12.7255445Z ! @brief build-only \ud56d\ubaa9\uc758 evidence\uac00 \uc788\ub294 fail\uc740 coverage gate\ub97c \uc2e4\ud328\uc2dc\ud0b5\ub2c8\ub2e4. ... ok
2026-09-07T06:29:12.7257013Z test_deferred_failure_is_valid_and_rendered (test_m17_coverage.M17CoverageTests.test_deferred_failure_is_valid_and_rendered)
2026-09-07T06:29:12.7532105Z ! @brief deferred \uc2e4\ud328\ub294 gate\ub97c \ub9c9\uc9c0 \uc54a\uace0 evidence\uc640 \uc694\uc57d\uc5d0 \uba85\uc2dc\ud569\ub2c8\ub2e4. ... ok
2026-09-07T06:29:12.7668512Z test_duplicate_json_key_is_rejected (test_m17_coverage.M17CoverageTests.test_duplicate_json_key_is_rejected) ... ok
2026-09-07T06:29:12.7669615Z test_evidence_drive_path_is_rejected (test_m17_coverage.M17CoverageTests.test_evidence_drive_path_is_rejected)
2026-09-07T06:29:12.7906741Z ! @brief evidence\uc5d0\ub3c4 Windows absolute�drive-relative \uacbd\ub85c\ub97c \ud5c8\uc6a9\ud558\uc9c0 \uc54a\uc2b5\ub2c8\ub2e4. ... ok
2026-09-07T06:29:12.8059933Z test_external_source_requires_exact_commit (test_m17_coverage.M17CoverageTests.test_external_source_requires_exact_commit) ... ok
2026-09-07T06:29:12.8307024Z test_fixture_validates_without_checkout_probe (test_m17_coverage.M17CoverageTests.test_fixture_validates_without_checkout_probe) ... ok
2026-09-07T06:29:12.8308368Z test_generated_outputs_accept_git_crlf_checkout (test_m17_coverage.M17CoverageTests.test_generated_outputs_accept_git_crlf_checkout)
2026-09-07T06:29:12.8704208Z ! @brief \uc0dd\uc131 \uc694\uc57d\uc758 Git CRLF checkout\uc744 LF \uc6d0\ubcf8\uacfc \ub3d9\uc77c\ud558\uac8c \uac80\uc99d\ud569\ub2c8\ub2e4. ... ok
2026-09-07T06:29:12.8953309Z test_invalid_enum_is_rejected (test_m17_coverage.M17CoverageTests.test_invalid_enum_is_rejected) ... ok
2026-09-07T06:29:12.9093679Z test_manifest_path_traversal_is_rejected (test_m17_coverage.M17CoverageTests.test_manifest_path_traversal_is_rejected) ... ok
2026-09-07T06:29:12.9094664Z test_manifest_record_hash_accepts_git_crlf_checkout (test_m17_coverage.M17CoverageTests.test_manifest_record_hash_accepts_git_crlf_checkout)
2026-09-07T06:29:12.9345763Z ! @brief Git text \ubcc0\ud658\uc73c\ub85c \uc0dd\uae34 CRLF\uac00 LF \uae30\uc900 record hash\ub97c \ubc14\uafb8\uc9c0 \uc54a\uc2b5\ub2c8\ub2e4. ... ok
2026-09-07T06:29:12.9544793Z test_manifest_record_hash_mismatch_is_rejected (test_m17_coverage.M17CoverageTests.test_manifest_record_hash_mismatch_is_rejected) ... ok
2026-09-07T06:29:12.9545951Z test_manifest_record_hash_rejects_bare_cr (test_m17_coverage.M17CoverageTests.test_manifest_record_hash_rejects_bare_cr)
2026-09-07T06:29:12.9690725Z ! @brief Git\uc758 CRLF \ubcc0\ud658\uc774 \uc544\ub2cc \ub2e8\ub3c5 CR\uc740 \ubaa8\ud638\ud55c \uc785\ub825\uc73c\ub85c \uac70\ubd80\ud569\ub2c8\ub2e4. ... ok
2026-09-07T06:29:12.9691870Z test_manifest_record_hash_rejects_content_change_with_crlf (test_m17_coverage.M17CoverageTests.test_manifest_record_hash_rejects_content_change_with_crlf)
2026-09-07T06:29:12.9836211Z ! @brief CRLF checkout\uc5d0\uc11c\ub3c4 \uc2e4\uc81c record \ub0b4\uc6a9 \ubcc0\uacbd\uc740 SHA mismatch\ub85c \uac70\ubd80\ud569\ub2c8\ub2e4. ... ok
2026-09-07T06:29:12.9980427Z test_manifest_revision_mismatch_is_rejected (test_m17_coverage.M17CoverageTests.test_manifest_revision_mismatch_is_rejected) ... ok
2026-09-07T06:29:13.0231810Z test_networking_supported_promotion_is_rejected (test_m17_coverage.M17CoverageTests.test_networking_supported_promotion_is_rejected) ... ok
2026-09-07T06:29:13.0233407Z test_pass_and_fail_require_evidence (test_m17_coverage.M17CoverageTests.test_pass_and_fail_require_evidence)
2026-09-07T06:29:13.0585352Z ! @brief \uc644\ub8cc \uacb0\uacfc\uc778 pass\uc640 fail\uc5d0 evidence\uac00 \uc5c6\uc73c\uba74 \uac70\ubd80\ud569\ub2c8\ub2e4. ... ok
2026-09-07T06:29:13.0586538Z test_planned_and_not_run_reject_evidence (test_m17_coverage.M17CoverageTests.test_planned_and_not_run_reject_evidence)
2026-09-07T06:29:13.0930929Z ! @brief \ubbf8\uc2e4\ud589 \uc0c1\ud0dc\uc778 planned\uc640 not-run\uc5d0\ub294 evidence\ub97c \uae08\uc9c0\ud569\ub2c8\ub2e4. ... ok
2026-09-07T06:29:13.1071526Z test_record_path_must_be_derived_from_id (test_m17_coverage.M17CoverageTests.test_record_path_must_be_derived_from_id) ... ok
2026-09-07T06:29:13.1333661Z test_record_revision_mismatch_is_rejected (test_m17_coverage.M17CoverageTests.test_record_revision_mismatch_is_rejected) ... ok
2026-09-07T06:29:13.3018954Z test_repository_dataset_and_generated_outputs_are_current (test_m17_coverage.M17CoverageTests.test_repository_dataset_and_generated_outputs_are_current) ... ok
2026-09-07T06:29:13.3020292Z test_resolved_path_outside_root_is_rejected (test_m17_coverage.M17CoverageTests.test_resolved_path_outside_root_is_rejected)
2026-09-07T06:29:13.3181088Z ! @brief symlink \ub4f1\uc73c\ub85c resolve \uacb0\uacfc\uac00 root \ubc16\uc774\uba74 fail-closed\ub85c \uac70\ubd80\ud569\ub2c8\ub2e4. ... ok
2026-09-07T06:29:13.3428560Z test_sensor_wrapper_is_rejected (test_m17_coverage.M17CoverageTests.test_sensor_wrapper_is_rejected) ... ok
2026-09-07T06:29:13.3429767Z test_supported_failure_is_gate_failure (test_m17_coverage.M17CoverageTests.test_supported_failure_is_gate_failure)
2026-09-07T06:29:13.3601721Z ! @brief supported \ud56d\ubaa9\uc758 evidence\uac00 \uc788\ub294 fail\ub3c4 coverage gate\ub97c \uc2e4\ud328\uc2dc\ud0b5\ub2c8\ub2e4. ... ok
2026-09-07T06:29:13.3851527Z test_unknown_record_field_is_rejected (test_m17_coverage.M17CoverageTests.test_unknown_record_field_is_rejected) ... ok
2026-09-07T06:29:13.3852563Z test_windows_drive_paths_are_rejected (test_m17_coverage.M17CoverageTests.test_windows_drive_paths_are_rejected)
2026-09-07T06:29:13.3979911Z ! @brief C:/�D:/\uc640 drive-relative \uacbd\ub85c\ub97c \uc0c1\ub300 \uacbd\ub85c\ub85c \ud574\uc11d\ud558\uc9c0 \uc54a\uc2b5\ub2c8\ub2e4. ... ok
2026-09-07T06:29:13.3980830Z 
2026-09-07T06:29:13.3981124Z ----------------------------------------------------------------------
2026-09-07T06:29:13.3981697Z Ran 25 tests in 0.696s
2026-09-07T06:29:13.3981907Z 
2026-09-07T06:29:13.3982018Z OK
2026-09-07T06:29:13.4122867Z [M12] exec: C:\hostedtoolcache\windows\Python\3.12.10\x64\python.exe -m unittest discover -v -s D:\a\NU54DK_Arduino_Core\NU54DK_Arduino_Core\tests\host -p test_m17_external_arduino.py
2026-09-07T06:29:13.5609806Z test_arduino_cli_exact_version_and_sha_are_recorded (test_m17_external_arduino.M17ExternalArduinoTests.test_arduino_cli_exact_version_and_sha_are_recorded)
2026-09-07T06:29:13.5649202Z ! @brief shell \uc5c6\uc774 \uc2e4\ud589\ud55c exact 1.5.1\uacfc executable SHA\ub97c \uc815\uaddc\ud654\ud569\ub2c8\ub2e4. ... ok
2026-09-07T06:29:13.5650280Z test_arduino_cli_rejects_wrong_or_ambiguous_version (test_m17_external_arduino.M17ExternalArduinoTests.test_arduino_cli_rejects_wrong_or_ambiguous_version)
2026-09-07T06:29:13.5680868Z ! @brief \ub2e4\ub978 version\uacfc version token \uc911\ubcf5\uc744 fail-closed\ub85c \uac70\ubd80\ud569\ub2c8\ub2e4. ... ok
2026-09-07T06:29:13.5682034Z test_arduino_cli_replacement_is_rejected (test_m17_external_arduino.M17ExternalArduinoTests.test_arduino_cli_replacement_is_rejected)
2026-09-07T06:29:13.5704847Z ! @brief compile \uc911 executable byte\uac00 \ubc14\ub00c\uba74 \uc885\ub8cc \uac80\uc99d\uc5d0\uc11c \uac70\ubd80\ud569\ub2c8\ub2e4. ... ok
2026-09-07T06:29:13.5706300Z test_arduino_library_compatibility_contract_is_present (test_m17_external_arduino.M17ExternalArduinoTests.test_arduino_library_compatibility_contract_is_present)
2026-09-07T06:29:13.5711205Z ! @brief \uc678\ubd80 Arduino library\uac00 \uc694\uad6c\ud558\ub294 macro, Print\uc640 \uc815\uc218 GPIO overload\ub97c \uace0\uc815\ud569\ub2c8\ub2e4. ... ok
2026-09-07T06:29:13.5712883Z test_compile_sketch_targets_lsm6ds3trc (test_m17_external_arduino.M17ExternalArduinoTests.test_compile_sketch_targets_lsm6ds3trc)
2026-09-07T06:29:13.5715248Z ! @brief compile gate\uac00 NU54DK \uac80\uc99d \ub300\uc0c1 LSM6DS3TR-C\ub97c \uc9c1\uc811 \uc0ac\uc6a9\ud558\ub294\uc9c0 \ud655\uc778\ud569\ub2c8\ub2e4. ... ok
2026-09-07T06:29:13.5716586Z test_contained_target_rejects_destination_escape (test_m17_external_arduino.M17ExternalArduinoTests.test_contained_target_rejects_destination_escape)
2026-09-07T06:29:13.5736423Z ! @brief \ucd5c\uc885 resolve \uacb0\uacfc\uac00 destination \ubc16\uc774\uba74 \ucd94\ucd9c \uc804\uc5d0 \uac70\ubd80\ud569\ub2c8\ub2e4. ... ok
2026-09-07T06:29:13.5737957Z test_download_checksum_contract_matches_lock (test_m17_external_arduino.M17ExternalArduinoTests.test_download_checksum_contract_matches_lock)
2026-09-07T06:29:13.5743807Z ! @brief lock SHA\uac00 64\uc790\ub9ac\uc774\uba70 evidence\uc5d0 \uc0ac\uc6a9\ud560 \uc218 \uc788\ub294 digest\uc778\uc9c0 \ud655\uc778\ud569\ub2c8\ub2e4. ... ok
2026-09-07T06:29:13.5745198Z test_exact_checkout_allows_only_untracked_ci_output_root (test_m17_external_arduino.M17ExternalArduinoTests.test_exact_checkout_allows_only_untracked_ci_output_root)
2026-09-07T06:29:13.5798913Z ! @brief \uae30\uc874 CI evidence\ub294 \ud5c8\uc6a9\ud558\ub418 \ub2e4\ub978 untracked source\ub294 \uac70\ubd80\ud569\ub2c8\ub2e4. ... ok
2026-09-07T06:29:13.5800566Z test_exact_checkout_rejects_dirty_core_or_board (test_m17_external_arduino.M17ExternalArduinoTests.test_exact_checkout_rejects_dirty_core_or_board)
2026-09-07T06:29:13.5833792Z ! @brief Core \ub610\ub294 board\uc758 \ubbf8\ucee4\ubc0b \ubcc0\uacbd\uc740 compile \uc804\uc5d0 \uac70\ubd80\ud569\ub2c8\ub2e4. ... ok
2026-09-07T06:29:13.5835513Z test_exact_checkout_rejects_gitlink_or_checkout_mismatch (test_m17_external_arduino.M17ExternalArduinoTests.test_exact_checkout_rejects_gitlink_or_checkout_mismatch)
2026-09-07T06:29:13.5871331Z ! @brief parent gitlink \ub610\ub294 \uc2e4\uc81c board HEAD\uac00 exact pin\uacfc \ub2e4\ub974\uba74 \uac70\ubd80\ud569\ub2c8\ub2e4. ... ok
2026-09-07T06:29:13.5873069Z test_lock_rejects_changed_checksum_and_duplicate_key (test_m17_external_arduino.M17ExternalArduinoTests.test_lock_rejects_changed_checksum_and_duplicate_key)
2026-09-07T06:29:13.5898113Z ! @brief checksum \ubcc0\uacbd\uacfc \uc911\ubcf5 JSON key\ub97c fail-closed\ub85c \uac70\ubd80\ud569\ub2c8\ub2e4. ... ok
2026-09-07T06:29:13.5899570Z test_repository_lock_is_exact (test_m17_external_arduino.M17ExternalArduinoTests.test_repository_lock_is_exact)
2026-09-07T06:29:13.5901733Z ! @brief \uc800\uc7a5\uc18c lock\uc774 \uc2b9\uc778\ud55c \uc138 tag�commit�SHA\ub9cc \ud3ec\ud568\ud558\ub294\uc9c0 \ud655\uc778\ud569\ub2c8\ub2e4. ... ok
2026-09-07T06:29:13.5903418Z test_safe_extract_accepts_single_root (test_m17_external_arduino.M17ExternalArduinoTests.test_safe_extract_accepts_single_root)
2026-09-07T06:29:13.5960484Z ! @brief \uc815\uc0c1 archive\uc5d0\uc11c root\ub97c \uc81c\uac70\ud55c library tree\ub9cc \uc0dd\uc131\ud569\ub2c8\ub2e4. ... ok
2026-09-07T06:29:13.5962016Z test_safe_extract_rejects_traversal (test_m17_external_arduino.M17ExternalArduinoTests.test_safe_extract_rejects_traversal)
2026-09-07T06:29:13.5974896Z ! @brief \uc0c1\uc704 \uacbd\ub85c\ub97c \uc4f0\ub294 ZIP member\ub97c \uac70\ubd80\ud569\ub2c8\ub2e4. ... ok
2026-09-07T06:29:13.5976480Z test_safe_extract_rejects_windows_drive_unc_and_ads (test_m17_external_arduino.M17ExternalArduinoTests.test_safe_extract_rejects_windows_drive_unc_and_ads)
2026-09-07T06:29:13.6036601Z ! @brief drive-relative�drive absolute�UNC�ADS ZIP \uacbd\ub85c\ub97c \ubaa8\ub450 \uac70\ubd80\ud569\ub2c8\ub2e4. ... ok
2026-09-07T06:29:13.6037458Z 
2026-09-07T06:29:13.6037706Z ----------------------------------------------------------------------
2026-09-07T06:29:13.6038262Z Ran 15 tests in 0.043s
2026-09-07T06:29:13.6038479Z 
2026-09-07T06:29:13.6038596Z OK
2026-09-07T06:29:13.6200263Z [M12] exec: C:\hostedtoolcache\windows\Python\3.12.10\x64\python.exe -m unittest discover -v -s D:\a\NU54DK_Arduino_Core\NU54DK_Arduino_Core\tests\host -p test_m17_feasibility.py
2026-09-07T06:29:13.7417636Z test_build_command_is_fixed_sysbuild (test_m17_feasibility.M17FeasibilityTests.test_build_command_is_fixed_sysbuild)
2026-09-07T06:29:13.7419868Z ! @brief \uba85\ub839\uc774 \uace0\uc815 board\uc640 sysbuild \ubc0f \uc800\uc7a5\uc18c BOARD_ROOT\ub97c \uc0ac\uc6a9\ud569\ub2c8\ub2e4. ... ok
2026-09-07T06:29:13.7421583Z test_crypto_nu54dk_failure_is_gate_failure (test_m17_feasibility.M17FeasibilityTests.test_crypto_nu54dk_failure_is_gate_failure)
2026-09-07T06:29:13.7501790Z ! @brief crypto RNG\ub294 official\uacfc NU54DK\uac00 \ubaa8\ub450 \uc131\uacf5\ud574\uc57c gate\ub97c \ud1b5\uacfc\ud569\ub2c8\ub2e4. ... ok
2026-09-07T06:29:13.7502987Z test_declared_samples_and_support_boundary_are_exact (test_m17_feasibility.M17FeasibilityTests.test_declared_samples_and_support_boundary_are_exact)
2026-09-07T06:29:13.7504091Z ! @brief \uac80\ud1a0 \ub300\uc0c1\uc740 \uacf5\uc2dd \uc138 sample\uc774\uba70 \uc9c0\uc6d0 \uc120\uc5b8\uc740 runner\uc5d0 \ud3ec\ud568\ud558\uc9c0 \uc54a\uc2b5\ub2c8\ub2e4. ... ok
2026-09-07T06:29:13.7505268Z test_execution_inputs_reject_board_revision_or_gitlink_mismatch (test_m17_feasibility.M17FeasibilityTests.test_execution_inputs_reject_board_revision_or_gitlink_mismatch)
2026-09-07T06:29:13.7511307Z ! @brief \uc2e4\uc81c checkout\uacfc \ubd80\ubaa8 gitlink\uac00 lock revision\uc5d0\uc11c \ubc97\uc5b4\ub098\uba74 \uac70\ubd80\ud569\ub2c8\ub2e4. ... ok
2026-09-07T06:29:13.7512458Z test_execution_inputs_reject_dirty_board (test_m17_feasibility.M17FeasibilityTests.test_execution_inputs_reject_dirty_board)
2026-09-07T06:29:13.7515331Z ! @brief exact revision\uc774\uc5b4\ub3c4 board checkout\uc774 dirty\uc774\uba74 build \uc804\uc5d0 \uac70\ubd80\ud569\ub2c8\ub2e4. ... ok
2026-09-07T06:29:13.7516620Z test_execution_inputs_reject_dirty_ncs_or_zephyr_workspace (test_m17_feasibility.M17FeasibilityTests.test_execution_inputs_reject_dirty_ncs_or_zephyr_workspace)
2026-09-07T06:29:13.7520943Z ! @brief revision\uc774 \uac19\uc544\ub3c4 NCS�Zephyr source \ubcc0\uacbd\uc740 exact workspace\uac00 \uc544\ub2d9\ub2c8\ub2e4. ... ok
2026-09-07T06:29:13.7522007Z test_git_output_scopes_safe_directory_to_repository (test_m17_feasibility.M17FeasibilityTests.test_git_output_scopes_safe_directory_to_repository)
2026-09-07T06:29:13.7541937Z ! @brief \uacf5\ubc31 \uacbd\ub85c\ub3c4 \uc804\uc5ed \ubcc0\uacbd \uc5c6\uc774 \ud574\ub2f9 \uc800\uc7a5\uc18c\ub9cc \uc2e0\ub8b0\ud569\ub2c8\ub2e4. ... ok
2026-09-07T06:29:13.7543141Z test_git_revision_rejects_malformed_output (test_m17_feasibility.M17FeasibilityTests.test_git_revision_rejects_malformed_output)
2026-09-07T06:29:13.7545246Z ! @brief Git \uc131\uacf5 \ucf54\ub4dc\uc5ec\ub3c4 40\uc790\ub9ac SHA\uac00 \uc544\ub2c8\uba74 exact \uc785\ub825\uc744 \uac70\ubd80\ud569\ub2c8\ub2e4. ... ok
2026-09-07T06:29:13.7546556Z test_network_nu54dk_failure_is_recorded_but_not_gate_failure (test_m17_feasibility.M17FeasibilityTests.test_network_nu54dk_failure_is_recorded_but_not_gate_failure)
2026-09-07T06:29:13.7611017Z ! @brief deferred networking\uc740 official\ub9cc gate\uc774\uba70 NU54DK \uc2e4\ud328\ub294 evidence\uc5d0 \ubcf4\uc874\ud569\ub2c8\ub2e4. ... ok
2026-09-07T06:29:13.7612392Z test_official_control_failure_is_gate_failure (test_m17_feasibility.M17FeasibilityTests.test_official_control_failure_is_gate_failure)
2026-09-07T06:29:13.7679472Z ! @brief official control \uc2e4\ud328\uac00 \uc788\uc5b4\ub3c4 \ub450 \uc5ed\ud560\uc758 evidence\ub97c \ubcf4\uc874\ud558\uace0 gate\ub97c \uc2e4\ud328\uc2dc\ud0b5\ub2c8\ub2e4. ... ok
2026-09-07T06:29:13.7681053Z test_policy_rejects_crypto_deferred_or_hil (test_m17_feasibility.M17FeasibilityTests.test_policy_rejects_crypto_deferred_or_hil)
2026-09-07T06:29:13.7682771Z ! @brief crypto build-only \ud56d\ubaa9\uc744 deferred\ub85c \ub0ae\ucd94\uac70\ub098 HIL\ub85c \uc624\ud45c\uae30\ud558\uc9c0 \ubabb\ud558\uac8c \ud569\ub2c8\ub2e4. ... ok
2026-09-07T06:29:13.7684228Z test_policy_rejects_networking_support_promotion (test_m17_feasibility.M17FeasibilityTests.test_policy_rejects_networking_support_promotion)
2026-09-07T06:29:13.7685785Z ! @brief networking sample\uc744 build-only \ub610\ub294 supported\ub85c \uc2b9\uaca9\ud558\uc9c0 \ubabb\ud558\uac8c \ud569\ub2c8\ub2e4. ... ok
2026-09-07T06:29:13.7686974Z test_run_build_hashes_normalized_log (test_m17_feasibility.M17FeasibilityTests.test_run_build_hashes_normalized_log)
2026-09-07T06:29:13.7709184Z ! @brief \ud1b5\ud569 stdout\uc744 \uc815\uaddc\ud654\ud574 exact log hash\uc640 \uacb0\uacfc\ub97c \ub0a8\uae41\ub2c8\ub2e4. ... ok
2026-09-07T06:29:13.7710140Z 
2026-09-07T06:29:13.7710504Z ----------------------------------------------------------------------
2026-09-07T06:29:13.7710913Z Ran 13 tests in 0.029s
2026-09-07T06:29:13.7711068Z 
2026-09-07T06:29:13.7711159Z OK
2026-09-07T06:29:13.7846831Z [M12] exec: C:\hostedtoolcache\windows\Python\3.12.10\x64\python.exe -m unittest discover -v -s D:\a\NU54DK_Arduino_Core\NU54DK_Arduino_Core\tests\host -p test_m18_release.py
2026-09-07T06:29:14.1662504Z test_asset_tamper_and_extra_file_are_rejected (test_m18_release.M18ReleaseTests.test_asset_tamper_and_extra_file_are_rejected) ... ok
2026-09-07T06:29:14.2832023Z test_checksum_sidecar_forgery_is_rejected_even_when_records_are_rehashed (test_m18_release.M18ReleaseTests.test_checksum_sidecar_forgery_is_rejected_even_when_records_are_rehashed) ... ok
2026-09-07T06:29:14.2858986Z test_cli_exposes_no_stable_publish_or_version_override (test_m18_release.M18ReleaseTests.test_cli_exposes_no_stable_publish_or_version_override) ... ok
2026-09-07T06:29:14.2907768Z test_dirty_core_and_dirty_board_are_rejected (test_m18_release.M18ReleaseTests.test_dirty_core_and_dirty_board_are_rejected) ... ok
2026-09-07T06:29:14.5278933Z test_evidence_artifact_and_document_blob_tamper_are_rejected (test_m18_release.M18ReleaseTests.test_evidence_artifact_and_document_blob_tamper_are_rejected) ... ok
2026-09-07T06:29:14.5288072Z test_external_process_is_always_shell_false (test_m18_release.M18ReleaseTests.test_external_process_is_always_shell_false) ... ok
2026-09-07T06:29:14.8421731Z test_immutable_plan_fields_and_roles_are_rejected_when_tampered (test_m18_release.M18ReleaseTests.test_immutable_plan_fields_and_roles_are_rejected_when_tampered) ... ok
2026-09-07T06:29:14.8684433Z test_nondeterministic_second_build_is_rejected (test_m18_release.M18ReleaseTests.test_nondeterministic_second_build_is_rejected) ... ok
2026-09-07T06:29:14.8713132Z test_package_contract_is_read_only_and_rejects_rc_or_pin_mutation (test_m18_release.M18ReleaseTests.test_package_contract_is_read_only_and_rejects_rc_or_pin_mutation) ... ok
2026-09-07T06:29:14.9677063Z test_plan_unknown_field_is_rejected (test_m18_release.M18ReleaseTests.test_plan_unknown_field_is_rejected) ... ok
2026-09-07T06:29:15.0913698Z test_prepare_builds_twice_and_validates_exact_allowlist (test_m18_release.M18ReleaseTests.test_prepare_builds_twice_and_validates_exact_allowlist) ... ok
2026-09-07T06:29:15.0915253Z test_publish_binds_verification_to_discovered_release_id (test_m18_release.M18ReleaseTests.test_publish_binds_verification_to_discovered_release_id)
2026-09-07T06:29:15.2482882Z ! @brief \uc0dd\uc131 \uc9c1\ud6c4 \ubc1c\uacac\ud55c release ID\uac00 \uc7ac\uc870\ud68c \uc911 \ubc14\ub00c\uba74 \uac80\uc99d\uc744 \uc911\ub2e8\ud569\ub2c8\ub2e4. ... ok
2026-09-07T06:29:15.2485125Z test_publish_draft_uses_only_safe_flags_and_rechecks_remote_bytes (test_m18_release.M18ReleaseTests.test_publish_draft_uses_only_safe_flags_and_rechecks_remote_bytes)
2026-09-07T06:29:15.4689270Z ! @brief untagged Draft\ub97c ID \uae30\ubc18\uc73c\ub85c \uc0dd\uc131�\uac80\uc99d\ud558\uace0 tag download\ub97c \uc4f0\uc9c0 \uc54a\uc2b5\ub2c8\ub2e4. ... ok
2026-09-07T06:29:15.4690577Z test_publish_rejects_existing_local_or_github_release (test_m18_release.M18ReleaseTests.test_publish_rejects_existing_local_or_github_release)
2026-09-07T06:29:15.6872632Z ! @brief local tag \ubc0f REST \ubaa9\ub85d\uc5d0\uc11c \ubcf4\uc774\ub294 \uae30\uc874�\uc911\ubcf5 Draft\ub97c \uc0dd\uc131 \uc804\uc5d0 \uac70\ubd80\ud569\ub2c8\ub2e4. ... ok
2026-09-07T06:29:15.6875111Z test_publish_rejects_non_main_or_unpushed_origin_main (test_m18_release.M18ReleaseTests.test_publish_rejects_non_main_or_unpushed_origin_main)
2026-09-07T06:29:15.8787324Z ! @brief main/current HEAD/origin-main\uacfc remote main \ubd88\uc77c\uce58\ub97c \uac70\ubd80\ud569\ub2c8\ub2e4. ... ok
2026-09-07T06:29:15.8788447Z test_publish_rejects_non_public_repository_or_missing_remote_commit (test_m18_release.M18ReleaseTests.test_publish_rejects_non_public_repository_or_missing_remote_commit)
2026-09-07T06:29:16.1243487Z ! @brief PUBLIC/default main\uacfc GitHub target commit \ubd80\uc7ac\ub97c \uac70\ubd80\ud569\ub2c8\ub2e4. ... ok
2026-09-07T06:29:16.1245107Z test_publish_rejects_remote_sha_mismatch (test_m18_release.M18ReleaseTests.test_publish_rejects_remote_sha_mismatch)
2026-09-07T06:29:16.6039969Z ! @brief asset ID�\uc774\ub984�\uc0c1\ud0dc�\ud06c\uae30�digest\uc640 \ub2e4\uc6b4\ub85c\ub4dc byte \ubd88\uc77c\uce58\ub97c \uac70\ubd80\ud569\ub2c8\ub2e4. ... ok
2026-09-07T06:29:16.6041333Z test_publish_rejects_remote_tag_created_during_draft (test_m18_release.M18ReleaseTests.test_publish_rejects_remote_tag_created_during_draft)
2026-09-07T06:29:16.7592144Z ! @brief Draft \uc0dd\uc131 \ub4a4 \uc6d0\uaca9 tag ref\uac00 \uc0dd\uae30\uba74 Draft \uacc4\uc57d \uc704\ubc18\uc73c\ub85c \uac70\ubd80\ud569\ub2c8\ub2e4. ... ok
2026-09-07T06:29:16.7593475Z test_publish_waits_for_delayed_draft_and_bounds_discovery (test_m18_release.M18ReleaseTests.test_publish_waits_for_delayed_draft_and_bounds_discovery)
2026-09-07T06:29:16.9642507Z ! @brief Draft \ubaa9\ub85d\uc758 \uc9e7\uc740 \uc9c0\uc5f0\uc740 \uc7ac\uc870\ud68c\ud558\uace0 \ubb34\ud55c \ub300\uae30\ub294 \ud558\uc9c0 \uc54a\uc2b5\ub2c8\ub2e4. ... ok
2026-09-07T06:29:16.9643930Z test_published_stable_root_index_identities_are_exact (test_m18_release.M18ReleaseTests.test_published_stable_root_index_identities_are_exact)
2026-09-07T06:29:16.9655930Z ! @brief M18 \uc5ed\uc0ac \uacbd\uacc4\uc640 \ud604\uc7ac \uacf5\uac1c root index\uc758 exact byte\ub97c \ud568\uaed8 \ubcf4\ud638\ud569\ub2c8\ub2e4. ... ok
2026-09-07T06:29:16.9672958Z test_stable_contract_change_is_rejected (test_m18_release.M18ReleaseTests.test_stable_contract_change_is_rejected) ... ok
2026-09-07T06:29:16.9674150Z test_stable_root_index_crlf_worktree_is_rejected (test_m18_release.M18ReleaseTests.test_stable_root_index_crlf_worktree_is_rejected)
2026-09-07T06:29:16.9694580Z ! @brief Windows CRLF\ub85c \ubcc0\ud615\ub41c stable index\ub97c M18\uc774 \uac70\ubd80\ud558\ub294\uc9c0 \uac80\uc99d\ud569\ub2c8\ub2e4. ... ok
2026-09-07T06:29:17.1978423Z test_unexpected_directory_and_symlink_are_rejected (test_m18_release.M18ReleaseTests.test_unexpected_directory_and_symlink_are_rejected) ... ok
2026-09-07T06:29:17.1979876Z test_verify_accepts_missing_optional_digest_and_rejects_foreign_url (test_m18_release.M18ReleaseTests.test_verify_accepts_missing_optional_digest_and_rejects_foreign_url)
2026-09-07T06:29:17.4308685Z ! @brief \ubbf8\uc9c0\uc6d0 digest \uc0dd\ub7b5\uc740 \ud5c8\uc6a9\ud558\ub418 \ub2e4\ub978 \uc800\uc7a5\uc18c Draft URL\uc740 \uac70\ubd80\ud569\ub2c8\ub2e4. ... ok
2026-09-07T06:29:17.4310542Z test_verify_rejects_release_name_or_body_mismatch (test_m18_release.M18ReleaseTests.test_verify_rejects_release_name_or_body_mismatch)
2026-09-07T06:29:17.6593786Z ! @brief GitHub Release \uc81c\ubaa9\uacfc \ubcf8\ubb38\uc774 exact local \ubb38\uc11c\uc640 \ub2e4\ub974\uba74 \uac70\ubd80\ud569\ub2c8\ub2e4. ... ok
2026-09-07T06:29:17.6594846Z 
2026-09-07T06:29:17.6595106Z ----------------------------------------------------------------------
2026-09-07T06:29:17.6595685Z Ran 25 tests in 3.724s
2026-09-07T06:29:17.6595906Z 
2026-09-07T06:29:17.6596011Z OK
2026-09-07T06:29:17.6756434Z [M12] exec: C:\hostedtoolcache\windows\Python\3.12.10\x64\python.exe -m unittest discover -v -s D:\a\NU54DK_Arduino_Core\NU54DK_Arduino_Core\tests\host -p test_m19_ble_gap_contract.py
2026-09-07T06:29:17.7492085Z test_feature_resolver_accepts_ble_and_rejects_standard (test_m19_ble_gap_contract.M19BleGapContractTests.test_feature_resolver_accepts_ble_and_rejects_standard)
2026-09-07T06:29:17.7754298Z ! @brief library feature\uac00 ble profile\uc5d0\ub9cc \uacb0\ud569\ub418\ub294\uc9c0 production resolver\ub85c \uac80\uc0ac\ud569\ub2c8\ub2e4. ... ok
2026-09-07T06:29:17.7755778Z test_kconfig_and_examples_cover_gap_boundaries (test_m19_ble_gap_contract.M19BleGapContractTests.test_kconfig_and_examples_cover_gap_boundaries)
2026-09-07T06:29:17.7760625Z ! @brief fixed queue\uc640 \uc0ac\uc6a9\uc790 \uc608\uc81c\uac00 package source\uc5d0 \ud3ec\ud568\ub410\ub294\uc9c0 \uac80\uc0ac\ud569\ub2c8\ub2e4. ... ok
2026-09-07T06:29:17.7762243Z test_legacy_tx_power_and_shutdown_generation_are_enforced (test_m19_ble_gap_contract.M19BleGapContractTests.test_legacy_tx_power_and_shutdown_generation_are_enforced)
2026-09-07T06:29:17.7774177Z ! @brief TPC \ube44\ud65c\uc131 target\uacfc end-during-connect \uacbd\uacc4\ub97c \uc815\uc801\uc73c\ub85c \uace0\uc815\ud569\ub2c8\ub2e4. ... ok
2026-09-07T06:29:17.7775581Z test_nus_callbacks_ignore_generic_gap_links_and_targets_link_bundle (test_m19_ble_gap_contract.M19BleGapContractTests.test_nus_callbacks_ignore_generic_gap_links_and_targets_link_bundle)
2026-09-07T06:29:17.7796705Z ! @brief GAP/GATT link\uac00 \ubbf8\uc0ac\uc6a9 NUS \uc0c1\ud0dc\ub97c \uc624\uc5fc\ud558\uc9c0 \uc54a\ub3c4\ub85d bundle parity\ub97c \uace0\uc815\ud569\ub2c8\ub2e4. ... ok
2026-09-07T06:29:17.7798147Z test_once_init_and_m21_observer_hooks_are_shared (test_m19_ble_gap_contract.M19BleGapContractTests.test_once_init_and_m21_observer_hooks_are_shared)
2026-09-07T06:29:17.7802616Z ! @brief NUS/GAP/M21\uc774 bt_enable\uacfc connection callback\uc744 \uc911\ubcf5 \uc18c\uc720\ud558\uc9c0 \uc54a\uc2b5\ub2c8\ub2e4. ... ok
2026-09-07T06:29:17.7803940Z test_public_header_is_arduino_friendly_and_complete (test_m19_ble_gap_contract.M19BleGapContractTests.test_public_header_is_arduino_friendly_and_complete)
2026-09-07T06:29:17.7806259Z ! @brief Zephyr type \uc5c6\uc774 \ubaa9\ud45c GAP \uac1d\uccb4\uc640 \uc9c4\ub2e8\uc744 \ub178\ucd9c\ud569\ub2c8\ub2e4. ... ok
2026-09-07T06:29:17.7807907Z test_stack_callbacks_only_enqueue_bounded_records (test_m19_ble_gap_contract.M19BleGapContractTests.test_stack_callbacks_only_enqueue_bounded_records)
2026-09-07T06:29:17.7843328Z ! @brief Bluetooth callback\uc5d0\uc11c user callback�heap \uc0ac\uc6a9\uc744 \uae08\uc9c0\ud569\ub2c8\ub2e4. ... ok
2026-09-07T06:29:17.7844379Z test_user_phy_control_disables_zephyr_auto_update (test_m19_ble_gap_contract.M19BleGapContractTests.test_user_phy_control_disables_zephyr_auto_update)
2026-09-07T06:29:17.7847107Z ! @brief \uacf5\uac1c PHY \uc694\uccad\uacfc HIL\uc774 Zephyr \uc790\ub3d9 PHY \uc808\ucc28\uc640 \uacbd\uc7c1\ud558\uc9c0 \uc54a\ub3c4\ub85d \uace0\uc815\ud569\ub2c8\ub2e4. ... ok
2026-09-07T06:29:17.7848072Z 
2026-09-07T06:29:17.7848236Z ----------------------------------------------------------------------
2026-09-07T06:29:17.7848584Z Ran 8 tests in 0.036s
2026-09-07T06:29:17.7848717Z 
2026-09-07T06:29:17.7848789Z OK
2026-09-07T06:29:17.7953467Z [M12] exec: C:\hostedtoolcache\windows\Python\3.12.10\x64\python.exe -m unittest discover -v -s D:\a\NU54DK_Arduino_Core\NU54DK_Arduino_Core\tests\host -p test_m19_ble_gap_hil.py
2026-09-07T06:29:17.9025233Z test_reordered_token_is_rejected (test_m19_ble_gap_hil.M19BleGapHilParserTest.test_reordered_token_is_rejected) ... ok
2026-09-07T06:29:17.9026438Z test_short_nonce_is_rejected (test_m19_ble_gap_hil.M19BleGapHilParserTest.test_short_nonce_is_rejected)
2026-09-07T06:29:17.9027512Z ! @brief full 128-bit\uac00 \uc544\ub2cc RF fixture nonce\ub97c \uac70\ubd80\ud569\ub2c8\ub2e4. ... ok
2026-09-07T06:29:17.9028531Z test_stale_nonce_is_rejected (test_m19_ble_gap_hil.M19BleGapHilParserTest.test_stale_nonce_is_rejected) ... ok
2026-09-07T06:29:17.9029872Z test_target_fail_is_rejected (test_m19_ble_gap_hil.M19BleGapHilParserTest.test_target_fail_is_rejected) ... ok
2026-09-07T06:29:17.9030899Z test_valid_pair_transcripts_pass (test_m19_ble_gap_hil.M19BleGapHilParserTest.test_valid_pair_transcripts_pass) ... ok
2026-09-07T06:29:17.9032371Z 
2026-09-07T06:29:17.9032548Z ----------------------------------------------------------------------
2026-09-07T06:29:17.9032952Z Ran 5 tests in 0.001s
2026-09-07T06:29:17.9033108Z 
2026-09-07T06:29:17.9033202Z OK
2026-09-07T06:29:17.9134318Z [M12] exec: C:\hostedtoolcache\windows\Python\3.12.10\x64\python.exe -m unittest discover -v -s D:\a\NU54DK_Arduino_Core\NU54DK_Arduino_Core\tests\host -p test_m20_ble_gatt_contract.py
2026-09-07T06:29:17.9899732Z test_client_disconnect_invalidates_and_discovery_is_bounded (test_m20_ble_gatt_contract.M20BleGattContractTests.test_client_disconnect_invalidates_and_discovery_is_bounded)
2026-09-07T06:29:17.9938222Z ! @brief reconnect \ub4a4 stale handle�subscription \uc790\ub3d9 \uc7ac\uc0ac\uc6a9\uc744 \ub9c9\uc2b5\ub2c8\ub2e4. ... ok
2026-09-07T06:29:17.9939502Z test_kconfig_examples_and_target_contracts_exist (test_m20_ble_gatt_contract.M20BleGattContractTests.test_kconfig_examples_and_target_contracts_exist)
2026-09-07T06:29:17.9946386Z ! @brief resolver config, examples\uc640 M19/M20 \ubd84\ub9ac target gate\ub97c \ud655\uc778\ud569\ub2c8\ub2e4. ... ok
2026-09-07T06:29:17.9948014Z test_public_server_and_client_surface_is_complete (test_m20_ble_gatt_contract.M20BleGattContractTests.test_public_server_and_client_surface_is_complete)
2026-09-07T06:29:17.9951451Z ! @brief portable UUID�service�characteristic�remote handle API\ub97c \uac80\uc0ac\ud569\ub2c8\ub2e4. ... ok
2026-09-07T06:29:17.9953494Z test_schema_is_registered_before_stack_and_locked_after_start (test_m20_ble_gatt_contract.M20BleGattContractTests.test_schema_is_registered_before_stack_and_locked_after_start)
2026-09-07T06:29:17.9999658Z ! @brief service \ub4f1\ub85d\u2192bt_enable/settings_load \uc21c\uc11c\uc640 late mutation \uac70\ubd80\ub97c \uace0\uc815\ud569\ub2c8\ub2e4. ... ok
2026-09-07T06:29:18.0001137Z test_server_callbacks_copy_to_fixed_queue_and_use_cached_read (test_m20_ble_gatt_contract.M20BleGattContractTests.test_server_callbacks_copy_to_fixed_queue_and_use_cached_read)
2026-09-07T06:29:18.0075507Z ! @brief stack callback\uc5d0\uc11c Sketch\ub97c \ud638\ucd9c\ud558\uc9c0 \uc54a\uace0 cached value\ub9cc \uc77d\uc2b5\ub2c8\ub2e4. ... ok
2026-09-07T06:29:18.0077347Z test_thread_context_and_session_tokens_fail_closed (test_m20_ble_gatt_contract.M20BleGattContractTests.test_thread_context_and_session_tokens_fail_closed)
2026-09-07T06:29:18.0105759Z ! @brief ISR stack \uc9c4\uc785\uacfc disconnect \ub4a4 stale callback \uc7ac\uc0ac\uc6a9\uc744 \uac70\ubd80\ud569\ub2c8\ub2e4. ... ok
2026-09-07T06:29:18.0106300Z 
2026-09-07T06:29:18.0106458Z ----------------------------------------------------------------------
2026-09-07T06:29:18.0106823Z Ran 6 tests in 0.021s
2026-09-07T06:29:18.0107000Z 
2026-09-07T06:29:18.0107077Z OK
2026-09-07T06:29:18.0187932Z [M12] exec: C:\hostedtoolcache\windows\Python\3.12.10\x64\python.exe -m unittest discover -v -s D:\a\NU54DK_Arduino_Core\NU54DK_Arduino_Core\tests\host -p test_m20_ble_gatt_hil.py
2026-09-07T06:29:18.1218879Z test_missing_rediscovery_is_rejected (test_m20_ble_gatt_hil.M20BleGattHilParserTest.test_missing_rediscovery_is_rejected) ... ok
2026-09-07T06:29:18.1220885Z test_reordered_write_modes_are_rejected (test_m20_ble_gatt_hil.M20BleGattHilParserTest.test_reordered_write_modes_are_rejected) ... ok
2026-09-07T06:29:18.1222315Z test_short_nonce_is_rejected (test_m20_ble_gatt_hil.M20BleGattHilParserTest.test_short_nonce_is_rejected)
2026-09-07T06:29:18.1223711Z ! @brief full 128-bit\uac00 \uc544\ub2cc runner challenge\ub97c fail-closed\ub85c \uac70\ubd80\ud569\ub2c8\ub2e4. ... ok
2026-09-07T06:29:18.1225517Z test_stale_nonce_is_rejected (test_m20_ble_gatt_hil.M20BleGattHilParserTest.test_stale_nonce_is_rejected) ... ok
2026-09-07T06:29:18.1226882Z test_target_fail_is_rejected (test_m20_ble_gatt_hil.M20BleGattHilParserTest.test_target_fail_is_rejected) ... ok
2026-09-07T06:29:18.1228315Z test_valid_pair_transcripts_pass (test_m20_ble_gatt_hil.M20BleGattHilParserTest.test_valid_pair_transcripts_pass) ... ok
2026-09-07T06:29:18.1229403Z 
2026-09-07T06:29:18.1229635Z ----------------------------------------------------------------------
2026-09-07T06:29:18.1230158Z Ran 6 tests in 0.001s
2026-09-07T06:29:18.1230369Z 
2026-09-07T06:29:18.1230469Z OK
2026-09-07T06:29:18.1328966Z [M12] exec: C:\hostedtoolcache\windows\Python\3.12.10\x64\python.exe -m unittest discover -v -s D:\a\NU54DK_Arduino_Core\NU54DK_Arduino_Core\tests\host -p test_m21_ble_security_contract.py
2026-09-07T06:29:18.2087972Z test_already_encrypted_restore_is_verified_without_duplicate_event (test_m21_ble_security_contract.M21BleSecurityContractTests.test_already_encrypted_restore_is_verified_without_duplicate_event)
2026-09-07T06:29:18.2110032Z ! @brief connected \uc2dc\uc810\uc5d0 \uc774\ubbf8 L2\uc778 bond \ubcf5\uc6d0 race\ub97c \uc989\uc2dc \uac80\uc99d\ud569\ub2c8\ub2e4. ... ok
2026-09-07T06:29:18.2111916Z test_auth_callbacks_match_the_configured_io_capability (test_m21_ble_security_contract.M21BleSecurityContractTests.test_auth_callbacks_match_the_configured_io_capability)
2026-09-07T06:29:18.2134570Z ! @brief \uc2e4\uc81c \uc7a5\uce58 \uc785\ucd9c\ub825\ubcf4\ub2e4 \uac15\ud55c SMP capability\ub97c \uad11\uace0\ud558\uc9c0 \uc54a\uc2b5\ub2c8\ub2e4. ... ok
2026-09-07T06:29:18.2135988Z test_backend_reuses_common_stack_and_connection_hooks (test_m21_ble_security_contract.M21BleSecurityContractTests.test_backend_reuses_common_stack_and_connection_hooks)
2026-09-07T06:29:18.2158487Z ! @brief M21\uc774 bt_enable\uc774\ub098 \ubcc4\ub3c4 connection callback\uc744 \ub9cc\ub4e4\uc9c0 \ubabb\ud558\uac8c \ud569\ub2c8\ub2e4. ... ok
2026-09-07T06:29:18.2159805Z test_board_and_security_share_zms_settings_backend (test_m21_ble_security_contract.M21BleSecurityContractTests.test_board_and_security_share_zms_settings_backend)
2026-09-07T06:29:18.2164059Z ! @brief board/system\uacfc BLE bond \uc800\uc7a5\uc18c\uac00 \ub2e8\uc77c ZMS backend\ub97c \uacf5\uc720\ud569\ub2c8\ub2e4. ... ok
2026-09-07T06:29:18.2165302Z test_bond_is_verified_only_after_reboot_key_restore (test_m21_ble_security_contract.M21BleSecurityContractTests.test_bond_is_verified_only_after_reboot_key_restore)
2026-09-07T06:29:18.2186349Z ! @brief \uac19\uc740 boot\uc758 \uba54\ubaa8\ub9ac \ubaa9\ub85d\uc744 persistence \uc131\uacf5\uc73c\ub85c \uc624\ud310\ud558\uc9c0 \uc54a\uc2b5\ub2c8\ub2e4. ... ok
2026-09-07T06:29:18.2187550Z test_erased_probe_rejects_every_interactive_pairing_path (test_m21_ble_security_contract.M21BleSecurityContractTests.test_erased_probe_rejects_every_interactive_pairing_path)
2026-09-07T06:29:18.2191825Z ! @brief \uc774\uc804 key \uac70\ubd80 \ub2e8\uacc4\uc5d0\uc11c Just Works\uc640 passkey \uc7ac pairing\uc744 \ubaa8\ub450 \uac70\ubd80\ud569\ub2c8\ub2e4. ... ok
2026-09-07T06:29:18.2193116Z test_feature_enables_smp_settings_bas_dis_and_encrypted_hids (test_m21_ble_security_contract.M21BleSecurityContractTests.test_feature_enables_smp_settings_bas_dis_and_encrypted_hids)
2026-09-07T06:29:18.2195457Z ! @brief \ubcc4\ub3c4 feature\uac00 \ud45c\uc900 profile dependency\ub97c \uc644\uc804\ud558\uac8c \uc120\uc5b8\ud558\ub294\uc9c0 \uac80\uc0ac\ud569\ub2c8\ub2e4. ... ok
2026-09-07T06:29:18.2196746Z test_hid_is_protocol_automated_but_os_claim_is_absent (test_m21_ble_security_contract.M21BleSecurityContractTests.test_hid_is_protocol_automated_but_os_claim_is_absent)
2026-09-07T06:29:18.2216081Z ! @brief protocol report\uc640 OS \uc218\ub3d9 \ud655\uc778 \uacbd\uacc4\ub97c \ud63c\ub3d9\ud558\uc9c0 \uc54a\ub3c4\ub85d \uace0\uc815\ud569\ub2c8\ub2e4. ... ok
2026-09-07T06:29:18.2217250Z test_hil_bounds_pre_security_link_recovery_in_main_loop (test_m21_ble_security_contract.M21BleSecurityContractTests.test_hil_bounds_pre_security_link_recovery_in_main_loop)
2026-09-07T06:29:18.2221106Z ! @brief \uc5f0\uacb0 \uc131\ub9bd transient\ub9cc phase\ub2f9 \uc138 \ubc88\uae4c\uc9c0 callback \ubc16\uc5d0\uc11c \ubcf5\uad6c\ud569\ub2c8\ub2e4. ... ok
2026-09-07T06:29:18.2222198Z test_hil_clear_stops_only_active_gap_operations (test_m21_ble_security_contract.M21BleSecurityContractTests.test_hil_clear_stops_only_active_gap_operations)
2026-09-07T06:29:18.2228619Z ! @brief \ucd08\uae30 CLEAR\uac00 \uc720\ud734 GAP \uac1d\uccb4\uc758 \uc624\ub958 event\ub97c \ub9cc\ub4e4\uc9c0 \uc54a\ub3c4\ub85d \uace0\uc815\ud569\ub2c8\ub2e4. ... ok
2026-09-07T06:29:18.2230130Z test_hil_continues_when_security_was_satisfied_before_event_poll (test_m21_ble_security_contract.M21BleSecurityContractTests.test_hil_continues_when_security_was_satisfied_before_event_poll)
2026-09-07T06:29:18.2233588Z ! @brief \ubcf4\uc548 event\uc640 GAP/read \uc0c1\ud0dc\uae30\uc758 \uad50\ucc28 \uc21c\uc11c\uc5d0\ub3c4 profile \uac80\uc99d\uc744 \uc7ac\uac1c\ud569\ub2c8\ub2e4. ... ok
2026-09-07T06:29:18.2234766Z test_hil_defers_non_fresh_security_request_to_main_loop (test_m21_ble_security_contract.M21BleSecurityContractTests.test_hil_defers_non_fresh_security_request_to_main_loop)
2026-09-07T06:29:18.2243709Z ! @brief \uc5f0\uacb0 \uc9c1\ud6c4 \uc694\uccad\uc744 \ubbf8\ub8e8\uace0 \uc774\ubbf8 \uc9c4\ud589 \uc911\uc778 SMP\ub294 bounded \uac04\uaca9\uc73c\ub85c \uc7ac\ud655\uc778\ud569\ub2c8\ub2e4. ... ok
2026-09-07T06:29:18.2244976Z test_hil_initializes_runtime_profiles_after_stack_enable (test_m21_ble_security_contract.M21BleSecurityContractTests.test_hil_initializes_runtime_profiles_after_stack_enable)
2026-09-07T06:29:18.2248688Z ! @brief HIDS\ub294 stack \uc804\uc5d0 \ub4f1\ub85d\ud558\uace0 DIS�BAS runtime \uac12\uc740 stack \ub4a4\uc5d0 \uc124\uc815\ud569\ub2c8\ub2e4. ... ok
2026-09-07T06:29:18.2249882Z test_hil_invalidates_stale_gatt_callbacks_on_disconnect_and_reset (test_m21_ble_security_contract.M21BleSecurityContractTests.test_hil_invalidates_stale_gatt_callbacks_on_disconnect_and_reset)
2026-09-07T06:29:18.2253150Z ! @brief \uc774\uc804 \uc5f0\uacb0 callback\uc774 \uc0c8 phase \uc644\ub8cc flag\ub97c \uc624\uc5fc\ud558\uc9c0 \ubabb\ud558\uac8c \uc138\ub300\ub97c \ubb34\ud6a8\ud654\ud569\ub2c8\ub2e4. ... ok
2026-09-07T06:29:18.2254432Z test_hil_observes_encrypted_read_denial_before_security_request (test_m21_ble_security_contract.M21BleSecurityContractTests.test_hil_observes_encrypted_read_denial_before_security_request)
2026-09-07T06:29:18.2257566Z ! @brief ATT \uc790\ub3d9 \ubcf4\uc548 \uc7ac\uc2dc\ub3c4\ub97c \ub044\uace0 \ud3c9\ubb38 HIDS read \uac70\ubd80\ub97c \uc9c1\uc811 \uac80\uc99d\ud569\ub2c8\ub2e4. ... ok
2026-09-07T06:29:18.2258780Z test_hil_repeats_profile_notifications_after_server_ccc_restore (test_m21_ble_security_contract.M21BleSecurityContractTests.test_hil_repeats_profile_notifications_after_server_ccc_restore)
2026-09-07T06:29:18.2262551Z ! @brief client \uad6c\ub3c5 \uc7ac\ub4f1\ub85d \uc804 \uc1a1\uc2e0 \uc131\uacf5 race\uc5d0\ub3c4 profile \uac12\uc744 \ubc18\ubcf5 \uc804\ub2ec\ud569\ub2c8\ub2e4. ... ok
2026-09-07T06:29:18.2263710Z test_hil_serializes_all_gatt_transitions_by_main_loop (test_m21_ble_security_contract.M21BleSecurityContractTests.test_hil_serializes_all_gatt_transitions_by_main_loop)
2026-09-07T06:29:18.2268022Z ! @brief discovery�read�subscribe \uc804\uc774\ub97c one-shot main-loop \uc791\uc5c5\uc73c\ub85c \uc9c1\ub82c\ud654\ud569\ub2c8\ub2e4. ... ok
2026-09-07T06:29:18.2269162Z test_hil_uses_typed_characteristic_and_auto_ccc_discovery (test_m21_ble_security_contract.M21BleSecurityContractTests.test_hil_uses_typed_characteristic_and_auto_ccc_discovery)
2026-09-07T06:29:18.2271807Z ! @brief \uc6d0\uaca9 characteristic \uac12\uacfc CCC\ub97c \uc720\ud6a8\ud55c Zephyr discovery \ubc29\uc2dd\uc73c\ub85c \ucc3e\uc2b5\ub2c8\ub2e4. ... ok
2026-09-07T06:29:18.2272999Z test_library_discovery_phase_excludes_internal_zephyr_backend (test_m21_ble_security_contract.M21BleSecurityContractTests.test_library_discovery_phase_excludes_internal_zephyr_backend)
2026-09-07T06:29:18.2289943Z ! @brief Arduino \ud0d0\uc0c9 compile\uc5d0\uc11c\ub294 \uacf5\uac1c header\ub9cc \ud574\uc11d\ud558\ub3c4\ub85d \uace0\uc815\ud569\ub2c8\ub2e4. ... ok
2026-09-07T06:29:18.2292929Z test_pairing_callbacks_defer_user_code_and_never_log_secrets (test_m21_ble_security_contract.M21BleSecurityContractTests.test_pairing_callbacks_defer_user_code_and_never_log_secrets)
2026-09-07T06:29:18.2374428Z ! @brief stack callback\uc5d0\uc11c Sketch callback�Serial passkey \ucd9c\ub825\uc744 \uae08\uc9c0\ud569\ub2c8\ub2e4. ... ok
2026-09-07T06:29:18.2376353Z test_public_surface_covers_security_profiles_and_hid (test_m21_ble_security_contract.M21BleSecurityContractTests.test_public_surface_covers_security_profiles_and_hid)
2026-09-07T06:29:18.2380492Z ! @brief pairing�bond�BAS�DIS�keyboard API\uac00 \ubaa8\ub450 \uacf5\uac1c\ub418\ub294\uc9c0 \ud655\uc778\ud569\ub2c8\ub2e4. ... ok
2026-09-07T06:29:18.2381795Z test_security_request_synchronizes_an_already_secured_link (test_m21_ble_security_contract.M21BleSecurityContractTests.test_security_request_synchronizes_an_already_secured_link)
2026-09-07T06:29:18.2399907Z ! @brief \ubcf4\uc548 \uc694\uccad \uc804�\ud6c4\uc5d0 \uc774\ubbf8 \ucda9\uc871\ub41c link\ub97c event\uc640 bond \uc0c1\ud0dc\uc5d0 \ub3d9\uae30\ud654\ud569\ub2c8\ub2e4. ... ok
2026-09-07T06:29:18.2401436Z 
2026-09-07T06:29:18.2401691Z ----------------------------------------------------------------------
2026-09-07T06:29:18.2402231Z Ran 22 tests in 0.031s
2026-09-07T06:29:18.2402441Z 
2026-09-07T06:29:18.2402552Z OK
2026-09-07T06:29:18.2483074Z [M12] exec: C:\hostedtoolcache\windows\Python\3.12.10\x64\python.exe -m unittest discover -v -s D:\a\NU54DK_Arduino_Core\NU54DK_Arduino_Core\tests\host -p test_m21_ble_security_hil.py
2026-09-07T06:29:18.3573044Z test_accepts_pair_restore_erase_repair_and_profiles (test_m21_ble_security_hil.M21BleSecurityHilTests.test_accepts_pair_restore_erase_repair_and_profiles)
2026-09-07T06:29:18.3579335Z ! @brief exact \uc911\uc559�\uc8fc\ubcc0\uc7a5\uce58 transcript\ub97c \uc2b9\uc778\ud569\ub2c8\ub2e4. ... ok
2026-09-07T06:29:18.3580830Z test_boot_ready_ignores_preflash_protocol_but_runtime_rejects_it (test_m21_ble_security_hil.M21BleSecurityHilTests.test_boot_ready_ignores_preflash_protocol_but_runtime_rejects_it)
2026-09-07T06:29:18.3584172Z ! @brief flash \uc911 \ub0a8\uc740 \uc774\uc804 firmware token\uc740 READY \uc804\ub9cc \ubb34\uc2dc\ud569\ub2c8\ub2e4. ... ok
2026-09-07T06:29:18.3585576Z test_evidence_marks_only_protocol_hid_as_automatic (test_m21_ble_security_hil.M21BleSecurityHilTests.test_evidence_marks_only_protocol_hid_as_automatic)
2026-09-07T06:29:18.3627409Z ! @brief OS \uc785\ub825 \ud655\uc778\uc740 \uc790\ub3d9 PASS\uc640 \ubd84\ub9ac\ud574 pending\uc73c\ub85c \ub0a8\uae41\ub2c8\ub2e4. ... ok
2026-09-07T06:29:18.3628779Z test_phase_transitions_have_bounded_security_settle_windows (test_m21_ble_security_hil.M21BleSecurityHilTests.test_phase_transitions_have_bounded_security_settle_windows)
2026-09-07T06:29:18.3631375Z ! @brief bond \uc800\uc7a5�\uc7ac\ubd80\ud305 \uc900\ube44�SMP \uac70\ubd80 \ub4a4\uc5d0 \uc81c\ud55c\ub41c \uc804\ud658 \uc720\uc608\ub97c \uac15\uc81c\ud569\ub2c8\ub2e4. ... ok
2026-09-07T06:29:18.3632530Z test_rejects_erase_without_post_reboot_zero_bond (test_m21_ble_security_hil.M21BleSecurityHilTests.test_rejects_erase_without_post_reboot_zero_bond)
2026-09-07T06:29:18.3634011Z ! @brief \uc81c\uac70 \uc694\uccad \uc9c1\ud6c4 \uac12\uc744 \uc601\uc18d \uc0ad\uc81c \uc644\ub8cc\ub85c \uc624\ud310\ud558\uc9c0 \uc54a\uc2b5\ub2c8\ub2e4. ... ok
2026-09-07T06:29:18.3635397Z test_rejects_missing_encrypted_gatt_negative_or_hid (test_m21_ble_security_hil.M21BleSecurityHilTests.test_rejects_missing_encrypted_gatt_negative_or_hid)
2026-09-07T06:29:18.3637128Z ! @brief \uc554\ud638\ud654 \uc804 \uac70\ubd80\ub098 8-byte HID \uac80\uc99d \ub204\ub77d\uc744 \uac70\ubd80\ud569\ub2c8\ub2e4. ... ok
2026-09-07T06:29:18.3638385Z test_rejects_missing_or_short_rf_nonce_binding (test_m21_ble_security_hil.M21BleSecurityHilTests.test_rejects_missing_or_short_rf_nonce_binding)
2026-09-07T06:29:18.3639431Z ! @brief 128-bit RF peer binding \ub204\ub77d�\ucd95\uc18c\ub97c \ubaa8\ub450 \uac70\ubd80\ud569\ub2c8\ub2e4. ... ok
2026-09-07T06:29:18.3640832Z test_rejects_stale_nonce_target_fail_and_wrong_pairing_count (test_m21_ble_security_hil.M21BleSecurityHilTests.test_rejects_stale_nonce_target_fail_and_wrong_pairing_count)
2026-09-07T06:29:18.3642670Z ! @brief stale \uc2e4\ud589, target FAIL\uacfc restore \uc7ac\ud398\uc5b4\ub97c \ubaa8\ub450 \uac70\ubd80\ud569\ub2c8\ub2e4. ... ok
2026-09-07T06:29:18.3644049Z test_requires_distinct_boards_and_exact_nonce (test_m21_ble_security_hil.M21BleSecurityHilTests.test_requires_distinct_boards_and_exact_nonce)
2026-09-07T06:29:18.3648250Z ! @brief \uac19\uc740 UID�MSD�UART\uc640 \uc798\ubabb\ub41c nonce\ub97c \ucc28\ub2e8\ud569\ub2c8\ub2e4. ... ok
2026-09-07T06:29:18.3649751Z test_uart_console_rendering_is_ascii_safe (test_m21_ble_security_hil.M21BleSecurityHilTests.test_uart_console_rendering_is_ascii_safe)
2026-09-07T06:29:18.3651363Z ! @brief UTF-8\ub85c \ud574\uc11d \uac00\ub2a5\ud55c UART \uc7a1\uc74c\ub3c4 Windows code page\uc640 \ubb34\uad00\ud558\uac8c \ucd9c\ub825\ud569\ub2c8\ub2e4. ... ok
2026-09-07T06:29:18.3651934Z 
2026-09-07T06:29:18.3652082Z ----------------------------------------------------------------------
2026-09-07T06:29:18.3652428Z Ran 10 tests in 0.008s
2026-09-07T06:29:18.3652573Z 
2026-09-07T06:29:18.3652640Z OK
2026-09-07T06:29:18.3652993Z [central] NUCODE_M21_EVENT:DISCONNECTED:role=central:nonce=fedcba9876543210fedcba9876543210
2026-09-07T06:29:18.3653482Z [central] NUCODE_M21_FAIL:role=central:reason=old-image
2026-09-07T06:29:18.3653835Z [central] NUCODE_M21_READY:role=central:bond_count=0
2026-09-07T06:29:18.3654288Z [central] NUCODE_M21_EVENT:DISCONNECTED:role=central:nonce=fedcba9876543210fedcba9876543210
2026-09-07T06:29:18.3753727Z [M12] exec: C:\hostedtoolcache\windows\Python\3.12.10\x64\python.exe -m unittest discover -v -s D:\a\NU54DK_Arduino_Core\NU54DK_Arduino_Core\tests\host -p test_m21_ble_security_negative.py
2026-09-07T06:29:18.4493449Z test_battery_isr_error_and_hid_usage_range_are_api_specific (test_m21_ble_security_negative.M21BleSecurityNegativeTests.test_battery_isr_error_and_hid_usage_range_are_api_specific)
2026-09-07T06:29:18.4495556Z ! @brief BAS ISR \uc624\ub958\uc640 HID descriptor \ubc94\uc704 \ubc16 usage\ub97c \uc815\ud655\ud788 \uac70\ubd80\ud569\ub2c8\ub2e4. ... ok
2026-09-07T06:29:18.4497566Z test_delete_scope_is_ble_bond_only_and_profile_is_ble_only (test_m21_ble_security_negative.M21BleSecurityNegativeTests.test_delete_scope_is_ble_bond_only_and_profile_is_ble_only)
2026-09-07T06:29:18.4502509Z ! @brief erase \ubc94\uc704\uc640 BLE profile \ud55c\uacc4\ub97c \uc720\uc9c0\ud558\uba74\uc11c NUS dependency\uc640 \uacb0\ud569\ud569\ub2c8\ub2e4. ... ok
2026-09-07T06:29:18.4504790Z test_hil_requires_full_rf_nonce_before_connect (test_m21_ble_security_negative.M21BleSecurityNegativeTests.test_hil_requires_full_rf_nonce_before_connect)
2026-09-07T06:29:18.4506784Z ! @brief \uc774\ub984\ub9cc \uac19\uc740 stale \uc7a5\uce58\uc5d0\ub294 \uc5f0\uacb0\ud558\uc9c0 \uc54a\uace0 128-bit nonce\ub97c \uc694\uad6c\ud569\ub2c8\ub2e4. ... ok
2026-09-07T06:29:18.4509258Z test_no_fixed_passkey_secret_log_or_unencrypted_hids_config (test_m21_ble_security_negative.M21BleSecurityNegativeTests.test_no_fixed_passkey_secret_log_or_unencrypted_hids_config)
2026-09-07T06:29:18.4526350Z ! @brief \uace0\uc815 passkey�secret \ub85c\uadf8�\ud3c9\ubb38 HIDS \uc124\uc815\uc744 \ubaa8\ub450 \uae08\uc9c0\ud569\ub2c8\ub2e4. ... ok
2026-09-07T06:29:18.4528404Z test_rejects_hid_before_encryption_or_subscription (test_m21_ble_security_negative.M21BleSecurityNegativeTests.test_rejects_hid_before_encryption_or_subscription)
2026-09-07T06:29:18.4530362Z ! @brief L2 \ubbf8\ub9cc link\uc640 CCC \ubbf8\uad6c\ub3c5 HID \uc804\uc1a1\uc744 PASS\ub85c \uc62c\ub9ac\uc9c0 \uc54a\uc2b5\ub2c8\ub2e4. ... ok
2026-09-07T06:29:18.4532314Z test_rejects_security_below_encrypted_and_invalid_timeout (test_m21_ble_security_negative.M21BleSecurityNegativeTests.test_rejects_security_below_encrypted_and_invalid_timeout)
2026-09-07T06:29:18.4534438Z ! @brief \ubb34\uc554\ud638\ud654 \ubc0f \ube44\uc815\uc0c1 \uc0ac\uc6a9\uc790 \uc751\ub2f5 timeout\uc744 \ucd08\uae30\ud654\uc5d0\uc11c \uac70\ubd80\ud569\ub2c8\ub2e4. ... ok
2026-09-07T06:29:18.4536814Z test_same_boot_bond_is_pending_and_never_false_verified (test_m21_ble_security_negative.M21BleSecurityNegativeTests.test_same_boot_bond_is_pending_and_never_false_verified)
2026-09-07T06:29:18.4538861Z ! @brief pairing \uc9c1\ud6c4\uc5d0\ub294 persistence pending\uc774\uba70 reboot \ubcf5\uc6d0 \uc804 bonded\uac00 \uc544\ub2d9\ub2c8\ub2e4. ... ok
2026-09-07T06:29:18.4539844Z 
2026-09-07T06:29:18.4540086Z ----------------------------------------------------------------------
2026-09-07T06:29:18.4541565Z Ran 7 tests in 0.004s
2026-09-07T06:29:18.4541828Z 
2026-09-07T06:29:18.4541943Z OK
2026-09-07T06:29:18.4610933Z [M12] exec: C:\hostedtoolcache\windows\Python\3.12.10\x64\python.exe -m unittest discover -v -s D:\a\NU54DK_Arduino_Core\NU54DK_Arduino_Core\tests\host -p test_m22_cleanroom.py
2026-09-07T06:29:18.5888480Z test_cleanup_rejects_parent_wrong_token_and_changed_evidence (test_m22_cleanroom.M22CleanroomTests.test_cleanup_rejects_parent_wrong_token_and_changed_evidence)
2026-09-07T06:29:18.5980043Z ! @brief broad target, token mismatch, evidence 변경을 모두 fail-closed 처리합니다. ... ok
2026-09-07T06:29:18.5981202Z test_cleanup_removes_only_exact_leaf_and_preserves_evidence (test_m22_cleanroom.M22CleanroomTests.test_cleanup_removes_only_exact_leaf_and_preserves_evidence)
2026-09-07T06:29:18.6054979Z ! @brief marker와 외부 hash 확인 뒤 exact run leaf 하나만 제거합니다. ... ok
2026-09-07T06:29:18.6056259Z test_cleanup_removes_windows_readonly_file_inside_exact_leaf (test_m22_cleanroom.M22CleanroomTests.test_cleanup_removes_windows_readonly_file_inside_exact_leaf)
2026-09-07T06:29:18.6136569Z ! @brief 격리 NCS Git object와 같은 Windows 읽기 전용 파일도 안전하게 제거합니다. ... ok
2026-09-07T06:29:18.6137654Z test_core_list_uses_installed_version_field (test_m22_cleanroom.M22CleanroomTests.test_core_list_uses_installed_version_field)
2026-09-07T06:29:18.6162373Z ! @brief Arduino CLI 1.5 JSON의 installed_version을 exact 비교합니다. ... ok
2026-09-07T06:29:18.6163587Z test_dry_run_contract_has_no_side_effect_and_no_uid_field (test_m22_cleanroom.M22CleanroomTests.test_dry_run_contract_has_no_side_effect_and_no_uid_field)
2026-09-07T06:29:18.6194151Z ! @brief 실제 설치 전 exact URL·격리·수명주기·cleanup 정책을 고정합니다. ... ok
2026-09-07T06:29:18.6195196Z test_environment_rehomes_every_mutable_root (test_m22_cleanroom.M22CleanroomTests.test_environment_rehomes_every_mutable_root)
2026-09-07T06:29:18.6224996Z ! @brief 원래 Arduino15/NCS/PATH를 상속하지 않고 run leaf로 재배치합니다. ... ok
2026-09-07T06:29:18.6226256Z test_flash_log_binds_exact_uid_and_non_destructive_options (test_m22_cleanroom.M22CleanroomTests.test_flash_log_binds_exact_uid_and_non_destructive_options)
2026-09-07T06:29:18.6292453Z ! @brief 설치본 upload가 exact UID·HEX를 쓰고 erase/recover를 금지합니다. ... ok
2026-09-07T06:29:18.6293897Z test_layout_does_not_precreate_nordic_install_leaves (test_m22_cleanroom.M22CleanroomTests.test_layout_does_not_precreate_nordic_install_leaves)
2026-09-07T06:29:18.6416532Z ! @brief Nordic SDK와 Toolchain 설치 대상 leaf를 미리 만들지 않습니다. ... ok
2026-09-07T06:29:18.6418299Z test_layout_rejects_preexisting_nordic_install_leaf (test_m22_cleanroom.M22CleanroomTests.test_layout_rejects_preexisting_nordic_install_leaf)
2026-09-07T06:29:18.6668461Z ! @brief Nordic 설치 대상 leaf가 먼저 생기면 즉시 중단합니다. ... ok
2026-09-07T06:29:18.6669556Z test_rc_index_requires_exact_public_asset_identity (test_m22_cleanroom.M22CleanroomTests.test_rc_index_requires_exact_public_asset_identity)
2026-09-07T06:29:18.6694059Z ! @brief 공개 RC URL/hash/size가 plan과 다르면 설치 전에 차단합니다. ... ok
2026-09-07T06:29:18.6695463Z test_readonly_retry_rejects_path_outside_exact_leaf (test_m22_cleanroom.M22CleanroomTests.test_readonly_retry_rejects_path_outside_exact_leaf)
2026-09-07T06:29:18.6729489Z ! @brief 읽기 전용 복구 callback이 exact run leaf 밖 경로를 거부합니다. ... ok
2026-09-07T06:29:18.6730649Z test_runner_binding_requires_exact_release_commit_and_bytes (test_m22_cleanroom.M22CleanroomTests.test_runner_binding_requires_exact_release_commit_and_bytes)
2026-09-07T06:29:18.6778286Z ! @brief clean-room runner가 exact plan commit과 byte에 묶이는지 확인합니다. ... ok
2026-09-07T06:29:18.6779306Z test_uid_and_user_path_are_redacted (test_m22_cleanroom.M22CleanroomTests.test_uid_and_user_path_are_redacted)
2026-09-07T06:29:18.6806017Z ! @brief 외부 log에 probe UID와 실제 Windows 사용자명이 남지 않습니다. ... ok
2026-09-07T06:29:18.6806462Z 
2026-09-07T06:29:18.6806770Z ----------------------------------------------------------------------
2026-09-07T06:29:18.6807352Z Ran 13 tests in 0.092s
2026-09-07T06:29:18.6807893Z 
2026-09-07T06:29:18.6807991Z OK
2026-09-07T06:29:18.6943995Z [M12] exec: C:\hostedtoolcache\windows\Python\3.12.10\x64\python.exe -m unittest discover -v -s D:\a\NU54DK_Arduino_Core\NU54DK_Arduino_Core\tests\host -p test_m22_fixed_gate.py
2026-09-07T06:29:18.7802717Z test_host_gate_is_exact_unittest_discovery (test_m22_fixed_gate.M22FixedGateTests.test_host_gate_is_exact_unittest_discovery)
2026-09-07T06:29:18.7812668Z ! @brief host gate가 임의 test command를 받지 않습니다. ... ok
2026-09-07T06:29:18.7813615Z test_package_examples_delegates_all_isolated_roots (test_m22_fixed_gate.M22FixedGateTests.test_package_examples_delegates_all_isolated_roots)
2026-09-07T06:29:18.7825334Z ! @brief 설치본 예제 gate에 SDK/toolchain/cache/forbid root를 모두 넘깁니다. ... ok
2026-09-07T06:29:18.7826234Z test_rc_upload_requires_exact_uid_but_redacts_it (test_m22_fixed_gate.M22FixedGateTests.test_rc_upload_requires_exact_uid_but_redacts_it)
2026-09-07T06:29:18.7838956Z ! @brief RC upload는 pyOCD 1회와 UID를 강제하되 공개 문구에서 지웁니다. ... ok
2026-09-07T06:29:18.7839803Z test_rc_upload_without_uid_fails_closed (test_m22_fixed_gate.M22FixedGateTests.test_rc_upload_without_uid_fails_closed)
2026-09-07T06:29:18.7848602Z ! @brief 다중 probe 환경에서 암묵 선택을 허용하지 않습니다. ... ok
2026-09-07T06:29:18.7848939Z 
2026-09-07T06:29:18.7849134Z ----------------------------------------------------------------------
2026-09-07T06:29:18.7849522Z Ran 4 tests in 0.005s
2026-09-07T06:29:18.7849682Z 
2026-09-07T06:29:18.7849764Z OK
2026-09-07T06:29:18.7944747Z [M12] exec: C:\hostedtoolcache\windows\Python\3.12.10\x64\python.exe -m unittest discover -v -s D:\a\NU54DK_Arduino_Core\NU54DK_Arduino_Core\tests\host -p test_m22_package_examples.py
2026-09-07T06:29:18.8831241Z test_deep_forbidden_path_scan_is_fail_closed (test_m22_package_examples.M22PackageExamplesTests.test_deep_forbidden_path_scan_is_fail_closed)
2026-09-07T06:29:18.9331177Z ! @brief 중첩 manifest 문자열의 기존 Arduino15 경로도 거부합니다. ... ok
2026-09-07T06:29:18.9332228Z test_discovery_accepts_only_installed_platform_paths (test_m22_package_examples.M22PackageExamplesTests.test_discovery_accepts_only_installed_platform_paths)
2026-09-07T06:29:19.0105626Z ! @brief Arduino CLI가 설치본에서 열거한 exact 29개만 승인합니다. ... ok
2026-09-07T06:29:19.0106763Z test_discovery_rejects_source_checkout_substitution (test_m22_package_examples.M22PackageExamplesTests.test_discovery_rejects_source_checkout_substitution)
2026-09-07T06:29:19.0726236Z ! @brief 저장소 source 예제를 설치본으로 가장하면 실패합니다. ... ok
2026-09-07T06:29:19.0727620Z test_discovery_rejects_unlocked_installed_package_example (test_m22_package_examples.M22PackageExamplesTests.test_discovery_rejects_unlocked_installed_package_example)
2026-09-07T06:29:19.1527307Z ! @brief 새 package 예제를 lock/compile 대상에서 빠뜨릴 수 없습니다. ... ok
2026-09-07T06:29:19.1528245Z test_lock_contains_every_29_profiled_examples (test_m22_package_examples.M22PackageExamplesTests.test_lock_contains_every_29_profiled_examples)
2026-09-07T06:29:19.2002056Z ! @brief 공개 package 예제 집합과 BLE profile 구분을 고정합니다. ... ok
2026-09-07T06:29:19.2003435Z test_lock_matches_every_repository_library_example (test_m22_package_examples.M22PackageExamplesTests.test_lock_matches_every_repository_library_example)
2026-09-07T06:29:19.5223737Z ! @brief package source에 추가된 Arduino 예제가 lock 밖으로 빠지지 않습니다. ... ok
2026-09-07T06:29:19.5225372Z test_manifest_binds_isolated_package_sdk_toolchain_and_cache (test_m22_package_examples.M22PackageExamplesTests.test_manifest_binds_isolated_package_sdk_toolchain_and_cache)
2026-09-07T06:29:19.5860101Z ! @brief build identity가 모든 격리 root와 HEX byte에 묶입니다. ... ok
2026-09-07T06:29:19.5860675Z 
2026-09-07T06:29:19.5860852Z ----------------------------------------------------------------------
2026-09-07T06:29:19.5861197Z Ran 7 tests in 0.703s
2026-09-07T06:29:19.5861336Z 
2026-09-07T06:29:19.5861413Z OK
2026-09-07T06:29:19.5977751Z [M12] exec: C:\hostedtoolcache\windows\Python\3.12.10\x64\python.exe -m unittest discover -v -s D:\a\NU54DK_Arduino_Core\NU54DK_Arduino_Core\tests\host -p test_m22_release.py
2026-09-07T06:29:19.7406067Z test_finalize_requires_exact_four_passed_gates (test_m22_release.M22ReleaseTests.test_finalize_requires_exact_four_passed_gates)
2026-09-07T06:29:19.7687553Z ! @brief host/examples/upload/clean-room 모두 있어야 RC3 ready가 됩니다. ... ok
2026-09-07T06:29:19.7688479Z test_package_contract_contains_only_exact_new_rc (test_m22_release.M22ReleaseTests.test_package_contract_contains_only_exact_new_rc)
2026-09-07T06:29:19.7694026Z ! @brief 0.3.0-rc.3이 과거 RC/stable 계약 뒤에 정확히 추가됩니다. ... ok
2026-09-07T06:29:19.7695382Z test_parser_exposes_no_publish_or_push_command (test_m22_release.M22ReleaseTests.test_parser_exposes_no_publish_or_push_command)
2026-09-07T06:29:19.7721329Z ! @brief M22 자동화가 GitHub Release 조작 경로를 제공하지 않습니다. ... ok
2026-09-07T06:29:19.7722070Z test_stable_index_is_exact_and_tamper_is_rejected (test_m22_release.M22ReleaseTests.test_stable_index_is_exact_and_tamper_is_rejected)
2026-09-07T06:29:19.7741141Z ! @brief RC3 준비가 기존 stable index 한 byte 변경도 거부합니다. ... ok
2026-09-07T06:29:19.7741865Z test_two_builds_must_be_byte_identical (test_m22_release.M22ReleaseTests.test_two_builds_must_be_byte_identical)
2026-09-07T06:29:19.7967722Z ! @brief 독립 build 중 한 byte라도 다르면 prepare가 진행되지 않습니다. ... ok
2026-09-07T06:29:19.7968195Z 
2026-09-07T06:29:19.7968451Z ----------------------------------------------------------------------
2026-09-07T06:29:19.7969047Z Ran 5 tests in 0.056s
2026-09-07T06:29:19.7969262Z 
2026-09-07T06:29:19.7969375Z OK
2026-09-07T06:29:19.8121549Z [M12] exec: C:\hostedtoolcache\windows\Python\3.12.10\x64\python.exe -m unittest discover -v -s D:\a\NU54DK_Arduino_Core\NU54DK_Arduino_Core\tests\host -p test_m23_peripheral_inventory.py
2026-09-07T06:29:19.9982243Z test_common_ownership_contract_lists_dma_and_event_resources (test_m23_peripheral_inventory.M23PeripheralInventoryTests.test_common_ownership_contract_lists_dma_and_event_resources) ... ok
2026-09-07T06:29:20.3846388Z test_common_ownership_dma_and_block_semantics_run_on_host (test_m23_peripheral_inventory.M23PeripheralInventoryTests.test_common_ownership_dma_and_block_semantics_run_on_host) ... ok
2026-09-07T06:29:20.5638586Z test_exhaustive_instance_omission_is_rejected (test_m23_peripheral_inventory.M23PeripheralInventoryTests.test_exhaustive_instance_omission_is_rejected) ... ok
2026-09-07T06:29:20.6521481Z test_pinned_ncs_dts_checksum_and_labels_are_verified (test_m23_peripheral_inventory.M23PeripheralInventoryTests.test_pinned_ncs_dts_checksum_and_labels_are_verified) ... skipped 'exact NCS v3.4.0 workspace is not installed'
2026-09-07T06:29:20.9732292Z test_public_inventory_api_compiles_links_and_runs (test_m23_peripheral_inventory.M23PeripheralInventoryTests.test_public_inventory_api_compiles_links_and_runs) ... ok
2026-09-07T06:29:21.1552783Z test_public_object_alias_is_rejected (test_m23_peripheral_inventory.M23PeripheralInventoryTests.test_public_object_alias_is_rejected) ... ok
2026-09-07T06:29:21.3362606Z test_same_serial_block_personality_set_is_exact (test_m23_peripheral_inventory.M23PeripheralInventoryTests.test_same_serial_block_personality_set_is_exact) ... ok
2026-09-07T06:29:21.5879724Z test_schema_inventory_sources_and_generated_outputs_pass (test_m23_peripheral_inventory.M23PeripheralInventoryTests.test_schema_inventory_sources_and_generated_outputs_pass) ... ok
2026-09-07T06:29:21.5881019Z 
2026-09-07T06:29:21.5881184Z ----------------------------------------------------------------------
2026-09-07T06:29:21.5881519Z Ran 8 tests in 1.681s
2026-09-07T06:29:21.5881647Z 
2026-09-07T06:29:21.5881725Z OK (skipped=1)
2026-09-07T06:29:21.6005762Z [M12] exec: C:\hostedtoolcache\windows\Python\3.12.10\x64\python.exe -m unittest discover -v -s D:\a\NU54DK_Arduino_Core\NU54DK_Arduino_Core\tests\host -p test_m24_serial_contract.py
2026-09-07T06:29:21.7059350Z test_block_personality_omission_is_rejected (test_m24_serial_contract.M24SerialContractTests.test_block_personality_omission_is_rejected) ... ok
2026-09-07T06:29:21.7071543Z test_candidate_header_and_handover_sources_are_required (test_m24_serial_contract.M24SerialContractTests.test_candidate_header_and_handover_sources_are_required) ... ok
2026-09-07T06:29:21.7933958Z test_contract_schema_generated_document_and_exact_ncs_pass (test_m24_serial_contract.M24SerialContractTests.test_contract_schema_generated_document_and_exact_ncs_pass) ... ok
2026-09-07T06:29:21.8082954Z test_dedicated_pin_mapping_and_board_conflict_are_rejected_on_drift (test_m24_serial_contract.M24SerialContractTests.test_dedicated_pin_mapping_and_board_conflict_are_rejected_on_drift) ... ok
2026-09-07T06:29:21.8161917Z test_every_identity_needs_one_approved_hil_profile (test_m24_serial_contract.M24SerialContractTests.test_every_identity_needs_one_approved_hil_profile) ... ok
2026-09-07T06:29:21.8186478Z test_functionally_verified_candidates_remain_internal_until_release (test_m24_serial_contract.M24SerialContractTests.test_functionally_verified_candidates_remain_internal_until_release) ... ok
2026-09-07T06:29:21.8215179Z test_local_board_source_checksum_is_fail_closed (test_m24_serial_contract.M24SerialContractTests.test_local_board_source_checksum_is_fail_closed) ... ok
2026-09-07T06:29:21.8283958Z test_onboard_resources_partition_profiles_and_keep_fixture_boundary (test_m24_serial_contract.M24SerialContractTests.test_onboard_resources_partition_profiles_and_keep_fixture_boundary) ... ok
2026-09-07T06:29:21.8380709Z test_public_alias_or_singleton_identity_drift_is_rejected (test_m24_serial_contract.M24SerialContractTests.test_public_alias_or_singleton_identity_drift_is_rejected) ... ok
2026-09-07T06:29:21.8382954Z test_spim_hardware_csn_meets_nrf54l15_spis_timing (test_m24_serial_contract.M24SerialContractTests.test_spim_hardware_csn_meets_nrf54l15_spis_timing)
2026-09-07T06:29:21.8388903Z Source regression only; Fixture 201 proves the physical timing path. ... ok
2026-09-07T06:29:21.8389930Z test_spim_rx_delay_matches_nrf54l15_instance_clock (test_m24_serial_contract.M24SerialContractTests.test_spim_rx_delay_matches_nrf54l15_instance_clock)
2026-09-07T06:29:21.8395932Z Source regression only; 8 MHz Fixture 201 proves the physical sample path. ... ok
2026-09-07T06:29:21.8400761Z test_text_source_hash_is_checkout_eol_invariant (test_m24_serial_contract.M24SerialContractTests.test_text_source_hash_is_checkout_eol_invariant) ... ok
2026-09-07T06:29:21.8401999Z test_twim_activation_explicitly_enables_nrfx_instance (test_m24_serial_contract.M24SerialContractTests.test_twim_activation_explicitly_enables_nrfx_instance)
2026-09-07T06:29:21.8406877Z Source regression only; actual transfers remain an onboard/fixture gate. ... ok
2026-09-07T06:29:21.8408145Z test_twis_late_buffer_resumes_clock_stretched_request (test_m24_serial_contract.M24SerialContractTests.test_twis_late_buffer_resumes_clock_stretched_request)
2026-09-07T06:29:21.8413437Z Source regression only; Fixture 301 proves the physical clock-stretch path. ... ok
2026-09-07T06:29:21.8531642Z test_unsafe_pin_profile_is_rejected (test_m24_serial_contract.M24SerialContractTests.test_unsafe_pin_profile_is_rejected) ... ok
2026-09-07T06:29:21.8532706Z 
2026-09-07T06:29:21.8533212Z ----------------------------------------------------------------------
2026-09-07T06:29:21.8533658Z Ran 15 tests in 0.154s
2026-09-07T06:29:21.8533832Z 
2026-09-07T06:29:21.8533913Z OK
2026-09-07T06:29:21.8645458Z [M12] exec: C:\hostedtoolcache\windows\Python\3.12.10\x64\python.exe -m unittest discover -v -s D:\a\NU54DK_Arduino_Core\NU54DK_Arduino_Core\tests\host -p test_m26_system_contract.py
2026-09-07T06:29:21.9657606Z test_all_m26_identities_have_a_non_unknown_disposition (test_m26_system_contract.M26SystemContractTests.test_all_m26_identities_have_a_non_unknown_disposition) ... ok
2026-09-07T06:29:21.9660369Z test_raw_radio_is_exclusive_with_managed_ble (test_m26_system_contract.M26SystemContractTests.test_raw_radio_is_exclusive_with_managed_ble) ... ok
2026-09-07T06:29:21.9815879Z test_schematic_hash_and_generated_document_are_exact (test_m26_system_contract.M26SystemContractTests.test_schematic_hash_and_generated_document_are_exact) ... ok
2026-09-07T06:29:21.9896837Z test_silicon_only_capability_cannot_be_public (test_m26_system_contract.M26SystemContractTests.test_silicon_only_capability_cannot_be_public) ... ok
2026-09-07T06:29:22.0019225Z test_supported_state_requires_automated_and_physical_pass (test_m26_system_contract.M26SystemContractTests.test_supported_state_requires_automated_and_physical_pass) ... ok
2026-09-07T06:29:22.0020420Z 
2026-09-07T06:29:22.0020597Z ----------------------------------------------------------------------
2026-09-07T06:29:22.0021017Z Ran 5 tests in 0.053s
2026-09-07T06:29:22.0021180Z 
2026-09-07T06:29:22.0021259Z OK
2026-09-07T06:29:22.0126381Z [M12] exec: C:\hostedtoolcache\windows\Python\3.12.10\x64\python.exe -m unittest discover -v -s D:\a\NU54DK_Arduino_Core\NU54DK_Arduino_Core\tests\host -p test_m27_package_examples.py
2026-09-07T06:29:22.1338596Z test_local_software_package_cannot_be_labeled_rc_evidence (test_m27_package_examples.M27PackageExampleTests.test_local_software_package_cannot_be_labeled_rc_evidence)
2026-09-07T06:29:22.1434344Z M27_PACKAGE_EXAMPLE_PASS 1/29 EEPROM::EEPROMPersistence
2026-09-07T06:29:22.1449424Z M27_PACKAGE_EXAMPLE_PASS 2/29 LittleFS::LittleFSPersistence
2026-09-07T06:29:22.1475741Z M27_PACKAGE_EXAMPLE_PASS 3/29 NUCODE BLE::CustomGattCentral
2026-09-07T06:29:22.1489126Z M27_PACKAGE_EXAMPLE_PASS 4/29 NUCODE BLE::CustomGattPeripheral
2026-09-07T06:29:22.1501755Z M27_PACKAGE_EXAMPLE_PASS 5/29 NUCODE BLE::GAPCentral
2026-09-07T06:29:22.1513931Z M27_PACKAGE_EXAMPLE_PASS 6/29 NUCODE BLE::GAPPeripheral
2026-09-07T06:29:22.1526761Z M27_PACKAGE_EXAMPLE_PASS 7/29 NUCODE BLE::NUSCentral
2026-09-07T06:29:22.1538904Z M27_PACKAGE_EXAMPLE_PASS 8/29 NUCODE BLE::NUSPeripheral
2026-09-07T06:29:22.1551308Z M27_PACKAGE_EXAMPLE_PASS 9/29 NUCODE BLE Security::SecureKeyboard
2026-09-07T06:29:22.1564004Z M27_PACKAGE_EXAMPLE_PASS 10/29 NUCODE NU54DK::AnalogChannels
2026-09-07T06:29:22.1576199Z M27_PACKAGE_EXAMPLE_PASS 11/29 NUCODE NU54DK::AnalogReadA0
2026-09-07T06:29:22.1588960Z M27_PACKAGE_EXAMPLE_PASS 12/29 NUCODE NU54DK::AnalogResolution
2026-09-07T06:29:22.1601903Z M27_PACKAGE_EXAMPLE_PASS 13/29 NUCODE NU54DK::Blink
2026-09-07T06:29:22.1614168Z M27_PACKAGE_EXAMPLE_PASS 14/29 NUCODE NU54DK::BoardInfo
2026-09-07T06:29:22.1626996Z M27_PACKAGE_EXAMPLE_PASS 15/29 NUCODE NU54DK::CounterAlarm
2026-09-07T06:29:22.1652495Z M27_PACKAGE_EXAMPLE_PASS 16/29 NUCODE NU54DK::DynamicPWM
2026-09-07T06:29:22.1665483Z M27_PACKAGE_EXAMPLE_PASS 17/29 NUCODE NU54DK::InterruptButton
2026-09-07T06:29:22.1677762Z M27_PACKAGE_EXAMPLE_PASS 18/29 NUCODE NU54DK::PWMFade
2026-09-07T06:29:22.1690408Z M27_PACKAGE_EXAMPLE_PASS 19/29 NUCODE NU54DK::Serial1RuntimePins
2026-09-07T06:29:22.1703145Z M27_PACKAGE_EXAMPLE_PASS 20/29 NUCODE NU54DK::SerialEcho
2026-09-07T06:29:22.1715461Z M27_PACKAGE_EXAMPLE_PASS 21/29 NUCODE NU54DK::SettingsStorage
2026-09-07T06:29:22.1728247Z M27_PACKAGE_EXAMPLE_PASS 22/29 NUCODE NU54DK::SPI00RuntimePins
2026-09-07T06:29:22.1740771Z M27_PACKAGE_EXAMPLE_PASS 23/29 NUCODE NU54DK::SystemOffWake
2026-09-07T06:29:22.1766679Z M27_PACKAGE_EXAMPLE_PASS 24/29 NUCODE NU54DK::ToneOutput
2026-09-07T06:29:22.1779260Z M27_PACKAGE_EXAMPLE_PASS 25/29 NUCODE NU54DK::WatchdogBasic
2026-09-07T06:29:22.1791559Z M27_PACKAGE_EXAMPLE_PASS 26/29 NUCODE NU54DK::WireRuntimePins
2026-09-07T06:29:22.1804274Z M27_PACKAGE_EXAMPLE_PASS 27/29 Servo::Sweep
2026-09-07T06:29:22.1816817Z M27_PACKAGE_EXAMPLE_PASS 28/29 SPI::SPITransaction
2026-09-07T06:29:22.1828931Z M27_PACKAGE_EXAMPLE_PASS 29/29 Wire::WirePmicId
2026-09-07T06:29:22.1929292Z M27_PACKAGE_EXAMPLE_PASS 1/29 EEPROM::EEPROMPersistence
2026-09-07T06:29:22.1941778Z M27_PACKAGE_EXAMPLE_PASS 2/29 LittleFS::LittleFSPersistence
2026-09-07T06:29:22.1965896Z M27_PACKAGE_EXAMPLE_PASS 3/29 NUCODE BLE::CustomGattCentral
2026-09-07T06:29:22.1978100Z M27_PACKAGE_EXAMPLE_PASS 4/29 NUCODE BLE::CustomGattPeripheral
2026-09-07T06:29:22.1990456Z M27_PACKAGE_EXAMPLE_PASS 5/29 NUCODE BLE::GAPCentral
2026-09-07T06:29:22.2002702Z M27_PACKAGE_EXAMPLE_PASS 6/29 NUCODE BLE::GAPPeripheral
2026-09-07T06:29:22.2016195Z M27_PACKAGE_EXAMPLE_PASS 7/29 NUCODE BLE::NUSCentral
2026-09-07T06:29:22.2027806Z M27_PACKAGE_EXAMPLE_PASS 8/29 NUCODE BLE::NUSPeripheral
2026-09-07T06:29:22.2039985Z M27_PACKAGE_EXAMPLE_PASS 9/29 NUCODE BLE Security::SecureKeyboard
2026-09-07T06:29:22.2051910Z M27_PACKAGE_EXAMPLE_PASS 10/29 NUCODE NU54DK::AnalogChannels
2026-09-07T06:29:22.2063958Z M27_PACKAGE_EXAMPLE_PASS 11/29 NUCODE NU54DK::AnalogReadA0
2026-09-07T06:29:22.2076209Z M27_PACKAGE_EXAMPLE_PASS 12/29 NUCODE NU54DK::AnalogResolution
2026-09-07T06:29:22.2087969Z M27_PACKAGE_EXAMPLE_PASS 13/29 NUCODE NU54DK::Blink
2026-09-07T06:29:22.2100490Z M27_PACKAGE_EXAMPLE_PASS 14/29 NUCODE NU54DK::BoardInfo
2026-09-07T06:29:22.2112438Z M27_PACKAGE_EXAMPLE_PASS 15/29 NUCODE NU54DK::CounterAlarm
2026-09-07T06:29:22.2137744Z M27_PACKAGE_EXAMPLE_PASS 16/29 NUCODE NU54DK::DynamicPWM
2026-09-07T06:29:22.2149548Z M27_PACKAGE_EXAMPLE_PASS 17/29 NUCODE NU54DK::InterruptButton
2026-09-07T06:29:22.2161673Z M27_PACKAGE_EXAMPLE_PASS 18/29 NUCODE NU54DK::PWMFade
2026-09-07T06:29:22.2173296Z M27_PACKAGE_EXAMPLE_PASS 19/29 NUCODE NU54DK::Serial1RuntimePins
2026-09-07T06:29:22.2185311Z M27_PACKAGE_EXAMPLE_PASS 20/29 NUCODE NU54DK::SerialEcho
2026-09-07T06:29:22.2197518Z M27_PACKAGE_EXAMPLE_PASS 21/29 NUCODE NU54DK::SettingsStorage
2026-09-07T06:29:22.2209006Z M27_PACKAGE_EXAMPLE_PASS 22/29 NUCODE NU54DK::SPI00RuntimePins
2026-09-07T06:29:22.2221100Z M27_PACKAGE_EXAMPLE_PASS 23/29 NUCODE NU54DK::SystemOffWake
2026-09-07T06:29:22.2246659Z M27_PACKAGE_EXAMPLE_PASS 24/29 NUCODE NU54DK::ToneOutput
2026-09-07T06:29:22.2258958Z M27_PACKAGE_EXAMPLE_PASS 25/29 NUCODE NU54DK::WatchdogBasic
2026-09-07T06:29:22.2270617Z M27_PACKAGE_EXAMPLE_PASS 26/29 NUCODE NU54DK::WireRuntimePins
2026-09-07T06:29:22.2282562Z M27_PACKAGE_EXAMPLE_PASS 27/29 Servo::Sweep
2026-09-07T06:29:22.2294656Z M27_PACKAGE_EXAMPLE_PASS 28/29 SPI::SPITransaction
2026-09-07T06:29:22.2306551Z M27_PACKAGE_EXAMPLE_PASS 29/29 Wire::WirePmicId
2026-09-07T06:29:22.2447113Z ! @brief 기존 RC 기본값과 software preview의 별도 identity를 유지합니다. ... ok
2026-09-07T06:29:22.2450818Z test_lock_has_exact_version_profiles_and_count (test_m27_package_examples.M27PackageExampleTests.test_lock_has_exact_version_profiles_and_count) ... ok
2026-09-07T06:29:22.2453712Z test_m22_historical_runner_remains_pinned (test_m27_package_examples.M27PackageExampleTests.test_m22_historical_runner_remains_pinned) ... ok
2026-09-07T06:29:22.2455838Z test_runner_parallelizes_independent_build_roots (test_m27_package_examples.M27PackageExampleTests.test_runner_parallelizes_independent_build_roots) ... ok
2026-09-07T06:29:22.2458371Z test_runner_uses_version_explicit_discovery (test_m27_package_examples.M27PackageExampleTests.test_runner_uses_version_explicit_discovery) ... ok
2026-09-07T06:29:22.2459475Z 
2026-09-07T06:29:22.2459708Z ----------------------------------------------------------------------
2026-09-07T06:29:22.2460231Z Ran 5 tests in 0.112s
2026-09-07T06:29:22.2460428Z 
2026-09-07T06:29:22.2460534Z OK
2026-09-07T06:29:22.2604288Z [M12] exec: C:\hostedtoolcache\windows\Python\3.12.10\x64\python.exe -m unittest discover -v -s D:\a\NU54DK_Arduino_Core\NU54DK_Arduino_Core\tests\host -p test_m27_release.py
2026-09-07T06:29:22.3921551Z test_candidate_extension_does_not_add_unapproved_stable (test_m27_release.M27ReleaseTests.test_candidate_extension_does_not_add_unapproved_stable) ... ok
2026-09-07T06:29:23.3809829Z test_clean_submodule_status_survives_trimmed_first_prefix (test_m27_release.M27ReleaseTests.test_clean_submodule_status_survives_trimmed_first_prefix) ... ok
2026-09-07T06:29:23.3816348Z test_cli_exposes_no_publish_or_finalize_command (test_m27_release.M27ReleaseTests.test_cli_exposes_no_publish_or_finalize_command) ... ok
2026-09-07T06:29:23.3870101Z test_contract_has_every_required_gate_and_remains_hold (test_m27_release.M27ReleaseTests.test_contract_has_every_required_gate_and_remains_hold) ... ok
2026-09-07T06:29:23.3985375Z test_functional_fixture_gates_cannot_become_optional (test_m27_release.M27ReleaseTests.test_functional_fixture_gates_cannot_become_optional) ... ok
2026-09-07T06:29:23.4037371Z test_historical_package_contract_is_not_modified (test_m27_release.M27ReleaseTests.test_historical_package_contract_is_not_modified) ... ok
2026-09-07T06:29:23.4088516Z test_owner_scope_excludes_metrology_not_functional_hil (test_m27_release.M27ReleaseTests.test_owner_scope_excludes_metrology_not_functional_hil) ... ok
2026-09-07T06:29:23.4118036Z test_plan_rejects_publication_or_missing_artifacts (test_m27_release.M27ReleaseTests.test_plan_rejects_publication_or_missing_artifacts) ... ok
2026-09-07T06:29:23.4206505Z test_scope_drift_or_missing_decision_is_rejected (test_m27_release.M27ReleaseTests.test_scope_drift_or_missing_decision_is_rejected) ... ok
2026-09-07T06:29:23.4207889Z 
2026-09-07T06:29:23.4208174Z ----------------------------------------------------------------------
2026-09-07T06:29:23.4208750Z Ran 9 tests in 1.037s
2026-09-07T06:29:23.4208963Z 
2026-09-07T06:29:23.4209063Z OK
2026-09-07T06:29:23.4350797Z [M12] exec: C:\hostedtoolcache\windows\Python\3.12.10\x64\python.exe -m unittest discover -v -s D:\a\NU54DK_Arduino_Core\NU54DK_Arduino_Core\tests\host -p test_m27_staged_candidate.py
2026-09-07T06:29:23.5299288Z test_archive_members_require_exact_root (test_m27_staged_candidate.M27StagedCandidateTests.test_archive_members_require_exact_root) ... ok
2026-09-07T06:29:23.5301105Z test_runner_has_no_publication_command (test_m27_staged_candidate.M27StagedCandidateTests.test_runner_has_no_publication_command) ... ok
2026-09-07T06:29:23.5374677Z test_stage_archive_places_payload_at_arduino_platform_path (test_m27_staged_candidate.M27StagedCandidateTests.test_stage_archive_places_payload_at_arduino_platform_path) ... ok
2026-09-07T06:29:23.5376045Z 
2026-09-07T06:29:23.5376205Z ----------------------------------------------------------------------
2026-09-07T06:29:23.5376562Z Ran 3 tests in 0.012s
2026-09-07T06:29:23.5376710Z 
2026-09-07T06:29:23.5376776Z OK
2026-09-07T06:29:23.5480090Z [M12] exec: C:\hostedtoolcache\windows\Python\3.12.10\x64\python.exe -m unittest discover -v -s D:\a\NU54DK_Arduino_Core\NU54DK_Arduino_Core\tests\host -p test_m8_flash.py
2026-09-07T06:29:23.6476342Z test_accepts_matching_non_sysbuild_artifacts (test_m8_flash.M8FlashContractTests.test_accepts_matching_non_sysbuild_artifacts)
2026-09-07T06:29:23.6737082Z ! @brief export와 native artifact가 같을 때 upload 입력을 승인합니다. ... ok
2026-09-07T06:29:23.6874076Z test_flash_command_has_no_destructive_option (test_m8_flash.M8FlashContractTests.test_flash_command_has_no_destructive_option)
2026-09-07T06:29:23.6875424Z ! @brief 일반 upload 명령에 erase 또는 recover가 없는지 검증합니다. ... ok
2026-09-07T06:29:23.6876401Z test_redacts_explicit_probe_identity_without_losing_selection_mode (test_m8_flash.M8FlashContractTests.test_redacts_explicit_probe_identity_without_losing_selection_mode)
2026-09-07T06:29:23.7017715Z ! @brief 결과 JSON이 UID를 숨기면서 선택 방식과 메뉴를 보존하는지 검증합니다. ... ok
2026-09-07T06:29:23.7018884Z test_rejects_board_mismatch (test_m8_flash.M8FlashContractTests.test_rejects_board_mismatch)
2026-09-07T06:29:23.7166787Z ! @brief 다른 board로 생성된 manifest를 거부합니다. ... ok
2026-09-07T06:29:23.7167889Z test_rejects_destructive_runner_metadata (test_m8_flash.M8FlashContractTests.test_rejects_destructive_runner_metadata)
2026-09-07T06:29:23.7484533Z ! @brief runners.yaml에 숨은 erase/recover option도 일반 upload에서 거부합니다. ... ok
2026-09-07T06:29:23.7485648Z test_rejects_exported_hex_hash_mismatch (test_m8_flash.M8FlashContractTests.test_rejects_exported_hex_hash_mismatch)
2026-09-07T06:29:23.7677207Z ! @brief build 후 변경된 export HEX를 거부합니다. ... ok
2026-09-07T06:29:23.7678297Z test_rejects_missing_or_ambiguous_pyocd_probe (test_m8_flash.M8FlashContractTests.test_rejects_missing_or_ambiguous_pyocd_probe)
2026-09-07T06:29:23.7815731Z ! @brief probe 없음과 다중 probe 무지정 상태를 구분해 거부합니다. ... ok
2026-09-07T06:29:23.7816629Z test_rejects_missing_runner (test_m8_flash.M8FlashContractTests.test_rejects_missing_runner)
2026-09-07T06:29:23.7964647Z ! @brief build에 등록되지 않은 runner를 거부합니다. ... ok
2026-09-07T06:29:23.7965572Z test_rejects_native_hex_mismatch (test_m8_flash.M8FlashContractTests.test_rejects_native_hex_mismatch)
2026-09-07T06:29:23.8183938Z ! @brief west가 기록할 native HEX와 export HEX가 다르면 거부합니다. ... ok
2026-09-07T06:29:23.8184915Z test_rejects_sysbuild_manifest (test_m8_flash.M8FlashContractTests.test_rejects_sysbuild_manifest)
2026-09-07T06:29:23.8350007Z ! @brief 아직 지원하지 않는 merged sysbuild artifact를 명확히 거부합니다. ... ok
2026-09-07T06:29:23.8351361Z test_selects_noninteractive_or_explicit_uid_upload_tool (test_m8_flash.M8FlashContractTests.test_selects_noninteractive_or_explicit_uid_upload_tool)
2026-09-07T06:29:23.8494386Z ! @brief 기본 pyOCD와 명시 UID 전용 메뉴가 분리되는지 검증합니다. ... ok
2026-09-07T06:29:23.8495198Z test_selects_one_or_explicit_pyocd_probe (test_m8_flash.M8FlashContractTests.test_selects_one_or_explicit_pyocd_probe)
2026-09-07T06:29:23.8639374Z ! @brief 단일 probe 자동 선택과 명시 UID 선택을 검증합니다. ... ok
2026-09-07T06:29:23.8640135Z test_validates_both_runner_contracts (test_m8_flash.M8FlashContractTests.test_validates_both_runner_contracts)
2026-09-07T06:29:23.8797374Z ! @brief pyOCD와 J-Link 고정 target argument를 YAML에서 확인합니다. ... ok
2026-09-07T06:29:23.8797894Z 
2026-09-07T06:29:23.8798189Z ----------------------------------------------------------------------
2026-09-07T06:29:23.8798743Z Ran 13 tests in 0.232s
2026-09-07T06:29:23.8798944Z 
2026-09-07T06:29:23.8799049Z OK
2026-09-07T06:29:23.8930076Z [M12] exec: C:\hostedtoolcache\windows\Python\3.12.10\x64\python.exe -m unittest discover -v -s D:\a\NU54DK_Arduino_Core\NU54DK_Arduino_Core\tests\host -p test_m9_cache.py
2026-09-07T06:29:24.0292147Z test_actual_input_collector_tracks_board_sdk_and_toolchain_identity (test_m9_cache.M9CacheContractTests.test_actual_input_collector_tracks_board_sdk_and_toolchain_identity)
2026-09-07T06:29:24.0814022Z ! @brief \uc2e4\uc81c collector\uac00 board/NCS/Zephyr/compiler \uc785\ub825\uc744 key\uc5d0 \ud3ec\ud568\ud569\ub2c8\ub2e4. ... ok
2026-09-07T06:29:24.0815499Z test_byte_quota_prune_preserves_active_lock (test_m9_cache.M9CacheContractTests.test_byte_quota_prune_preserves_active_lock)
2026-09-07T06:29:24.1237707Z ! @brief byte quota\uc5d0\uc11c\ub3c4 \ud65c\uc131 lock\uc744 \uac74\ub108\ub6f0\uace0 \ube44\ud65c\uc131 entry\ub97c \uc815\ub9ac\ud569\ub2c8\ub2e4. ... ok
2026-09-07T06:29:24.1239098Z test_cache_root_inside_platform_fingerprint_is_rejected (test_m9_cache.M9CacheContractTests.test_cache_root_inside_platform_fingerprint_is_rejected)
2026-09-07T06:29:24.1324611Z ! @brief cache\uac00 platform hash\uc5d0 \uc790\uae30 \uc790\uc2e0\uc744 \ud3ec\ud568\ud558\ub294 \ubc30\uce58\ub97c \uac70\ubd80\ud569\ub2c8\ub2e4. ... ok
2026-09-07T06:29:24.1326122Z test_cache_workspace_uses_bounded_key_and_schema_namespace (test_m9_cache.M9CacheContractTests.test_cache_workspace_uses_bounded_key_and_schema_namespace)
2026-09-07T06:29:24.1356969Z ! @brief Windows \uacbd\ub85c\ub97c \uc81c\ud55c\ud55c directory key\uac00 schema namespace\uc5d0 \ud3ec\ud568\ub429\ub2c8\ub2e4. ... ok
2026-09-07T06:29:24.1358393Z test_canonical_manifest_key_ignores_dictionary_order (test_m9_cache.M9CacheContractTests.test_canonical_manifest_key_ignores_dictionary_order)
2026-09-07T06:29:24.1364749Z ! @brief \uac19\uc740 canonical JSON\uc740 field \uc21c\uc11c\uc640 \ubb34\uad00\ud558\uac8c \uac19\uc740 key\ub97c \uc5bb\uc2b5\ub2c8\ub2e4. ... ok
2026-09-07T06:29:24.1365843Z test_dead_local_lock_is_recovered (test_m9_cache.M9CacheContractTests.test_dead_local_lock_is_recovered)
2026-09-07T06:29:24.1471227Z ! @brief \uc885\ub8cc\ub41c \uac19\uc740 host PID\uc758 stale lock\ub9cc \uc790\ub3d9 \ud68c\uc218\ud569\ub2c8\ub2e4. ... ok
2026-09-07T06:29:24.1472444Z test_default_cache_root_keeps_windows_object_path_short (test_m9_cache.M9CacheContractTests.test_default_cache_root_keeps_windows_object_path_short)
2026-09-07T06:29:24.1519454Z ! @brief \uae30\ubcf8 cache root\uac00 \uae34 nRF Security object \uacbd\ub85c\ub97c \uc704\ud55c \uc9e7\uc740 suffix\ub97c \uc501\ub2c8\ub2e4. ... ok
2026-09-07T06:29:24.1520833Z test_external_library_sources_keep_private_header_semantics (test_m9_cache.M9CacheContractTests.test_external_library_sources_keep_private_header_semantics)
2026-09-07T06:29:24.1794331Z ! @brief \uac01 library source\ub97c \uc6d0\ubcf8 \uacbd\ub85c\uc5d0\uc11c \ucef4\ud30c\uc77c\ud558\uace0 include \uc21c\uc11c\ub97c \ubcf4\uc874\ud569\ub2c8\ub2e4. ... ok
2026-09-07T06:29:24.1795712Z test_foreign_metadata_does_not_block_local_os_lock (test_m9_cache.M9CacheContractTests.test_foreign_metadata_does_not_block_local_os_lock)
2026-09-07T06:29:24.1879838Z ! @brief local-only cache\uc5d0\uc11c\ub294 stale \uc678\ubd80 metadata\ubcf4\ub2e4 OS lock\uc744 \uc2e0\ub8b0\ud569\ub2c8\ub2e4. ... ok
2026-09-07T06:29:24.1881419Z test_generated_source_categories_do_not_share_a_mirror (test_m9_cache.M9CacheContractTests.test_generated_source_categories_do_not_share_a_mirror)
2026-09-07T06:29:24.2276163Z ! @brief sketch\uc640 library\uc758 \uac19\uc740 \ud30c\uc77c\uba85\uc774 \ubcc4\ub3c4 mirror source\ub85c \uc720\uc9c0\ub429\ub2c8\ub2e4. ... ok
2026-09-07T06:29:24.2277641Z test_generated_source_identity_is_build_path_independent (test_m9_cache.M9CacheContractTests.test_generated_source_identity_is_build_path_independent)
2026-09-07T06:29:24.2330652Z ! @brief \ub2e4\ub978 Arduino \uc784\uc2dc build path\uac00 \uac19\uc740 Sketch mirror \uc774\ub984\uc744 \uc0ac\uc6a9\ud569\ub2c8\ub2e4. ... ok
2026-09-07T06:29:24.2331799Z test_live_lock_serializes_two_workers (test_m9_cache.M9CacheContractTests.test_live_lock_serializes_two_workers)
2026-09-07T06:29:24.3498218Z ! @brief \uac19\uc740 cache\uc758 \ub450 worker\uac00 lock \uc784\uacc4\uad6c\uc5ed\uc5d0 \ub3d9\uc2dc\uc5d0 \uc9c4\uc785\ud558\uc9c0 \uc54a\uc2b5\ub2c8\ub2e4. ... ok
2026-09-07T06:29:24.3499453Z test_lru_prune_preserves_current_and_pinned_entries (test_m9_cache.M9CacheContractTests.test_lru_prune_preserves_current_and_pinned_entries)
2026-09-07T06:29:24.3809711Z ! @brief quota \uc815\ub9ac\ub294 \uc624\ub798\ub41c \ube44\ubcf4\ud638 entry\ub9cc \uc81c\uac70\ud569\ub2c8\ub2e4. ... ok
2026-09-07T06:29:24.3811314Z test_os_lock_serializes_processes_and_recovers_after_termination (test_m9_cache.M9CacheContractTests.test_os_lock_serializes_processes_and_recovers_after_termination)
2026-09-07T06:29:24.5328175Z ! @brief \ubcc4\ub3c4 process\uc758 lock\uc744 \ucc28\ub2e8\ud558\uace0 owner \uc885\ub8cc \ub4a4 OS\uac00 \uc790\ub3d9 \ud68c\uc218\ud569\ub2c8\ub2e4. ... ok
2026-09-07T06:29:24.5329602Z test_parent_build_flags_are_removed_before_toolchain_environment (test_m9_cache.M9CacheContractTests.test_parent_build_flags_are_removed_before_toolchain_environment)
2026-09-07T06:29:24.5381523Z ! @brief shell\uc758 build flag\uac00 canonical key \ubc16\uc5d0\uc11c child build\ub97c \ubc14\uafb8\uc9c0 \ubabb\ud569\ub2c8\ub2e4. ... ok
2026-09-07T06:29:24.5383553Z test_prepare_graph_invalidation_removes_only_owned_placeholders (test_m9_cache.M9CacheContractTests.test_prepare_graph_invalidation_removes_only_owned_placeholders)
2026-09-07T06:29:24.5502082Z ! @brief library \uc7ac\uc120\ud0dd \uc804 record\uc640 build \ub0b4\ubd80 placeholder\ub9cc \ubb34\ud6a8\ud654\ud569\ub2c8\ub2e4. ... ok
2026-09-07T06:29:24.5503919Z test_probe_mutex_identity_does_not_depend_on_user_temp_path (test_m9_cache.M9CacheContractTests.test_probe_mutex_identity_does_not_depend_on_user_temp_path)
2026-09-07T06:29:24.5509813Z ! @brief \uac19\uc740 probe UID\ub294 \uc0ac\uc6a9\uc790\ubcc4 TEMP\uac00 \ub2ec\ub77c\ub3c4 \uac19\uc740 Global mutex\ub97c \uc0ac\uc6a9\ud569\ub2c8\ub2e4. ... ok
2026-09-07T06:29:24.5511610Z test_remove_rejects_invalid_key_and_active_lock (test_m9_cache.M9CacheContractTests.test_remove_rejects_invalid_key_and_active_lock)
2026-09-07T06:29:24.6352161Z ! @brief \ubaa8\ud638\ud55c \uacbd\ub85c\uc640 \ud65c\uc131 lock\uc774 \uc788\ub294 entry \uc0ad\uc81c\ub97c \ucc28\ub2e8\ud569\ub2c8\ub2e4. ... ok
2026-09-07T06:29:24.6353238Z test_remove_rejects_truncated_key_collision (test_m9_cache.M9CacheContractTests.test_remove_rejects_truncated_key_collision)
2026-09-07T06:29:24.6510577Z ! @brief \uac19\uc740 128-bit prefix\uc758 \ub2e4\ub978 \uc804\uccb4 key\ub97c \ub300\uc2e0 \uc0ad\uc81c\ud558\uc9c0 \uc54a\uc2b5\ub2c8\ub2e4. ... ok
2026-09-07T06:29:24.6511795Z test_removed_entry_can_be_recreated_without_compiler_cache (test_m9_cache.M9CacheContractTests.test_removed_entry_can_be_recreated_without_compiler_cache)
2026-09-07T06:29:24.6786430Z ! @brief \ub2e8\uc77c tree \uc0ad\uc81c \ud6c4 \uac19\uc740 key state\ub97c \ub2e4\uc2dc \ub9cc\ub4e4\uba70 compiler cache\ub97c \ubcf4\uc874\ud569\ub2c8\ub2e4. ... ok
2026-09-07T06:29:24.6787603Z test_state_transition_preserves_created_time (test_m9_cache.M9CacheContractTests.test_state_transition_preserves_created_time)
2026-09-07T06:29:24.7045329Z ! @brief cache \uc0c1\ud0dc \uc804\uc774\uac00 \uc0dd\uc131 \uc2dc\uac01\uacfc \ub204\uc801 field\ub97c \ubcf4\uc874\ud569\ub2c8\ub2e4. ... ok
2026-09-07T06:29:24.7046512Z test_target_sdk_toolchain_and_board_identity_invalidate_key (test_m9_cache.M9CacheContractTests.test_target_sdk_toolchain_and_board_identity_invalidate_key)
2026-09-07T06:29:24.7054144Z ! @brief \ube44\ud638\ud658 target/tool identity \ubcc0\uacbd\uc740 \ubaa8\ub450 \ub2e4\ub978 full key\ub97c \ub9cc\ub4ed\ub2c8\ub2e4. ... ok
2026-09-07T06:29:24.7055216Z test_tree_content_hash_detects_content_and_path (test_m9_cache.M9CacheContractTests.test_tree_content_hash_detects_content_and_path)
2026-09-07T06:29:24.7101644Z ! @brief dirty Core \ub0b4\uc6a9\uacfc \uc0c1\ub300 \uacbd\ub85c \ubcc0\uacbd\uc774 fingerprint\uc5d0 \ubc18\uc601\ub429\ub2c8\ub2e4. ... ok
2026-09-07T06:29:24.7102622Z 
2026-09-07T06:29:24.7102826Z ----------------------------------------------------------------------
2026-09-07T06:29:24.7103255Z Ran 23 tests in 0.681s
2026-09-07T06:29:24.7103402Z 
2026-09-07T06:29:24.7103485Z OK
2026-09-07T06:29:24.7258312Z [M12] exec: C:\hostedtoolcache\windows\Python\3.12.10\x64\python.exe -m unittest discover -v -s D:\a\NU54DK_Arduino_Core\NU54DK_Arduino_Core\tests\host -p test_m9_safety.py
2026-09-07T06:29:24.8529740Z test_configure_failed_tree_recovers_once_then_becomes_cache_hit (test_m9_safety.M9SafetyContractTests.test_configure_failed_tree_recovers_once_then_becomes_cache_hit)
2026-09-07T06:29:24.9675454Z ! @brief \uc2e4\ud328 cache\ub294 pristine 1\ud68c \ubcf5\uad6c \ud6c4 configure-failed\ub97c \uc720\uc9c0\ud558\uc9c0 \uc54a\uc2b5\ub2c8\ub2e4. ... ok
2026-09-07T06:29:24.9676515Z test_configure_failure_marks_cache_unusable (test_m9_safety.M9SafetyContractTests.test_configure_failure_marks_cache_unusable)
2026-09-07T06:29:25.0485186Z ! @brief pristine configure \uc2e4\ud328 \uc2dc first-complete\ub97c false\ub85c \uace0\uc815\ud558\uace0 \uc2e4\ud328\ub97c \uae30\ub85d\ud569\ub2c8\ub2e4. ... ok
2026-09-07T06:29:25.0486343Z test_flash_holds_session_cache_and_probe_locks_during_validation (test_m9_safety.M9SafetyContractTests.test_flash_holds_session_cache_and_probe_locks_during_validation)
2026-09-07T06:29:25.0556393Z ! @brief flash \uac80\uc99d\uacfc write \uc804\uccb4\uac00 session\u2192cache\u2192probe lock \uc21c\uc11c\ub97c \uc720\uc9c0\ud569\ub2c8\ub2e4. ... ok
2026-09-07T06:29:25.0557424Z test_flash_rejects_current_toolchain_identity_mismatch (test_m9_safety.M9SafetyContractTests.test_flash_rejects_current_toolchain_identity_mismatch)
2026-09-07T06:29:25.0570090Z ! @brief build\uc640 \ub2e4\ub978 NCS/toolchain\uc73c\ub85c flash\ud558\ub294 \uc694\uccad\uc744 \uac70\ubd80\ud569\ub2c8\ub2e4. ... ok
2026-09-07T06:29:25.0570929Z test_passthrough_allowlist_is_exact (test_m9_safety.M9SafetyContractTests.test_passthrough_allowlist_is_exact)
2026-09-07T06:29:25.0578511Z ! @brief include\uc640 object \uc804\ub2ec\ub9cc \ud5c8\uc6a9\ud558\uace0 option \uc624\ud0c0\ub97c \uac70\ubd80\ud569\ub2c8\ub2e4. ... ok
2026-09-07T06:29:25.0579599Z test_prepare_configure_uses_application_volume_across_windows_drives (test_m9_safety.M9SafetyContractTests.test_prepare_configure_uses_application_volume_across_windows_drives)
2026-09-07T06:29:25.1291393Z ! @brief NCS\uc640 cache drive\uac00 \ub2ec\ub77c\ub3c4 configure\uc758 cwd\ub294 application \ucabd\uc744 \uc0ac\uc6a9\ud569\ub2c8\ub2e4. ... ok
2026-09-07T06:29:25.1292764Z test_publish_keyboard_interrupt_restores_previous_generation (test_m9_safety.M9SafetyContractTests.test_publish_keyboard_interrupt_restores_previous_generation)
2026-09-07T06:29:25.2070134Z ! @brief metadata commit \uc911 Ctrl+C\ub3c4 \uc774\uc804 \uacf5\uac1c generation\uc744 \ubcf4\uc874\ud569\ub2c8\ub2e4. ... ok
2026-09-07T06:29:25.2071442Z test_publish_metadata_failure_restores_artifacts_manifest_and_context (test_m9_safety.M9SafetyContractTests.test_publish_metadata_failure_restores_artifacts_manifest_and_context)
2026-09-07T06:29:25.2899618Z ! @brief export \ub4a4 metadata \uc2e4\ud328\ub3c4 \uc774\uc804 \uacf5\uac1c generation \uc804\uccb4\ub97c \ubcf5\uad6c\ud569\ub2c8\ub2e4. ... ok
2026-09-07T06:29:25.2900869Z test_transactional_export_publishes_one_verified_generation (test_m9_safety.M9SafetyContractTests.test_transactional_export_publishes_one_verified_generation)
2026-09-07T06:29:25.3337257Z ! @brief staging\uc774 \ubaa8\ub450 \ub05d\ub09c \ub4a4 \ub124 artifact\ub97c \uac80\uc99d\ub41c generation\uc73c\ub85c \uad50\uccb4\ud569\ub2c8\ub2e4. ... ok
2026-09-07T06:29:25.3338608Z test_transactional_export_restores_old_generation_on_commit_failure (test_m9_safety.M9SafetyContractTests.test_transactional_export_restores_old_generation_on_commit_failure)
2026-09-07T06:29:25.3771971Z ! @brief \ub450 \ubc88\uc9f8 artifact \uad50\uccb4 \uc2e4\ud328 \uc2dc \uc774\ubbf8 \uad50\uccb4\ud55c \ud30c\uc77c\ub3c4 \uc774\uc804 \uac12\uc73c\ub85c \ubcf5\uc6d0\ud569\ub2c8\ub2e4. ... ok
2026-09-07T06:29:25.3774178Z test_unknown_cache_option_fails_closed_before_dispatch (test_m9_safety.M9SafetyContractTests.test_unknown_cache_option_fails_closed_before_dispatch)
2026-09-07T06:29:25.3811055Z ! @brief destructive cache CLI\uc758 \uc624\ud0c0\ub97c \ubb34\uc2dc\ud558\uc9c0 \uc54a\uace0 action \ud638\ucd9c \uc804\uc5d0 \uac70\ubd80\ud569\ub2c8\ub2e4. ... ok
2026-09-07T06:29:25.3812538Z test_west_build_working_directory_rejects_split_cache_volumes (test_m9_safety.M9SafetyContractTests.test_west_build_working_directory_rejects_split_cache_volumes)
2026-09-07T06:29:25.3819451Z ! @brief application\uacfc build\uac00 \uc11c\ub85c \ub2e4\ub978 Windows volume\uc774\uba74 \uba85\uc2dc\uc801\uc73c\ub85c \uac70\ubd80\ud569\ub2c8\ub2e4. ... ok
2026-09-07T06:29:25.3820376Z 
2026-09-07T06:29:25.3820611Z ----------------------------------------------------------------------
2026-09-07T06:29:25.3821561Z Ran 12 tests in 0.529s
2026-09-07T06:29:25.3821817Z 
2026-09-07T06:29:25.3821920Z OK
2026-09-07T06:29:25.3823375Z NU54_UPLOAD_START runner=pyocd probe=PROBE board=nrf54l15dk/nrf54l15/cpuapp/nu54dk hex_sha256=1111111111111111111111111111111111111111111111111111111111111111
2026-09-07T06:29:25.3824531Z NU54_UPLOAD_PASS runner=pyocd probe=PROBE
2026-09-07T06:29:25.3975084Z [M12] exec: C:\hostedtoolcache\windows\Python\3.12.10\x64\python.exe -m unittest discover -v -s D:\a\NU54DK_Arduino_Core\NU54DK_Arduino_Core\tests\host -p test_r02_serial_drivers.py
2026-09-07T06:29:30.4302289Z test_production_sync_and_lifetime (test_r02_serial_drivers.SerialDriverTests.test_production_sync_and_lifetime) ... ok
2026-09-07T06:29:30.4302826Z 
2026-09-07T06:29:30.4302975Z ----------------------------------------------------------------------
2026-09-07T06:29:30.4303321Z Ran 1 test in 4.958s
2026-09-07T06:29:30.4303445Z 
2026-09-07T06:29:30.4303516Z OK
2026-09-07T06:29:30.4395217Z [M12] exec: C:\hostedtoolcache\windows\Python\3.12.10\x64\python.exe -m unittest discover -v -s D:\a\NU54DK_Arduino_Core\NU54DK_Arduino_Core\tests\host -p test_r03_fabric_drivers.py
2026-09-07T06:29:31.6931439Z test_analog_production (test_r03_fabric_drivers.FabricDriverTests.test_analog_production) ... ok
2026-09-07T06:29:32.6544870Z test_pwm_deferred_production (test_r03_fabric_drivers.FabricDriverTests.test_pwm_deferred_production) ... ok
2026-09-07T06:29:33.9394234Z test_stream_production (test_r03_fabric_drivers.FabricDriverTests.test_stream_production) ... ok
2026-09-07T06:29:33.9394904Z 
2026-09-07T06:29:33.9395208Z ----------------------------------------------------------------------
2026-09-07T06:29:33.9395675Z Ran 3 tests in 3.426s
2026-09-07T06:29:33.9395813Z 
2026-09-07T06:29:33.9395879Z OK
2026-09-07T06:29:33.9495727Z [M12] exec: C:\hostedtoolcache\windows\Python\3.12.10\x64\python.exe -m unittest discover -v -s D:\a\NU54DK_Arduino_Core\NU54DK_Arduino_Core\tests\host -p test_r04_file.py
2026-09-07T06:29:35.6645758Z test_production_file (test_r04_file.FileLifetimeTests.test_production_file) ... ok
2026-09-07T06:29:35.6646432Z 
2026-09-07T06:29:35.6646683Z ----------------------------------------------------------------------
2026-09-07T06:29:35.6647072Z Ran 1 test in 1.641s
2026-09-07T06:29:35.6647201Z 
2026-09-07T06:29:35.6647271Z OK
2026-09-07T06:29:35.6751085Z [M12] exec: C:\hostedtoolcache\windows\Python\3.12.10\x64\python.exe -m unittest discover -v -s D:\a\NU54DK_Arduino_Core\NU54DK_Arduino_Core\tests\host -p test_r05_identity.py
2026-09-07T06:29:35.7944453Z test_checkout_drift_is_detected_and_regenerated (test_r05_identity.ProductIdentityTests.test_checkout_drift_is_detected_and_regenerated) ... ok
2026-09-07T06:29:35.7948202Z test_checkout_identity_and_schema_independence (test_r05_identity.ProductIdentityTests.test_checkout_identity_and_schema_independence) ... ok
2026-09-07T06:29:36.4334264Z test_cmake_matches_builder_and_rejects_invalid_identity (test_r05_identity.ProductIdentityTests.test_cmake_matches_builder_and_rejects_invalid_identity) ... ok
2026-09-07T06:29:36.5101075Z test_live_build_record_carries_both_versions (test_r05_identity.ProductIdentityTests.test_live_build_record_carries_both_versions) ... ok
2026-09-07T06:29:36.5109635Z test_payload_identity_tracks_source_but_allows_package_stamping (test_r05_identity.ProductIdentityTests.test_payload_identity_tracks_source_but_allows_package_stamping) ... ok
2026-09-07T06:29:36.5163357Z test_stamped_install_preserves_source_version (test_r05_identity.ProductIdentityTests.test_stamped_install_preserves_source_version) ... ok
2026-09-07T06:29:36.5164863Z 
2026-09-07T06:29:36.5165038Z ----------------------------------------------------------------------
2026-09-07T06:29:36.5165371Z Ran 6 tests in 0.730s
2026-09-07T06:29:36.5165506Z 
2026-09-07T06:29:36.5165574Z OK
2026-09-07T06:29:36.5296971Z [M12] exec: C:\hostedtoolcache\windows\Python\3.12.10\x64\python.exe -m unittest discover -v -s D:\a\NU54DK_Arduino_Core\NU54DK_Arduino_Core\tests\host -p test_r06_builder_modules.py
2026-09-07T06:29:37.3410670Z test_extracted_entry_isolated_from_cwd_and_pythonpath (test_r06_builder_modules.BuilderPackageTests.test_extracted_entry_isolated_from_cwd_and_pythonpath) ... ok
2026-09-07T06:29:37.3774608Z test_source_package_includes_explicit_models_and_launcher (test_r06_builder_modules.BuilderPackageTests.test_source_package_includes_explicit_models_and_launcher) ... ok
2026-09-07T06:29:37.3775494Z 
2026-09-07T06:29:37.3775686Z ----------------------------------------------------------------------
2026-09-07T06:29:37.3776134Z Ran 2 tests in 0.771s
2026-09-07T06:29:37.3776302Z 
2026-09-07T06:29:37.3776386Z OK
2026-09-07T06:29:37.3889494Z [M12] exec: C:\hostedtoolcache\windows\Python\3.12.10\x64\python.exe -m unittest discover -v -s D:\a\NU54DK_Arduino_Core\NU54DK_Arduino_Core\tests\host -p test_r06_windows_recipe.py
2026-09-07T06:29:37.5038587Z test_checkout_and_ascii_install_keep_original_build_root (test_r06_windows_recipe.WindowsRecipeTests.test_checkout_and_ascii_install_keep_original_build_root) ... ok
2026-09-07T06:29:37.7406972Z test_copy_rejects_cache_junction_to_another_directory (test_r06_windows_recipe.WindowsRecipeTests.test_copy_rejects_cache_junction_to_another_directory) ... ok
2026-09-07T06:29:38.0429690Z test_installed_command_preserves_quoted_paths_and_exit (test_r06_windows_recipe.WindowsRecipeTests.test_installed_command_preserves_quoted_paths_and_exit) ... ok
2026-09-07T06:29:38.1442829Z test_package_copy_preserves_identity_recovers_bytes_and_rejects_extra_files (test_r06_windows_recipe.WindowsRecipeTests.test_package_copy_preserves_identity_recovers_bytes_and_rejects_extra_files) ... ok
2026-09-07T06:29:38.1443939Z 
2026-09-07T06:29:38.1444263Z ----------------------------------------------------------------------
2026-09-07T06:29:38.1444647Z Ran 4 tests in 0.682s
2026-09-07T06:29:38.1444793Z 
2026-09-07T06:29:38.1444875Z OK
2026-09-07T06:29:38.1565953Z [M12] exec: C:\hostedtoolcache\windows\Python\3.12.10\x64\python.exe -m unittest discover -v -s D:\a\NU54DK_Arduino_Core\NU54DK_Arduino_Core\tests\host -p test_r07_event_driver.py
2026-09-07T06:29:40.1039932Z test_production_dppi_and_registry (test_r07_event_driver.EventDriverTests.test_production_dppi_and_registry) ... ok
2026-09-07T06:29:40.1040487Z 
2026-09-07T06:29:40.1040643Z ----------------------------------------------------------------------
2026-09-07T06:29:40.1040977Z Ran 1 test in 1.873s
2026-09-07T06:29:40.1041104Z 
2026-09-07T06:29:40.1041179Z OK
2026-09-07T06:29:40.1133163Z [M12] exec: C:\hostedtoolcache\windows\Python\3.12.10\x64\python.exe -m unittest discover -v -s D:\a\NU54DK_Arduino_Core\NU54DK_Arduino_Core\tests\host -p test_r08_resource_route.py
2026-09-07T06:29:42.4611897Z test_production_resource_and_route (test_r08_resource_route.ResourceRouteTests.test_production_resource_and_route) ... ok
2026-09-07T06:29:42.4612666Z 
2026-09-07T06:29:42.4612816Z ----------------------------------------------------------------------
2026-09-07T06:29:42.4613173Z Ran 1 test in 2.274s
2026-09-07T06:29:42.4613594Z 
2026-09-07T06:29:42.4613662Z OK
2026-09-07T06:29:42.4704919Z [M12] exec: C:\hostedtoolcache\windows\Python\3.12.10\x64\python.exe -m unittest discover -v -s D:\a\NU54DK_Arduino_Core\NU54DK_Arduino_Core\tests\host -p test_r09_spi_facade.py
2026-09-07T06:29:44.0847603Z test_production_spi_facade (test_r09_spi_facade.SpiFacadeTests.test_production_spi_facade) ... ok
2026-09-07T06:29:44.0848618Z 
2026-09-07T06:29:44.0848901Z ----------------------------------------------------------------------
2026-09-07T06:29:44.0849755Z Ran 1 test in 1.541s
2026-09-07T06:29:44.0849991Z 
2026-09-07T06:29:44.0850092Z OK
2026-09-07T06:29:44.0943590Z [M12] exec: C:\hostedtoolcache\windows\Python\3.12.10\x64\python.exe -m unittest discover -v -s D:\a\NU54DK_Arduino_Core\NU54DK_Arduino_Core\tests\host -p test_r10_serial_concurrency.py
2026-09-07T06:29:46.5452638Z test_production_stop_reservation (test_r10_serial_concurrency.SerialConcurrencyTests.test_production_stop_reservation) ... ok
2026-09-07T06:29:46.5453652Z 
2026-09-07T06:29:46.5453902Z ----------------------------------------------------------------------
2026-09-07T06:29:46.5454469Z Ran 1 test in 2.377s
2026-09-07T06:29:46.5454686Z 
2026-09-07T06:29:46.5454793Z OK
2026-09-07T06:29:46.5547717Z [M12] exec: C:\hostedtoolcache\windows\Python\3.12.10\x64\python.exe -m unittest discover -v -s D:\a\NU54DK_Arduino_Core\NU54DK_Arduino_Core\tests\host -p test_r11_fabric_data.py
2026-09-07T06:29:52.5279496Z test_production_data_and_restarts (test_r11_fabric_data.FabricDataTests.test_production_data_and_restarts) ... ok
2026-09-07T06:29:52.5280006Z 
2026-09-07T06:29:52.5280156Z ----------------------------------------------------------------------
2026-09-07T06:29:52.5280478Z Ran 1 test in 5.896s
2026-09-07T06:29:52.5280605Z 
2026-09-07T06:29:52.5280675Z OK
2026-09-07T06:29:52.5373431Z [M12] exec: C:\hostedtoolcache\windows\Python\3.12.10\x64\python.exe -m unittest discover -v -s D:\a\NU54DK_Arduino_Core\NU54DK_Arduino_Core\tests\host -p test_r12_ble_gap.py
2026-09-07T06:29:52.6189649Z test_production_gap_lifecycle (test_r12_ble_gap.BleGapTests.test_production_gap_lifecycle)
2026-09-07T06:29:56.8092467Z ! @brief PE-COFF \uae30\ubcf8 weak \uc815\uc758\ub97c \uba3c\uc800 \ub9c1\ud06c\ud558\uace0 GAP \uc218\uba85\uc8fc\uae30\ub97c \uac80\uc99d\ud569\ub2c8\ub2e4. ... FAIL
2026-09-07T06:29:56.8093277Z 
2026-09-07T06:29:56.8093459Z ======================================================================
2026-09-07T06:29:56.8094096Z FAIL: test_production_gap_lifecycle (test_r12_ble_gap.BleGapTests.test_production_gap_lifecycle)
2026-09-07T06:29:56.8094896Z ! @brief PE-COFF \uae30\ubcf8 weak \uc815\uc758\ub97c \uba3c\uc800 \ub9c1\ud06c\ud558\uace0 GAP \uc218\uba85\uc8fc\uae30\ub97c \uac80\uc99d\ud569\ub2c8\ub2e4.
2026-09-07T06:29:56.8095545Z ----------------------------------------------------------------------
2026-09-07T06:29:56.8095883Z Traceback (most recent call last):
2026-09-07T06:29:56.8103006Z   File "D:\a\NU54DK_Arduino_Core\NU54DK_Arduino_Core\tests\host\test_r12_ble_gap.py", line 33, in test_production_gap_lifecycle
2026-09-07T06:29:56.8103814Z     self.assertEqual(result.returncode, 0, result.stderr.decode(errors='replace'))
2026-09-07T06:29:56.8105016Z AssertionError: 1 != 0 : C:/mingw64/bin/../lib/gcc/x86_64-w64-mingw32/15.2.0/../../../../x86_64-w64-mingw32/bin/ld.exe: C:\Users\RUNNER~1\AppData\Local\Temp\cccEwZNb.o:NUCODE_BLE_GAP.cpp:(.text+0x2c1): undefined reference to `nucode::ble::internal::prepareGattDatabase()'
2026-09-07T06:29:56.8105974Z 
2026-09-07T06:29:56.8106687Z C:/mingw64/bin/../lib/gcc/x86_64-w64-mingw32/15.2.0/../../../../x86_64-w64-mingw32/bin/ld.exe: C:\Users\RUNNER~1\AppData\Local\Temp\cccEwZNb.o:NUCODE_BLE_GAP.cpp:(.text+0x569): undefined reference to `nucode::ble::internal::pollGatt()'
2026-09-07T06:29:56.8107482Z 
2026-09-07T06:29:56.8108236Z C:/mingw64/bin/../lib/gcc/x86_64-w64-mingw32/15.2.0/../../../../x86_64-w64-mingw32/bin/ld.exe: C:\Users\RUNNER~1\AppData\Local\Temp\cccEwZNb.o:NUCODE_BLE_GAP.cpp:(.text+0x772): undefined reference to `nucode::ble::internal::securityDisconnected(bt_conn*)'
2026-09-07T06:29:56.8109332Z 
2026-09-07T06:29:56.8110018Z C:/mingw64/bin/../lib/gcc/x86_64-w64-mingw32/15.2.0/../../../../x86_64-w64-mingw32/bin/ld.exe: C:\Users\RUNNER~1\AppData\Local\Temp\cccEwZNb.o:NUCODE_BLE_GAP.cpp:(.text+0x794): undefined reference to `nucode::ble::internal::gattEnded()'
2026-09-07T06:29:56.8110797Z 
2026-09-07T06:29:56.8111682Z C:/mingw64/bin/../lib/gcc/x86_64-w64-mingw32/15.2.0/../../../../x86_64-w64-mingw32/bin/ld.exe: C:\Users\RUNNER~1\AppData\Local\Temp\cccEwZNb.o:NUCODE_BLE_GAP.cpp:(.text+0x85b): undefined reference to `nucode::ble::internal::addGattService(nucode::ble::BLEService&)'
2026-09-07T06:29:56.8112562Z 
2026-09-07T06:29:56.8113332Z C:/mingw64/bin/../lib/gcc/x86_64-w64-mingw32/15.2.0/../../../../x86_64-w64-mingw32/bin/ld.exe: C:\Users\RUNNER~1\AppData\Local\Temp\ccYVtBWw.o:GapConnection.cpp:(.text+0x4fd): undefined reference to `nucode::ble::internal::gattConnected(bt_conn*, unsigned int)'
2026-09-07T06:29:56.8114199Z 
2026-09-07T06:29:56.8114935Z C:/mingw64/bin/../lib/gcc/x86_64-w64-mingw32/15.2.0/../../../../x86_64-w64-mingw32/bin/ld.exe: C:\Users\RUNNER~1\AppData\Local\Temp\ccYVtBWw.o:GapConnection.cpp:(.text+0x509): undefined reference to `nucode::ble::internal::securityConnected(bt_conn*)'
2026-09-07T06:29:56.8115772Z 
2026-09-07T06:29:56.8116553Z C:/mingw64/bin/../lib/gcc/x86_64-w64-mingw32/15.2.0/../../../../x86_64-w64-mingw32/bin/ld.exe: C:\Users\RUNNER~1\AppData\Local\Temp\ccYVtBWw.o:GapConnection.cpp:(.text+0x5c0): undefined reference to `nucode::ble::internal::gattDisconnected(bt_conn*, unsigned int)'
2026-09-07T06:29:56.8117901Z 
2026-09-07T06:29:56.8118688Z C:/mingw64/bin/../lib/gcc/x86_64-w64-mingw32/15.2.0/../../../../x86_64-w64-mingw32/bin/ld.exe: C:\Users\RUNNER~1\AppData\Local\Temp\ccYVtBWw.o:GapConnection.cpp:(.text+0x5cc): undefined reference to `nucode::ble::internal::securityDisconnected(bt_conn*)'
2026-09-07T06:29:56.8119543Z 
2026-09-07T06:29:56.8120390Z C:/mingw64/bin/../lib/gcc/x86_64-w64-mingw32/15.2.0/../../../../x86_64-w64-mingw32/bin/ld.exe: C:\Users\RUNNER~1\AppData\Local\Temp\ccYVtBWw.o:GapConnection.cpp:(.text+0x74a): undefined reference to `nucode::ble::internal::securityChanged(bt_conn*, unsigned char, bt_security_err)'
2026-09-07T06:29:56.8121330Z 
2026-09-07T06:29:56.8121442Z collect2.exe: error: ld returned 1 exit status
2026-09-07T06:29:56.8121648Z 
2026-09-07T06:29:56.8121652Z 
2026-09-07T06:29:56.8121787Z ----------------------------------------------------------------------
2026-09-07T06:29:56.8122121Z Ran 1 test in 4.190s
2026-09-07T06:29:56.8122250Z 
2026-09-07T06:29:56.8122331Z FAILED (failures=1)
2026-09-07T06:29:56.8187764Z M12_GATE_FAIL: \uba85\ub839\uc774 \uc885\ub8cc \ucf54\ub4dc 1\ub85c \uc2e4\ud328\ud588\uc2b5\ub2c8\ub2e4: C:\hostedtoolcache\windows\Python\3.12.10\x64\python.exe -m unittest discover -v -s D:\a\NU54DK_Arduino_Core\NU54DK_Arduino_Core\tests\host -p test_r12_ble_gap.py
2026-09-07T06:29:56.9145224Z ##[error]Process completed with exit code 1.
2026-09-07T06:29:56.9398054Z Post job cleanup.
2026-09-07T06:29:57.1379403Z [command]"C:\Program Files\Git\bin\git.exe" version
2026-09-07T06:29:57.1662999Z git version 2.55.0.windows.5
2026-09-07T06:29:57.1736455Z Temporarily overriding HOME='D:\a\_temp\2dd24514-9620-4950-990f-e0cac2de8268' before making global git config changes
2026-09-07T06:29:57.1737701Z Adding repository directory to the temporary git global config as a safe directory
2026-09-07T06:29:57.1748816Z [command]"C:\Program Files\Git\bin\git.exe" config --global --add safe.directory D:\a\NU54DK_Arduino_Core\NU54DK_Arduino_Core
2026-09-07T06:29:57.2067433Z Removing SSH command configuration
2026-09-07T06:29:57.2079499Z [command]"C:\Program Files\Git\bin\git.exe" config --local --name-only --get-regexp core\.sshCommand
2026-09-07T06:29:57.2395072Z [command]"C:\Program Files\Git\bin\git.exe" submodule foreach --recursive "sh -c \"git config --local --name-only --get-regexp 'core\.sshCommand' && git config --local --unset-all 'core.sshCommand' || :\""
2026-09-07T06:29:57.7428735Z Entering 'board_package/NU54DK_Zephyr_DTS'
2026-09-07T06:29:57.8330076Z Removing HTTP extra header
2026-09-07T06:29:57.8340045Z [command]"C:\Program Files\Git\bin\git.exe" config --local --name-only --get-regexp http\.https\:\/\/github\.com\/\.extraheader
2026-09-07T06:29:57.8650697Z [command]"C:\Program Files\Git\bin\git.exe" submodule foreach --recursive "sh -c \"git config --local --name-only --get-regexp 'http\.https\:\/\/github\.com\/\.extraheader' && git config --local --unset-all 'http.https://github.com/.extraheader' || :\""
2026-09-07T06:29:58.3680270Z Entering 'board_package/NU54DK_Zephyr_DTS'
2026-09-07T06:29:58.4534708Z Removing includeIf entries pointing to credentials config files
2026-09-07T06:29:58.4546064Z [command]"C:\Program Files\Git\bin\git.exe" config --local --name-only --get-regexp ^includeIf\.gitdir:
2026-09-07T06:29:58.4802350Z includeif.gitdir:D:/a/NU54DK_Arduino_Core/NU54DK_Arduino_Core/.git.path
2026-09-07T06:29:58.4803377Z includeif.gitdir:D:/a/NU54DK_Arduino_Core/NU54DK_Arduino_Core/.git/worktrees/*.path
2026-09-07T06:29:58.4804180Z includeif.gitdir:/github/workspace/.git.path
2026-09-07T06:29:58.4804809Z includeif.gitdir:/github/workspace/.git/worktrees/*.path
2026-09-07T06:29:58.4837791Z [command]"C:\Program Files\Git\bin\git.exe" config --local --get-all includeif.gitdir:D:/a/NU54DK_Arduino_Core/NU54DK_Arduino_Core/.git.path
2026-09-07T06:29:58.5086073Z D:\a\_temp\git-credentials-2734951a-4896-4ec5-95bf-f03776903e0f.config
2026-09-07T06:29:58.5124751Z [command]"C:\Program Files\Git\bin\git.exe" config --local --unset includeif.gitdir:D:/a/NU54DK_Arduino_Core/NU54DK_Arduino_Core/.git.path D\:\\a\\_temp\\git\-credentials\-2734951a\-4896\-4ec5\-95bf\-f03776903e0f\.config
2026-09-07T06:29:58.5415685Z [command]"C:\Program Files\Git\bin\git.exe" config --local --get-all includeif.gitdir:D:/a/NU54DK_Arduino_Core/NU54DK_Arduino_Core/.git/worktrees/*.path
2026-09-07T06:29:58.5662548Z D:\a\_temp\git-credentials-2734951a-4896-4ec5-95bf-f03776903e0f.config
2026-09-07T06:29:58.5697854Z [command]"C:\Program Files\Git\bin\git.exe" config --local --unset includeif.gitdir:D:/a/NU54DK_Arduino_Core/NU54DK_Arduino_Core/.git/worktrees/*.path D\:\\a\\_temp\\git\-credentials\-2734951a\-4896\-4ec5\-95bf\-f03776903e0f\.config
2026-09-07T06:29:58.6004846Z [command]"C:\Program Files\Git\bin\git.exe" config --local --get-all includeif.gitdir:/github/workspace/.git.path
2026-09-07T06:29:58.6323037Z /github/runner_temp/git-credentials-2734951a-4896-4ec5-95bf-f03776903e0f.config
2026-09-07T06:29:58.6401104Z [command]"C:\Program Files\Git\bin\git.exe" config --local --unset includeif.gitdir:/github/workspace/.git.path \/github\/runner_temp\/git\-credentials\-2734951a\-4896\-4ec5\-95bf\-f03776903e0f\.config
2026-09-07T06:29:58.6695794Z [command]"C:\Program Files\Git\bin\git.exe" config --local --get-all includeif.gitdir:/github/workspace/.git/worktrees/*.path
2026-09-07T06:29:58.6942949Z /github/runner_temp/git-credentials-2734951a-4896-4ec5-95bf-f03776903e0f.config
2026-09-07T06:29:58.6976460Z [command]"C:\Program Files\Git\bin\git.exe" config --local --unset includeif.gitdir:/github/workspace/.git/worktrees/*.path \/github\/runner_temp\/git\-credentials\-2734951a\-4896\-4ec5\-95bf\-f03776903e0f\.config
2026-09-07T06:29:58.7286666Z [command]"C:\Program Files\Git\bin\git.exe" submodule foreach --recursive "git config --local --show-origin --name-only --get-regexp remote.origin.url"
2026-09-07T06:29:59.2447349Z Entering 'board_package/NU54DK_Zephyr_DTS'
2026-09-07T06:29:59.2781481Z file:D:/a/NU54DK_Arduino_Core/NU54DK_Arduino_Core/.git/modules/board_package/NU54DK_Zephyr_DTS/config	remote.origin.url
2026-09-07T06:29:59.3010198Z [command]"C:\Program Files\Git\bin\git.exe" config --file D:/a/NU54DK_Arduino_Core/NU54DK_Arduino_Core/.git/modules/board_package/NU54DK_Zephyr_DTS/config --name-only --get-regexp ^includeIf\.gitdir:
2026-09-07T06:29:59.3252142Z includeif.gitdir:D:/a/NU54DK_Arduino_Core/NU54DK_Arduino_Core/.git/modules/board_package/NU54DK_Zephyr_DTS.path
2026-09-07T06:29:59.3253134Z includeif.gitdir:/github/workspace/.git/modules/board_package/NU54DK_Zephyr_DTS.path
2026-09-07T06:29:59.3285885Z [command]"C:\Program Files\Git\bin\git.exe" config --file D:/a/NU54DK_Arduino_Core/NU54DK_Arduino_Core/.git/modules/board_package/NU54DK_Zephyr_DTS/config --get-all includeif.gitdir:D:/a/NU54DK_Arduino_Core/NU54DK_Arduino_Core/.git/modules/board_package/NU54DK_Zephyr_DTS.path
2026-09-07T06:29:59.3525019Z D:\a\_temp\git-credentials-2734951a-4896-4ec5-95bf-f03776903e0f.config
2026-09-07T06:29:59.3558918Z [command]"C:\Program Files\Git\bin\git.exe" config --file D:/a/NU54DK_Arduino_Core/NU54DK_Arduino_Core/.git/modules/board_package/NU54DK_Zephyr_DTS/config --unset includeif.gitdir:D:/a/NU54DK_Arduino_Core/NU54DK_Arduino_Core/.git/modules/board_package/NU54DK_Zephyr_DTS.path D\:\\a\\_temp\\git\-credentials\-2734951a\-4896\-4ec5\-95bf\-f03776903e0f\.config
2026-09-07T06:29:59.3840293Z [command]"C:\Program Files\Git\bin\git.exe" config --file D:/a/NU54DK_Arduino_Core/NU54DK_Arduino_Core/.git/modules/board_package/NU54DK_Zephyr_DTS/config --get-all includeif.gitdir:/github/workspace/.git/modules/board_package/NU54DK_Zephyr_DTS.path
2026-09-07T06:29:59.4078457Z /github/runner_temp/git-credentials-2734951a-4896-4ec5-95bf-f03776903e0f.config
2026-09-07T06:29:59.4118665Z [command]"C:\Program Files\Git\bin\git.exe" config --file D:/a/NU54DK_Arduino_Core/NU54DK_Arduino_Core/.git/modules/board_package/NU54DK_Zephyr_DTS/config --unset includeif.gitdir:/github/workspace/.git/modules/board_package/NU54DK_Zephyr_DTS.path \/github\/runner_temp\/git\-credentials\-2734951a\-4896\-4ec5\-95bf\-f03776903e0f\.config
2026-09-07T06:29:59.4389752Z Removing credentials config 'D:\a\_temp\git-credentials-2734951a-4896-4ec5-95bf-f03776903e0f.config'
2026-09-07T06:29:59.4585920Z Cleaning up orphan processes
