2026-09-07T06:41:20.3121873Z Current runner version: '2.337.0'
2026-09-07T06:41:20.3337643Z ##[group]Runner Image Provisioner
2026-09-07T06:41:20.3338445Z Hosted Compute Agent
2026-09-07T06:41:20.3339064Z Version: 20260819.586
2026-09-07T06:41:20.3340152Z Commit: 3cc4a88dfa507ef76119ad1bb3eccc6378bb2b76
2026-09-07T06:41:20.3340917Z Build Date: 2026-08-18T23:20:18Z
2026-09-07T06:41:20.3341656Z Worker ID: {805dbf58-3730-41f4-ad57-6802d4ee5834}
2026-09-07T06:41:20.3342335Z Azure Region: eastus2
2026-09-07T06:41:20.3342895Z ##[endgroup]
2026-09-07T06:41:20.3344262Z ##[group]Operating System
2026-09-07T06:41:20.3344865Z Microsoft Windows Server 2025
2026-09-07T06:41:20.3345458Z 10.0.26100
2026-09-07T06:41:20.3345971Z Datacenter
2026-09-07T06:41:20.3346501Z ##[endgroup]
2026-09-07T06:41:20.3347040Z ##[group]Runner Image
2026-09-07T06:41:20.3347729Z Image: windows-2025-vs2026
2026-09-07T06:41:20.3348325Z Version: 20260824.214.3
2026-09-07T06:41:20.3349895Z Included Software: https://github.com/actions/runner-images/blob/win25-vs2026/20260824.214/images/windows/Windows2025-VS2026-Readme.md
2026-09-07T06:41:20.3351471Z Image Release: https://github.com/actions/runner-images/releases/tag/win25-vs2026%2F20260824.214
2026-09-07T06:41:20.3352601Z ##[endgroup]
2026-09-07T06:41:20.3353657Z ##[group]GITHUB_TOKEN Permissions
2026-09-07T06:41:20.3355756Z Contents: read
2026-09-07T06:41:20.3356348Z Metadata: read
2026-09-07T06:41:20.3356870Z ##[endgroup]
2026-09-07T06:41:20.3359237Z Secret source: Actions
2026-09-07T06:41:20.3360812Z Prepare workflow directory
2026-09-07T06:41:20.4295307Z Prepare all required actions
2026-09-07T06:41:20.4344650Z Getting action download info
2026-09-07T06:41:20.5967728Z Download action repository 'actions/checkout@3d3c42e5aac5ba805825da76410c181273ba90b1' (SHA:3d3c42e5aac5ba805825da76410c181273ba90b1)
2026-09-07T06:41:20.7597808Z Download action repository 'actions/setup-python@5fda3b95a4ea91299a34e894583c3862153e4b97' (SHA:5fda3b95a4ea91299a34e894583c3862153e4b97)
2026-09-07T06:41:21.2707403Z Complete job name: Host unit with Windows PowerShell contracts
2026-09-07T06:41:21.8080202Z ##[group]Run actions/checkout@3d3c42e5aac5ba805825da76410c181273ba90b1
2026-09-07T06:41:21.8081808Z with:
2026-09-07T06:41:21.8082283Z   fetch-depth: 0
2026-09-07T06:41:21.8082834Z   submodules: recursive
2026-09-07T06:41:21.8083356Z   repository: EIDOSDATA/NU54DK_Arduino_Core
2026-09-07T06:41:21.8088322Z   token: ***
2026-09-07T06:41:21.8088871Z   ssh-strict: true
2026-09-07T06:41:21.8089409Z   ssh-user: git
2026-09-07T06:41:21.8089840Z   persist-credentials: true
2026-09-07T06:41:21.8090316Z   clean: true
2026-09-07T06:41:21.8090868Z   sparse-checkout-cone-mode: true
2026-09-07T06:41:21.8091644Z   fetch-tags: false
2026-09-07T06:41:21.8092336Z   show-progress: true
2026-09-07T06:41:21.8092810Z   lfs: false
2026-09-07T06:41:21.8093228Z   set-safe-directory: true
2026-09-07T06:41:21.8093771Z   allow-unsafe-pr-checkout: false
2026-09-07T06:41:21.8094613Z env:
2026-09-07T06:41:21.8095025Z   NUCODE_HOST_CC_FLAGS: ["-fuse-ld=lld"]
2026-09-07T06:41:21.8096055Z   NUCODE_HOST_CXX_FLAGS: ["-fuse-ld=lld"]
2026-09-07T06:41:21.8096618Z ##[endgroup]
2026-09-07T06:41:22.5116541Z Syncing repository: EIDOSDATA/NU54DK_Arduino_Core
2026-09-07T06:41:22.5119200Z ##[group]Getting Git version info
2026-09-07T06:41:22.5120490Z Working directory is 'D:\a\NU54DK_Arduino_Core\NU54DK_Arduino_Core'
2026-09-07T06:41:23.1567341Z [command]"C:\Program Files\Git\bin\git.exe" version
2026-09-07T06:41:23.5378570Z git version 2.55.0.windows.5
2026-09-07T06:41:23.5426610Z ##[endgroup]
2026-09-07T06:41:23.5458853Z Temporarily overriding HOME='D:\a\_temp\15f87e03-ec97-4ae8-8ee0-fad92af9f495' before making global git config changes
2026-09-07T06:41:23.5459738Z Adding repository directory to the temporary git global config as a safe directory
2026-09-07T06:41:23.5460589Z [command]"C:\Program Files\Git\bin\git.exe" config --global --add safe.directory D:\a\NU54DK_Arduino_Core\NU54DK_Arduino_Core
2026-09-07T06:41:23.6090191Z Deleting the contents of 'D:\a\NU54DK_Arduino_Core\NU54DK_Arduino_Core'
2026-09-07T06:41:23.6153907Z ##[group]Determining repository object format
2026-09-07T06:41:23.6154520Z ##[endgroup]
2026-09-07T06:41:23.6154969Z ##[group]Initializing the repository
2026-09-07T06:41:23.6155713Z [command]"C:\Program Files\Git\bin\git.exe" init D:\a\NU54DK_Arduino_Core\NU54DK_Arduino_Core
2026-09-07T06:41:23.6927887Z Initialized empty Git repository in D:/a/NU54DK_Arduino_Core/NU54DK_Arduino_Core/.git/
2026-09-07T06:41:23.6974962Z [command]"C:\Program Files\Git\bin\git.exe" remote add origin https://github.com/EIDOSDATA/NU54DK_Arduino_Core
2026-09-07T06:41:23.7545875Z ##[endgroup]
2026-09-07T06:41:23.7546403Z ##[group]Disabling automatic garbage collection
2026-09-07T06:41:23.7554401Z [command]"C:\Program Files\Git\bin\git.exe" config --local gc.auto 0
2026-09-07T06:41:23.7844547Z ##[endgroup]
2026-09-07T06:41:23.7845930Z ##[group]Setting up auth
2026-09-07T06:41:23.7846528Z Removing SSH command configuration
2026-09-07T06:41:23.7856897Z [command]"C:\Program Files\Git\bin\git.exe" config --local --name-only --get-regexp core\.sshCommand
2026-09-07T06:41:23.8174122Z [command]"C:\Program Files\Git\bin\git.exe" submodule foreach --recursive "sh -c \"git config --local --name-only --get-regexp 'core\.sshCommand' && git config --local --unset-all 'core.sshCommand' || :\""
2026-09-07T06:41:25.1768362Z Removing HTTP extra header
2026-09-07T06:41:25.1785733Z [command]"C:\Program Files\Git\bin\git.exe" config --local --name-only --get-regexp http\.https\:\/\/github\.com\/\.extraheader
2026-09-07T06:41:25.2108990Z [command]"C:\Program Files\Git\bin\git.exe" submodule foreach --recursive "sh -c \"git config --local --name-only --get-regexp 'http\.https\:\/\/github\.com\/\.extraheader' && git config --local --unset-all 'http.https://github.com/.extraheader' || :\""
2026-09-07T06:41:25.7005519Z Removing includeIf entries pointing to credentials config files
2026-09-07T06:41:25.7020951Z [command]"C:\Program Files\Git\bin\git.exe" config --local --name-only --get-regexp ^includeIf\.gitdir:
2026-09-07T06:41:25.7410084Z [command]"C:\Program Files\Git\bin\git.exe" submodule foreach --recursive "git config --local --show-origin --name-only --get-regexp remote.origin.url"
2026-09-07T06:41:26.2723212Z [command]"C:\Program Files\Git\bin\git.exe" config --file D:\a\_temp\git-credentials-79487dd7-5294-4b6d-8203-910402923f7d.config http.https://github.com/.extraheader "AUTHORIZATION: basic ***"
2026-09-07T06:41:26.3037137Z [command]"C:\Program Files\Git\bin\git.exe" config --local includeIf.gitdir:D:/a/NU54DK_Arduino_Core/NU54DK_Arduino_Core/.git.path D:\a\_temp\git-credentials-79487dd7-5294-4b6d-8203-910402923f7d.config
2026-09-07T06:41:26.3329062Z [command]"C:\Program Files\Git\bin\git.exe" config --local includeIf.gitdir:D:/a/NU54DK_Arduino_Core/NU54DK_Arduino_Core/.git/worktrees/*.path D:\a\_temp\git-credentials-79487dd7-5294-4b6d-8203-910402923f7d.config
2026-09-07T06:41:26.3665589Z [command]"C:\Program Files\Git\bin\git.exe" config --local includeIf.gitdir:/github/workspace/.git.path /github/runner_temp/git-credentials-79487dd7-5294-4b6d-8203-910402923f7d.config
2026-09-07T06:41:26.3963478Z [command]"C:\Program Files\Git\bin\git.exe" config --local includeIf.gitdir:/github/workspace/.git/worktrees/*.path /github/runner_temp/git-credentials-79487dd7-5294-4b6d-8203-910402923f7d.config
2026-09-07T06:41:26.4272483Z ##[endgroup]
2026-09-07T06:41:26.4272891Z ##[group]Fetching the repository
2026-09-07T06:41:26.4273720Z [command]"C:\Program Files\Git\bin\git.exe" -c protocol.version=2 fetch --no-tags --prune --no-recurse-submodules origin +refs/heads/*:refs/remotes/origin/* +refs/tags/*:refs/tags/*
2026-09-07T06:41:30.1810370Z From https://github.com/EIDOSDATA/NU54DK_Arduino_Core
2026-09-07T06:41:30.1810838Z  * [new branch]      main               -> origin/main
2026-09-07T06:41:30.1811438Z  * [new tag]         m10-preview-0.0.90 -> m10-preview-0.0.90
2026-09-07T06:41:30.1811948Z  * [new tag]         m10-preview-0.0.91 -> m10-preview-0.0.91
2026-09-07T06:41:30.1839199Z  * [new tag]         m10-preview-0.0.92 -> m10-preview-0.0.92
2026-09-07T06:41:30.1839747Z  * [new tag]         m10-preview-0.0.93 -> m10-preview-0.0.93
2026-09-07T06:41:30.1840269Z  * [new tag]         m10-preview-0.0.94 -> m10-preview-0.0.94
2026-09-07T06:41:30.1840779Z  * [new tag]         m10-preview-0.0.95 -> m10-preview-0.0.95
2026-09-07T06:41:30.1841315Z  * [new tag]         m10-preview-0.0.96 -> m10-preview-0.0.96
2026-09-07T06:41:30.1841872Z  * [new tag]         m10-preview-0.0.97 -> m10-preview-0.0.97
2026-09-07T06:41:30.1842394Z  * [new tag]         v0.1.0             -> v0.1.0
2026-09-07T06:41:30.1842877Z  * [new tag]         v0.1.0-rc.2        -> v0.1.0-rc.2
2026-09-07T06:41:30.1843342Z  * [new tag]         v0.2.0             -> v0.2.0
2026-09-07T06:41:30.1843785Z  * [new tag]         v0.2.0-rc.1        -> v0.2.0-rc.1
2026-09-07T06:41:30.1844209Z  * [new tag]         v0.2.0-rc.2        -> v0.2.0-rc.2
2026-09-07T06:41:30.1844656Z  * [new tag]         v0.3.0             -> v0.3.0
2026-09-07T06:41:30.1845143Z  * [new tag]         v0.3.0-rc.1        -> v0.3.0-rc.1
2026-09-07T06:41:30.1845589Z  * [new tag]         v0.3.0-rc.2        -> v0.3.0-rc.2
2026-09-07T06:41:30.1846013Z  * [new tag]         v0.3.0-rc.3        -> v0.3.0-rc.3
2026-09-07T06:41:30.1869901Z [command]"C:\Program Files\Git\bin\git.exe" branch --list --remote origin/main
2026-09-07T06:41:30.2230295Z   origin/main
2026-09-07T06:41:30.2270820Z [command]"C:\Program Files\Git\bin\git.exe" rev-parse refs/remotes/origin/main
2026-09-07T06:41:30.2637431Z f67f568a9a4d62aa5075537fc5a2592137450fe2
2026-09-07T06:41:30.2669157Z ##[endgroup]
2026-09-07T06:41:30.2670791Z ##[group]Determining the checkout info
2026-09-07T06:41:30.2671173Z ##[endgroup]
2026-09-07T06:41:30.2679085Z [command]"C:\Program Files\Git\bin\git.exe" sparse-checkout disable
2026-09-07T06:41:30.3089797Z [command]"C:\Program Files\Git\bin\git.exe" config --local --unset-all extensions.worktreeConfig
2026-09-07T06:41:30.3386927Z ##[group]Checking out the ref
2026-09-07T06:41:30.3422891Z [command]"C:\Program Files\Git\bin\git.exe" checkout --progress --force -B main refs/remotes/origin/main
2026-09-07T06:41:31.4099098Z Updating files:  17% (1098/6331)
2026-09-07T06:41:31.5985264Z Updating files:  18% (1140/6331)
2026-09-07T06:41:31.6181712Z Updating files:  19% (1203/6331)
2026-09-07T06:41:31.8906317Z Updating files:  20% (1267/6331)
2026-09-07T06:41:31.9301850Z Updating files:  21% (1330/6331)
2026-09-07T06:41:31.9496115Z Updating files:  22% (1393/6331)
2026-09-07T06:41:31.9693845Z Updating files:  23% (1457/6331)
2026-09-07T06:41:31.9887023Z Updating files:  24% (1520/6331)
2026-09-07T06:41:32.0075166Z Updating files:  25% (1583/6331)
2026-09-07T06:41:32.0269584Z Updating files:  26% (1647/6331)
2026-09-07T06:41:32.0494496Z Updating files:  27% (1710/6331)
2026-09-07T06:41:32.0705246Z Updating files:  28% (1773/6331)
2026-09-07T06:41:32.0903807Z Updating files:  29% (1836/6331)
2026-09-07T06:41:32.1096606Z Updating files:  30% (1900/6331)
2026-09-07T06:41:32.1270957Z Updating files:  31% (1963/6331)
2026-09-07T06:41:32.1486090Z Updating files:  32% (2026/6331)
2026-09-07T06:41:32.1671550Z Updating files:  33% (2090/6331)
2026-09-07T06:41:32.1854784Z Updating files:  34% (2153/6331)
2026-09-07T06:41:32.2031398Z Updating files:  35% (2216/6331)
2026-09-07T06:41:32.2228402Z Updating files:  36% (2280/6331)
2026-09-07T06:41:32.2418734Z Updating files:  37% (2343/6331)
2026-09-07T06:41:32.2617117Z Updating files:  38% (2406/6331)
2026-09-07T06:41:32.2804385Z Updating files:  39% (2470/6331)
2026-09-07T06:41:32.3000249Z Updating files:  40% (2533/6331)
2026-09-07T06:41:32.3325671Z Updating files:  41% (2596/6331)
2026-09-07T06:41:32.3516982Z Updating files:  42% (2660/6331)
2026-09-07T06:41:32.3703959Z Updating files:  43% (2723/6331)
2026-09-07T06:41:32.3975540Z Updating files:  44% (2786/6331)
2026-09-07T06:41:32.3997365Z Updating files:  44% (2844/6331)
2026-09-07T06:41:32.4196113Z Updating files:  45% (2849/6331)
2026-09-07T06:41:32.4410674Z Updating files:  46% (2913/6331)
2026-09-07T06:41:32.4602563Z Updating files:  47% (2976/6331)
2026-09-07T06:41:32.4801035Z Updating files:  48% (3039/6331)
2026-09-07T06:41:32.5026583Z Updating files:  49% (3103/6331)
2026-09-07T06:41:32.5414419Z Updating files:  50% (3166/6331)
2026-09-07T06:41:32.5629300Z Updating files:  51% (3229/6331)
2026-09-07T06:41:32.5926245Z Updating files:  52% (3293/6331)
2026-09-07T06:41:32.6096827Z Updating files:  53% (3356/6331)
2026-09-07T06:41:32.6275295Z Updating files:  54% (3419/6331)
2026-09-07T06:41:32.6833324Z Updating files:  55% (3483/6331)
2026-09-07T06:41:32.7034863Z Updating files:  56% (3546/6331)
2026-09-07T06:41:32.7351163Z Updating files:  57% (3609/6331)
2026-09-07T06:41:32.7836955Z Updating files:  58% (3672/6331)
2026-09-07T06:41:32.8091560Z Updating files:  59% (3736/6331)
2026-09-07T06:41:32.8268341Z Updating files:  60% (3799/6331)
2026-09-07T06:41:32.8483353Z Updating files:  61% (3862/6331)
2026-09-07T06:41:32.8688269Z Updating files:  62% (3926/6331)
2026-09-07T06:41:32.8876295Z Updating files:  63% (3989/6331)
2026-09-07T06:41:32.9164866Z Updating files:  64% (4052/6331)
2026-09-07T06:41:32.9536304Z Updating files:  65% (4116/6331)
2026-09-07T06:41:32.9748442Z Updating files:  66% (4179/6331)
2026-09-07T06:41:33.0013531Z Updating files:  67% (4242/6331)
2026-09-07T06:41:33.0226389Z Updating files:  68% (4306/6331)
2026-09-07T06:41:33.0476050Z Updating files:  69% (4369/6331)
2026-09-07T06:41:33.1318282Z Updating files:  70% (4432/6331)
2026-09-07T06:41:33.1541855Z Updating files:  71% (4496/6331)
2026-09-07T06:41:33.1770458Z Updating files:  72% (4559/6331)
2026-09-07T06:41:33.1988646Z Updating files:  73% (4622/6331)
2026-09-07T06:41:33.2136951Z Updating files:  74% (4685/6331)
2026-09-07T06:41:33.2308646Z Updating files:  75% (4749/6331)
2026-09-07T06:41:33.2536940Z Updating files:  76% (4812/6331)
2026-09-07T06:41:33.2803075Z Updating files:  77% (4875/6331)
2026-09-07T06:41:33.3096138Z Updating files:  78% (4939/6331)
2026-09-07T06:41:33.3381504Z Updating files:  79% (5002/6331)
2026-09-07T06:41:33.3649923Z Updating files:  80% (5065/6331)
2026-09-07T06:41:33.3975265Z Updating files:  81% (5129/6331)
2026-09-07T06:41:33.4053902Z Updating files:  81% (5171/6331)
2026-09-07T06:41:33.4234908Z Updating files:  82% (5192/6331)
2026-09-07T06:41:33.4444301Z Updating files:  83% (5255/6331)
2026-09-07T06:41:33.4679030Z Updating files:  84% (5319/6331)
2026-09-07T06:41:33.4924882Z Updating files:  85% (5382/6331)
2026-09-07T06:41:33.5173227Z Updating files:  86% (5445/6331)
2026-09-07T06:41:33.5430384Z Updating files:  87% (5508/6331)
2026-09-07T06:41:33.5625962Z Updating files:  88% (5572/6331)
2026-09-07T06:41:33.5866423Z Updating files:  89% (5635/6331)
2026-09-07T06:41:33.6070005Z Updating files:  90% (5698/6331)
2026-09-07T06:41:33.6270414Z Updating files:  91% (5762/6331)
2026-09-07T06:41:33.6519101Z Updating files:  92% (5825/6331)
2026-09-07T06:41:33.6715848Z Updating files:  93% (5888/6331)
2026-09-07T06:41:33.6894760Z Updating files:  94% (5952/6331)
2026-09-07T06:41:33.7086929Z Updating files:  95% (6015/6331)
2026-09-07T06:41:33.7281317Z Updating files:  96% (6078/6331)
2026-09-07T06:41:33.7512876Z Updating files:  97% (6142/6331)
2026-09-07T06:41:33.7758326Z Updating files:  98% (6205/6331)
2026-09-07T06:41:33.8002823Z Updating files:  99% (6268/6331)
2026-09-07T06:41:33.8003232Z Updating files: 100% (6331/6331)
2026-09-07T06:41:33.8003594Z Updating files: 100% (6331/6331), done.
2026-09-07T06:41:33.8235691Z Switched to a new branch 'main'
2026-09-07T06:41:33.8300542Z branch 'main' set up to track 'origin/main'.
2026-09-07T06:41:33.8436244Z ##[endgroup]
2026-09-07T06:41:33.8436668Z ##[group]Setting up auth for fetching submodules
2026-09-07T06:41:33.8450074Z [command]"C:\Program Files\Git\bin\git.exe" config --file D:\a\_temp\git-credentials-79487dd7-5294-4b6d-8203-910402923f7d.config http.https://github.com/.extraheader "AUTHORIZATION: basic ***"
2026-09-07T06:41:33.8764241Z [command]"C:\Program Files\Git\bin\git.exe" config --global include.path D:\a\_temp\git-credentials-79487dd7-5294-4b6d-8203-910402923f7d.config
2026-09-07T06:41:33.9050038Z [command]"C:\Program Files\Git\bin\git.exe" config --global --unset-all url.https://github.com/.insteadOf
2026-09-07T06:41:33.9337244Z [command]"C:\Program Files\Git\bin\git.exe" config --global --add url.https://github.com/.insteadOf git@github.com:
2026-09-07T06:41:33.9623821Z [command]"C:\Program Files\Git\bin\git.exe" config --global --add url.https://github.com/.insteadOf org-48746729@github.com:
2026-09-07T06:41:33.9901206Z ##[endgroup]
2026-09-07T06:41:33.9901766Z ##[group]Fetching submodules
2026-09-07T06:41:33.9909018Z [command]"C:\Program Files\Git\bin\git.exe" submodule sync --recursive
2026-09-07T06:41:34.5587315Z [command]"C:\Program Files\Git\bin\git.exe" -c protocol.version=2 submodule update --init --force --recursive
2026-09-07T06:41:35.0560024Z Submodule 'board_package/NU54DK_Zephyr_DTS' (https://github.com/Nucode01/NU54DK_Zephyr_DTS.git) registered for path 'board_package/NU54DK_Zephyr_DTS'
2026-09-07T06:41:35.1052202Z Cloning into 'D:/a/NU54DK_Arduino_Core/NU54DK_Arduino_Core/board_package/NU54DK_Zephyr_DTS'...
2026-09-07T06:41:35.6560649Z Submodule path 'board_package/NU54DK_Zephyr_DTS': checked out 'fe65f2f0880bd05b32e562d9bf1ee59142b4f4d3'
2026-09-07T06:41:35.6785219Z [command]"C:\Program Files\Git\bin\git.exe" submodule foreach --recursive "git config --local gc.auto 0"
2026-09-07T06:41:36.1781262Z Entering 'board_package/NU54DK_Zephyr_DTS'
2026-09-07T06:41:36.2396183Z ##[endgroup]
2026-09-07T06:41:36.2396576Z ##[group]Persisting credentials for submodules
2026-09-07T06:41:36.2409419Z [command]"C:\Program Files\Git\bin\git.exe" submodule foreach --recursive "sh -c \"git config --local --name-only --get-regexp 'url\.https\:\/\/github\.com\/\.insteadOf' && git config --local --unset-all 'url.https://github.com/.insteadOf' || :\""
2026-09-07T06:41:36.7943506Z Entering 'board_package/NU54DK_Zephyr_DTS'
2026-09-07T06:41:36.8884368Z [command]"C:\Program Files\Git\bin\git.exe" submodule foreach --recursive "git config --local --show-origin --name-only --get-regexp remote.origin.url"
2026-09-07T06:41:37.3975090Z Entering 'board_package/NU54DK_Zephyr_DTS'
2026-09-07T06:41:37.4306183Z file:D:/a/NU54DK_Arduino_Core/NU54DK_Arduino_Core/.git/modules/board_package/NU54DK_Zephyr_DTS/config	remote.origin.url
2026-09-07T06:41:37.4552762Z [command]"C:\Program Files\Git\bin\git.exe" config --file D:/a/NU54DK_Arduino_Core/NU54DK_Arduino_Core/.git/modules/board_package/NU54DK_Zephyr_DTS/config includeIf.gitdir:D:/a/NU54DK_Arduino_Core/NU54DK_Arduino_Core/.git/modules/board_package/NU54DK_Zephyr_DTS.path D:\a\_temp\git-credentials-79487dd7-5294-4b6d-8203-910402923f7d.config
2026-09-07T06:41:37.4857030Z [command]"C:\Program Files\Git\bin\git.exe" config --file D:/a/NU54DK_Arduino_Core/NU54DK_Arduino_Core/.git/modules/board_package/NU54DK_Zephyr_DTS/config includeIf.gitdir:/github/workspace/.git/modules/board_package/NU54DK_Zephyr_DTS.path /github/runner_temp/git-credentials-79487dd7-5294-4b6d-8203-910402923f7d.config
2026-09-07T06:41:37.5146147Z [command]"C:\Program Files\Git\bin\git.exe" submodule foreach --recursive "git config --local --add 'url.https://github.com/.insteadOf' 'git@github.com:'"
2026-09-07T06:41:38.0342418Z Entering 'board_package/NU54DK_Zephyr_DTS'
2026-09-07T06:41:38.0968656Z [command]"C:\Program Files\Git\bin\git.exe" submodule foreach --recursive "git config --local --add 'url.https://github.com/.insteadOf' 'org-48746729@github.com:'"
2026-09-07T06:41:38.6382268Z Entering 'board_package/NU54DK_Zephyr_DTS'
2026-09-07T06:41:38.6994780Z ##[endgroup]
2026-09-07T06:41:38.7359643Z [command]"C:\Program Files\Git\bin\git.exe" log -1 --format=%H
2026-09-07T06:41:38.7622411Z f67f568a9a4d62aa5075537fc5a2592137450fe2
2026-09-07T06:41:38.8265682Z ##[group]Run actions/setup-python@5fda3b95a4ea91299a34e894583c3862153e4b97
2026-09-07T06:41:38.8266143Z with:
2026-09-07T06:41:38.8266347Z   python-version: 3.12.10
2026-09-07T06:41:38.8267227Z   check-latest: false
2026-09-07T06:41:38.8269941Z   token: ***
2026-09-07T06:41:38.8270159Z   update-environment: true
2026-09-07T06:41:38.8270388Z   allow-prereleases: false
2026-09-07T06:41:38.8270592Z   freethreaded: false
2026-09-07T06:41:38.8270780Z env:
2026-09-07T06:41:38.8270962Z   NUCODE_HOST_CC_FLAGS: ["-fuse-ld=lld"]
2026-09-07T06:41:38.8271225Z   NUCODE_HOST_CXX_FLAGS: ["-fuse-ld=lld"]
2026-09-07T06:41:38.8271472Z ##[endgroup]
2026-09-07T06:41:38.9737499Z ##[group]Installed versions
2026-09-07T06:41:38.9833619Z Successfully set up CPython (3.12.10)
2026-09-07T06:41:38.9834330Z ##[endgroup]
2026-09-07T06:41:39.0116380Z ##[group]Run python -m pip install --disable-pip-version-check --no-deps --only-binary=:all: --require-hashes -r tools/ci/requirements-host.txt
2026-09-07T06:41:39.0117513Z [36;1mpython -m pip install --disable-pip-version-check --no-deps --only-binary=:all: --require-hashes -r tools/ci/requirements-host.txt[0m
2026-09-07T06:41:39.1699808Z shell: C:\Program Files\PowerShell\7\pwsh.EXE -command ". '{0}'"
2026-09-07T06:41:39.1700171Z env:
2026-09-07T06:41:39.1700387Z   NUCODE_HOST_CC_FLAGS: ["-fuse-ld=lld"]
2026-09-07T06:41:39.1700657Z   NUCODE_HOST_CXX_FLAGS: ["-fuse-ld=lld"]
2026-09-07T06:41:39.1700996Z   pythonLocation: C:\hostedtoolcache\windows\Python\3.12.10\x64
2026-09-07T06:41:39.1701472Z   PKG_CONFIG_PATH: C:\hostedtoolcache\windows\Python\3.12.10\x64/lib/pkgconfig
2026-09-07T06:41:39.1701938Z   Python_ROOT_DIR: C:\hostedtoolcache\windows\Python\3.12.10\x64
2026-09-07T06:41:39.1702344Z   Python2_ROOT_DIR: C:\hostedtoolcache\windows\Python\3.12.10\x64
2026-09-07T06:41:39.1702768Z   Python3_ROOT_DIR: C:\hostedtoolcache\windows\Python\3.12.10\x64
2026-09-07T06:41:39.1703074Z ##[endgroup]
2026-09-07T06:41:43.6714750Z Collecting PyYAML==6.0.3 (from -r tools/ci/requirements-host.txt (line 1))
2026-09-07T06:41:43.8842380Z   Downloading pyyaml-6.0.3-cp312-cp312-win_amd64.whl (154 kB)
2026-09-07T06:41:44.0776704Z Installing collected packages: PyYAML
2026-09-07T06:41:44.1858667Z Successfully installed PyYAML-6.0.3
2026-09-07T06:41:44.3761927Z ##[group]Run gcc --version
2026-09-07T06:41:44.3762279Z [36;1mgcc --version[0m
2026-09-07T06:41:44.3762507Z [36;1mg++ --version[0m
2026-09-07T06:41:44.3762702Z [36;1mld.lld --version[0m
2026-09-07T06:41:44.3762938Z [36;1mpython tools/ci/run_m12_gate.py host[0m
2026-09-07T06:41:44.3854998Z shell: C:\Program Files\PowerShell\7\pwsh.EXE -command ". '{0}'"
2026-09-07T06:41:44.3855347Z env:
2026-09-07T06:41:44.3855545Z   NUCODE_HOST_CC_FLAGS: ["-fuse-ld=lld"]
2026-09-07T06:41:44.3855806Z   NUCODE_HOST_CXX_FLAGS: ["-fuse-ld=lld"]
2026-09-07T06:41:44.3856139Z   pythonLocation: C:\hostedtoolcache\windows\Python\3.12.10\x64
2026-09-07T06:41:44.3856589Z   PKG_CONFIG_PATH: C:\hostedtoolcache\windows\Python\3.12.10\x64/lib/pkgconfig
2026-09-07T06:41:44.3857017Z   Python_ROOT_DIR: C:\hostedtoolcache\windows\Python\3.12.10\x64
2026-09-07T06:41:44.3857403Z   Python2_ROOT_DIR: C:\hostedtoolcache\windows\Python\3.12.10\x64
2026-09-07T06:41:44.3857831Z   Python3_ROOT_DIR: C:\hostedtoolcache\windows\Python\3.12.10\x64
2026-09-07T06:41:44.3858129Z ##[endgroup]
2026-09-07T06:41:44.8337906Z gcc.exe (x86_64-posix-seh-rev1, Built by MinGW-Builds project) 15.2.0
2026-09-07T06:41:44.8338598Z Copyright (C) 2025 Free Software Foundation, Inc.
2026-09-07T06:41:44.8339247Z This is free software; see the source for copying conditions.  There is NO
2026-09-07T06:41:44.8339954Z warranty; not even for MERCHANTABILITY or FITNESS FOR A PARTICULAR PURPOSE.
2026-09-07T06:41:44.8340384Z 
2026-09-07T06:41:45.0013437Z g++.exe (x86_64-posix-seh-rev1, Built by MinGW-Builds project) 15.2.0
2026-09-07T06:41:45.0014589Z Copyright (C) 2025 Free Software Foundation, Inc.
2026-09-07T06:41:45.0015305Z This is free software; see the source for copying conditions.  There is NO
2026-09-07T06:41:45.0017041Z warranty; not even for MERCHANTABILITY or FITNESS FOR A PARTICULAR PURPOSE.
2026-09-07T06:41:45.0020187Z 
2026-09-07T06:41:46.1405796Z LLD 20.1.8 (compatible with GNU linkers)
2026-09-07T06:41:46.3200904Z [M12] exec: C:\hostedtoolcache\windows\Python\3.12.10\x64\python.exe -m unittest discover -v -s D:\a\NU54DK_Arduino_Core\NU54DK_Arduino_Core\tests\host -p test_ac01_contract.py
2026-09-07T06:41:46.4719903Z test_connector_dtsi_uses_only_approved_free_gpio_pair (test_ac01_contract.AC01ContractTests.test_connector_dtsi_uses_only_approved_free_gpio_pair) ... ok
2026-09-07T06:41:46.4734142Z test_safe_interrupt_and_timing_apis_have_real_backends (test_ac01_contract.AC01ContractTests.test_safe_interrupt_and_timing_apis_have_real_backends) ... ok
2026-09-07T06:41:46.4737543Z test_standard_and_ble_profiles_share_one_connector_definition (test_ac01_contract.AC01ContractTests.test_standard_and_ble_profiles_share_one_connector_definition) ... ok
2026-09-07T06:41:46.4745778Z test_variant_exposes_connector_capability_and_ownership (test_ac01_contract.AC01ContractTests.test_variant_exposes_connector_capability_and_ownership) ... ok
2026-09-07T06:41:46.4746796Z 
2026-09-07T06:41:46.4746962Z ----------------------------------------------------------------------
2026-09-07T06:41:46.4747294Z Ran 4 tests in 0.004s
2026-09-07T06:41:46.4747428Z 
2026-09-07T06:41:46.4747497Z OK
2026-09-07T06:41:46.4842998Z [M12] exec: C:\hostedtoolcache\windows\Python\3.12.10\x64\python.exe -m unittest discover -v -s D:\a\NU54DK_Arduino_Core\NU54DK_Arduino_Core\tests\host -p test_ac02b_analog_contract.py
2026-09-07T06:41:46.5610086Z test_examples_exist (test_ac02b_analog_contract.Ac02bAnalogContractTests.test_examples_exist) ... ok
2026-09-07T06:41:49.0736588Z test_math_contract_compiles (test_ac02b_analog_contract.Ac02bAnalogContractTests.test_math_contract_compiles) ... ok
2026-09-07T06:41:49.0737603Z test_production_pwm_route_backend_is_transactional (test_ac02b_analog_contract.Ac02bAnalogContractTests.test_production_pwm_route_backend_is_transactional)
2026-09-07T06:41:49.0742220Z Production adapter\uac00 B2 route \uc218\uba85\uc8fc\uae30\uc640 \uc2e4\ud328 \ubcf5\uad6c\ub97c \uc0ac\uc6a9\ud569\ub2c8\ub2e4. ... ok
2026-09-07T06:41:49.0751069Z test_public_implementation_contains_fixed_policy (test_ac02b_analog_contract.Ac02bAnalogContractTests.test_public_implementation_contains_fixed_policy) ... ok
2026-09-07T06:41:49.0752362Z test_recovery_failure_is_fail_closed_and_gpio_transition_is_rollbackable (test_ac02b_analog_contract.Ac02bAnalogContractTests.test_recovery_failure_is_fail_closed_and_gpio_transition_is_rollbackable)
2026-09-07T06:41:49.0771620Z \ubcf5\uad6c \uc2e4\ud328\uac00 \uc870\uc6a9\ud788 \uc0c1\ud0dc\ub97c \ubc84\ub9ac\uac70\ub098 route\ub97c \uc7ac\uc0ac\uc6a9\ud558\uc9c0 \uc54a\uc2b5\ub2c8\ub2e4. ... ok
2026-09-07T06:41:49.0775342Z test_servo_is_fixed_memory_pwm22_backend (test_ac02b_analog_contract.Ac02bAnalogContractTests.test_servo_is_fixed_memory_pwm22_backend) ... ok
2026-09-07T06:41:49.0781008Z test_target_contract_covers_adc_pwm_tone_servo_and_pm (test_ac02b_analog_contract.Ac02bAnalogContractTests.test_target_contract_covers_adc_pwm_tone_servo_and_pm) ... ok
2026-09-07T06:41:49.0782193Z 
2026-09-07T06:41:49.0782446Z ----------------------------------------------------------------------
2026-09-07T06:41:49.0782983Z Ran 7 tests in 2.518s
2026-09-07T06:41:49.0783185Z 
2026-09-07T06:41:49.0783278Z OK
2026-09-07T06:41:49.0885410Z [M12] exec: C:\hostedtoolcache\windows\Python\3.12.10\x64\python.exe -m unittest discover -v -s D:\a\NU54DK_Arduino_Core\NU54DK_Arduino_Core\tests\host -p test_ac02b_b2_contract.py
2026-09-07T06:41:49.1579477Z test_disabled_backends_and_library_discovery_fail_closed (test_ac02b_b2_contract.Ac02bPeripheralContractTests.test_disabled_backends_and_library_discovery_fail_closed) ... ok
2026-09-07T06:41:49.1582560Z test_instance_route_matrix_and_zero_psel_boundary_are_fixed (test_ac02b_b2_contract.Ac02bPeripheralContractTests.test_instance_route_matrix_and_zero_psel_boundary_are_fixed) ... ok
2026-09-07T06:41:49.1594951Z test_lifecycle_and_fail_closed_operations_are_present (test_ac02b_b2_contract.Ac02bPeripheralContractTests.test_lifecycle_and_fail_closed_operations_are_present) ... ok
2026-09-07T06:41:49.1597732Z test_public_concrete_types_and_capabilities_are_explicit (test_ac02b_b2_contract.Ac02bPeripheralContractTests.test_public_concrete_types_and_capabilities_are_explicit) ... ok
2026-09-07T06:41:49.1602135Z test_public_diagnostics_distinguish_runtime_routes_and_serial1 (test_ac02b_b2_contract.Ac02bPeripheralContractTests.test_public_diagnostics_distinguish_runtime_routes_and_serial1) ... ok
2026-09-07T06:41:49.1605581Z test_wire_target_and_extra_instances_are_not_faked (test_ac02b_b2_contract.Ac02bPeripheralContractTests.test_wire_target_and_extra_instances_are_not_faked) ... ok
2026-09-07T06:41:49.1606694Z 
2026-09-07T06:41:49.1606925Z ----------------------------------------------------------------------
2026-09-07T06:41:49.1607435Z Ran 6 tests in 0.004s
2026-09-07T06:41:49.1607638Z 
2026-09-07T06:41:49.1607734Z OK
2026-09-07T06:41:49.1692414Z [M12] exec: C:\hostedtoolcache\windows\Python\3.12.10\x64\python.exe -m unittest discover -v -s D:\a\NU54DK_Arduino_Core\NU54DK_Arduino_Core\tests\host -p test_ac03_storage_contract.py
2026-09-07T06:41:49.3057454Z test_approved_legacy_headers_and_examples_exist (test_ac03_storage_contract.AC03StorageContractTests.test_approved_legacy_headers_and_examples_exist)
2026-09-07T06:41:49.3060537Z ! @brief \ub300\ud45c Arduino include\uc640 \uc138 \uacf5\uac1c \uc608\uc81c\ub97c \uac80\uc99d\ud569\ub2c8\ub2e4. ... ok
2026-09-07T06:41:49.3061530Z test_builder_validates_the_effective_linker_partition (test_ac03_storage_contract.AC03StorageContractTests.test_builder_validates_the_effective_linker_partition)
2026-09-07T06:41:49.3129357Z ! @brief generated DTS\uc640 linker map\uc758 \uc77c\uce58\ub97c \uc0b0\ucd9c\ubb3c \uacf5\uac1c \uc804\uc5d0 \uac80\uc99d\ud569\ub2c8\ub2e4. ... ok
2026-09-07T06:41:49.3130379Z test_eeprom_record_and_explicit_commit_contract (test_ac03_storage_contract.AC03StorageContractTests.test_eeprom_record_and_explicit_commit_contract)
2026-09-07T06:41:49.3140838Z ! @brief EEPROM\uc758 mirror, CRC, bounds, \uba85\uc2dc\uc801 commit \uacc4\uc57d\uc744 \uac80\uc99d\ud569\ub2c8\ub2e4. ... ok
2026-09-07T06:41:49.3142580Z test_feature_manifests_are_allowlisted_and_profile_compatible (test_ac03_storage_contract.AC03StorageContractTests.test_feature_manifests_are_allowlisted_and_profile_compatible)
2026-09-07T06:41:49.3173428Z ! @brief EEPROM\uacfc LittleFS\uc758 \uc120\uc5b8\ud615 build \uc785\ub825\uc744 \uac80\uc99d\ud569\ub2c8\ub2e4. ... ok
2026-09-07T06:41:49.3174329Z test_littlefs_default_mount_cannot_format (test_ac03_storage_contract.AC03StorageContractTests.test_littlefs_default_mount_cannot_format)
2026-09-07T06:41:49.3177210Z ! @brief \uae30\ubcf8 mount\uc640 \uba85\uc2dc\uc801 format \uacbd\uacc4\ub97c \uac80\uc99d\ud569\ub2c8\ub2e4. ... ok
2026-09-07T06:41:49.3178166Z test_partition_is_common_exact_and_non_overlapping (test_ac03_storage_contract.AC03StorageContractTests.test_partition_is_common_exact_and_non_overlapping)
2026-09-07T06:41:49.3189176Z ! @brief \ub450 profile\uc774 \uac19\uc740 loaderless flash \ubd84\ud560\uacfc linker \uc124\uc815\uc744 \ud3ec\ud568\ud558\ub294\uc9c0 \uac80\uc99d\ud569\ub2c8\ub2e4. ... ok
2026-09-07T06:41:49.3189772Z 
2026-09-07T06:41:49.3189923Z ----------------------------------------------------------------------
2026-09-07T06:41:49.3190237Z Ran 6 tests in 0.013s
2026-09-07T06:41:49.3190363Z 
2026-09-07T06:41:49.3190439Z OK
2026-09-07T06:41:49.3318717Z [M12] exec: C:\hostedtoolcache\windows\Python\3.12.10\x64\python.exe -m unittest discover -v -s D:\a\NU54DK_Arduino_Core\NU54DK_Arduino_Core\tests\host -p test_build_matrix_runner.py
2026-09-07T06:41:49.7233535Z test_all_nu54dk_testcase_metadata_is_in_canonical_runner (test_build_matrix_runner.BuildMatrixRunnerTests.test_all_nu54dk_testcase_metadata_is_in_canonical_runner)
2026-09-07T06:41:49.7657674Z ! @brief \ub3c5\ub9bd testcase YAML\uc744 \ub300\uc870\ud558\uc5ec \uc0c8 target\uc758 canonical \ubaa9\ub85d \ub204\ub77d\uc744 \uac70\ubd80\ud569\ub2c8\ub2e4. ... ok
2026-09-07T06:41:49.7662959Z ARDUINO_CLI_BOOTSTRAP_RETRY=1/2;DELAY_SECONDS=2
2026-09-07T06:41:49.7668069Z test_arduino_compile_retries_only_bootstrap_failure (test_build_matrix_runner.BuildMatrixRunnerTests.test_arduino_compile_retries_only_bootstrap_failure) ... ok
2026-09-07T06:41:49.7669538Z test_arduino_groups_are_explicit_and_disjoint (test_build_matrix_runner.BuildMatrixRunnerTests.test_arduino_groups_are_explicit_and_disjoint) ... ok
2026-09-07T06:41:49.7671866Z test_child_python_output_is_unbuffered (test_build_matrix_runner.BuildMatrixRunnerTests.test_child_python_output_is_unbuffered) ... ok
2026-09-07T06:41:49.7806690Z test_serial_source_validator_rejects_false_positive_builds (test_build_matrix_runner.BuildMatrixRunnerTests.test_serial_source_validator_rejects_false_positive_builds) ... ok
2026-09-07T06:41:49.7810398Z test_target_subset_never_silently_escapes_group (test_build_matrix_runner.BuildMatrixRunnerTests.test_target_subset_never_silently_escapes_group) ... ok
2026-09-07T06:41:49.7822797Z test_zephyr_failure_summary_identifies_scenario (test_build_matrix_runner.BuildMatrixRunnerTests.test_zephyr_failure_summary_identifies_scenario) ... ok
2026-09-07T06:41:49.7824258Z test_zephyr_groups_partition_every_suite_once (test_build_matrix_runner.BuildMatrixRunnerTests.test_zephyr_groups_partition_every_suite_once) ... ok
2026-09-07T06:41:49.7831884Z test_zephyr_plan_uses_short_isolated_outdirs (test_build_matrix_runner.BuildMatrixRunnerTests.test_zephyr_plan_uses_short_isolated_outdirs) ... ok
2026-09-07T06:41:49.7832475Z 
2026-09-07T06:41:49.7832625Z ----------------------------------------------------------------------
2026-09-07T06:41:49.7832948Z Ran 9 tests in 0.060s
2026-09-07T06:41:49.7833083Z 
2026-09-07T06:41:49.7833150Z OK
2026-09-07T06:41:49.8003329Z [M12] exec: C:\hostedtoolcache\windows\Python\3.12.10\x64\python.exe -m unittest discover -v -s D:\a\NU54DK_Arduino_Core\NU54DK_Arduino_Core\tests\host -p test_compact_tokens.py
2026-09-07T06:41:51.2729163Z test_transactions_match_prior_lease_algorithm (test_compact_tokens.CompactTokenTests.test_transactions_match_prior_lease_algorithm) ... ok
2026-09-07T06:41:51.2730152Z 
2026-09-07T06:41:51.2730559Z ----------------------------------------------------------------------
2026-09-07T06:41:51.2731110Z Ran 1 test in 1.400s
2026-09-07T06:41:51.2731323Z 
2026-09-07T06:41:51.2731432Z OK
2026-09-07T06:41:51.2831181Z [M12] exec: C:\hostedtoolcache\windows\Python\3.12.10\x64\python.exe -m unittest discover -v -s D:\a\NU54DK_Arduino_Core\NU54DK_Arduino_Core\tests\host -p test_fixed_gate_runner.py
2026-09-07T06:41:51.3895118Z test_main_rejects_different_repository_root (test_fixed_gate_runner.FixedGateRunnerTests.test_main_rejects_different_repository_root) ... ok
2026-09-07T06:41:51.3905400Z test_parser_rejects_arbitrary_host_command (test_fixed_gate_runner.FixedGateRunnerTests.test_parser_rejects_arbitrary_host_command) ... ok
2026-09-07T06:41:51.3909325Z test_runtime_fingerprint_normalizes_only_platform_version (test_fixed_gate_runner.FixedGateRunnerTests.test_runtime_fingerprint_normalizes_only_platform_version) ... ok
2026-09-07T06:41:51.3944504Z test_short_workspace_preserves_existing_slot (test_fixed_gate_runner.FixedGateRunnerTests.test_short_workspace_preserves_existing_slot) ... ok
2026-09-07T06:41:51.4392851Z test_short_workspace_rejects_exhausted_slots (test_fixed_gate_runner.FixedGateRunnerTests.test_short_workspace_rejects_exhausted_slots) ... ok
2026-09-07T06:41:51.4409436Z test_short_workspace_rejects_long_path_budget (test_fixed_gate_runner.FixedGateRunnerTests.test_short_workspace_rejects_long_path_budget) ... ok
2026-09-07T06:41:51.4423104Z test_smoke_cli_config_isolates_data_downloads_and_user (test_fixed_gate_runner.FixedGateRunnerTests.test_smoke_cli_config_isolates_data_downloads_and_user) ... ok
2026-09-07T06:41:51.4424768Z test_smoke_scope_uses_only_canonical_m9_name (test_fixed_gate_runner.FixedGateRunnerTests.test_smoke_scope_uses_only_canonical_m9_name) ... ok
2026-09-07T06:41:51.5317655Z test_stage_zephyr_gate_tree_preserves_relative_core_root (test_fixed_gate_runner.FixedGateRunnerTests.test_stage_zephyr_gate_tree_preserves_relative_core_root) ... ok
2026-09-07T06:41:51.5392571Z test_twister_result_binds_report_to_workspace (test_fixed_gate_runner.FixedGateRunnerTests.test_twister_result_binds_report_to_workspace) ... ok
2026-09-07T06:41:51.5463587Z test_twister_result_rejects_non_build_only_status (test_fixed_gate_runner.FixedGateRunnerTests.test_twister_result_rejects_non_build_only_status) ... ok
2026-09-07T06:41:51.5590415Z test_twister_result_requires_exact_build_only_set (test_fixed_gate_runner.FixedGateRunnerTests.test_twister_result_requires_exact_build_only_set) ... ok
2026-09-07T06:41:51.5733141Z test_validate_platform_accepts_exact_identity (test_fixed_gate_runner.FixedGateRunnerTests.test_validate_platform_accepts_exact_identity) ... ok
2026-09-07T06:41:51.5843754Z test_validate_platform_rejects_payload_tampering (test_fixed_gate_runner.FixedGateRunnerTests.test_validate_platform_rejects_payload_tampering) ... ok
2026-09-07T06:41:51.5846737Z test_zephyr_command_uses_short_non_junction_contract (test_fixed_gate_runner.FixedGateRunnerTests.test_zephyr_command_uses_short_non_junction_contract) ... ok
2026-09-07T06:41:51.5891962Z test_zephyr_environment_stages_fixed_demangler (test_fixed_gate_runner.FixedGateRunnerTests.test_zephyr_environment_stages_fixed_demangler) ... ok
2026-09-07T06:41:51.5892879Z 
2026-09-07T06:41:51.5893050Z ----------------------------------------------------------------------
2026-09-07T06:41:51.5893392Z Ran 16 tests in 0.203s
2026-09-07T06:41:51.5893534Z 
2026-09-07T06:41:51.5893604Z OK
2026-09-07T06:41:51.6018830Z [M12] exec: C:\hostedtoolcache\windows\Python\3.12.10\x64\python.exe -m unittest discover -v -s D:\a\NU54DK_Arduino_Core\NU54DK_Arduino_Core\tests\host -p test_host_compiler.py
2026-09-07T06:41:51.7123053Z test_c_flags_are_independent_of_cxx_flags (test_host_compiler.HostCompilerTests.test_c_flags_are_independent_of_cxx_flags) ... ok
2026-09-07T06:41:51.7148182Z test_defaults_preserve_gcc_first_selection (test_host_compiler.HostCompilerTests.test_defaults_preserve_gcc_first_selection) ... ok
2026-09-07T06:41:51.7171876Z test_explicit_compiler_and_arguments_preserve_spaces (test_host_compiler.HostCompilerTests.test_explicit_compiler_and_arguments_preserve_spaces) ... ok
2026-09-07T06:41:51.7268623Z test_invalid_flags_are_rejected_without_shell_parsing (test_host_compiler.HostCompilerTests.test_invalid_flags_are_rejected_without_shell_parsing) ... ok
2026-09-07T06:41:51.7293176Z test_missing_explicit_compiler_does_not_fall_back_or_skip (test_host_compiler.HostCompilerTests.test_missing_explicit_compiler_does_not_fall_back_or_skip) ... ok
2026-09-07T06:41:51.7317264Z test_optional_absence_and_invalid_language (test_host_compiler.HostCompilerTests.test_optional_absence_and_invalid_language) ... ok
2026-09-07T06:41:51.7317924Z 
2026-09-07T06:41:51.7318595Z ----------------------------------------------------------------------
2026-09-07T06:41:51.7319243Z Ran 6 tests in 0.023s
2026-09-07T06:41:51.7319527Z 
2026-09-07T06:41:51.7319703Z OK
2026-09-07T06:41:51.7453682Z [M12] exec: C:\hostedtoolcache\windows\Python\3.12.10\x64\python.exe -m unittest discover -v -s D:\a\NU54DK_Arduino_Core\NU54DK_Arduino_Core\tests\host -p test_m10_prerequisites.py
2026-09-07T06:41:51.8755387Z test_builder_launcher_isolates_embedded_python_runtime (test_m10_prerequisites.M10PrerequisiteContractTests.test_builder_launcher_isolates_embedded_python_runtime)
2026-09-07T06:41:51.8928393Z ! @brief \uc678\ubd80 Python \ud658\uacbd\uc774 NCS Toolchain \ud45c\uc900 library\ub97c \uc624\uc5fc\uc2dc\ud0a4\uc9c0 \ubabb\ud558\uac8c \ud569\ub2c8\ub2e4. ... ok
2026-09-07T06:41:51.8930550Z test_builder_launcher_searches_exact_user_toolchain_first (test_m10_prerequisites.M10PrerequisiteContractTests.test_builder_launcher_searches_exact_user_toolchain_first)
2026-09-07T06:41:51.9024909Z ! @brief Arduino process\uac00 PATH \uc5c6\uc774 \uc0ac\uc6a9\uc790 profile\uc758 \uace0\uc815 Python\uc744 \ucc3e\uc2b5\ub2c8\ub2e4. ... ok
2026-09-07T06:41:51.9027155Z test_changed_pin_hash_is_rejected (test_m10_prerequisites.M10PrerequisiteContractTests.test_changed_pin_hash_is_rejected)
2026-09-07T06:41:51.9145071Z ! @brief package pin byte\uac00 \ubc14\ub00c\uba74 \uacfc\uac70 \uc644\ub8cc marker\ub97c \uc7ac\uc0ac\uc6a9\ud558\uc9c0 \uc54a\uc2b5\ub2c8\ub2e4. ... ok
2026-09-07T06:41:51.9147023Z test_empty_explicit_ncs_root_does_not_fall_back (test_m10_prerequisites.M10PrerequisiteContractTests.test_empty_explicit_ncs_root_does_not_fall_back)
2026-09-07T06:41:51.9260394Z ! @brief \ud658\uacbd \ubcc0\uc218\ub97c \ube48 \uac12\uc73c\ub85c \uba85\uc2dc\ud574\ub3c4 \uae30\uc874 NCS\ub97c \uc120\ud0dd\ud558\uc9c0 \uc54a\uc2b5\ub2c8\ub2e4. ... ok
2026-09-07T06:41:51.9261923Z test_explicit_ncs_root_is_authoritative (test_m10_prerequisites.M10PrerequisiteContractTests.test_explicit_ncs_root_is_authoritative)
2026-09-07T06:41:51.9423779Z ! @brief \uba85\uc2dc\ud55c NCS root\ub9cc \uc120\ud0dd\ud558\uace0 \uae30\ubcf8 \uc124\uce58 \ud6c4\ubcf4\ub97c \uc870\ud68c\ud558\uc9c0 \uc54a\uc2b5\ub2c8\ub2e4. ... ok
2026-09-07T06:41:51.9425275Z test_gitless_revision_falls_back_only_to_valid_release_manifest (test_m10_prerequisites.M10PrerequisiteContractTests.test_gitless_revision_falls_back_only_to_valid_release_manifest)
2026-09-07T06:41:52.0075340Z ! @brief \uc0c1\uc704 Git\uc744 \uc624\uc778\ud558\uc9c0 \uc54a\uace0 40\uc790\ub9ac archive revision\ub9cc \uc0ac\uc6a9\ud569\ub2c8\ub2e4. ... ok
2026-09-07T06:41:52.0342305Z test_incomplete_or_wrong_ready_marker_is_rejected (test_m10_prerequisites.M10PrerequisiteContractTests.test_incomplete_or_wrong_ready_marker_is_rejected)
2026-09-07T06:41:52.0343324Z ! @brief incomplete \uc0c1\ud0dc\uc640 \ub2e4\ub978 Toolchain marker\ub97c \ubaa8\ub450 fail-closed \ucc98\ub9ac\ud569\ub2c8\ub2e4. ... ok
2026-09-07T06:41:52.0344344Z test_installer_is_user_scoped_resumable_and_version_checked (test_m10_prerequisites.M10PrerequisiteContractTests.test_installer_is_user_scoped_resumable_and_version_checked)
2026-09-07T06:41:52.0521351Z ! @brief \uc124\uce58\uae30\ub294 \uc0ac\uc6a9\uc790 \uacbd\ub85c\uc640 \ub2e8\uacc4 marker\ub9cc \uc0ac\uc6a9\ud558\uace0 \uace0\uc815 version\uc744 \ud655\uc778\ud569\ub2c8\ub2e4. ... ok
2026-09-07T06:41:52.0522521Z test_installer_sets_utf8_before_any_runtime_output (test_m10_prerequisites.M10PrerequisiteContractTests.test_installer_sets_utf8_before_any_runtime_output)
2026-09-07T06:41:52.0616048Z ! @brief \uc124\uce58\uae30\uac00 \uccab \ucd9c\ub825 \uc804\uc5d0 PS 5.1 console\uacfc native pipe\ub97c UTF-8\ub85c \uace0\uc815\ud569\ub2c8\ub2e4. ... ok
2026-09-07T06:41:52.0617121Z test_installer_uses_powershell_51_compatible_log_append (test_m10_prerequisites.M10PrerequisiteContractTests.test_installer_uses_powershell_51_compatible_log_append)
2026-09-07T06:41:54.1771448Z ! @brief PS 5.1\uc5d0\uc11c \ud5c8\uc6a9\ub418\uc9c0 \uc54a\ub294 Tee \ub9e4\uac1c \ubcc0\uc218 \uc870\ud569\uc744 \ucc28\ub2e8\ud569\ub2c8\ub2e4. ... ok
2026-09-07T06:41:54.1773018Z test_invalid_explicit_ncs_root_does_not_fall_back (test_m10_prerequisites.M10PrerequisiteContractTests.test_invalid_explicit_ncs_root_does_not_fall_back)
2026-09-07T06:41:54.1942972Z ! @brief \uaca9\ub9ac NCS\uac00 \uc5c6\uc744 \ub54c \uae30\uc874 \uc0ac\uc6a9\uc790�C \ub4dc\ub77c\uc774\ube0c \uc124\uce58\ub85c \uc0c8\uc9c0 \uc54a\uc2b5\ub2c8\ub2e4. ... ok
2026-09-07T06:41:54.1944923Z test_matching_release_manifest_and_ready_marker_are_accepted (test_m10_prerequisites.M10PrerequisiteContractTests.test_matching_release_manifest_and_ready_marker_are_accepted)
2026-09-07T06:41:54.2096085Z ! @brief package, pin\uacfc \uc124\uce58 marker\uc758 3-way identity\uac00 \uac19\uc73c\uba74 \uc2b9\uc778\ud569\ub2c8\ub2e4. ... ok
2026-09-07T06:41:54.2097142Z test_packaged_revisions_use_bundled_git_with_empty_path (test_m10_prerequisites.M10PrerequisiteContractTests.test_packaged_revisions_use_bundled_git_with_empty_path)
2026-09-07T06:41:54.2463845Z ! @brief system Git\uc774 \uc5c6\uc5b4\ub3c4 NCS/Zephyr\ub294 Toolchain Git\uc73c\ub85c\ub9cc \uc870\ud68c\ud569\ub2c8\ub2e4. ... ok
2026-09-07T06:41:54.2465531Z test_packaged_toolchain_discovery_requires_only_pinned_bundle (test_m10_prerequisites.M10PrerequisiteContractTests.test_packaged_toolchain_discovery_requires_only_pinned_bundle)
2026-09-07T06:41:54.2962582Z ! @brief package\ub294 env\uc640 registry\uc758 \ub2e4\ub978 bundle\uc744 \ubb34\uc2dc\ud558\uace0 exact pin\ub9cc \uc120\ud0dd\ud569\ub2c8\ub2e4. ... ok
2026-09-07T06:41:54.2963857Z test_pin_file_fixes_official_bytes_and_all_nordic_versions (test_m10_prerequisites.M10PrerequisiteContractTests.test_pin_file_fixes_official_bytes_and_all_nordic_versions)
2026-09-07T06:41:54.3061077Z ! @brief \uacf5\uc2dd URL, byte hash\uc640 SDK/Toolchain revision\uc774 \uc815\ud655\ud788 \uace0\uc815\ub429\ub2c8\ub2e4. ... ok
2026-09-07T06:41:54.3062352Z test_post_install_cmd_emits_strict_utf8_for_korean_output (test_m10_prerequisites.M10PrerequisiteContractTests.test_post_install_cmd_emits_strict_utf8_for_korean_output)
2026-09-07T06:41:54.8012159Z ! @brief Arduino gRPC\uc5d0 \uc804\ub2ec\ud560 \ud55c\uae00 \ucd9c\ub825\uc744 \uc5c4\uaca9\ud55c UTF-8\ub85c \ubcf4\uc7a5\ud569\ub2c8\ub2e4. ... ok
2026-09-07T06:41:54.8013332Z test_post_install_cmd_preserves_quoted_platform_root_and_exit_code (test_m10_prerequisites.M10PrerequisiteContractTests.test_post_install_cmd_preserves_quoted_platform_root_and_exit_code)
2026-09-07T06:41:55.3092714Z ! @brief trailing slash\uc640 \uacf5\ubc31\uc774 \uc788\ub294 package root\ub97c \uc2e4\uc81c CMD \ud638\ucd9c\ub85c \ubcf4\uc874\ud569\ub2c8\ub2e4. ... ok
2026-09-07T06:41:55.3094078Z test_post_install_propagates_powershell_exit_code (test_m10_prerequisites.M10PrerequisiteContractTests.test_post_install_propagates_powershell_exit_code)
2026-09-07T06:41:55.3189553Z ! @brief Arduino hook\uac00 \uc124\uce58 \uc2e4\ud328\ub97c \uc131\uacf5\uc73c\ub85c \uc228\uae30\uc9c0 \uc54a\uc2b5\ub2c8\ub2e4. ... ok
2026-09-07T06:41:55.3190754Z test_powershell_install_and_verify_scripts_parse (test_m10_prerequisites.M10PrerequisiteContractTests.test_powershell_install_and_verify_scripts_parse)
2026-09-07T06:41:55.8364277Z ! @brief clean Windows\uc5d0\uc11c \uc2e4\ud589\ud560 \ub450 PowerShell script\uac00 parser \uc624\ub958 \uc5c6\uc774 \uc77d\ud799\ub2c8\ub2e4. ... ok
2026-09-07T06:41:55.8367296Z test_powershell_scripts_do_not_depend_on_hash_module_autoload (test_m10_prerequisites.M10PrerequisiteContractTests.test_powershell_scripts_do_not_depend_on_hash_module_autoload)
2026-09-07T06:41:55.8481638Z ! @brief clean PowerShell\uc5d0\uc11c SHA-256 cmdlet \uc790\ub3d9 \ub85c\ub4dc\uc5d0 \uc758\uc874\ud558\uc9c0 \uc54a\uc2b5\ub2c8\ub2e4. ... ok
2026-09-07T06:41:55.8484068Z test_sdk_manager_requirement_uses_exact_version_operator (test_m10_prerequisites.M10PrerequisiteContractTests.test_sdk_manager_requirement_uses_exact_version_operator)
2026-09-07T06:41:55.8594672Z ! @brief nRF Util installation set\uc774 sdk-manager patch version\uae4c\uc9c0 \uace0\uc815\ud569\ub2c8\ub2e4. ... ok
2026-09-07T06:41:55.8596102Z test_toolchain_manifest_bundle_id_is_verified (test_m10_prerequisites.M10PrerequisiteContractTests.test_toolchain_manifest_bundle_id_is_verified)
2026-09-07T06:41:55.8756055Z ! @brief directory \uc774\ub984\uacfc \ub0b4\ubd80 Nordic bundle metadata\uac00 \ubaa8\ub450 pin\uacfc \uac19\uc544\uc57c \ud569\ub2c8\ub2e4. ... ok
2026-09-07T06:41:55.8759064Z test_verifier_checks_reused_marker_version_and_normalized_nrfutil_path (test_m10_prerequisites.M10PrerequisiteContractTests.test_verifier_checks_reused_marker_version_and_normalized_nrfutil_path)
2026-09-07T06:41:55.8927472Z ! @brief verifier\uac00 Builder\uc640 \uac19\uc740 ready marker version/path \uacc4\uc57d\uc744 \uc801\uc6a9\ud569\ub2c8\ub2e4. ... ok
2026-09-07T06:41:55.8928771Z test_verify_script_initializes_utf8_before_runtime_setup (test_m10_prerequisites.M10PrerequisiteContractTests.test_verify_script_initializes_utf8_before_runtime_setup)
2026-09-07T06:41:55.9060298Z ! @brief \uac80\uc99d subprocess\ub3c4 \uccab \ucd9c\ub825 \uc804\uc5d0 UTF-8 \ucd9c\ub825\uc744 \uace0\uc815\ud569\ub2c8\ub2e4. ... ok
2026-09-07T06:41:55.9061285Z 
2026-09-07T06:41:55.9061524Z ----------------------------------------------------------------------
2026-09-07T06:41:55.9062168Z Ran 24 tests in 4.031s
2026-09-07T06:41:55.9062478Z 
2026-09-07T06:41:55.9062696Z OK
2026-09-07T06:41:55.9246237Z [M12] exec: C:\hostedtoolcache\windows\Python\3.12.10\x64\python.exe -m unittest discover -v -s D:\a\NU54DK_Arduino_Core\NU54DK_Arduino_Core\tests\host -p test_m10_remote_runner.py
2026-09-07T06:41:56.0162213Z test_arduino_cli_15_uses_supported_json_flags (test_m10_remote_runner.M10RemoteRunnerContractTests.test_arduino_cli_15_uses_supported_json_flags)
2026-09-07T06:41:56.0164194Z ! @brief \ub300\uc0c1 Arduino CLI 1.5 \uacc4\uc5f4\uc774 \uc9c0\uc6d0\ud558\ub294 global JSON flag\ub97c \uc0ac\uc6a9\ud569\ub2c8\ub2e4. ... ok
2026-09-07T06:41:56.0165856Z test_checkpoint_writes_are_atomic_and_write_through (test_m10_remote_runner.M10RemoteRunnerContractTests.test_checkpoint_writes_are_atomic_and_write_through)
2026-09-07T06:41:57.2215947Z ! @brief state/evidence\uac00 \uac19\uc740 directory\uc758 \uc784\uc2dc \ud30c\uc77c\uc5d0\uc11c \uc6d0\uc790 \uad50\uccb4\ub429\ub2c8\ub2e4. ... ok
2026-09-07T06:41:57.2217317Z test_clean_baseline_requires_absent_ncs_and_prerequisite_state (test_m10_remote_runner.M10RemoteRunnerContractTests.test_clean_baseline_requires_absent_ncs_and_prerequisite_state)
2026-09-07T06:41:57.2218362Z ! @brief fresh M10 run\uc740 \uae30\uc874 Nordic \uc124\uce58\ub97c clean \uc124\uce58\ub85c \uc624\uc778\ud558\uc9c0 \uc54a\uc2b5\ub2c8\ub2e4. ... ok
2026-09-07T06:41:57.2219456Z test_complete_lifecycle_is_checkpointed (test_m10_remote_runner.M10RemoteRunnerContractTests.test_complete_lifecycle_is_checkpointed)
2026-09-07T06:41:57.2220657Z ! @brief \uc124\uce58\ubd80\ud130 uninstall \ubc0f reinstall\uae4c\uc9c0 \ubaa8\ub4e0 \ub2e8\uacc4 \uc774\ub984\uc744 \uace0\uc815\ud569\ub2c8\ub2e4. ... ok
2026-09-07T06:41:57.2221915Z test_exact_arduino_cli_identity_is_asserted_and_recorded (test_m10_remote_runner.M10RemoteRunnerContractTests.test_exact_arduino_cli_identity_is_asserted_and_recorded)
2026-09-07T06:41:57.2222912Z ! @brief version \ubb38\uc790\uc5f4\ubfd0 \uc544\ub2c8\ub77c commit\uacfc \uc2e4\ud589 \ud30c\uc77c hash\ub3c4 \uace0\uc815\ud569\ub2c8\ub2e4. ... ok
2026-09-07T06:41:57.2223906Z test_failed_post_install_can_be_retried_for_an_installed_core (test_m10_remote_runner.M10RemoteRunnerContractTests.test_failed_post_install_can_be_retried_for_an_installed_core)
2026-09-07T06:41:57.5750986Z ! @brief CLI\uac00 \uc124\uce58\ub428\uc73c\ub85c \ub0a8\uae34 core\ub3c4 post-install\uc744 \uc9c1\uc811 \uc7ac\uc2e4\ud589\ud569\ub2c8\ub2e4. ... ok
2026-09-07T06:41:57.5752097Z test_idempotent_uninstall_runs_once_when_core_is_installed (test_m10_remote_runner.M10RemoteRunnerContractTests.test_idempotent_uninstall_runs_once_when_core_is_installed)
2026-09-07T06:41:57.9220703Z ! @brief \uc815\uc0c1 \uc124\uce58 \uc0c1\ud0dc\uc5d0\uc11c\ub294 uninstall\uc744 \uc815\ud655\ud788 \ud55c \ubc88 \ud638\ucd9c\ud569\ub2c8\ub2e4. ... ok
2026-09-07T06:41:57.9222026Z test_index_cannot_redirect_to_an_arbitrary_archive (test_m10_remote_runner.M10RemoteRunnerContractTests.test_index_cannot_redirect_to_an_arbitrary_archive)
2026-09-07T06:41:57.9223168Z ! @brief index\uc758 filename\uacfc EIDOSDATA release URL\uc744 version\ubcc4\ub85c \uace0\uc815\ud569\ub2c8\ub2e4. ... ok
2026-09-07T06:41:57.9224072Z test_installed_release_byte_provenance_is_in_evidence (test_m10_remote_runner.M10RemoteRunnerContractTests.test_installed_release_byte_provenance_is_in_evidence)
2026-09-07T06:41:57.9225253Z ! @brief \uc124\uce58 archive\uc640 release manifest\uc758 commit/checksum identity\ub97c \ub0a8\uae41\ub2c8\ub2e4. ... ok
2026-09-07T06:41:57.9226425Z test_local_runner_has_windows_powershell_utf8_signature (test_m10_remote_runner.M10RemoteRunnerContractTests.test_local_runner_has_windows_powershell_utf8_signature)
2026-09-07T06:41:57.9227427Z ! @brief \ud55c\uae00 \uc2e4\ud589\uae30\ub97c \uc601\ubb38 Windows PowerShell 5.1\ub3c4 UTF-8\ub85c \uc77d\uac8c \ud569\ub2c8\ub2e4. ... ok
2026-09-07T06:41:57.9228625Z test_multi_probe_failure_preserves_count_in_evidence (test_m10_remote_runner.M10RemoteRunnerContractTests.test_multi_probe_failure_preserves_count_in_evidence)
2026-09-07T06:41:57.9229668Z ! @brief \uc120\ud0dd \uc5c6\ub294 multi-probe \uc2e4\ud328 evidence\uc5d0 \uc2e4\uc81c count\uc640 \ucc28\ub2e8 \uc0ac\uc720\ub97c \ub0a8\uae41\ub2c8\ub2e4. ... ok
2026-09-07T06:41:57.9230663Z test_native_command_returns_one_object_under_strict_mode (test_m10_remote_runner.M10RemoteRunnerContractTests.test_native_command_returns_one_object_under_strict_mode)
2026-09-07T06:41:59.3094958Z ! @brief PS 5.1 Task \uacb0\uacfc\uac00 success stream\uc5d0 \uc11e\uc5ec JSON \uacb0\uacfc\ub97c \ubc30\uc5f4\ub85c \ub9cc\ub4e4\uc9c0 \uc54a\uc2b5\ub2c8\ub2e4. ... ok
2026-09-07T06:41:59.3096106Z test_native_output_is_disk_spooled_and_tail_bounded (test_m10_remote_runner.M10RemoteRunnerContractTests.test_native_output_is_disk_spooled_and_tail_bounded)
2026-09-07T06:42:01.6323696Z ! @brief \uc7a5\uc2dc\uac04 native \ucd9c\ub825\uc740 file\ub85c \ud758\ub9ac\uace0 \uc81c\ud55c\ub41c tail\ub9cc \uba54\ubaa8\ub9ac\uc5d0 \ubc18\ud658\ud569\ub2c8\ub2e4. ... ok
2026-09-07T06:42:01.6325572Z test_nordic_verifier_is_invoked_from_installed_platform (test_m10_remote_runner.M10RemoteRunnerContractTests.test_nordic_verifier_is_invoked_from_installed_platform)
2026-09-07T06:42:01.6327074Z ! @brief \uc124\uce58\ub41c core \ub0b4\ubd80 verifier\ub97c JSON mode\ub85c \uba85\uc2dc \uc2e4\ud589\ud569\ub2c8\ub2e4. ... ok
2026-09-07T06:42:01.6328473Z test_powershell_51_parser_accepts_both_scripts (test_m10_remote_runner.M10RemoteRunnerContractTests.test_powershell_51_parser_accepts_both_scripts)
2026-09-07T06:42:02.0647303Z ! @brief Windows PowerShell parser\uac00 \ub450 \ud30c\uc77c\uc744 \uc624\ub958 \uc5c6\uc774 \ud574\uc11d\ud569\ub2c8\ub2e4. ... ok
2026-09-07T06:42:02.0649479Z test_probe_identity_and_credentials_are_redacted (test_m10_remote_runner.M10RemoteRunnerContractTests.test_probe_identity_and_credentials_are_redacted)
2026-09-07T06:42:02.0651092Z ! @brief probe UID\uc640 \uc790\uaca9 \uc99d\uba85 \ud615\ud0dc\ub97c \ub450 \uc2e4\ud589\uae30\uc5d0\uc11c \uc81c\uac70\ud569\ub2c8\ub2e4. ... ok
2026-09-07T06:42:02.0652536Z test_probe_is_required_unless_explicitly_relaxed (test_m10_remote_runner.M10RemoteRunnerContractTests.test_probe_is_required_unless_explicitly_relaxed)
2026-09-07T06:42:02.0654145Z ! @brief \uae30\ubcf8 HIL\uc740 probe\ub97c \uc694\uad6c\ud558\uace0 \uc870\uc0ac \uc2e4\ud589\ub9cc \uba85\uc2dc\uc801\uc73c\ub85c \uc0dd\ub7b5\ud569\ub2c8\ub2e4. ... ok
2026-09-07T06:42:02.0655963Z test_public_index_uses_repository_owner (test_m10_remote_runner.M10RemoteRunnerContractTests.test_public_index_uses_repository_owner)
2026-09-07T06:42:02.0657380Z ! @brief \uae30\ubcf8 index\uac00 \uacf5\uac1c EIDOSDATA \uc800\uc7a5\uc18c\ub97c \uac00\ub9ac\ud0a4\ub294\uc9c0 \uac80\uc99d\ud569\ub2c8\ub2e4. ... ok
2026-09-07T06:42:02.0658912Z test_pyocd_api_count_uses_utf8_and_ten_uploads (test_m10_remote_runner.M10RemoteRunnerContractTests.test_pyocd_api_count_uses_utf8_and_ten_uploads)
2026-09-07T06:42:02.0660505Z ! @brief \ud55c\uad6d\uc5b4 Windows\uc5d0\uc11c\ub3c4 probe \uc5f4\uac70\uc640 RC 10\ud68c HIL\uc774 \uc7ac\ud604\ub418\ub294\uc9c0 \uace0\uc815\ud569\ub2c8\ub2e4. ... ok
2026-09-07T06:42:02.0662172Z test_pyocd_api_probe_count_accepts_only_one_integer (test_m10_remote_runner.M10RemoteRunnerContractTests.test_pyocd_api_probe_count_accepts_only_one_integer)
2026-09-07T06:42:02.9934605Z ! @brief pyOCD API\uc758 \ube44\uc2dd\ubcc4 count \ud55c \uac1c\ub9cc \uc548\uc804\ud558\uac8c \ud574\uc11d\ud569\ub2c8\ub2e4. ... ok
2026-09-07T06:42:02.9935854Z test_pyocd_api_probe_count_rejects_ambiguous_output (test_m10_remote_runner.M10RemoteRunnerContractTests.test_pyocd_api_probe_count_rejects_ambiguous_output)
2026-09-07T06:42:04.7952456Z ! @brief \ube48 \uac12, \uc74c\uc218\uc640 \ubd80\uac00 \ucd9c\ub825\uc774 \uc11e\uc778 count\ub97c fail-closed \ucc98\ub9ac\ud569\ub2c8\ub2e4. ... ok
2026-09-07T06:42:04.7954881Z test_resume_fingerprint_pins_runner_cli_index_and_archives (test_m10_remote_runner.M10RemoteRunnerContractTests.test_resume_fingerprint_pins_runner_cli_index_and_archives)
2026-09-07T06:42:04.7956630Z ! @brief mutable main URL\uc774\ub098 \uc2e4\ud589\uae30 \uad50\uccb4\uac00 \uae30\uc874 PASS checkpoint\uc640 \uc11e\uc774\uc9c0 \uc54a\uc2b5\ub2c8\ub2e4. ... ok
2026-09-07T06:42:04.7958152Z test_run_identity_has_one_global_mutex_owner (test_m10_remote_runner.M10RemoteRunnerContractTests.test_run_identity_has_one_global_mutex_owner)
2026-09-07T06:42:05.7864491Z ! @brief \uac19\uc740 RunId\uc758 \ub450 process\uac00 Arduino data\uc640 checkpoint\ub97c \uacf5\uc720\ud558\uc9c0 \uc54a\uc2b5\ub2c8\ub2e4. ... ok
2026-09-07T06:42:05.7865468Z test_ssh_authentication_fails_closed (test_m10_remote_runner.M10RemoteRunnerContractTests.test_ssh_authentication_fails_closed)
2026-09-07T06:42:05.7871621Z ! @brief SSH\uac00 password fallback\uacfc \ubbf8\ud655\uc778 host key\ub97c \ud5c8\uc6a9\ud558\uc9c0 \uc54a\uc2b5\ub2c8\ub2e4. ... ok
2026-09-07T06:42:05.7872499Z test_target_runner_is_ascii_only (test_m10_remote_runner.M10RemoteRunnerContractTests.test_target_runner_is_ascii_only)
2026-09-07T06:42:05.7895638Z ! @brief \ub300\uc0c1 PC \uc804\uc1a1 \ud30c\uc77c\uc5d0 code page \uc758\uc874 \ubb38\uc790\uac00 \uc5c6\uc74c\uc744 \uac80\uc99d\ud569\ub2c8\ub2e4. ... ok
2026-09-07T06:42:05.7896731Z test_target_uses_isolated_arduino_directories (test_m10_remote_runner.M10RemoteRunnerContractTests.test_target_uses_isolated_arduino_directories)
2026-09-07T06:42:05.7897782Z ! @brief run\ubcc4 data, downloads, sketchbook\uacfc build\ub97c \ubd84\ub9ac\ud569\ub2c8\ub2e4. ... ok
2026-09-07T06:42:05.7898594Z test_timeout_and_exit_code_contract_is_fail_closed (test_m10_remote_runner.M10RemoteRunnerContractTests.test_timeout_and_exit_code_contract_is_fail_closed)
2026-09-07T06:42:05.7899662Z ! @brief native command\uac00 timeout\uacfc exit code\ub97c \ubaa8\ub450 \uac80\uc0ac\ud569\ub2c8\ub2e4. ... ok
2026-09-07T06:42:05.7901517Z test_uninstall_crash_window_recovers_when_core_is_already_absent (test_m10_remote_runner.M10RemoteRunnerContractTests.test_uninstall_crash_window_recovers_when_core_is_already_absent)
2026-09-07T06:42:06.1080033Z ! @brief uninstall \ub4a4 checkpoint \uc804 \uc911\ub2e8\ub41c \uc7ac\uac1c\uac00 \uc7ac\uc0ad\uc81c \uc5c6\uc774 \uc131\uacf5\ud569\ub2c8\ub2e4. ... ok
2026-09-07T06:42:06.1082381Z test_versions_and_post_install_are_explicit (test_m10_remote_runner.M10RemoteRunnerContractTests.test_versions_and_post_install_are_explicit)
2026-09-07T06:42:06.1084088Z ! @brief preview version\uacfc post-install \uc2e4\ud589\uc744 \uc554\ubb35\uc801\uc73c\ub85c \uc120\ud0dd\ud558\uc9c0 \uc54a\uc2b5\ub2c8\ub2e4. ... ok
2026-09-07T06:42:06.1085000Z 
2026-09-07T06:42:06.1085231Z ----------------------------------------------------------------------
2026-09-07T06:42:06.1085761Z Ran 29 tests in 10.093s
2026-09-07T06:42:06.1086011Z 
2026-09-07T06:42:06.1086126Z OK
2026-09-07T06:42:06.1186379Z [M12] exec: C:\hostedtoolcache\windows\Python\3.12.10\x64\python.exe -m unittest discover -v -s D:\a\NU54DK_Arduino_Core\NU54DK_Arduino_Core\tests\host -p test_m11_rc_hil.py
2026-09-07T06:42:06.2569795Z test_argument_defaults_preserve_source_mode_and_force_one_rc_upload (test_m11_rc_hil.M11RcHilTests.test_argument_defaults_preserve_source_mode_and_force_one_rc_upload)
2026-09-07T06:42:06.2701528Z ! @brief source mode 10회와 RC mode 1회 기본값을 분리해 보존합니다. ... ok
2026-09-07T06:42:06.2702806Z test_auto_uart_opens_all_candidates_and_selects_unique_token (test_m11_rc_hil.M11RcHilTests.test_auto_uart_opens_all_candidates_and_selects_unique_token)
2026-09-07T06:42:06.2798371Z ! @brief COM3·COM4를 동시에 열고 READY가 있는 하나만 승인합니다. ... ok
2026-09-07T06:42:06.2799123Z test_auto_uart_rejects_ambiguous_or_occupied_candidates (test_m11_rc_hil.M11RcHilTests.test_auto_uart_rejects_ambiguous_or_occupied_candidates)
2026-09-07T06:42:06.2896337Z ! @brief READY 중복과 후보 port 점유를 모두 fail-closed 처리합니다. ... ok
2026-09-07T06:42:06.2897161Z test_build_manifest_rejects_hex_outside_build_and_hash_change (test_m11_rc_hil.M11RcHilTests.test_build_manifest_rejects_hex_outside_build_and_hash_change)
2026-09-07T06:42:06.3196678Z ! @brief HEX path traversal과 compile 뒤 byte 변경을 거부합니다. ... ok
2026-09-07T06:42:06.3197434Z test_command_output_is_bounded_and_keeps_upload_pass_tail (test_m11_rc_hil.M11RcHilTests.test_command_output_is_bounded_and_keeps_upload_pass_tail)
2026-09-07T06:42:06.3531392Z ! @brief 큰 출력은 disk에 spool하고 마지막 upload PASS 표식은 보존합니다. ... ok
2026-09-07T06:42:06.3532113Z test_command_timeout_terminates_descendant_process (test_m11_rc_hil.M11RcHilTests.test_command_timeout_terminates_descendant_process)
2026-09-07T06:42:09.4480024Z ! @brief timeout된 HIL command의 후손 process가 실행을 계속하지 못합니다. ... ok
2026-09-07T06:42:09.4481246Z test_committed_file_hash_ignores_worktree_crlf_conversion (test_m11_rc_hil.M11RcHilTests.test_committed_file_hash_ignores_worktree_crlf_conversion)
2026-09-07T06:42:09.7781871Z ! @brief LF Git blob을 CRLF 작업 파일과 독립적으로 구분합니다. ... ok
2026-09-07T06:42:09.7782925Z test_flash_log_requires_one_safe_pyocd_upload (test_m11_rc_hil.M11RcHilTests.test_flash_log_requires_one_safe_pyocd_upload)
2026-09-07T06:42:09.7961030Z ! @brief exact HEX의 비파괴 pyOCD command 한 건만 승인합니다. ... ok
2026-09-07T06:42:09.7961790Z test_rc_main_compiles_uploads_once_and_writes_identity_evidence (test_m11_rc_hil.M11RcHilTests.test_rc_main_compiles_uploads_once_and_writes_identity_evidence)
2026-09-07T06:42:09.8617040Z ! @brief RC root→compile→pyOCD 1회→UART 순서를 JSON evidence에 고정합니다. ... ok
2026-09-07T06:42:09.8617854Z test_rejects_manifest_path_traversal_and_unexpected_file (test_m11_rc_hil.M11RcHilTests.test_rejects_manifest_path_traversal_and_unexpected_file)
2026-09-07T06:42:09.8917166Z ! @brief manifest traversal과 package 밖 추가 payload를 모두 거부합니다. ... ok
2026-09-07T06:42:09.8918332Z test_validates_and_byte_exactly_stages_rc_platform (test_m11_rc_hil.M11RcHilTests.test_validates_and_byte_exactly_stages_rc_platform)
2026-09-07T06:42:09.9583497Z ! @brief 원본과 staged root가 같은 tree identity를 가져야 합니다. ... ok
2026-09-07T06:42:09.9584018Z 
2026-09-07T06:42:09.9584272Z ----------------------------------------------------------------------
2026-09-07T06:42:09.9584757Z Ran 11 tests in 3.701s
2026-09-07T06:42:09.9584953Z 
2026-09-07T06:42:09.9585044Z OK
2026-09-07T06:42:09.9585350Z [NU54] command output truncated to final 32 MiB
2026-09-07T06:42:09.9606246Z xxxxxxxxxxxxxxxxxxxxxxxxxxxxxxxxxxxxxxxxxxxxxxxxxxxxxxxxxxxxxxxxxxxxxxxxxxxxxxxxxxxxxxxxxxxxxxxxxxxxxxxxxxxxxxxxxxxxxxxxxxxxxxxxxxxxxxxxxxxxxxxxxxxxxxxxxxxxxxxxxxxxxxxxxxxxxxxxxxxxxxxxxxxxxxxxxxxxxxxxxxxxxxxxxxxxxxxxxxxxxxxxxxxxxxxxxxxxxxxxxxxxxxxxxxxxxxxxxxxxxxxxxxxxxxxxxxxxxxxxxxxxxxxxxxxxxxxxxxxxxxxxxxxxxxxxxxxxxxxxxxxxxxxxxxxxxxxxxxxxxxxxxxxxxxxxxxxxxxxxxxxxxxxxxxxxxxxxxxxxxxxxxxxxxxxxxxxxxxxxxxxxxxxxxxxxxxxxxxxxxxxxxxxxxxxxxxxxxxxxxxxxxxxxxxxxxxxxxxxxxxxxxxxxxxxxxxxxxxxxxxxxxxxxxxxxxxxxxxxxxxxxxxxxxxxxxxxxxxxxxxxxxxxxxxxxxxxxxxxxxxxxxxxxxxxxxxxxxxxxxxxxxxxxxxxxxxxxxxxxxxxxxxxxxxxxxxxxxxxxxxxxxxxxxxxxxxxxxxxxxxxxxxxxxxxxxxxxxxxxxxxxxxxxxxxxxxxxxxxxxxxxxxxxxxxxxxxxxxxxxxxxxxxxxxxxxxxxxxxxxxxxxxxxxxxxxxxxxxxxxxxxxxxxxxxxxxxxxxxxxxxxxxxxxxxxxxxxxxxxxxxxxxxxxxxxxxxxxxxxxxxxxxxxxxxxxxxxxxxxxxxxxxxxxxxxxxxxxxxxxxxxxxxxxxxxxxxxxxxxxxxxxxxxxxxxxxxxxxxxxxxxxxxxxxxxxxxxxxxxxxxxxxxxxxxxxxxxxxxxxxxxxxxxxxxxxxxxxxxxxxxxxxxxxxxxxxxxxxxxxxxxx
2026-09-07T06:42:09.9627086Z NU54_UPLOAD_PASS runner=pyocd
2026-09-07T06:42:09.9627421Z NUCODE_M8_UPLOAD_ATTEMPT:1/1
2026-09-07T06:42:09.9627751Z NUCODE_M8_UPLOAD_ATTEMPT_PASS:1/1
2026-09-07T06:42:09.9629161Z M8_UPLOAD_HIL_PASS runner=pyocd repetitions=1 hex_sha256=3f8e73b74c458dcf96bcdf19bf482239a9abf5ced2b78737a4418d6035c81a03 result=C:\Users\runneradmin\AppData\Local\Temp\nu54-m11-rc-hil-dlvmazbp\workspace\20260907T064209-805719Z\m8-upload-result.json
2026-09-07T06:42:09.9766474Z [M12] exec: C:\hostedtoolcache\windows\Python\3.12.10\x64\python.exe -m unittest discover -v -s D:\a\NU54DK_Arduino_Core\NU54DK_Arduino_Core\tests\host -p test_m11_release.py
2026-09-07T06:42:20.3347328Z test_00_m11_rejects_the_m18_release_candidate (test_m11_release.M11ReleaseTests.test_00_m11_rejects_the_m18_release_candidate)
2026-09-07T06:42:20.3374079Z ! @brief M11 역사적 자동화가 v0.2 RC를 받아들이지 않는지 검증합니다. ... usage: python.exe -m unittest prepare [-h] [--repo-root REPO_ROOT]
2026-09-07T06:42:20.3374961Z                                       --output-dir OUTPUT_DIR --version
2026-09-07T06:42:20.3375500Z                                       {0.1.0-rc.2} [--commit COMMIT]
2026-09-07T06:42:20.3376346Z python.exe -m unittest prepare: error: argument --version: invalid choice: '0.2.0-rc.1' (choose from 0.1.0-rc.2)
2026-09-07T06:42:20.3377092Z ok
2026-09-07T06:42:20.4297744Z test_01_rc_package_and_index_have_separate_identity (test_m11_release.M11ReleaseTests.test_01_rc_package_and_index_have_separate_identity) ... ok
2026-09-07T06:42:20.4298780Z test_02_published_stable_rebuild_and_mixed_channels_fail (test_m11_release.M11ReleaseTests.test_02_published_stable_rebuild_and_mixed_channels_fail)
2026-09-07T06:42:20.4887409Z ! @brief 개발 HEAD에서 공개 stable을 덮어쓰지 못하고 채널 혼합도 거부합니다. ... ok
2026-09-07T06:42:20.5766103Z test_03_plan_binds_all_artifacts_and_human_boundary (test_m11_release.M11ReleaseTests.test_03_plan_binds_all_artifacts_and_human_boundary) ... ok
2026-09-07T06:42:20.5885853Z test_04_plan_rejects_tampered_artifact (test_m11_release.M11ReleaseTests.test_04_plan_rejects_tampered_artifact) ... ok
2026-09-07T06:42:20.7451123Z test_05_command_gate_redacts_output_and_binds_plan (test_m11_release.M11ReleaseTests.test_05_command_gate_redacts_output_and_binds_plan) ... ok
2026-09-07T06:42:20.8681347Z test_06_failed_command_never_becomes_pass_evidence (test_m11_release.M11ReleaseTests.test_06_failed_command_never_becomes_pass_evidence) ... ok
2026-09-07T06:42:21.4359173Z test_07_extracted_package_placeholder_points_to_fixed_rc (test_m11_release.M11ReleaseTests.test_07_extracted_package_placeholder_points_to_fixed_rc) ... ok
2026-09-07T06:42:22.3926665Z test_08_documentation_must_be_exact_committed_blob (test_m11_release.M11ReleaseTests.test_08_documentation_must_be_exact_committed_blob) ... ok
2026-09-07T06:42:23.2467134Z test_09_m10_import_requires_clean_machine_and_safe_preview_generation (test_m11_release.M11ReleaseTests.test_09_m10_import_requires_clean_machine_and_safe_preview_generation) ... ok
2026-09-07T06:42:23.3390411Z test_10_finalize_reports_hold_when_required_gate_is_missing (test_m11_release.M11ReleaseTests.test_10_finalize_reports_hold_when_required_gate_is_missing) ... ok
2026-09-07T06:42:26.6148995Z test_11_all_technical_gates_still_require_human_stable_approval (test_m11_release.M11ReleaseTests.test_11_all_technical_gates_still_require_human_stable_approval) ... ok
2026-09-07T06:42:26.6182777Z test_12_forged_evidence_type_is_rejected (test_m11_release.M11ReleaseTests.test_12_forged_evidence_type_is_rejected) ... ok
2026-09-07T06:42:26.6184381Z test_13_documentation_cannot_be_replaced_by_a_command_gate (test_m11_release.M11ReleaseTests.test_13_documentation_cannot_be_replaced_by_a_command_gate)
2026-09-07T06:42:26.6187054Z ! @brief 종료 코드 0인 임의 명령이 exact 문서 blob gate를 대신하지 못합니다. ... ok
2026-09-07T06:42:26.6188122Z test_14_command_evidence_requires_redacted_log_and_full_schema (test_m11_release.M11ReleaseTests.test_14_command_evidence_requires_redacted_log_and_full_schema)
2026-09-07T06:42:26.7442532Z ! @brief log나 실행 field가 빠진 합성 PASS JSON을 finalize에서 거부합니다. ... ok
2026-09-07T06:42:26.7443794Z test_15_redaction_covers_bearer_json_and_github_environment_tokens (test_m11_release.M11ReleaseTests.test_15_redaction_covers_bearer_json_and_github_environment_tokens)
2026-09-07T06:42:26.7445167Z ! @brief 공개 log에 흔한 GitHub token 표기 변형을 모두 제거합니다. ... ok
2026-09-07T06:42:26.7446193Z test_16_plan_and_archive_never_accept_an_empty_commit (test_m11_release.M11ReleaseTests.test_16_plan_and_archive_never_accept_an_empty_commit)
2026-09-07T06:42:26.7726059Z ! @brief 빈 core revision으로 exact commit 비교를 우회하지 못합니다. ... ok
2026-09-07T06:42:27.6871424Z test_17_documentation_evidence_is_rechecked_against_git_blob (test_m11_release.M11ReleaseTests.test_17_documentation_evidence_is_rechecked_against_git_blob)
2026-09-07T06:42:27.6872636Z ! @brief file evidence의 size·SHA·Git object를 finalize 시점에 다시 검증합니다. ... ok
2026-09-07T06:42:27.6873396Z test_18_imported_m10_gate_rechecks_frozen_raw_evidence (test_m11_release.M11ReleaseTests.test_18_imported_m10_gate_rechecks_frozen_raw_evidence)
2026-09-07T06:42:28.2608343Z ! @brief import 뒤 원본 M10 JSON이 바뀌면 gate validation을 실패시킵니다. ... ok
2026-09-07T06:42:28.2609176Z test_19_command_log_is_bounded_while_preserving_redaction (test_m11_release.M11ReleaseTests.test_19_command_log_is_bounded_while_preserving_redaction)
2026-09-07T06:42:28.3849457Z ! @brief 큰 command 출력도 공개 log 상한 안에서 정제해 기록합니다. ... ok
2026-09-07T06:42:28.3850189Z test_20_post_gate_source_failure_preserves_log_bound (test_m11_release.M11ReleaseTests.test_20_post_gate_source_failure_preserves_log_bound)
2026-09-07T06:42:28.5078639Z ! @brief 실행 후 source 실패를 덧붙여도 공개 log byte 상한을 넘지 않습니다. ... ok
2026-09-07T06:42:28.5079788Z test_21_timeout_terminates_descendant_processes (test_m11_release.M11ReleaseTests.test_21_timeout_terminates_descendant_processes)
2026-09-07T06:42:31.6611593Z ! @brief timeout 시 직접 자식뿐 아니라 command의 후손 process도 종료합니다. ... ok
2026-09-07T06:42:31.6612561Z test_22_m10_followup_allows_only_ancestor_documentation_and_tests (test_m11_release.M11ReleaseTests.test_22_m10_followup_allows_only_ancestor_documentation_and_tests)
2026-09-07T06:42:31.6621146Z ! @brief M10 이후 허용 경로만 바뀐 ancestor 이력을 수용합니다. ... ok
2026-09-07T06:42:31.6621997Z test_23_m10_runtime_payload_mismatch_is_rejected (test_m11_release.M11ReleaseTests.test_23_m10_runtime_payload_mismatch_is_rejected)
2026-09-07T06:42:31.7293533Z ! @brief archive 이름과 commit을 맞춰도 runtime payload가 다르면 거부합니다. ... ok
2026-09-07T06:42:31.7294265Z test_24_imported_m10_records_runtime_provenance (test_m11_release.M11ReleaseTests.test_24_imported_m10_records_runtime_provenance)
2026-09-07T06:42:32.2187921Z ! @brief 가져온 gate가 M10/RC revision과 허용 diff를 동결합니다. ... ok
2026-09-07T06:42:32.2188933Z test_25_run_gate_cli_rejects_arbitrary_command_tail (test_m11_release.M11ReleaseTests.test_25_run_gate_cli_rejects_arbitrary_command_tail)
2026-09-07T06:42:32.2210338Z ! @brief 종료 코드 0인 임의 argv를 public gate CLI에 주입할 수 없습니다. ... usage: python.exe -m unittest [-h]
2026-09-07T06:42:32.2211050Z                               {prepare,validate-plan,run-gate,record-docs,import-m10,finalize}
2026-09-07T06:42:32.2211453Z                               ...
2026-09-07T06:42:32.2212062Z python.exe -m unittest: error: unrecognized arguments: -- C:\hostedtoolcache\windows\Python\3.12.10\x64\python.exe -c raise SystemExit(0)
2026-09-07T06:42:32.2212646Z ok
2026-09-07T06:42:32.2213203Z test_26_fixed_gate_contract_pins_repo_runner_and_exact_scope (test_m11_release.M11ReleaseTests.test_26_fixed_gate_contract_pins_repo_runner_and_exact_scope)
2026-09-07T06:42:32.2214308Z ! @brief gate 계약이 runner blob·archive·CLI·시험 범위를 모두 고정합니다. ... ok
2026-09-07T06:42:32.2214967Z test_27_rc_hil_result_byte_tamper_is_rejected (test_m11_release.M11ReleaseTests.test_27_rc_hil_result_byte_tamper_is_rejected)
2026-09-07T06:42:32.2866119Z ! @brief 동결한 HIL result JSON의 사후 변경을 evidence checksum이 차단합니다. ... ok
2026-09-07T06:42:32.3031031Z 
2026-09-07T06:42:32.3031756Z ----------------------------------------------------------------------
2026-09-07T06:42:32.3032327Z Ran 28 tests in 22.143s
2026-09-07T06:42:32.3032551Z 
2026-09-07T06:42:32.3032648Z OK
2026-09-07T06:42:32.3217840Z [M12] exec: C:\hostedtoolcache\windows\Python\3.12.10\x64\python.exe -m unittest discover -v -s D:\a\NU54DK_Arduino_Core\NU54DK_Arduino_Core\tests\host -p test_m11_remote_runner.py
2026-09-07T06:42:32.4033226Z test_01_powershell_51_parser_accepts_runner (test_m11_remote_runner.M11RemoteRunnerContractTests.test_01_powershell_51_parser_accepts_runner)
2026-09-07T06:42:32.6039038Z ! @brief Windows PowerShell 5.1 parser\uac00 \uc804\uccb4 script\ub97c \ud574\uc11d\ud569\ub2c8\ub2e4. ... ok
2026-09-07T06:42:32.6040350Z test_01b_runner_has_windows_powershell_utf8_signature (test_m11_remote_runner.M11RemoteRunnerContractTests.test_01b_runner_has_windows_powershell_utf8_signature)
2026-09-07T06:42:32.6041640Z ! @brief \ud55c\uae00 RC \uc2e4\ud589\uae30\ub97c \uc601\ubb38 Windows PowerShell 5.1\ub3c4 UTF-8\ub85c \uc77d\uac8c \ud569\ub2c8\ub2e4. ... ok
2026-09-07T06:42:32.6042847Z test_02_ssh_authentication_and_host_key_are_fail_closed (test_m11_remote_runner.M11RemoteRunnerContractTests.test_02_ssh_authentication_and_host_key_are_fail_closed)
2026-09-07T06:42:32.6043836Z ! @brief password fallback\uacfc \ud655\uc778\ud558\uc9c0 \uc54a\uc740 host key\ub97c \ud5c8\uc6a9\ud558\uc9c0 \uc54a\uc2b5\ub2c8\ub2e4. ... ok
2026-09-07T06:42:32.6044949Z test_03_public_exact_commit_and_submodule_are_forced (test_m11_remote_runner.M11RemoteRunnerContractTests.test_03_public_exact_commit_and_submodule_are_forced)
2026-09-07T06:42:32.6046053Z ! @brief credential \uc5c6\ub294 \uacf5\uac1c clone \ub4a4 exact detached commit\ub9cc \uc0ac\uc6a9\ud569\ub2c8\ub2e4. ... ok
2026-09-07T06:42:32.6047191Z test_04_m10_ready_marker_selects_pinned_python_and_git (test_m11_remote_runner.M11RemoteRunnerContractTests.test_04_m10_ready_marker_selects_pinned_python_and_git)
2026-09-07T06:42:32.6048498Z ! @brief M10 \uc644\ub8cc marker\uc640 \uace0\uc815 Toolchain \uc2e4\ud589 \ud30c\uc77c\ub9cc \uc0ac\uc6a9\ud569\ub2c8\ub2e4. ... ok
2026-09-07T06:42:32.6049387Z test_05_arduino_cli_identity_and_gate_set_are_fixed (test_m11_remote_runner.M11RemoteRunnerContractTests.test_05_arduino_cli_identity_and_gate_set_are_fixed)
2026-09-07T06:42:32.6050217Z ! @brief exact Arduino CLI\uc640 \uc138 \uac1c\uc758 repo-owned gate\ub9cc \uc2e4\ud589\ud569\ub2c8\ub2e4. ... ok
2026-09-07T06:42:32.6051100Z test_06_plan_and_every_artifact_are_checked_before_transfer (test_m11_remote_runner.M11RemoteRunnerContractTests.test_06_plan_and_every_artifact_are_checked_before_transfer)
2026-09-07T06:42:32.6052641Z ! @brief plan allowlist\uc758 \uc804\uccb4 byte�\ud06c\uae30�\uacbd\ub85c\ub97c \ub85c\uceec\uc5d0\uc11c \uac80\uc99d\ud569\ub2c8\ub2e4. ... ok
2026-09-07T06:42:32.6053676Z test_07_release_bundle_runtime_rejects_modified_artifact (test_m11_remote_runner.M11RemoteRunnerContractTests.test_07_release_bundle_runtime_rejects_modified_artifact)
2026-09-07T06:42:33.5674286Z ! @brief \uc2e4\uc81c bundle validator\uac00 \ubcc0\uc870\ud55c artifact\ub97c fail-closed \ucc98\ub9ac\ud569\ub2c8\ub2e4. ... ok
2026-09-07T06:42:33.5675959Z test_08_evidence_log_and_hil_result_are_always_retrieved (test_m11_remote_runner.M11RemoteRunnerContractTests.test_08_evidence_log_and_hil_result_are_always_retrieved)
2026-09-07T06:42:33.5677729Z ! @brief \uc131\uacf5\uacfc \uc2e4\ud328 \ubaa8\ub450\uc5d0\uc11c \uace0\uc815 companion \ud30c\uc77c \ud68c\uc218\ub97c \uc2dc\ub3c4\ud569\ub2c8\ub2e4. ... ok
2026-09-07T06:42:33.5679431Z test_09_timeout_and_output_capture_are_bounded (test_m11_remote_runner.M11RemoteRunnerContractTests.test_09_timeout_and_output_capture_are_bounded)
2026-09-07T06:42:33.5686267Z ! @brief \uc7a5\uc2dc\uac04 gate\ub3c4 disk spool, timeout\uacfc process-tree \uc885\ub8cc\ub97c \uc0ac\uc6a9\ud569\ub2c8\ub2e4. ... ok
2026-09-07T06:42:33.5688059Z test_09b_remote_gate_uses_uploaded_ascii_launcher (test_m11_remote_runner.M11RemoteRunnerContractTests.test_09b_remote_gate_uses_uploaded_ascii_launcher)
2026-09-07T06:42:33.5689480Z ! @brief \uae34 remote command\ub97c SSH command line\uc5d0 \uc9c1\uc811 \ub123\uc9c0 \uc54a\uc2b5\ub2c8\ub2e4. ... ok
2026-09-07T06:42:33.5691276Z test_10_credentials_device_and_endpoint_are_redacted (test_m11_remote_runner.M11RemoteRunnerContractTests.test_10_credentials_device_and_endpoint_are_redacted)
2026-09-07T06:42:33.8906614Z ! @brief endpoint, token, probe UID\uc640 COM port \uc6d0\ubb38\uc744 \uc81c\uac70\ud569\ub2c8\ub2e4. ... ok
2026-09-07T06:42:33.8908395Z test_11_result_omits_endpoint_and_records_hashes (test_m11_remote_runner.M11RemoteRunnerContractTests.test_11_result_omits_endpoint_and_records_hashes)
2026-09-07T06:42:33.8910169Z ! @brief orchestrator JSON\uc5d0\ub294 endpoint \uc6d0\ubb38 \ub300\uc2e0 hash\uc640 gate byte\ub97c \ub0a8\uae41\ub2c8\ub2e4. ... ok
2026-09-07T06:42:33.8911718Z test_12_remote_paths_are_unique_and_never_deleted_for_reuse (test_m11_remote_runner.M11RemoteRunnerContractTests.test_12_remote_paths_are_unique_and_never_deleted_for_reuse)
2026-09-07T06:42:33.8913383Z ! @brief run\ubcc4 \uc0c8 \uacbd\ub85c\ub97c \uc694\uad6c\ud574 \uc774\uc804 evidence\uc640 checkout\uc744 \uc11e\uc9c0 \uc54a\uc2b5\ub2c8\ub2e4. ... ok
2026-09-07T06:42:33.8914870Z test_13_gate_records_use_powershell_51_object_array (test_m11_remote_runner.M11RemoteRunnerContractTests.test_13_gate_records_use_powershell_51_object_array)
2026-09-07T06:42:34.2446922Z ! @brief generic list array \ubcc0\ud658\uc758 PowerShell 5.1 binder \uc624\ub958\ub97c \ucc28\ub2e8\ud569\ub2c8\ub2e4. ... ok
2026-09-07T06:42:34.2448303Z test_14_post_processing_failure_records_failed_receipt (test_m11_remote_runner.M11RemoteRunnerContractTests.test_14_post_processing_failure_records_failed_receipt)
2026-09-07T06:42:34.2449681Z ! @brief \ub85c\uceec \uac80\uc99d�\ubcf5\uc0ac�\ub9c8\uac10 \uc2e4\ud328\ub3c4 fail-closed receipt\ub85c \ub0a8\uae41\ub2c8\ub2e4. ... ok
2026-09-07T06:42:34.2450172Z 
2026-09-07T06:42:34.2450318Z ----------------------------------------------------------------------
2026-09-07T06:42:34.2450652Z Ran 16 tests in 1.842s
2026-09-07T06:42:34.2450780Z 
2026-09-07T06:42:34.2450857Z OK
2026-09-07T06:42:34.2561191Z [M12] exec: C:\hostedtoolcache\windows\Python\3.12.10\x64\python.exe -m unittest discover -v -s D:\a\NU54DK_Arduino_Core\NU54DK_Arduino_Core\tests\host -p test_m13_profiles.py
2026-09-07T06:42:34.3815689Z test_arduino_cli_discovers_canonical_examples_when_installed (test_m13_profiles.M13ProfileContractTests.test_arduino_cli_discovers_canonical_examples_when_installed)
2026-09-07T06:42:34.3817388Z ! @brief \uc124\uce58\ub41c Arduino CLI\uac00 \uacf5\uac1c \uc608\uc81c\ub97c \ub178\ucd9c\ud558\ub294\uc9c0 \ud655\uc778\ud569\ub2c8\ub2e4. ... skipped 'M13 package \uc124\uce58 \ud6c4 NUCODE_M13_CLI_DISCOVERY=1\ub85c \uc2e4\ud589\ud569\ub2c8\ub2e4.'
2026-09-07T06:42:34.3818681Z test_canonical_examples_have_no_zephyr_sidecars (test_m13_profiles.M13ProfileContractTests.test_canonical_examples_have_no_zephyr_sidecars)
2026-09-07T06:42:34.3854436Z ! @brief \uacf5\uac1c \uc608\uc81c\uac00 ino\ub9cc\uc73c\ub85c \ud0d0\uc0c9 \uac00\ub2a5\ud55c\uc9c0 \ud655\uc778\ud569\ub2c8\ub2e4. ... ok
2026-09-07T06:42:34.3855396Z test_duplicate_feature_key_uses_feature_schema_diagnostic (test_m13_profiles.M13ProfileContractTests.test_duplicate_feature_key_uses_feature_schema_diagnostic)
2026-09-07T06:42:34.5128245Z ! @brief feature manifest \uc911\ubcf5 key\ub97c profile \uc624\ub958\ub85c \uc798\ubabb \ubcf4\uace0\ud558\uc9c0 \uc54a\uc2b5\ub2c8\ub2e4. ... ok
2026-09-07T06:42:34.5327196Z test_feature_cache_collision_is_fail_closed (test_m13_profiles.M13ProfileContractTests.test_feature_cache_collision_is_fail_closed)
2026-09-07T06:42:34.5328150Z ! @brief \ucd95\uc57d cache directory\uc758 \ub2e4\ub978 full key\ub97c \ub36e\uc5b4\uc4f0\uc9c0 \uc54a\uc2b5\ub2c8\ub2e4. ... ok
2026-09-07T06:42:34.5329047Z test_feature_configure_failure_marks_cache_failed (test_m13_profiles.M13ProfileContractTests.test_feature_configure_failure_marks_cache_failed)
2026-09-07T06:42:34.6089283Z ! @brief \ucd5c\uc885 configure \uc2e4\ud328\ub97c failed/configure-failed \uc0c1\ud0dc\ub85c \ubcf4\uc874\ud569\ub2c8\ub2e4. ... ok
2026-09-07T06:42:34.6090264Z test_only_selected_bundled_library_is_resolved (test_m13_profiles.M13ProfileContractTests.test_only_selected_bundled_library_is_resolved)
2026-09-07T06:42:34.6123962Z ! @brief \uc2e4\uc81c source record\uc5d0 \ub4f1\uc7a5\ud55c bundled library\ub9cc \uc120\ud0dd\ud569\ub2c8\ub2e4. ... ok
2026-09-07T06:42:34.6124881Z test_profile_rejects_wrong_fqbn_and_zephyr_board (test_m13_profiles.M13ProfileContractTests.test_profile_rejects_wrong_fqbn_and_zephyr_board)
2026-09-07T06:42:34.6128851Z ! @brief profile\uc774 \uc2e4\uc81c Arduino \ubc0f Zephyr target\uacfc \ub2e4\ub974\uba74 \uc911\ub2e8\ud569\ub2c8\ub2e4. ... ok
2026-09-07T06:42:34.6129914Z test_profile_string_types_and_windows_paths_are_rejected (test_m13_profiles.M13ProfileContractTests.test_profile_string_types_and_windows_paths_are_rejected)
2026-09-07T06:42:34.6381271Z ! @brief malformed scalar\uc640 Windows \uc808\ub300 \uacbd\ub85c\ub97c schema \uc624\ub958\ub85c \uac70\ubd80\ud569\ub2c8\ub2e4. ... ok
2026-09-07T06:42:34.6382887Z test_schema_path_conflict_and_cache_key_contract (test_m13_profiles.M13ProfileContractTests.test_schema_path_conflict_and_cache_key_contract)
2026-09-07T06:42:34.7906767Z ! @brief \uc798\ubabb\ub41c manifest\ub97c \uac70\ubd80\ud558\uace0 feature \uc9d1\ud569\uc774 cache key\ub97c \ubc14\uafb8\ub294\uc9c0 \ud655\uc778\ud569\ub2c8\ub2e4. ... ok
2026-09-07T06:42:34.7907961Z test_selected_feature_fragments_merge_before_expert_override (test_m13_profiles.M13ProfileContractTests.test_selected_feature_fragments_merge_before_expert_override)
2026-09-07T06:42:35.0045750Z ! @brief \uc120\ud0dd feature fragment\uc640 sketch override\uc758 \ubcd1\ud569 \uc21c\uc11c\ub97c \uac80\uc99d\ud569\ub2c8\ub2e4. ... ok
2026-09-07T06:42:35.0046659Z test_standard_profile_and_allowlist (test_m13_profiles.M13ProfileContractTests.test_standard_profile_and_allowlist)
2026-09-07T06:42:35.0102866Z ! @brief \ud45c\uc900 profile\uacfc bundled feature manifest\ub97c \uac80\uc99d\ud569\ub2c8\ub2e4. ... ok
2026-09-07T06:42:35.0103664Z 
2026-09-07T06:42:35.0103821Z ----------------------------------------------------------------------
2026-09-07T06:42:35.0104185Z Ran 11 tests in 0.629s
2026-09-07T06:42:35.0104320Z 
2026-09-07T06:42:35.0104403Z OK (skipped=1)
2026-09-07T06:42:35.0281142Z [M12] exec: C:\hostedtoolcache\windows\Python\3.12.10\x64\python.exe -m unittest discover -v -s D:\a\NU54DK_Arduino_Core\NU54DK_Arduino_Core\tests\host -p test_m14_core_contract.py
2026-09-07T06:42:36.3993605Z test_core_utility_random_f_and_diagnostics_compile_link (test_m14_core_contract.M14CoreContractTests.test_core_utility_random_f_and_diagnostics_compile_link) ... ok
2026-09-07T06:42:36.8460124Z test_disabled_peripheral_stubs_compile_link_and_fail_closed (test_m14_core_contract.M14CoreContractTests.test_disabled_peripheral_stubs_compile_link_and_fail_closed) ... ok
2026-09-07T06:42:37.6379172Z test_generated_native_runtime_semantics (test_m14_core_contract.M14CoreContractTests.test_generated_native_runtime_semantics) ... ok
2026-09-07T06:42:37.6385097Z test_peripheral_config_matrix_has_real_link_targets (test_m14_core_contract.M14CoreContractTests.test_peripheral_config_matrix_has_real_link_targets) ... ok
2026-09-07T06:42:37.6386738Z test_production_sources_are_registered (test_m14_core_contract.M14CoreContractTests.test_production_sources_are_registered) ... ok
2026-09-07T06:42:37.6387503Z 
2026-09-07T06:42:37.6388231Z ----------------------------------------------------------------------
2026-09-07T06:42:37.6388792Z Ran 5 tests in 2.536s
2026-09-07T06:42:37.6389035Z 
2026-09-07T06:42:37.6389130Z OK
2026-09-07T06:42:37.6488899Z [M12] exec: C:\hostedtoolcache\windows\Python\3.12.10\x64\python.exe -m unittest discover -v -s D:\a\NU54DK_Arduino_Core\NU54DK_Arduino_Core\tests\host -p test_m14_pin_hil_runner.py
2026-09-07T06:42:37.7926170Z test_accepts_exact_led_button_and_edge_contract (nu54_m14_pin_hil.M14PinHilTests.test_accepts_exact_led_button_and_edge_contract)
2026-09-07T06:42:37.7928089Z ! @brief LED 2\uac1c\uc640 \ubc84\ud2bc 3\uac1c\uc758 \uc644\uc804\ud55c protocol\ub9cc \uc2b9\uc778\ud569\ub2c8\ub2e4. ... ok
2026-09-07T06:42:37.7929593Z test_board_checkout_must_match_parent_gitlink (nu54_m14_pin_hil.M14PinHilTests.test_board_checkout_must_match_parent_gitlink)
2026-09-07T06:42:37.7933391Z ! @brief clean submodule\uc774\ub77c\ub3c4 \ubd80\ubaa8 commit\uacfc \ub2e4\ub978 revision\uc774\uba74 \uac70\ubd80\ud569\ub2c8\ub2e4. ... ok
2026-09-07T06:42:37.7934597Z test_build_record_requires_clean_exact_target_identity (nu54_m14_pin_hil.M14PinHilTests.test_build_record_requires_clean_exact_target_identity)
2026-09-07T06:42:37.8027095Z ! @brief dirty revision\uc774\ub098 \ub2e4\ub978 NCS/board target\uc758 HEX\ub97c \uac70\ubd80\ud569\ub2c8\ub2e4. ... ok
2026-09-07T06:42:37.8028383Z test_evidence_binds_revisions_image_transcript_and_exclusion (nu54_m14_pin_hil.M14PinHilTests.test_evidence_binds_revisions_image_transcript_and_exclusion)
2026-09-07T06:42:37.8053357Z ! @brief PASS JSON\uc774 exact byte\uc640 PWM-owned \uc81c\uc678 \uadfc\uac70\ub97c \ud568\uaed8 \uae30\ub85d\ud569\ub2c8\ub2e4. ... ok
2026-09-07T06:42:37.8054669Z test_existing_evidence_requires_explicit_overwrite (nu54_m14_pin_hil.M14PinHilTests.test_existing_evidence_requires_explicit_overwrite)
2026-09-07T06:42:37.8074676Z ! @brief \uc774\uc804 PASS \uc99d\uc801\uc744 \uc790\ub3d9\uc73c\ub85c \ub36e\uc5b4\uc4f0\uc9c0 \uc54a\ub294\uc9c0 \ud655\uc778\ud569\ub2c8\ub2e4. ... ok
2026-09-07T06:42:37.8075936Z test_m14_keeps_live_worktree_digest_contract (nu54_m14_pin_hil.M14PinHilTests.test_m14_keeps_live_worktree_digest_contract)
2026-09-07T06:42:37.8078706Z ! @brief M14 local build \uac80\uc99d\uc774 CI canonical helper\ub85c \ubc14\ub00c\uc9c0 \uc54a\uac8c \uace0\uc815\ud569\ub2c8\ub2e4. ... ok
2026-09-07T06:42:37.8080495Z test_manual_acknowledgement_and_timeout_are_explicit (nu54_m14_pin_hil.M14PinHilTests.test_manual_acknowledgement_and_timeout_are_explicit)
2026-09-07T06:42:37.8089115Z ! @brief \uc2e4\uc81c \uc2e4\ud589 \uae30\ubcf8\uac12\uc740 \uc218\ub3d9 \ub3d9\uc791\uc744 \uc554\ubb35\uc801\uc73c\ub85c \uc2b9\uc778\ud558\uc9c0 \uc54a\uc2b5\ub2c8\ub2e4. ... ok
2026-09-07T06:42:37.8090306Z test_rejects_duplicate_protocol_after_final_pass (nu54_m14_pin_hil.M14PinHilTests.test_rejects_duplicate_protocol_after_final_pass)
2026-09-07T06:42:37.8091310Z ! @brief \ucd5c\uc885 PASS \ub4a4 \uc911\ubcf5 \ub610\ub294 \uc704\uc870 protocol token\uc744 \uac70\ubd80\ud569\ub2c8\ub2e4. ... ok
2026-09-07T06:42:37.8092526Z test_rejects_missing_edge_and_incomplete_change_pair (nu54_m14_pin_hil.M14PinHilTests.test_rejects_missing_edge_and_incomplete_change_pair)
2026-09-07T06:42:37.8095098Z ! @brief edge 0\ud68c\uc640 CHANGE release \ucd94\uac00 edge \ubd80\uc7ac\ub97c \ubaa8\ub450 \uac70\ubd80\ud569\ub2c8\ub2e4. ... ok
2026-09-07T06:42:37.8095926Z test_rejects_target_failure_and_missing_pin (nu54_m14_pin_hil.M14PinHilTests.test_rejects_target_failure_and_missing_pin)
2026-09-07T06:42:37.8099124Z ! @brief target FAIL \ub610\ub294 \uc2e0\uaddc \ud540 \ub204\ub77d\uc744 PASS\ub85c \uc2b9\uaca9\ud558\uc9c0 \uc54a\uc2b5\ub2c8\ub2e4. ... ok
2026-09-07T06:42:37.8100143Z test_rejects_wrong_logical_id_and_action_order (nu54_m14_pin_hil.M14PinHilTests.test_rejects_wrong_logical_id_and_action_order)
2026-09-07T06:42:37.8102162Z ! @brief \uc774\ub984/ID \ubd88\uc77c\uce58\uc640 \uc548\ub0b4\ubcf4\ub2e4 \uc55e\uc120 \ubb3c\ub9ac \ub3d9\uc791 \uacb0\uacfc\ub97c \uac70\ubd80\ud569\ub2c8\ub2e4. ... ok
2026-09-07T06:42:37.8103170Z test_uart_waits_for_complete_terminal_line (nu54_m14_pin_hil.M14PinHilTests.test_uart_waits_for_complete_terminal_line)
2026-09-07T06:42:37.8104370Z ! @brief FAIL prefix\ub9cc \ubcf4\uace0 \uc870\uae30 \uc885\ub8cc\ud558\uc9c0 \uc54a\uace0 \uc9c4\ub2e8 line \uc804\uccb4\ub97c \ubcf4\uc874\ud569\ub2c8\ub2e4. ... ok
2026-09-07T06:42:37.8104912Z 
2026-09-07T06:42:37.8105054Z ----------------------------------------------------------------------
2026-09-07T06:42:37.8105374Z Ran 12 tests in 0.018s
2026-09-07T06:42:37.8105510Z 
2026-09-07T06:42:37.8105586Z OK
2026-09-07T06:42:37.8277608Z [M12] exec: C:\hostedtoolcache\windows\Python\3.12.10\x64\python.exe -m unittest discover -v -s D:\a\NU54DK_Arduino_Core\NU54DK_Arduino_Core\tests\host -p test_m14_variant_contract.py
2026-09-07T06:42:37.9239447Z test_core_dts_maps_all_31_pads_with_legacy_alias_compatibility (test_m14_variant_contract.M14VariantContractTests.test_core_dts_maps_all_31_pads_with_legacy_alias_compatibility) ... ok
2026-09-07T06:42:37.9468126Z test_duplicate_physical_pad_in_core_dts_is_rejected (test_m14_variant_contract.M14VariantContractTests.test_duplicate_physical_pad_in_core_dts_is_rejected) ... ok
2026-09-07T06:42:38.0155278Z test_public_constants_compile_without_changing_legacy_values (test_m14_variant_contract.M14VariantContractTests.test_public_constants_compile_without_changing_legacy_values) ... ok
2026-09-07T06:42:38.0264117Z test_route_matrix_and_fail_closed_policies_are_visible_in_evidence (test_m14_variant_contract.M14VariantContractTests.test_route_matrix_and_fail_closed_policies_are_visible_in_evidence) ... ok
2026-09-07T06:42:38.0403226Z test_verifier_writes_machine_readable_evidence (test_m14_variant_contract.M14VariantContractTests.test_verifier_writes_machine_readable_evidence) ... ok
2026-09-07T06:42:38.0407305Z test_zephyr_c_header_avoids_min_max_macro_redefinition (test_m14_variant_contract.M14VariantContractTests.test_zephyr_c_header_avoids_min_max_macro_redefinition) ... ok
2026-09-07T06:42:38.0408215Z 
2026-09-07T06:42:38.0408377Z ----------------------------------------------------------------------
2026-09-07T06:42:38.0408734Z Ran 6 tests in 0.128s
2026-09-07T06:42:38.0408878Z 
2026-09-07T06:42:38.0408961Z OK
2026-09-07T06:42:38.0524274Z [M12] exec: C:\hostedtoolcache\windows\Python\3.12.10\x64\python.exe -m unittest discover -v -s D:\a\NU54DK_Arduino_Core\NU54DK_Arduino_Core\tests\host -p test_m15_board_system_contract.py
2026-09-07T06:42:38.1260912Z test_alarm_callback_is_deferred_out_of_grtc_isr (test_m15_board_system_contract.M15BoardSystemContractTests.test_alarm_callback_is_deferred_out_of_grtc_isr)
2026-09-07T06:42:38.1265444Z ! @brief GRTC ISR\uc5d0\uc11c \uc0ac\uc6a9\uc790 callback\uc744 \uc9c1\uc811 \uc2e4\ud589\ud558\uc9c0 \uc54a\ub3c4\ub85d \uac80\uc0ac\ud569\ub2c8\ub2e4. ... ok
2026-09-07T06:42:38.1266616Z test_feature_merges_exact_board_system_fragments (test_m15_board_system_contract.M15BoardSystemContractTests.test_feature_merges_exact_board_system_fragments)
2026-09-07T06:42:38.1270700Z ! @brief Arduino library \uc120\ud0dd\uc774 Wire\uc640 \uace0\uc815 conf�overlay\ub97c \uc790\ub3d9 \ubcd1\ud569\ud558\ub294\uc9c0 \uac80\uc0ac\ud569\ub2c8\ub2e4. ... ok
2026-09-07T06:42:38.1271864Z test_m15_system_off_hil_is_command_gated_and_manual (test_m15_board_system_contract.M15BoardSystemContractTests.test_m15_system_off_hil_is_command_gated_and_manual)
2026-09-07T06:42:38.1278963Z ! @brief \uacb0\ud569 HIL\uc774 SWD \uaca9\ub9ac \ub4a4 timed\uc640 button ARM\uc744 \uc21c\uc11c\ub300\ub85c \uc694\uad6c\ud569\ub2c8\ub2e4. ... ok
2026-09-07T06:42:38.1280001Z test_pmic_begin_is_read_only_and_driver_node_stays_disabled (test_m15_board_system_contract.M15BoardSystemContractTests.test_pmic_begin_is_read_only_and_driver_node_stays_disabled)
2026-09-07T06:42:38.1284657Z ! @brief begin \uacbd\ub85c\uc758 register write\uc640 PMIC DTS \uc790\ub3d9 \ud65c\uc131\ud654\ub97c \ucc28\ub2e8\ud569\ub2c8\ub2e4. ... ok
2026-09-07T06:42:38.1285758Z test_pmic_writes_require_explicit_ram_only_authorization (test_m15_board_system_contract.M15BoardSystemContractTests.test_pmic_writes_require_explicit_ram_only_authorization)
2026-09-07T06:42:38.1292525Z ! @brief PMIC write\uac00 \uacf5\uac1c raw register \uc5c6\uc774 \ub9e4 boot \uba85\uc2dc \uc2b9\uc778\uc744 \uc694\uad6c\ud558\ub294\uc9c0 \uac80\uc0ac\ud569\ub2c8\ub2e4. ... ok
2026-09-07T06:42:38.1293659Z test_public_examples_exist_without_zephyr_sidecars (test_m15_board_system_contract.M15BoardSystemContractTests.test_public_examples_exist_without_zephyr_sidecars)
2026-09-07T06:42:38.1299499Z ! @brief \uc0ac\uc6a9\uc790\uac00 prj.conf\ub098 overlay\ub97c \ud3b8\uc9d1\ud558\uc9c0 \uc54a\uc544\ub3c4 \uc608\uc81c\ub97c \uc5f4 \uc218 \uc788\ub294\uc9c0 \uac80\uc0ac\ud569\ub2c8\ub2e4. ... ok
2026-09-07T06:42:38.1300586Z test_public_surface_contains_board_system_contract (test_m15_board_system_contract.M15BoardSystemContractTests.test_public_surface_contains_board_system_contract)
2026-09-07T06:42:38.1302438Z ! @brief M15 \uc2b9\uc778 API\uc640 \uc548\uc815 \uc624\ub958 \ud0c0\uc785\uc774 \ub2e8\uc77c \uc804\uc5ed \uac1d\uccb4\uc5d0 \ub178\ucd9c\ub418\ub294\uc9c0 \uac80\uc0ac\ud569\ub2c8\ub2e4. ... ok
2026-09-07T06:42:38.1303998Z test_serial_flush_waits_for_the_final_physical_frame (test_m15_board_system_contract.M15BoardSystemContractTests.test_serial_flush_waits_for_the_final_physical_frame)
2026-09-07T06:42:38.1305216Z ! @brief polling TX mutex \uc548\uc5d0\uc11c \ub9c8\uc9c0\ub9c9 8N1 frame drain\uc744 \ubcf4\uc7a5\ud569\ub2c8\ub2e4. ... ok
2026-09-07T06:42:38.1306138Z test_storage_namespace_and_bounds_are_fixed (test_m15_board_system_contract.M15BoardSystemContractTests.test_storage_namespace_and_bounds_are_fixed)
2026-09-07T06:42:38.1308940Z ! @brief Sketch\uac00 \uc124\uc815 \uc800\uc7a5\uc18c \uc804\uccb4\ub098 \ubb34\uc81c\ud55c \uac12\uc744 \uc18c\uc720\ud558\uc9c0 \ubabb\ud558\uac8c \ud569\ub2c8\ub2e4. ... ok
2026-09-07T06:42:38.1309973Z 
2026-09-07T06:42:38.1310208Z ----------------------------------------------------------------------
2026-09-07T06:42:38.1310708Z Ran 9 tests in 0.005s
2026-09-07T06:42:38.1310916Z 
2026-09-07T06:42:38.1311007Z OK
2026-09-07T06:42:38.1411765Z [M12] exec: C:\hostedtoolcache\windows\Python\3.12.10\x64\python.exe -m unittest discover -v -s D:\a\NU54DK_Arduino_Core\NU54DK_Arduino_Core\tests\host -p test_m15_lfxo_contract.py
2026-09-07T06:42:38.2114254Z test_all_arduino_and_m15_builds_include_the_shared_fragment (test_m15_lfxo_contract.M15LfxoContractTests.test_all_arduino_and_m15_builds_include_the_shared_fragment)
2026-09-07T06:42:38.2122169Z ! @brief \ubaa8\ub4e0 Arduino \ube4c\ub4dc\uc640 M15 image\uac00 \uac19\uc740 DTSI\ub97c \uc0ac\uc6a9\ud558\ub3c4\ub85d \uace0\uc815\ud569\ub2c8\ub2e4. ... ok
2026-09-07T06:42:38.2123362Z test_profile_and_library_feature_do_not_duplicate_board_override (test_m15_lfxo_contract.M15LfxoContractTests.test_profile_and_library_feature_do_not_duplicate_board_override)
2026-09-07T06:42:38.2127486Z ! @brief profile \ucd94\uac00\ub098 library \uc120\ud0dd\uc5d0 \ub530\ub77c LFXO \uc124\uc815\uc774 \ub2ec\ub77c\uc9c0\uc9c0 \uc54a\uac8c \ud569\ub2c8\ub2e4. ... ok
2026-09-07T06:42:38.2128887Z test_shared_fragment_uses_only_external_load_capacitors (test_m15_lfxo_contract.M15LfxoContractTests.test_shared_fragment_uses_only_external_load_capacitors)
2026-09-07T06:42:38.2130911Z ! @brief \uc678\ubd80 \ucee4\ud328\uc2dc\ud130 \uc120\ud0dd\uacfc \ub0b4\ubd80 \ucee4\ud328\uc2dc\ud130 \uc18d\uc131 \uc0ad\uc81c\ub97c \uace0\uc815\ud569\ub2c8\ub2e4. ... ok
2026-09-07T06:42:38.2131799Z 
2026-09-07T06:42:38.2132016Z ----------------------------------------------------------------------
2026-09-07T06:42:38.2132517Z Ran 3 tests in 0.002s
2026-09-07T06:42:38.2132718Z 
2026-09-07T06:42:38.2132815Z OK
2026-09-07T06:42:38.2226819Z [M12] exec: C:\hostedtoolcache\windows\Python\3.12.10\x64\python.exe -m unittest discover -v -s D:\a\NU54DK_Arduino_Core\NU54DK_Arduino_Core\tests\host -p test_m15_system_off_hil_runner.py
2026-09-07T06:42:38.3640423Z test_accepts_exact_protocol_records_terminated_by_lone_cr (nu54_m15_system_off_hil.M15SystemOffHilTests.test_accepts_exact_protocol_records_terminated_by_lone_cr)
2026-09-07T06:42:38.3641949Z ! @brief \ub2e8\ub3c5 CR \ub4a4 boot banner\uac00 \uc640\ub3c4 payload \uc804\uccb4 \uc77c\uce58\ub97c \uc720\uc9c0\ud569\ub2c8\ub2e4. ... ok
2026-09-07T06:42:38.3643096Z test_accepts_exact_schema_two_timed_then_button_sequence (nu54_m15_system_off_hil.M15SystemOffHilTests.test_accepts_exact_schema_two_timed_then_button_sequence)
2026-09-07T06:42:38.3644281Z ! @brief CLOCK\uacfc LOW_POWER_WAKE \ub2e8\uc77c \uc6d0\uc778\uc744 \ubaa8\ub450 \uc694\uad6c\ud569\ub2c8\ub2e4. ... ok
2026-09-07T06:42:38.3645115Z test_acknowledgements_and_timeout_are_explicit (nu54_m15_system_off_hil.M15SystemOffHilTests.test_acknowledgements_and_timeout_are_explicit)
2026-09-07T06:42:38.3662357Z ! @brief interface switch\uc640 \ubc84\ud2bc \uc2b9\uc778\uc744 \uc11c\ub85c \ub3c5\ub9bd\uc801\uc73c\ub85c \uc694\uad6c\ud569\ub2c8\ub2e4. ... ok
2026-09-07T06:42:38.3663338Z test_capture_handles_lone_cr_and_split_crlf_records (nu54_m15_system_off_hil.M15SystemOffHilTests.test_capture_handles_lone_cr_and_split_crlf_records)
2026-09-07T06:42:38.3667088Z ! @brief live capture\uac00 \ub2e8\ub3c5 CR\uacfc chunk \ubd84\ub9ac CRLF\ub97c \uc911\ubcf5 \uc5c6\uc774 \ucc98\ub9ac\ud569\ub2c8\ub2e4. ... ok
2026-09-07T06:42:38.3668417Z test_capture_requires_two_confirmations_and_sends_bound_nonce (nu54_m15_system_off_hil.M15SystemOffHilTests.test_capture_requires_two_confirmations_and_sends_bound_nonce)
2026-09-07T06:42:38.3669481Z ! @brief SWD \uaca9\ub9ac \ub4a4 timed ARM, SW0 release \ub4a4 button ARM\ub9cc \ubcf4\ub0c5\ub2c8\ub2e4. ... ok
2026-09-07T06:42:38.3670407Z test_dirty_imported_helper_or_board_source_is_rejected (nu54_m15_system_off_hil.M15SystemOffHilTests.test_dirty_imported_helper_or_board_source_is_rejected)
2026-09-07T06:42:38.3677179Z ! @brief \uacf5\uc6a9 helper\ub098 board \ubcc0\uacbd\uc744 \uc2e4\uc81c flash \uc804\uc5d0 \uac70\ubd80\ud569\ub2c8\ub2e4. ... ok
2026-09-07T06:42:38.3678145Z test_eof_and_uart_failure_preserve_partial_transcript (nu54_m15_system_off_hil.M15SystemOffHilTests.test_eof_and_uart_failure_preserve_partial_transcript)
2026-09-07T06:42:38.3679955Z ! @brief \uaca9\ub9ac \ud655\uc778 EOF\uc640 \ud6c4\uc18d UART \ub2e8\uc808\ub3c4 \uc218\uc9d1 byte\ub97c \ubcf4\uc874\ud569\ub2c8\ub2e4. ... ok
2026-09-07T06:42:38.3680963Z test_evidence_records_schema_two_switch_and_no_post_isolation_probe (nu54_m15_system_off_hil.M15SystemOffHilTests.test_evidence_records_schema_two_switch_and_no_post_isolation_probe)
2026-09-07T06:42:38.3715677Z ! @brief \uc99d\uc801\uc774 switch \ubc29\ud5a5\uc744 \ucd94\uce21\ud558\uc9c0 \uc54a\uace0 \uae08\uc9c0 \ub3d9\uc791\uc744 false\ub85c \uae30\ub85d\ud569\ub2c8\ub2e4. ... ok
2026-09-07T06:42:38.3716810Z test_existing_evidence_is_preserved_until_atomic_pass_replace (nu54_m15_system_off_hil.M15SystemOffHilTests.test_existing_evidence_is_preserved_until_atomic_pass_replace)
2026-09-07T06:42:38.3953731Z ! @brief \uc2e4\ud328\ud55c \uc7ac\uc2dc\ud5d8\uc774 \uc774\uc804 PASS\ub97c \ud30c\uad34\ud558\uc9c0 \uc54a\ub294\uc9c0 \ud655\uc778\ud569\ub2c8\ub2e4. ... ok
2026-09-07T06:42:38.3955250Z test_flash_occurs_before_capture_and_only_once (nu54_m15_system_off_hil.M15SystemOffHilTests.test_flash_occurs_before_capture_and_only_once)
2026-09-07T06:42:38.3960674Z ! @brief SWD \uaca9\ub9ac prompt\uac00 \uac00\ub2a5\ud55c capture\ubcf4\ub2e4 flash\uac00 \uba3c\uc800 \ud55c \ubc88 \uc2e4\ud589\ub429\ub2c8\ub2e4. ... ok
2026-09-07T06:42:38.3961823Z test_rejects_failure_missing_line_and_trailing_protocol (nu54_m15_system_off_hil.M15SystemOffHilTests.test_rejects_failure_missing_line_and_trailing_protocol)
2026-09-07T06:42:38.3963581Z ! @brief FAIL, \ub204\ub77d\uacfc \ucd5c\uc885 PASS \ub4a4 \ucd94\uac00 protocol\uc744 \uac70\ubd80\ud569\ub2c8\ub2e4. ... ok
2026-09-07T06:42:38.3964287Z test_rejects_nonce_mismatch (nu54_m15_system_off_hil.M15SystemOffHilTests.test_rejects_nonce_mismatch)
2026-09-07T06:42:38.3965306Z ! @brief \uc7ac\ubd80\ud305 \uacbd\uacc4\ub97c \ub2e4\ub978 \uc2e4\ud589\uc758 token\uc73c\ub85c \uc870\ud569\ud558\uc9c0 \uc54a\uc2b5\ub2c8\ub2e4. ... ok
2026-09-07T06:42:38.3966873Z test_rejects_protocol_record_without_any_line_boundary (nu54_m15_system_off_hil.M15SystemOffHilTests.test_rejects_protocol_record_without_any_line_boundary)
2026-09-07T06:42:38.3967859Z ! @brief token\uacfc boot banner \uc0ac\uc774\uc5d0 EOL\uc774 \uc5c6\uc73c\uba74 \ubd80\ubd84 \ubcf5\uc6d0\ud558\uc9c0 \uc54a\uc2b5\ub2c8\ub2e4. ... ok
2026-09-07T06:42:38.3968782Z test_reset_cause_is_exact_supported_and_never_debug (nu54_m15_system_off_hil.M15SystemOffHilTests.test_reset_cause_is_exact_supported_and_never_debug)
2026-09-07T06:42:38.3970447Z ! @brief CLOCK�LOW_POWER_WAKE \uc678 \uc6d0\uc778\uacfc RESET_DEBUG \ud63c\ud569\uc744 \uac70\ubd80\ud569\ub2c8\ub2e4. ... ok
2026-09-07T06:42:38.3971217Z test_wake_timing_is_fail_closed (nu54_m15_system_off_hil.M15SystemOffHilTests.test_wake_timing_is_fail_closed)
2026-09-07T06:42:38.3972221Z ! @brief \ub108\ubb34 \ube60\ub974\uac70\ub098 \ub290\ub9b0 timed wake\uc640 \uc774\ub978 SW0 wake\ub97c \uac70\ubd80\ud569\ub2c8\ub2e4. ... ok
2026-09-07T06:42:38.3973580Z test_wrong_swd_confirmation_stops_before_any_arm (nu54_m15_system_off_hil.M15SystemOffHilTests.test_wrong_swd_confirmation_stops_before_any_arm)
2026-09-07T06:42:38.3975092Z ! @brief \ubaa8\ud638\ud55c switch \uc0c1\ud0dc\uc5d0\uc11c\ub294 UART ARM\uc870\ucc28 \uc804\uc1a1\ud558\uc9c0 \uc54a\uc2b5\ub2c8\ub2e4. ... ok
2026-09-07T06:42:38.3975562Z 
2026-09-07T06:42:38.3975705Z ----------------------------------------------------------------------
2026-09-07T06:42:38.3976045Z Ran 16 tests in 0.034s
2026-09-07T06:42:38.3976174Z 
2026-09-07T06:42:38.3976249Z OK
2026-09-07T06:42:38.4150198Z [M12] exec: C:\hostedtoolcache\windows\Python\3.12.10\x64\python.exe -m unittest discover -v -s D:\a\NU54DK_Arduino_Core\NU54DK_Arduino_Core\tests\host -p test_m16_ble_contract.py
2026-09-07T06:42:38.4885031Z test_arduino_library_metadata_and_example_contract (test_m16_ble_contract.M16BleNusContractTests.test_arduino_library_metadata_and_example_contract)
2026-09-07T06:42:38.4890111Z ! @brief Boards Manager\uac00 NUS library\uc640 \uc591\ucabd \uc5ed\ud560 \uc608\uc81c\ub97c \ucc3e\ub294\uc9c0 \uac80\uc99d\ud569\ub2c8\ub2e4. ... ok
2026-09-07T06:42:38.4891405Z test_ble_profile_feature_and_board_menu_are_wired (test_m16_ble_contract.M16BleNusContractTests.test_ble_profile_feature_and_board_menu_are_wired)
2026-09-07T06:42:38.4900970Z ! @brief ble profile \uc120\ud0dd\ub9cc\uc73c\ub85c \ud544\uc694\ud55c NUS feature\uac00 \ubcd1\ud569\ub418\ub294\uc9c0 \uac80\uc0ac\ud569\ub2c8\ub2e4. ... ok
2026-09-07T06:42:38.4902393Z test_bluetooth_callbacks_are_deferred_to_poll_through_fixed_queues (test_m16_ble_contract.M16BleNusContractTests.test_bluetooth_callbacks_are_deferred_to_poll_through_fixed_queues)
2026-09-07T06:42:38.4968911Z ! @brief Bluetooth context\uc5d0\uc11c Sketch callback \uc9c1\uc811 \uc2e4\ud589\uacfc \ub3d9\uc801 queue\ub97c \ucc28\ub2e8\ud569\ub2c8\ub2e4. ... ok
2026-09-07T06:42:38.4971168Z test_kconfig_and_feature_register_bounded_ble_runtime (test_m16_ble_contract.M16BleNusContractTests.test_kconfig_and_feature_register_bounded_ble_runtime)
2026-09-07T06:42:38.4973643Z ! @brief BLE \uad6c\ud604\uacfc \uace0\uc815 queue \ud06c\uae30\uac00 library feature\uc5d0 \uba85\uc2dc\ub418\ub294\uc9c0 \uac80\uc0ac\ud569\ub2c8\ub2e4. ... ok
2026-09-07T06:42:38.4974953Z test_peripheral_example_keeps_received_data_free_of_event_logs (test_m16_ble_contract.M16BleNusContractTests.test_peripheral_example_keeps_received_data_free_of_event_logs)
2026-09-07T06:42:38.4983375Z ! @brief \uc218\uc2e0 event \ub85c\uadf8\uac00 NUS-Serial \ub370\uc774\ud130 \uacbd\ub85c\uc5d0 \uc11e\uc774\uc9c0 \uc54a\ub3c4\ub85d \uace0\uc815\ud569\ub2c8\ub2e4. ... ok
2026-09-07T06:42:38.4984623Z test_public_nus_stream_surface_is_complete (test_m16_ble_contract.M16BleNusContractTests.test_public_nus_stream_surface_is_complete)
2026-09-07T06:42:38.4997672Z ! @brief peripheral\uacfc central\uc774 \uacf5\uc720\ud558\ub294 Arduino Stream \ud45c\uba74\uc744 \uace0\uc815\ud569\ub2c8\ub2e4. ... ok
2026-09-07T06:42:38.4998819Z 
2026-09-07T06:42:38.4999091Z ----------------------------------------------------------------------
2026-09-07T06:42:38.4999637Z Ran 6 tests in 0.012s
2026-09-07T06:42:38.4999849Z 
2026-09-07T06:42:38.4999967Z OK
2026-09-07T06:42:38.5106663Z [M12] exec: C:\hostedtoolcache\windows\Python\3.12.10\x64\python.exe -m unittest discover -v -s D:\a\NU54DK_Arduino_Core\NU54DK_Arduino_Core\tests\host -p test_m16_ble_pair.py
2026-09-07T06:42:38.6253954Z test_accepts_exact_frame_boundaries_and_reconnect (test_m16_ble_pair.M16BlePairHilTests.test_accepts_exact_frame_boundaries_and_reconnect)
2026-09-07T06:42:38.6255431Z ! @brief \uc591\ucabd exact protocol\uc5d0\uc11c 1/20/21/64 \ubc0f \uc7ac\uc5f0\uacb0\uc744 \uc2b9\uc778\ud569\ub2c8\ub2e4. ... ok
2026-09-07T06:42:38.6256825Z test_evidence_binds_two_boards_images_and_raw_transcript_sha (test_m16_ble_pair.M16BlePairHilTests.test_evidence_binds_two_boards_images_and_raw_transcript_sha)
2026-09-07T06:42:38.6306608Z ! @brief evidence\uac00 \ub450 UID�MSD�COM\uacfc \ub450 raw transcript hash\ub97c \uae30\ub85d\ud569\ub2c8\ub2e4. ... ok
2026-09-07T06:42:38.6307805Z test_existing_evidence_requires_explicit_overwrite (test_m16_ble_pair.M16BlePairHilTests.test_existing_evidence_requires_explicit_overwrite)
2026-09-07T06:42:38.6335842Z ! @brief \uae30\uc874 PASS\uc640 companion raw transcript\ub97c \uc554\ubb35\uc801\uc73c\ub85c \ub36e\uc9c0 \uc54a\uc2b5\ub2c8\ub2e4. ... ok
2026-09-07T06:42:38.6336677Z test_nonce_is_exact_lowercase_hex (test_m16_ble_pair.M16BlePairHilTests.test_nonce_is_exact_lowercase_hex)
2026-09-07T06:42:38.6338561Z ! @brief nonce \uae38\uc774�\ubb38\uc790 \uc9d1\ud569\uc744 \uace0\uc815\ud574 stale \ud310\uc815\uc758 \ubaa8\ud638\uc131\uc744 \uc81c\uac70\ud569\ub2c8\ub2e4. ... ok
2026-09-07T06:42:38.6339507Z test_rejects_missing_or_wrong_frame_boundary (test_m16_ble_pair.M16BlePairHilTests.test_rejects_missing_or_wrong_frame_boundary)
2026-09-07T06:42:38.6341658Z ! @brief 20/21 byte \uacbd\uacc4 \ub204\ub77d\uc774\ub098 \uc798\ubabb\ub41c \uae38\uc774\ub97c PASS\ub85c \uc2b9\uaca9\ud558\uc9c0 \uc54a\uc2b5\ub2c8\ub2e4. ... ok
2026-09-07T06:42:38.6343471Z test_rejects_missing_reconnect_and_wrong_byte_total (test_m16_ble_pair.M16BlePairHilTests.test_rejects_missing_reconnect_and_wrong_byte_total)
2026-09-07T06:42:38.6344391Z ! @brief \ub450 \ubc88\uc9f8 \uc5f0\uacb0\uacfc peripheral 106/21 byte \uacc4\uc57d \ub204\ub77d\uc744 \uac70\ubd80\ud569\ub2c8\ub2e4. ... ok
2026-09-07T06:42:38.6345498Z test_rejects_stale_nonce_before_current_final (test_m16_ble_pair.M16BlePairHilTests.test_rejects_stale_nonce_before_current_final)
2026-09-07T06:42:38.6346503Z ! @brief \uc774\uc804 \uc2e4\ud589 FINAL\uc774\ub098 frame\uc744 \ud604\uc7ac PASS\ub85c \uc7ac\uc0ac\uc6a9\ud558\uc9c0 \ubabb\ud558\uac8c \ud569\ub2c8\ub2e4. ... ok
2026-09-07T06:42:38.6348460Z test_rejects_target_fail_and_tokens_after_final (test_m16_ble_pair.M16BlePairHilTests.test_rejects_target_fail_and_tokens_after_final)
2026-09-07T06:42:38.6350209Z ! @brief target FAIL \ubc0f FINAL \ub4a4 \uc911\ubcf5 protocol token\uc744 \ubaa8\ub450 \uac70\ubd80\ud569\ub2c8\ub2e4. ... ok
2026-09-07T06:42:38.6351659Z test_requires_two_distinct_uids_volumes_and_ports (test_m16_ble_pair.M16BlePairHilTests.test_requires_two_distinct_uids_volumes_and_ports)
2026-09-07T06:42:38.6353332Z ! @brief \uac19\uc740 UID�MSD�COM\uc744 role \ub450 \uac1c\ub85c \uc624\uc778\ud558\uc9c0 \uc54a\uac8c \ucc28\ub2e8\ud569\ub2c8\ub2e4. ... ok
2026-09-07T06:42:38.6354052Z 
2026-09-07T06:42:38.6354251Z ----------------------------------------------------------------------
2026-09-07T06:42:38.6354803Z Ran 9 tests in 0.010s
2026-09-07T06:42:38.6355001Z 
2026-09-07T06:42:38.6355104Z OK
2026-09-07T06:42:38.6496776Z [M12] exec: C:\hostedtoolcache\windows\Python\3.12.10\x64\python.exe -m unittest discover -v -s D:\a\NU54DK_Arduino_Core\NU54DK_Arduino_Core\tests\host -p test_m17_coverage.py
2026-09-07T06:42:38.7783869Z test_build_only_failure_is_gate_failure (test_m17_coverage.M17CoverageTests.test_build_only_failure_is_gate_failure)
2026-09-07T06:42:38.8003151Z ! @brief build-only \ud56d\ubaa9\uc758 evidence\uac00 \uc788\ub294 fail\uc740 coverage gate\ub97c \uc2e4\ud328\uc2dc\ud0b5\ub2c8\ub2e4. ... ok
2026-09-07T06:42:38.8004098Z test_deferred_failure_is_valid_and_rendered (test_m17_coverage.M17CoverageTests.test_deferred_failure_is_valid_and_rendered)
2026-09-07T06:42:38.8244736Z ! @brief deferred \uc2e4\ud328\ub294 gate\ub97c \ub9c9\uc9c0 \uc54a\uace0 evidence\uc640 \uc694\uc57d\uc5d0 \uba85\uc2dc\ud569\ub2c8\ub2e4. ... ok
2026-09-07T06:42:38.8370615Z test_duplicate_json_key_is_rejected (test_m17_coverage.M17CoverageTests.test_duplicate_json_key_is_rejected) ... ok
2026-09-07T06:42:38.8371970Z test_evidence_drive_path_is_rejected (test_m17_coverage.M17CoverageTests.test_evidence_drive_path_is_rejected)
2026-09-07T06:42:38.8586160Z ! @brief evidence\uc5d0\ub3c4 Windows absolute�drive-relative \uacbd\ub85c\ub97c \ud5c8\uc6a9\ud558\uc9c0 \uc54a\uc2b5\ub2c8\ub2e4. ... ok
2026-09-07T06:42:38.8841611Z test_external_source_requires_exact_commit (test_m17_coverage.M17CoverageTests.test_external_source_requires_exact_commit) ... ok
2026-09-07T06:42:38.9069468Z test_fixture_validates_without_checkout_probe (test_m17_coverage.M17CoverageTests.test_fixture_validates_without_checkout_probe) ... ok
2026-09-07T06:42:38.9070465Z test_generated_outputs_accept_git_crlf_checkout (test_m17_coverage.M17CoverageTests.test_generated_outputs_accept_git_crlf_checkout)
2026-09-07T06:42:38.9454074Z ! @brief \uc0dd\uc131 \uc694\uc57d\uc758 Git CRLF checkout\uc744 LF \uc6d0\ubcf8\uacfc \ub3d9\uc77c\ud558\uac8c \uac80\uc99d\ud569\ub2c8\ub2e4. ... ok
2026-09-07T06:42:38.9685943Z test_invalid_enum_is_rejected (test_m17_coverage.M17CoverageTests.test_invalid_enum_is_rejected) ... ok
2026-09-07T06:42:38.9818857Z test_manifest_path_traversal_is_rejected (test_m17_coverage.M17CoverageTests.test_manifest_path_traversal_is_rejected) ... ok
2026-09-07T06:42:38.9819801Z test_manifest_record_hash_accepts_git_crlf_checkout (test_m17_coverage.M17CoverageTests.test_manifest_record_hash_accepts_git_crlf_checkout)
2026-09-07T06:42:39.0044651Z ! @brief Git text \ubcc0\ud658\uc73c\ub85c \uc0dd\uae34 CRLF\uac00 LF \uae30\uc900 record hash\ub97c \ubc14\uafb8\uc9c0 \uc54a\uc2b5\ub2c8\ub2e4. ... ok
2026-09-07T06:42:39.0226076Z test_manifest_record_hash_mismatch_is_rejected (test_m17_coverage.M17CoverageTests.test_manifest_record_hash_mismatch_is_rejected) ... ok
2026-09-07T06:42:39.0227011Z test_manifest_record_hash_rejects_bare_cr (test_m17_coverage.M17CoverageTests.test_manifest_record_hash_rejects_bare_cr)
2026-09-07T06:42:39.0369969Z ! @brief Git\uc758 CRLF \ubcc0\ud658\uc774 \uc544\ub2cc \ub2e8\ub3c5 CR\uc740 \ubaa8\ud638\ud55c \uc785\ub825\uc73c\ub85c \uac70\ubd80\ud569\ub2c8\ub2e4. ... ok
2026-09-07T06:42:39.0371005Z test_manifest_record_hash_rejects_content_change_with_crlf (test_m17_coverage.M17CoverageTests.test_manifest_record_hash_rejects_content_change_with_crlf)
2026-09-07T06:42:39.0523154Z ! @brief CRLF checkout\uc5d0\uc11c\ub3c4 \uc2e4\uc81c record \ub0b4\uc6a9 \ubcc0\uacbd\uc740 SHA mismatch\ub85c \uac70\ubd80\ud569\ub2c8\ub2e4. ... ok
2026-09-07T06:42:39.0661697Z test_manifest_revision_mismatch_is_rejected (test_m17_coverage.M17CoverageTests.test_manifest_revision_mismatch_is_rejected) ... ok
2026-09-07T06:42:39.0885225Z test_networking_supported_promotion_is_rejected (test_m17_coverage.M17CoverageTests.test_networking_supported_promotion_is_rejected) ... ok
2026-09-07T06:42:39.0886130Z test_pass_and_fail_require_evidence (test_m17_coverage.M17CoverageTests.test_pass_and_fail_require_evidence)
2026-09-07T06:42:39.1197910Z ! @brief \uc644\ub8cc \uacb0\uacfc\uc778 pass\uc640 fail\uc5d0 evidence\uac00 \uc5c6\uc73c\uba74 \uac70\ubd80\ud569\ub2c8\ub2e4. ... ok
2026-09-07T06:42:39.1198793Z test_planned_and_not_run_reject_evidence (test_m17_coverage.M17CoverageTests.test_planned_and_not_run_reject_evidence)
2026-09-07T06:42:39.1509136Z ! @brief \ubbf8\uc2e4\ud589 \uc0c1\ud0dc\uc778 planned\uc640 not-run\uc5d0\ub294 evidence\ub97c \uae08\uc9c0\ud569\ub2c8\ub2e4. ... ok
2026-09-07T06:42:39.1641695Z test_record_path_must_be_derived_from_id (test_m17_coverage.M17CoverageTests.test_record_path_must_be_derived_from_id) ... ok
2026-09-07T06:42:39.1875357Z test_record_revision_mismatch_is_rejected (test_m17_coverage.M17CoverageTests.test_record_revision_mismatch_is_rejected) ... ok
2026-09-07T06:42:39.3553435Z test_repository_dataset_and_generated_outputs_are_current (test_m17_coverage.M17CoverageTests.test_repository_dataset_and_generated_outputs_are_current) ... ok
2026-09-07T06:42:39.3554466Z test_resolved_path_outside_root_is_rejected (test_m17_coverage.M17CoverageTests.test_resolved_path_outside_root_is_rejected)
2026-09-07T06:42:39.3713509Z ! @brief symlink \ub4f1\uc73c\ub85c resolve \uacb0\uacfc\uac00 root \ubc16\uc774\uba74 fail-closed\ub85c \uac70\ubd80\ud569\ub2c8\ub2e4. ... ok
2026-09-07T06:42:39.3940082Z test_sensor_wrapper_is_rejected (test_m17_coverage.M17CoverageTests.test_sensor_wrapper_is_rejected) ... ok
2026-09-07T06:42:39.3941186Z test_supported_failure_is_gate_failure (test_m17_coverage.M17CoverageTests.test_supported_failure_is_gate_failure)
2026-09-07T06:42:39.4102946Z ! @brief supported \ud56d\ubaa9\uc758 evidence\uac00 \uc788\ub294 fail\ub3c4 coverage gate\ub97c \uc2e4\ud328\uc2dc\ud0b5\ub2c8\ub2e4. ... ok
2026-09-07T06:42:39.4331446Z test_unknown_record_field_is_rejected (test_m17_coverage.M17CoverageTests.test_unknown_record_field_is_rejected) ... ok
2026-09-07T06:42:39.4332284Z test_windows_drive_paths_are_rejected (test_m17_coverage.M17CoverageTests.test_windows_drive_paths_are_rejected)
2026-09-07T06:42:39.4452071Z ! @brief C:/�D:/\uc640 drive-relative \uacbd\ub85c\ub97c \uc0c1\ub300 \uacbd\ub85c\ub85c \ud574\uc11d\ud558\uc9c0 \uc54a\uc2b5\ub2c8\ub2e4. ... ok
2026-09-07T06:42:39.4452635Z 
2026-09-07T06:42:39.4452790Z ----------------------------------------------------------------------
2026-09-07T06:42:39.4453138Z Ran 25 tests in 0.667s
2026-09-07T06:42:39.4453283Z 
2026-09-07T06:42:39.4453352Z OK
2026-09-07T06:42:39.4612347Z [M12] exec: C:\hostedtoolcache\windows\Python\3.12.10\x64\python.exe -m unittest discover -v -s D:\a\NU54DK_Arduino_Core\NU54DK_Arduino_Core\tests\host -p test_m17_external_arduino.py
2026-09-07T06:42:39.6051219Z test_arduino_cli_exact_version_and_sha_are_recorded (test_m17_external_arduino.M17ExternalArduinoTests.test_arduino_cli_exact_version_and_sha_are_recorded)
2026-09-07T06:42:39.6095277Z ! @brief shell \uc5c6\uc774 \uc2e4\ud589\ud55c exact 1.5.1\uacfc executable SHA\ub97c \uc815\uaddc\ud654\ud569\ub2c8\ub2e4. ... ok
2026-09-07T06:42:39.6096952Z test_arduino_cli_rejects_wrong_or_ambiguous_version (test_m17_external_arduino.M17ExternalArduinoTests.test_arduino_cli_rejects_wrong_or_ambiguous_version)
2026-09-07T06:42:39.6129028Z ! @brief \ub2e4\ub978 version\uacfc version token \uc911\ubcf5\uc744 fail-closed\ub85c \uac70\ubd80\ud569\ub2c8\ub2e4. ... ok
2026-09-07T06:42:39.6130520Z test_arduino_cli_replacement_is_rejected (test_m17_external_arduino.M17ExternalArduinoTests.test_arduino_cli_replacement_is_rejected)
2026-09-07T06:42:39.6151803Z ! @brief compile \uc911 executable byte\uac00 \ubc14\ub00c\uba74 \uc885\ub8cc \uac80\uc99d\uc5d0\uc11c \uac70\ubd80\ud569\ub2c8\ub2e4. ... ok
2026-09-07T06:42:39.6153522Z test_arduino_library_compatibility_contract_is_present (test_m17_external_arduino.M17ExternalArduinoTests.test_arduino_library_compatibility_contract_is_present)
2026-09-07T06:42:39.6156356Z ! @brief \uc678\ubd80 Arduino library\uac00 \uc694\uad6c\ud558\ub294 macro, Print\uc640 \uc815\uc218 GPIO overload\ub97c \uace0\uc815\ud569\ub2c8\ub2e4. ... ok
2026-09-07T06:42:39.6158100Z test_compile_sketch_targets_lsm6ds3trc (test_m17_external_arduino.M17ExternalArduinoTests.test_compile_sketch_targets_lsm6ds3trc)
2026-09-07T06:42:39.6159806Z ! @brief compile gate\uac00 NU54DK \uac80\uc99d \ub300\uc0c1 LSM6DS3TR-C\ub97c \uc9c1\uc811 \uc0ac\uc6a9\ud558\ub294\uc9c0 \ud655\uc778\ud569\ub2c8\ub2e4. ... ok
2026-09-07T06:42:39.6161495Z test_contained_target_rejects_destination_escape (test_m17_external_arduino.M17ExternalArduinoTests.test_contained_target_rejects_destination_escape)
2026-09-07T06:42:39.6176865Z ! @brief \ucd5c\uc885 resolve \uacb0\uacfc\uac00 destination \ubc16\uc774\uba74 \ucd94\ucd9c \uc804\uc5d0 \uac70\ubd80\ud569\ub2c8\ub2e4. ... ok
2026-09-07T06:42:39.6178451Z test_download_checksum_contract_matches_lock (test_m17_external_arduino.M17ExternalArduinoTests.test_download_checksum_contract_matches_lock)
2026-09-07T06:42:39.6184200Z ! @brief lock SHA\uac00 64\uc790\ub9ac\uc774\uba70 evidence\uc5d0 \uc0ac\uc6a9\ud560 \uc218 \uc788\ub294 digest\uc778\uc9c0 \ud655\uc778\ud569\ub2c8\ub2e4. ... ok
2026-09-07T06:42:39.6185953Z test_exact_checkout_allows_only_untracked_ci_output_root (test_m17_external_arduino.M17ExternalArduinoTests.test_exact_checkout_allows_only_untracked_ci_output_root)
2026-09-07T06:42:39.6222652Z ! @brief \uae30\uc874 CI evidence\ub294 \ud5c8\uc6a9\ud558\ub418 \ub2e4\ub978 untracked source\ub294 \uac70\ubd80\ud569\ub2c8\ub2e4. ... ok
2026-09-07T06:42:39.6224161Z test_exact_checkout_rejects_dirty_core_or_board (test_m17_external_arduino.M17ExternalArduinoTests.test_exact_checkout_rejects_dirty_core_or_board)
2026-09-07T06:42:39.6246188Z ! @brief Core \ub610\ub294 board\uc758 \ubbf8\ucee4\ubc0b \ubcc0\uacbd\uc740 compile \uc804\uc5d0 \uac70\ubd80\ud569\ub2c8\ub2e4. ... ok
2026-09-07T06:42:39.6247206Z test_exact_checkout_rejects_gitlink_or_checkout_mismatch (test_m17_external_arduino.M17ExternalArduinoTests.test_exact_checkout_rejects_gitlink_or_checkout_mismatch)
2026-09-07T06:42:39.6271864Z ! @brief parent gitlink \ub610\ub294 \uc2e4\uc81c board HEAD\uac00 exact pin\uacfc \ub2e4\ub974\uba74 \uac70\ubd80\ud569\ub2c8\ub2e4. ... ok
2026-09-07T06:42:39.6272817Z test_lock_rejects_changed_checksum_and_duplicate_key (test_m17_external_arduino.M17ExternalArduinoTests.test_lock_rejects_changed_checksum_and_duplicate_key)
2026-09-07T06:42:39.6292467Z ! @brief checksum \ubcc0\uacbd\uacfc \uc911\ubcf5 JSON key\ub97c fail-closed\ub85c \uac70\ubd80\ud569\ub2c8\ub2e4. ... ok
2026-09-07T06:42:39.6293223Z test_repository_lock_is_exact (test_m17_external_arduino.M17ExternalArduinoTests.test_repository_lock_is_exact)
2026-09-07T06:42:39.6295776Z ! @brief \uc800\uc7a5\uc18c lock\uc774 \uc2b9\uc778\ud55c \uc138 tag�commit�SHA\ub9cc \ud3ec\ud568\ud558\ub294\uc9c0 \ud655\uc778\ud569\ub2c8\ub2e4. ... ok
2026-09-07T06:42:39.6296701Z test_safe_extract_accepts_single_root (test_m17_external_arduino.M17ExternalArduinoTests.test_safe_extract_accepts_single_root)
2026-09-07T06:42:39.6349641Z ! @brief \uc815\uc0c1 archive\uc5d0\uc11c root\ub97c \uc81c\uac70\ud55c library tree\ub9cc \uc0dd\uc131\ud569\ub2c8\ub2e4. ... ok
2026-09-07T06:42:39.6350461Z test_safe_extract_rejects_traversal (test_m17_external_arduino.M17ExternalArduinoTests.test_safe_extract_rejects_traversal)
2026-09-07T06:42:39.6361205Z ! @brief \uc0c1\uc704 \uacbd\ub85c\ub97c \uc4f0\ub294 ZIP member\ub97c \uac70\ubd80\ud569\ub2c8\ub2e4. ... ok
2026-09-07T06:42:39.6362528Z test_safe_extract_rejects_windows_drive_unc_and_ads (test_m17_external_arduino.M17ExternalArduinoTests.test_safe_extract_rejects_windows_drive_unc_and_ads)
2026-09-07T06:42:39.6413169Z ! @brief drive-relative�drive absolute�UNC�ADS ZIP \uacbd\ub85c\ub97c \ubaa8\ub450 \uac70\ubd80\ud569\ub2c8\ub2e4. ... ok
2026-09-07T06:42:39.6413710Z 
2026-09-07T06:42:39.6413856Z ----------------------------------------------------------------------
2026-09-07T06:42:39.6414178Z Ran 15 tests in 0.036s
2026-09-07T06:42:39.6414321Z 
2026-09-07T06:42:39.6414391Z OK
2026-09-07T06:42:39.6600482Z [M12] exec: C:\hostedtoolcache\windows\Python\3.12.10\x64\python.exe -m unittest discover -v -s D:\a\NU54DK_Arduino_Core\NU54DK_Arduino_Core\tests\host -p test_m17_feasibility.py
2026-09-07T06:42:39.7828809Z test_build_command_is_fixed_sysbuild (test_m17_feasibility.M17FeasibilityTests.test_build_command_is_fixed_sysbuild)
2026-09-07T06:42:39.7829963Z ! @brief \uba85\ub839\uc774 \uace0\uc815 board\uc640 sysbuild \ubc0f \uc800\uc7a5\uc18c BOARD_ROOT\ub97c \uc0ac\uc6a9\ud569\ub2c8\ub2e4. ... ok
2026-09-07T06:42:39.7831110Z test_crypto_nu54dk_failure_is_gate_failure (test_m17_feasibility.M17FeasibilityTests.test_crypto_nu54dk_failure_is_gate_failure)
2026-09-07T06:42:39.7906700Z ! @brief crypto RNG\ub294 official\uacfc NU54DK\uac00 \ubaa8\ub450 \uc131\uacf5\ud574\uc57c gate\ub97c \ud1b5\uacfc\ud569\ub2c8\ub2e4. ... ok
2026-09-07T06:42:39.7908029Z test_declared_samples_and_support_boundary_are_exact (test_m17_feasibility.M17FeasibilityTests.test_declared_samples_and_support_boundary_are_exact)
2026-09-07T06:42:39.7909070Z ! @brief \uac80\ud1a0 \ub300\uc0c1\uc740 \uacf5\uc2dd \uc138 sample\uc774\uba70 \uc9c0\uc6d0 \uc120\uc5b8\uc740 runner\uc5d0 \ud3ec\ud568\ud558\uc9c0 \uc54a\uc2b5\ub2c8\ub2e4. ... ok
2026-09-07T06:42:39.7910486Z test_execution_inputs_reject_board_revision_or_gitlink_mismatch (test_m17_feasibility.M17FeasibilityTests.test_execution_inputs_reject_board_revision_or_gitlink_mismatch)
2026-09-07T06:42:39.7916916Z ! @brief \uc2e4\uc81c checkout\uacfc \ubd80\ubaa8 gitlink\uac00 lock revision\uc5d0\uc11c \ubc97\uc5b4\ub098\uba74 \uac70\ubd80\ud569\ub2c8\ub2e4. ... ok
2026-09-07T06:42:39.7918111Z test_execution_inputs_reject_dirty_board (test_m17_feasibility.M17FeasibilityTests.test_execution_inputs_reject_dirty_board)
2026-09-07T06:42:39.7920090Z ! @brief exact revision\uc774\uc5b4\ub3c4 board checkout\uc774 dirty\uc774\uba74 build \uc804\uc5d0 \uac70\ubd80\ud569\ub2c8\ub2e4. ... ok
2026-09-07T06:42:39.7921065Z test_execution_inputs_reject_dirty_ncs_or_zephyr_workspace (test_m17_feasibility.M17FeasibilityTests.test_execution_inputs_reject_dirty_ncs_or_zephyr_workspace)
2026-09-07T06:42:39.7924783Z ! @brief revision\uc774 \uac19\uc544\ub3c4 NCS�Zephyr source \ubcc0\uacbd\uc740 exact workspace\uac00 \uc544\ub2d9\ub2c8\ub2e4. ... ok
2026-09-07T06:42:39.7925731Z test_git_output_scopes_safe_directory_to_repository (test_m17_feasibility.M17FeasibilityTests.test_git_output_scopes_safe_directory_to_repository)
2026-09-07T06:42:39.7944729Z ! @brief \uacf5\ubc31 \uacbd\ub85c\ub3c4 \uc804\uc5ed \ubcc0\uacbd \uc5c6\uc774 \ud574\ub2f9 \uc800\uc7a5\uc18c\ub9cc \uc2e0\ub8b0\ud569\ub2c8\ub2e4. ... ok
2026-09-07T06:42:39.7945686Z test_git_revision_rejects_malformed_output (test_m17_feasibility.M17FeasibilityTests.test_git_revision_rejects_malformed_output)
2026-09-07T06:42:39.7949058Z ! @brief Git \uc131\uacf5 \ucf54\ub4dc\uc5ec\ub3c4 40\uc790\ub9ac SHA\uac00 \uc544\ub2c8\uba74 exact \uc785\ub825\uc744 \uac70\ubd80\ud569\ub2c8\ub2e4. ... ok
2026-09-07T06:42:39.7951061Z test_network_nu54dk_failure_is_recorded_but_not_gate_failure (test_m17_feasibility.M17FeasibilityTests.test_network_nu54dk_failure_is_recorded_but_not_gate_failure)
2026-09-07T06:42:39.8008605Z ! @brief deferred networking\uc740 official\ub9cc gate\uc774\uba70 NU54DK \uc2e4\ud328\ub294 evidence\uc5d0 \ubcf4\uc874\ud569\ub2c8\ub2e4. ... ok
2026-09-07T06:42:39.8010240Z test_official_control_failure_is_gate_failure (test_m17_feasibility.M17FeasibilityTests.test_official_control_failure_is_gate_failure)
2026-09-07T06:42:39.8068319Z ! @brief official control \uc2e4\ud328\uac00 \uc788\uc5b4\ub3c4 \ub450 \uc5ed\ud560\uc758 evidence\ub97c \ubcf4\uc874\ud558\uace0 gate\ub97c \uc2e4\ud328\uc2dc\ud0b5\ub2c8\ub2e4. ... ok
2026-09-07T06:42:39.8069898Z test_policy_rejects_crypto_deferred_or_hil (test_m17_feasibility.M17FeasibilityTests.test_policy_rejects_crypto_deferred_or_hil)
2026-09-07T06:42:39.8071729Z ! @brief crypto build-only \ud56d\ubaa9\uc744 deferred\ub85c \ub0ae\ucd94\uac70\ub098 HIL\ub85c \uc624\ud45c\uae30\ud558\uc9c0 \ubabb\ud558\uac8c \ud569\ub2c8\ub2e4. ... ok
2026-09-07T06:42:39.8073420Z test_policy_rejects_networking_support_promotion (test_m17_feasibility.M17FeasibilityTests.test_policy_rejects_networking_support_promotion)
2026-09-07T06:42:39.8075040Z ! @brief networking sample\uc744 build-only \ub610\ub294 supported\ub85c \uc2b9\uaca9\ud558\uc9c0 \ubabb\ud558\uac8c \ud569\ub2c8\ub2e4. ... ok
2026-09-07T06:42:39.8076422Z test_run_build_hashes_normalized_log (test_m17_feasibility.M17FeasibilityTests.test_run_build_hashes_normalized_log)
2026-09-07T06:42:39.8099927Z ! @brief \ud1b5\ud569 stdout\uc744 \uc815\uaddc\ud654\ud574 exact log hash\uc640 \uacb0\uacfc\ub97c \ub0a8\uae41\ub2c8\ub2e4. ... ok
2026-09-07T06:42:39.8100601Z 
2026-09-07T06:42:39.8100764Z ----------------------------------------------------------------------
2026-09-07T06:42:39.8101103Z Ran 13 tests in 0.027s
2026-09-07T06:42:39.8101247Z 
2026-09-07T06:42:39.8101316Z OK
2026-09-07T06:42:39.8259499Z [M12] exec: C:\hostedtoolcache\windows\Python\3.12.10\x64\python.exe -m unittest discover -v -s D:\a\NU54DK_Arduino_Core\NU54DK_Arduino_Core\tests\host -p test_m18_release.py
2026-09-07T06:42:40.1960334Z test_asset_tamper_and_extra_file_are_rejected (test_m18_release.M18ReleaseTests.test_asset_tamper_and_extra_file_are_rejected) ... ok
2026-09-07T06:42:40.3078651Z test_checksum_sidecar_forgery_is_rejected_even_when_records_are_rehashed (test_m18_release.M18ReleaseTests.test_checksum_sidecar_forgery_is_rejected_even_when_records_are_rehashed) ... ok
2026-09-07T06:42:40.3105737Z test_cli_exposes_no_stable_publish_or_version_override (test_m18_release.M18ReleaseTests.test_cli_exposes_no_stable_publish_or_version_override) ... ok
2026-09-07T06:42:40.3146109Z test_dirty_core_and_dirty_board_are_rejected (test_m18_release.M18ReleaseTests.test_dirty_core_and_dirty_board_are_rejected) ... ok
2026-09-07T06:42:40.5420183Z test_evidence_artifact_and_document_blob_tamper_are_rejected (test_m18_release.M18ReleaseTests.test_evidence_artifact_and_document_blob_tamper_are_rejected) ... ok
2026-09-07T06:42:40.5429005Z test_external_process_is_always_shell_false (test_m18_release.M18ReleaseTests.test_external_process_is_always_shell_false) ... ok
2026-09-07T06:42:40.8559845Z test_immutable_plan_fields_and_roles_are_rejected_when_tampered (test_m18_release.M18ReleaseTests.test_immutable_plan_fields_and_roles_are_rejected_when_tampered) ... ok
2026-09-07T06:42:40.8801596Z test_nondeterministic_second_build_is_rejected (test_m18_release.M18ReleaseTests.test_nondeterministic_second_build_is_rejected) ... ok
2026-09-07T06:42:40.8826011Z test_package_contract_is_read_only_and_rejects_rc_or_pin_mutation (test_m18_release.M18ReleaseTests.test_package_contract_is_read_only_and_rejects_rc_or_pin_mutation) ... ok
2026-09-07T06:42:40.9772167Z test_plan_unknown_field_is_rejected (test_m18_release.M18ReleaseTests.test_plan_unknown_field_is_rejected) ... ok
2026-09-07T06:42:41.0939702Z test_prepare_builds_twice_and_validates_exact_allowlist (test_m18_release.M18ReleaseTests.test_prepare_builds_twice_and_validates_exact_allowlist) ... ok
2026-09-07T06:42:41.0941044Z test_publish_binds_verification_to_discovered_release_id (test_m18_release.M18ReleaseTests.test_publish_binds_verification_to_discovered_release_id)
2026-09-07T06:42:41.2446351Z ! @brief \uc0dd\uc131 \uc9c1\ud6c4 \ubc1c\uacac\ud55c release ID\uac00 \uc7ac\uc870\ud68c \uc911 \ubc14\ub00c\uba74 \uac80\uc99d\uc744 \uc911\ub2e8\ud569\ub2c8\ub2e4. ... ok
2026-09-07T06:42:41.2448597Z test_publish_draft_uses_only_safe_flags_and_rechecks_remote_bytes (test_m18_release.M18ReleaseTests.test_publish_draft_uses_only_safe_flags_and_rechecks_remote_bytes)
2026-09-07T06:42:41.4492078Z ! @brief untagged Draft\ub97c ID \uae30\ubc18\uc73c\ub85c \uc0dd\uc131�\uac80\uc99d\ud558\uace0 tag download\ub97c \uc4f0\uc9c0 \uc54a\uc2b5\ub2c8\ub2e4. ... ok
2026-09-07T06:42:41.4493731Z test_publish_rejects_existing_local_or_github_release (test_m18_release.M18ReleaseTests.test_publish_rejects_existing_local_or_github_release)
2026-09-07T06:42:41.6633893Z ! @brief local tag \ubc0f REST \ubaa9\ub85d\uc5d0\uc11c \ubcf4\uc774\ub294 \uae30\uc874�\uc911\ubcf5 Draft\ub97c \uc0dd\uc131 \uc804\uc5d0 \uac70\ubd80\ud569\ub2c8\ub2e4. ... ok
2026-09-07T06:42:41.6635659Z test_publish_rejects_non_main_or_unpushed_origin_main (test_m18_release.M18ReleaseTests.test_publish_rejects_non_main_or_unpushed_origin_main)
2026-09-07T06:42:41.8432751Z ! @brief main/current HEAD/origin-main\uacfc remote main \ubd88\uc77c\uce58\ub97c \uac70\ubd80\ud569\ub2c8\ub2e4. ... ok
2026-09-07T06:42:41.8434489Z test_publish_rejects_non_public_repository_or_missing_remote_commit (test_m18_release.M18ReleaseTests.test_publish_rejects_non_public_repository_or_missing_remote_commit)
2026-09-07T06:42:42.1064283Z ! @brief PUBLIC/default main\uacfc GitHub target commit \ubd80\uc7ac\ub97c \uac70\ubd80\ud569\ub2c8\ub2e4. ... ok
2026-09-07T06:42:42.1065119Z test_publish_rejects_remote_sha_mismatch (test_m18_release.M18ReleaseTests.test_publish_rejects_remote_sha_mismatch)
2026-09-07T06:42:42.5577186Z ! @brief asset ID�\uc774\ub984�\uc0c1\ud0dc�\ud06c\uae30�digest\uc640 \ub2e4\uc6b4\ub85c\ub4dc byte \ubd88\uc77c\uce58\ub97c \uac70\ubd80\ud569\ub2c8\ub2e4. ... ok
2026-09-07T06:42:42.5578241Z test_publish_rejects_remote_tag_created_during_draft (test_m18_release.M18ReleaseTests.test_publish_rejects_remote_tag_created_during_draft)
2026-09-07T06:42:42.7220097Z ! @brief Draft \uc0dd\uc131 \ub4a4 \uc6d0\uaca9 tag ref\uac00 \uc0dd\uae30\uba74 Draft \uacc4\uc57d \uc704\ubc18\uc73c\ub85c \uac70\ubd80\ud569\ub2c8\ub2e4. ... ok
2026-09-07T06:42:42.7221497Z test_publish_waits_for_delayed_draft_and_bounds_discovery (test_m18_release.M18ReleaseTests.test_publish_waits_for_delayed_draft_and_bounds_discovery)
2026-09-07T06:42:42.9234249Z ! @brief Draft \ubaa9\ub85d\uc758 \uc9e7\uc740 \uc9c0\uc5f0\uc740 \uc7ac\uc870\ud68c\ud558\uace0 \ubb34\ud55c \ub300\uae30\ub294 \ud558\uc9c0 \uc54a\uc2b5\ub2c8\ub2e4. ... ok
2026-09-07T06:42:42.9235350Z test_published_stable_root_index_identities_are_exact (test_m18_release.M18ReleaseTests.test_published_stable_root_index_identities_are_exact)
2026-09-07T06:42:42.9246512Z ! @brief M18 \uc5ed\uc0ac \uacbd\uacc4\uc640 \ud604\uc7ac \uacf5\uac1c root index\uc758 exact byte\ub97c \ud568\uaed8 \ubcf4\ud638\ud569\ub2c8\ub2e4. ... ok
2026-09-07T06:42:42.9262361Z test_stable_contract_change_is_rejected (test_m18_release.M18ReleaseTests.test_stable_contract_change_is_rejected) ... ok
2026-09-07T06:42:42.9263298Z test_stable_root_index_crlf_worktree_is_rejected (test_m18_release.M18ReleaseTests.test_stable_root_index_crlf_worktree_is_rejected)
2026-09-07T06:42:42.9282566Z ! @brief Windows CRLF\ub85c \ubcc0\ud615\ub41c stable index\ub97c M18\uc774 \uac70\ubd80\ud558\ub294\uc9c0 \uac80\uc99d\ud569\ub2c8\ub2e4. ... ok
2026-09-07T06:42:43.1501660Z test_unexpected_directory_and_symlink_are_rejected (test_m18_release.M18ReleaseTests.test_unexpected_directory_and_symlink_are_rejected) ... ok
2026-09-07T06:42:43.1502816Z test_verify_accepts_missing_optional_digest_and_rejects_foreign_url (test_m18_release.M18ReleaseTests.test_verify_accepts_missing_optional_digest_and_rejects_foreign_url)
2026-09-07T06:42:43.3772861Z ! @brief \ubbf8\uc9c0\uc6d0 digest \uc0dd\ub7b5\uc740 \ud5c8\uc6a9\ud558\ub418 \ub2e4\ub978 \uc800\uc7a5\uc18c Draft URL\uc740 \uac70\ubd80\ud569\ub2c8\ub2e4. ... ok
2026-09-07T06:42:43.3774236Z test_verify_rejects_release_name_or_body_mismatch (test_m18_release.M18ReleaseTests.test_verify_rejects_release_name_or_body_mismatch)
2026-09-07T06:42:43.6134651Z ! @brief GitHub Release \uc81c\ubaa9\uacfc \ubcf8\ubb38\uc774 exact local \ubb38\uc11c\uc640 \ub2e4\ub974\uba74 \uac70\ubd80\ud569\ub2c8\ub2e4. ... ok
2026-09-07T06:42:43.6135667Z 
2026-09-07T06:42:43.6135913Z ----------------------------------------------------------------------
2026-09-07T06:42:43.6136411Z Ran 25 tests in 3.635s
2026-09-07T06:42:43.6136616Z 
2026-09-07T06:42:43.6136709Z OK
2026-09-07T06:42:43.6324504Z [M12] exec: C:\hostedtoolcache\windows\Python\3.12.10\x64\python.exe -m unittest discover -v -s D:\a\NU54DK_Arduino_Core\NU54DK_Arduino_Core\tests\host -p test_m19_ble_gap_contract.py
2026-09-07T06:42:43.7070085Z test_feature_resolver_accepts_ble_and_rejects_standard (test_m19_ble_gap_contract.M19BleGapContractTests.test_feature_resolver_accepts_ble_and_rejects_standard)
2026-09-07T06:42:43.7343600Z ! @brief library feature\uac00 ble profile\uc5d0\ub9cc \uacb0\ud569\ub418\ub294\uc9c0 production resolver\ub85c \uac80\uc0ac\ud569\ub2c8\ub2e4. ... ok
2026-09-07T06:42:43.7344692Z test_kconfig_and_examples_cover_gap_boundaries (test_m19_ble_gap_contract.M19BleGapContractTests.test_kconfig_and_examples_cover_gap_boundaries)
2026-09-07T06:42:43.7349038Z ! @brief fixed queue\uc640 \uc0ac\uc6a9\uc790 \uc608\uc81c\uac00 package source\uc5d0 \ud3ec\ud568\ub410\ub294\uc9c0 \uac80\uc0ac\ud569\ub2c8\ub2e4. ... ok
2026-09-07T06:42:43.7350126Z test_legacy_tx_power_and_shutdown_generation_are_enforced (test_m19_ble_gap_contract.M19BleGapContractTests.test_legacy_tx_power_and_shutdown_generation_are_enforced)
2026-09-07T06:42:43.7362513Z ! @brief TPC \ube44\ud65c\uc131 target\uacfc end-during-connect \uacbd\uacc4\ub97c \uc815\uc801\uc73c\ub85c \uace0\uc815\ud569\ub2c8\ub2e4. ... ok
2026-09-07T06:42:43.7363612Z test_nus_callbacks_ignore_generic_gap_links_and_targets_link_bundle (test_m19_ble_gap_contract.M19BleGapContractTests.test_nus_callbacks_ignore_generic_gap_links_and_targets_link_bundle)
2026-09-07T06:42:43.7382818Z ! @brief GAP/GATT link\uac00 \ubbf8\uc0ac\uc6a9 NUS \uc0c1\ud0dc\ub97c \uc624\uc5fc\ud558\uc9c0 \uc54a\ub3c4\ub85d bundle parity\ub97c \uace0\uc815\ud569\ub2c8\ub2e4. ... ok
2026-09-07T06:42:43.7384923Z test_once_init_and_m21_observer_hooks_are_shared (test_m19_ble_gap_contract.M19BleGapContractTests.test_once_init_and_m21_observer_hooks_are_shared)
2026-09-07T06:42:43.7388664Z ! @brief NUS/GAP/M21\uc774 bt_enable\uacfc connection callback\uc744 \uc911\ubcf5 \uc18c\uc720\ud558\uc9c0 \uc54a\uc2b5\ub2c8\ub2e4. ... ok
2026-09-07T06:42:43.7389762Z test_public_header_is_arduino_friendly_and_complete (test_m19_ble_gap_contract.M19BleGapContractTests.test_public_header_is_arduino_friendly_and_complete)
2026-09-07T06:42:43.7392673Z ! @brief Zephyr type \uc5c6\uc774 \ubaa9\ud45c GAP \uac1d\uccb4\uc640 \uc9c4\ub2e8\uc744 \ub178\ucd9c\ud569\ub2c8\ub2e4. ... ok
2026-09-07T06:42:43.7393596Z test_stack_callbacks_only_enqueue_bounded_records (test_m19_ble_gap_contract.M19BleGapContractTests.test_stack_callbacks_only_enqueue_bounded_records)
2026-09-07T06:42:43.7426544Z ! @brief Bluetooth callback\uc5d0\uc11c user callback�heap \uc0ac\uc6a9\uc744 \uae08\uc9c0\ud569\ub2c8\ub2e4. ... ok
2026-09-07T06:42:43.7427487Z test_user_phy_control_disables_zephyr_auto_update (test_m19_ble_gap_contract.M19BleGapContractTests.test_user_phy_control_disables_zephyr_auto_update)
2026-09-07T06:42:43.7431322Z ! @brief \uacf5\uac1c PHY \uc694\uccad\uacfc HIL\uc774 Zephyr \uc790\ub3d9 PHY \uc808\ucc28\uc640 \uacbd\uc7c1\ud558\uc9c0 \uc54a\ub3c4\ub85d \uace0\uc815\ud569\ub2c8\ub2e4. ... ok
2026-09-07T06:42:43.7431973Z 
2026-09-07T06:42:43.7432121Z ----------------------------------------------------------------------
2026-09-07T06:42:43.7432458Z Ran 8 tests in 0.036s
2026-09-07T06:42:43.7432584Z 
2026-09-07T06:42:43.7432662Z OK
2026-09-07T06:42:43.7567887Z [M12] exec: C:\hostedtoolcache\windows\Python\3.12.10\x64\python.exe -m unittest discover -v -s D:\a\NU54DK_Arduino_Core\NU54DK_Arduino_Core\tests\host -p test_m19_ble_gap_hil.py
2026-09-07T06:42:43.8642761Z test_reordered_token_is_rejected (test_m19_ble_gap_hil.M19BleGapHilParserTest.test_reordered_token_is_rejected) ... ok
2026-09-07T06:42:43.8644100Z test_short_nonce_is_rejected (test_m19_ble_gap_hil.M19BleGapHilParserTest.test_short_nonce_is_rejected)
2026-09-07T06:42:43.8644900Z ! @brief full 128-bit\uac00 \uc544\ub2cc RF fixture nonce\ub97c \uac70\ubd80\ud569\ub2c8\ub2e4. ... ok
2026-09-07T06:42:43.8645944Z test_stale_nonce_is_rejected (test_m19_ble_gap_hil.M19BleGapHilParserTest.test_stale_nonce_is_rejected) ... ok
2026-09-07T06:42:43.8646805Z test_target_fail_is_rejected (test_m19_ble_gap_hil.M19BleGapHilParserTest.test_target_fail_is_rejected) ... ok
2026-09-07T06:42:43.8647560Z test_valid_pair_transcripts_pass (test_m19_ble_gap_hil.M19BleGapHilParserTest.test_valid_pair_transcripts_pass) ... ok
2026-09-07T06:42:43.8647988Z 
2026-09-07T06:42:43.8648139Z ----------------------------------------------------------------------
2026-09-07T06:42:43.8648460Z Ran 5 tests in 0.001s
2026-09-07T06:42:43.8648589Z 
2026-09-07T06:42:43.8648667Z OK
2026-09-07T06:42:43.8778891Z [M12] exec: C:\hostedtoolcache\windows\Python\3.12.10\x64\python.exe -m unittest discover -v -s D:\a\NU54DK_Arduino_Core\NU54DK_Arduino_Core\tests\host -p test_m20_ble_gatt_contract.py
2026-09-07T06:42:43.9481782Z test_client_disconnect_invalidates_and_discovery_is_bounded (test_m20_ble_gatt_contract.M20BleGattContractTests.test_client_disconnect_invalidates_and_discovery_is_bounded)
2026-09-07T06:42:43.9518400Z ! @brief reconnect \ub4a4 stale handle�subscription \uc790\ub3d9 \uc7ac\uc0ac\uc6a9\uc744 \ub9c9\uc2b5\ub2c8\ub2e4. ... ok
2026-09-07T06:42:43.9519364Z test_kconfig_examples_and_target_contracts_exist (test_m20_ble_gatt_contract.M20BleGattContractTests.test_kconfig_examples_and_target_contracts_exist)
2026-09-07T06:42:43.9525149Z ! @brief resolver config, examples\uc640 M19/M20 \ubd84\ub9ac target gate\ub97c \ud655\uc778\ud569\ub2c8\ub2e4. ... ok
2026-09-07T06:42:43.9526778Z test_public_server_and_client_surface_is_complete (test_m20_ble_gatt_contract.M20BleGattContractTests.test_public_server_and_client_surface_is_complete)
2026-09-07T06:42:43.9530844Z ! @brief portable UUID�service�characteristic�remote handle API\ub97c \uac80\uc0ac\ud569\ub2c8\ub2e4. ... ok
2026-09-07T06:42:43.9532411Z test_schema_is_registered_before_stack_and_locked_after_start (test_m20_ble_gatt_contract.M20BleGattContractTests.test_schema_is_registered_before_stack_and_locked_after_start)
2026-09-07T06:42:43.9574881Z ! @brief service \ub4f1\ub85d\u2192bt_enable/settings_load \uc21c\uc11c\uc640 late mutation \uac70\ubd80\ub97c \uace0\uc815\ud569\ub2c8\ub2e4. ... ok
2026-09-07T06:42:43.9575980Z test_server_callbacks_copy_to_fixed_queue_and_use_cached_read (test_m20_ble_gatt_contract.M20BleGattContractTests.test_server_callbacks_copy_to_fixed_queue_and_use_cached_read)
2026-09-07T06:42:43.9631734Z ! @brief stack callback\uc5d0\uc11c Sketch\ub97c \ud638\ucd9c\ud558\uc9c0 \uc54a\uace0 cached value\ub9cc \uc77d\uc2b5\ub2c8\ub2e4. ... ok
2026-09-07T06:42:43.9633449Z test_thread_context_and_session_tokens_fail_closed (test_m20_ble_gatt_contract.M20BleGattContractTests.test_thread_context_and_session_tokens_fail_closed)
2026-09-07T06:42:43.9659614Z ! @brief ISR stack \uc9c4\uc785\uacfc disconnect \ub4a4 stale callback \uc7ac\uc0ac\uc6a9\uc744 \uac70\ubd80\ud569\ub2c8\ub2e4. ... ok
2026-09-07T06:42:43.9660459Z 
2026-09-07T06:42:43.9660698Z ----------------------------------------------------------------------
2026-09-07T06:42:43.9661472Z Ran 6 tests in 0.018s
2026-09-07T06:42:43.9661689Z 
2026-09-07T06:42:43.9661809Z OK
2026-09-07T06:42:43.9762613Z [M12] exec: C:\hostedtoolcache\windows\Python\3.12.10\x64\python.exe -m unittest discover -v -s D:\a\NU54DK_Arduino_Core\NU54DK_Arduino_Core\tests\host -p test_m20_ble_gatt_hil.py
2026-09-07T06:42:44.0818044Z test_missing_rediscovery_is_rejected (test_m20_ble_gatt_hil.M20BleGattHilParserTest.test_missing_rediscovery_is_rejected) ... ok
2026-09-07T06:42:44.0819410Z test_reordered_write_modes_are_rejected (test_m20_ble_gatt_hil.M20BleGattHilParserTest.test_reordered_write_modes_are_rejected) ... ok
2026-09-07T06:42:44.0820854Z test_short_nonce_is_rejected (test_m20_ble_gatt_hil.M20BleGattHilParserTest.test_short_nonce_is_rejected)
2026-09-07T06:42:44.0821610Z ! @brief full 128-bit\uac00 \uc544\ub2cc runner challenge\ub97c fail-closed\ub85c \uac70\ubd80\ud569\ub2c8\ub2e4. ... ok
2026-09-07T06:42:44.0822451Z test_stale_nonce_is_rejected (test_m20_ble_gatt_hil.M20BleGattHilParserTest.test_stale_nonce_is_rejected) ... ok
2026-09-07T06:42:44.0823431Z test_target_fail_is_rejected (test_m20_ble_gatt_hil.M20BleGattHilParserTest.test_target_fail_is_rejected) ... ok
2026-09-07T06:42:44.0824170Z test_valid_pair_transcripts_pass (test_m20_ble_gatt_hil.M20BleGattHilParserTest.test_valid_pair_transcripts_pass) ... ok
2026-09-07T06:42:44.0824609Z 
2026-09-07T06:42:44.0824762Z ----------------------------------------------------------------------
2026-09-07T06:42:44.0825094Z Ran 6 tests in 0.001s
2026-09-07T06:42:44.0825231Z 
2026-09-07T06:42:44.0825301Z OK
2026-09-07T06:42:44.0947228Z [M12] exec: C:\hostedtoolcache\windows\Python\3.12.10\x64\python.exe -m unittest discover -v -s D:\a\NU54DK_Arduino_Core\NU54DK_Arduino_Core\tests\host -p test_m21_ble_security_contract.py
2026-09-07T06:42:44.1712430Z test_already_encrypted_restore_is_verified_without_duplicate_event (test_m21_ble_security_contract.M21BleSecurityContractTests.test_already_encrypted_restore_is_verified_without_duplicate_event)
2026-09-07T06:42:44.1734632Z ! @brief connected \uc2dc\uc810\uc5d0 \uc774\ubbf8 L2\uc778 bond \ubcf5\uc6d0 race\ub97c \uc989\uc2dc \uac80\uc99d\ud569\ub2c8\ub2e4. ... ok
2026-09-07T06:42:44.1736180Z test_auth_callbacks_match_the_configured_io_capability (test_m21_ble_security_contract.M21BleSecurityContractTests.test_auth_callbacks_match_the_configured_io_capability)
2026-09-07T06:42:44.1758436Z ! @brief \uc2e4\uc81c \uc7a5\uce58 \uc785\ucd9c\ub825\ubcf4\ub2e4 \uac15\ud55c SMP capability\ub97c \uad11\uace0\ud558\uc9c0 \uc54a\uc2b5\ub2c8\ub2e4. ... ok
2026-09-07T06:42:44.1760687Z test_backend_reuses_common_stack_and_connection_hooks (test_m21_ble_security_contract.M21BleSecurityContractTests.test_backend_reuses_common_stack_and_connection_hooks)
2026-09-07T06:42:44.1783373Z ! @brief M21\uc774 bt_enable\uc774\ub098 \ubcc4\ub3c4 connection callback\uc744 \ub9cc\ub4e4\uc9c0 \ubabb\ud558\uac8c \ud569\ub2c8\ub2e4. ... ok
2026-09-07T06:42:44.1784880Z test_board_and_security_share_zms_settings_backend (test_m21_ble_security_contract.M21BleSecurityContractTests.test_board_and_security_share_zms_settings_backend)
2026-09-07T06:42:44.1789102Z ! @brief board/system\uacfc BLE bond \uc800\uc7a5\uc18c\uac00 \ub2e8\uc77c ZMS backend\ub97c \uacf5\uc720\ud569\ub2c8\ub2e4. ... ok
2026-09-07T06:42:44.1791101Z test_bond_is_verified_only_after_reboot_key_restore (test_m21_ble_security_contract.M21BleSecurityContractTests.test_bond_is_verified_only_after_reboot_key_restore)
2026-09-07T06:42:44.1811455Z ! @brief \uac19\uc740 boot\uc758 \uba54\ubaa8\ub9ac \ubaa9\ub85d\uc744 persistence \uc131\uacf5\uc73c\ub85c \uc624\ud310\ud558\uc9c0 \uc54a\uc2b5\ub2c8\ub2e4. ... ok
2026-09-07T06:42:44.1812974Z test_erased_probe_rejects_every_interactive_pairing_path (test_m21_ble_security_contract.M21BleSecurityContractTests.test_erased_probe_rejects_every_interactive_pairing_path)
2026-09-07T06:42:44.1817032Z ! @brief \uc774\uc804 key \uac70\ubd80 \ub2e8\uacc4\uc5d0\uc11c Just Works\uc640 passkey \uc7ac pairing\uc744 \ubaa8\ub450 \uac70\ubd80\ud569\ub2c8\ub2e4. ... ok
2026-09-07T06:42:44.1818516Z test_feature_enables_smp_settings_bas_dis_and_encrypted_hids (test_m21_ble_security_contract.M21BleSecurityContractTests.test_feature_enables_smp_settings_bas_dis_and_encrypted_hids)
2026-09-07T06:42:44.1820365Z ! @brief \ubcc4\ub3c4 feature\uac00 \ud45c\uc900 profile dependency\ub97c \uc644\uc804\ud558\uac8c \uc120\uc5b8\ud558\ub294\uc9c0 \uac80\uc0ac\ud569\ub2c8\ub2e4. ... ok
2026-09-07T06:42:44.1821821Z test_hid_is_protocol_automated_but_os_claim_is_absent (test_m21_ble_security_contract.M21BleSecurityContractTests.test_hid_is_protocol_automated_but_os_claim_is_absent)
2026-09-07T06:42:44.1840150Z ! @brief protocol report\uc640 OS \uc218\ub3d9 \ud655\uc778 \uacbd\uacc4\ub97c \ud63c\ub3d9\ud558\uc9c0 \uc54a\ub3c4\ub85d \uace0\uc815\ud569\ub2c8\ub2e4. ... ok
2026-09-07T06:42:44.1841647Z test_hil_bounds_pre_security_link_recovery_in_main_loop (test_m21_ble_security_contract.M21BleSecurityContractTests.test_hil_bounds_pre_security_link_recovery_in_main_loop)
2026-09-07T06:42:44.1845877Z ! @brief \uc5f0\uacb0 \uc131\ub9bd transient\ub9cc phase\ub2f9 \uc138 \ubc88\uae4c\uc9c0 callback \ubc16\uc5d0\uc11c \ubcf5\uad6c\ud569\ub2c8\ub2e4. ... ok
2026-09-07T06:42:44.1847495Z test_hil_clear_stops_only_active_gap_operations (test_m21_ble_security_contract.M21BleSecurityContractTests.test_hil_clear_stops_only_active_gap_operations)
2026-09-07T06:42:44.1853771Z ! @brief \ucd08\uae30 CLEAR\uac00 \uc720\ud734 GAP \uac1d\uccb4\uc758 \uc624\ub958 event\ub97c \ub9cc\ub4e4\uc9c0 \uc54a\ub3c4\ub85d \uace0\uc815\ud569\ub2c8\ub2e4. ... ok
2026-09-07T06:42:44.1855435Z test_hil_continues_when_security_was_satisfied_before_event_poll (test_m21_ble_security_contract.M21BleSecurityContractTests.test_hil_continues_when_security_was_satisfied_before_event_poll)
2026-09-07T06:42:44.1858133Z ! @brief \ubcf4\uc548 event\uc640 GAP/read \uc0c1\ud0dc\uae30\uc758 \uad50\ucc28 \uc21c\uc11c\uc5d0\ub3c4 profile \uac80\uc99d\uc744 \uc7ac\uac1c\ud569\ub2c8\ub2e4. ... ok
2026-09-07T06:42:44.1859693Z test_hil_defers_non_fresh_security_request_to_main_loop (test_m21_ble_security_contract.M21BleSecurityContractTests.test_hil_defers_non_fresh_security_request_to_main_loop)
2026-09-07T06:42:44.1868286Z ! @brief \uc5f0\uacb0 \uc9c1\ud6c4 \uc694\uccad\uc744 \ubbf8\ub8e8\uace0 \uc774\ubbf8 \uc9c4\ud589 \uc911\uc778 SMP\ub294 bounded \uac04\uaca9\uc73c\ub85c \uc7ac\ud655\uc778\ud569\ub2c8\ub2e4. ... ok
2026-09-07T06:42:44.1869809Z test_hil_initializes_runtime_profiles_after_stack_enable (test_m21_ble_security_contract.M21BleSecurityContractTests.test_hil_initializes_runtime_profiles_after_stack_enable)
2026-09-07T06:42:44.1873368Z ! @brief HIDS\ub294 stack \uc804\uc5d0 \ub4f1\ub85d\ud558\uace0 DIS�BAS runtime \uac12\uc740 stack \ub4a4\uc5d0 \uc124\uc815\ud569\ub2c8\ub2e4. ... ok
2026-09-07T06:42:44.1874506Z test_hil_invalidates_stale_gatt_callbacks_on_disconnect_and_reset (test_m21_ble_security_contract.M21BleSecurityContractTests.test_hil_invalidates_stale_gatt_callbacks_on_disconnect_and_reset)
2026-09-07T06:42:44.1876679Z ! @brief \uc774\uc804 \uc5f0\uacb0 callback\uc774 \uc0c8 phase \uc644\ub8cc flag\ub97c \uc624\uc5fc\ud558\uc9c0 \ubabb\ud558\uac8c \uc138\ub300\ub97c \ubb34\ud6a8\ud654\ud569\ub2c8\ub2e4. ... ok
2026-09-07T06:42:44.1878207Z test_hil_observes_encrypted_read_denial_before_security_request (test_m21_ble_security_contract.M21BleSecurityContractTests.test_hil_observes_encrypted_read_denial_before_security_request)
2026-09-07T06:42:44.1881008Z ! @brief ATT \uc790\ub3d9 \ubcf4\uc548 \uc7ac\uc2dc\ub3c4\ub97c \ub044\uace0 \ud3c9\ubb38 HIDS read \uac70\ubd80\ub97c \uc9c1\uc811 \uac80\uc99d\ud569\ub2c8\ub2e4. ... ok
2026-09-07T06:42:44.1882704Z test_hil_repeats_profile_notifications_after_server_ccc_restore (test_m21_ble_security_contract.M21BleSecurityContractTests.test_hil_repeats_profile_notifications_after_server_ccc_restore)
2026-09-07T06:42:44.1886949Z ! @brief client \uad6c\ub3c5 \uc7ac\ub4f1\ub85d \uc804 \uc1a1\uc2e0 \uc131\uacf5 race\uc5d0\ub3c4 profile \uac12\uc744 \ubc18\ubcf5 \uc804\ub2ec\ud569\ub2c8\ub2e4. ... ok
2026-09-07T06:42:44.1888317Z test_hil_serializes_all_gatt_transitions_by_main_loop (test_m21_ble_security_contract.M21BleSecurityContractTests.test_hil_serializes_all_gatt_transitions_by_main_loop)
2026-09-07T06:42:44.1892609Z ! @brief discovery�read�subscribe \uc804\uc774\ub97c one-shot main-loop \uc791\uc5c5\uc73c\ub85c \uc9c1\ub82c\ud654\ud569\ub2c8\ub2e4. ... ok
2026-09-07T06:42:44.1894060Z test_hil_uses_typed_characteristic_and_auto_ccc_discovery (test_m21_ble_security_contract.M21BleSecurityContractTests.test_hil_uses_typed_characteristic_and_auto_ccc_discovery)
2026-09-07T06:42:44.1896328Z ! @brief \uc6d0\uaca9 characteristic \uac12\uacfc CCC\ub97c \uc720\ud6a8\ud55c Zephyr discovery \ubc29\uc2dd\uc73c\ub85c \ucc3e\uc2b5\ub2c8\ub2e4. ... ok
2026-09-07T06:42:44.1897716Z test_library_discovery_phase_excludes_internal_zephyr_backend (test_m21_ble_security_contract.M21BleSecurityContractTests.test_library_discovery_phase_excludes_internal_zephyr_backend)
2026-09-07T06:42:44.1913624Z ! @brief Arduino \ud0d0\uc0c9 compile\uc5d0\uc11c\ub294 \uacf5\uac1c header\ub9cc \ud574\uc11d\ud558\ub3c4\ub85d \uace0\uc815\ud569\ub2c8\ub2e4. ... ok
2026-09-07T06:42:44.1915255Z test_pairing_callbacks_defer_user_code_and_never_log_secrets (test_m21_ble_security_contract.M21BleSecurityContractTests.test_pairing_callbacks_defer_user_code_and_never_log_secrets)
2026-09-07T06:42:44.1995413Z ! @brief stack callback\uc5d0\uc11c Sketch callback�Serial passkey \ucd9c\ub825\uc744 \uae08\uc9c0\ud569\ub2c8\ub2e4. ... ok
2026-09-07T06:42:44.1997061Z test_public_surface_covers_security_profiles_and_hid (test_m21_ble_security_contract.M21BleSecurityContractTests.test_public_surface_covers_security_profiles_and_hid)
2026-09-07T06:42:44.2001761Z ! @brief pairing�bond�BAS�DIS�keyboard API\uac00 \ubaa8\ub450 \uacf5\uac1c\ub418\ub294\uc9c0 \ud655\uc778\ud569\ub2c8\ub2e4. ... ok
2026-09-07T06:42:44.2002860Z test_security_request_synchronizes_an_already_secured_link (test_m21_ble_security_contract.M21BleSecurityContractTests.test_security_request_synchronizes_an_already_secured_link)
2026-09-07T06:42:44.2021234Z ! @brief \ubcf4\uc548 \uc694\uccad \uc804�\ud6c4\uc5d0 \uc774\ubbf8 \ucda9\uc871\ub41c link\ub97c event\uc640 bond \uc0c1\ud0dc\uc5d0 \ub3d9\uae30\ud654\ud569\ub2c8\ub2e4. ... ok
2026-09-07T06:42:44.2022494Z 
2026-09-07T06:42:44.2022731Z ----------------------------------------------------------------------
2026-09-07T06:42:44.2023239Z Ran 22 tests in 0.031s
2026-09-07T06:42:44.2023434Z 
2026-09-07T06:42:44.2023537Z OK
2026-09-07T06:42:44.2116797Z [M12] exec: C:\hostedtoolcache\windows\Python\3.12.10\x64\python.exe -m unittest discover -v -s D:\a\NU54DK_Arduino_Core\NU54DK_Arduino_Core\tests\host -p test_m21_ble_security_hil.py
2026-09-07T06:42:44.3205414Z test_accepts_pair_restore_erase_repair_and_profiles (test_m21_ble_security_hil.M21BleSecurityHilTests.test_accepts_pair_restore_erase_repair_and_profiles)
2026-09-07T06:42:44.3211554Z ! @brief exact \uc911\uc559�\uc8fc\ubcc0\uc7a5\uce58 transcript\ub97c \uc2b9\uc778\ud569\ub2c8\ub2e4. ... ok
2026-09-07T06:42:44.3212678Z test_boot_ready_ignores_preflash_protocol_but_runtime_rejects_it (test_m21_ble_security_hil.M21BleSecurityHilTests.test_boot_ready_ignores_preflash_protocol_but_runtime_rejects_it)
2026-09-07T06:42:44.3217191Z ! @brief flash \uc911 \ub0a8\uc740 \uc774\uc804 firmware token\uc740 READY \uc804\ub9cc \ubb34\uc2dc\ud569\ub2c8\ub2e4. ... ok
2026-09-07T06:42:44.3218430Z test_evidence_marks_only_protocol_hid_as_automatic (test_m21_ble_security_hil.M21BleSecurityHilTests.test_evidence_marks_only_protocol_hid_as_automatic)
2026-09-07T06:42:44.3261022Z ! @brief OS \uc785\ub825 \ud655\uc778\uc740 \uc790\ub3d9 PASS\uc640 \ubd84\ub9ac\ud574 pending\uc73c\ub85c \ub0a8\uae41\ub2c8\ub2e4. ... ok
2026-09-07T06:42:44.3262488Z test_phase_transitions_have_bounded_security_settle_windows (test_m21_ble_security_hil.M21BleSecurityHilTests.test_phase_transitions_have_bounded_security_settle_windows)
2026-09-07T06:42:44.3264983Z ! @brief bond \uc800\uc7a5�\uc7ac\ubd80\ud305 \uc900\ube44�SMP \uac70\ubd80 \ub4a4\uc5d0 \uc81c\ud55c\ub41c \uc804\ud658 \uc720\uc608\ub97c \uac15\uc81c\ud569\ub2c8\ub2e4. ... ok
2026-09-07T06:42:44.3266050Z test_rejects_erase_without_post_reboot_zero_bond (test_m21_ble_security_hil.M21BleSecurityHilTests.test_rejects_erase_without_post_reboot_zero_bond)
2026-09-07T06:42:44.3268021Z ! @brief \uc81c\uac70 \uc694\uccad \uc9c1\ud6c4 \uac12\uc744 \uc601\uc18d \uc0ad\uc81c \uc644\ub8cc\ub85c \uc624\ud310\ud558\uc9c0 \uc54a\uc2b5\ub2c8\ub2e4. ... ok
2026-09-07T06:42:44.3270008Z test_rejects_missing_encrypted_gatt_negative_or_hid (test_m21_ble_security_hil.M21BleSecurityHilTests.test_rejects_missing_encrypted_gatt_negative_or_hid)
2026-09-07T06:42:44.3271611Z ! @brief \uc554\ud638\ud654 \uc804 \uac70\ubd80\ub098 8-byte HID \uac80\uc99d \ub204\ub77d\uc744 \uac70\ubd80\ud569\ub2c8\ub2e4. ... ok
2026-09-07T06:42:44.3273077Z test_rejects_missing_or_short_rf_nonce_binding (test_m21_ble_security_hil.M21BleSecurityHilTests.test_rejects_missing_or_short_rf_nonce_binding)
2026-09-07T06:42:44.3274734Z ! @brief 128-bit RF peer binding \ub204\ub77d�\ucd95\uc18c\ub97c \ubaa8\ub450 \uac70\ubd80\ud569\ub2c8\ub2e4. ... ok
2026-09-07T06:42:44.3276547Z test_rejects_stale_nonce_target_fail_and_wrong_pairing_count (test_m21_ble_security_hil.M21BleSecurityHilTests.test_rejects_stale_nonce_target_fail_and_wrong_pairing_count)
2026-09-07T06:42:44.3278150Z ! @brief stale \uc2e4\ud589, target FAIL\uacfc restore \uc7ac\ud398\uc5b4\ub97c \ubaa8\ub450 \uac70\ubd80\ud569\ub2c8\ub2e4. ... ok
2026-09-07T06:42:44.3279616Z test_requires_distinct_boards_and_exact_nonce (test_m21_ble_security_hil.M21BleSecurityHilTests.test_requires_distinct_boards_and_exact_nonce)
2026-09-07T06:42:44.3281160Z ! @brief \uac19\uc740 UID�MSD�UART\uc640 \uc798\ubabb\ub41c nonce\ub97c \ucc28\ub2e8\ud569\ub2c8\ub2e4. ... ok
2026-09-07T06:42:44.3282412Z test_uart_console_rendering_is_ascii_safe (test_m21_ble_security_hil.M21BleSecurityHilTests.test_uart_console_rendering_is_ascii_safe)
2026-09-07T06:42:44.3283949Z ! @brief UTF-8\ub85c \ud574\uc11d \uac00\ub2a5\ud55c UART \uc7a1\uc74c\ub3c4 Windows code page\uc640 \ubb34\uad00\ud558\uac8c \ucd9c\ub825\ud569\ub2c8\ub2e4. ... ok
2026-09-07T06:42:44.3284811Z 
2026-09-07T06:42:44.3285022Z ----------------------------------------------------------------------
2026-09-07T06:42:44.3285503Z Ran 10 tests in 0.008s
2026-09-07T06:42:44.3285695Z 
2026-09-07T06:42:44.3285798Z OK
2026-09-07T06:42:44.3286315Z [central] NUCODE_M21_EVENT:DISCONNECTED:role=central:nonce=fedcba9876543210fedcba9876543210
2026-09-07T06:42:44.3287347Z [central] NUCODE_M21_FAIL:role=central:reason=old-image
2026-09-07T06:42:44.3287881Z [central] NUCODE_M21_READY:role=central:bond_count=0
2026-09-07T06:42:44.3288539Z [central] NUCODE_M21_EVENT:DISCONNECTED:role=central:nonce=fedcba9876543210fedcba9876543210
2026-09-07T06:42:44.3404754Z [M12] exec: C:\hostedtoolcache\windows\Python\3.12.10\x64\python.exe -m unittest discover -v -s D:\a\NU54DK_Arduino_Core\NU54DK_Arduino_Core\tests\host -p test_m21_ble_security_negative.py
2026-09-07T06:42:44.4144009Z test_battery_isr_error_and_hid_usage_range_are_api_specific (test_m21_ble_security_negative.M21BleSecurityNegativeTests.test_battery_isr_error_and_hid_usage_range_are_api_specific)
2026-09-07T06:42:44.4146303Z ! @brief BAS ISR \uc624\ub958\uc640 HID descriptor \ubc94\uc704 \ubc16 usage\ub97c \uc815\ud655\ud788 \uac70\ubd80\ud569\ub2c8\ub2e4. ... ok
2026-09-07T06:42:44.4148136Z test_delete_scope_is_ble_bond_only_and_profile_is_ble_only (test_m21_ble_security_negative.M21BleSecurityNegativeTests.test_delete_scope_is_ble_bond_only_and_profile_is_ble_only)
2026-09-07T06:42:44.4152999Z ! @brief erase \ubc94\uc704\uc640 BLE profile \ud55c\uacc4\ub97c \uc720\uc9c0\ud558\uba74\uc11c NUS dependency\uc640 \uacb0\ud569\ud569\ub2c8\ub2e4. ... ok
2026-09-07T06:42:44.4154325Z test_hil_requires_full_rf_nonce_before_connect (test_m21_ble_security_negative.M21BleSecurityNegativeTests.test_hil_requires_full_rf_nonce_before_connect)
2026-09-07T06:42:44.4155327Z ! @brief \uc774\ub984\ub9cc \uac19\uc740 stale \uc7a5\uce58\uc5d0\ub294 \uc5f0\uacb0\ud558\uc9c0 \uc54a\uace0 128-bit nonce\ub97c \uc694\uad6c\ud569\ub2c8\ub2e4. ... ok
2026-09-07T06:42:44.4156391Z test_no_fixed_passkey_secret_log_or_unencrypted_hids_config (test_m21_ble_security_negative.M21BleSecurityNegativeTests.test_no_fixed_passkey_secret_log_or_unencrypted_hids_config)
2026-09-07T06:42:44.4175998Z ! @brief \uace0\uc815 passkey�secret \ub85c\uadf8�\ud3c9\ubb38 HIDS \uc124\uc815\uc744 \ubaa8\ub450 \uae08\uc9c0\ud569\ub2c8\ub2e4. ... ok
2026-09-07T06:42:44.4178689Z test_rejects_hid_before_encryption_or_subscription (test_m21_ble_security_negative.M21BleSecurityNegativeTests.test_rejects_hid_before_encryption_or_subscription)
2026-09-07T06:42:44.4180440Z ! @brief L2 \ubbf8\ub9cc link\uc640 CCC \ubbf8\uad6c\ub3c5 HID \uc804\uc1a1\uc744 PASS\ub85c \uc62c\ub9ac\uc9c0 \uc54a\uc2b5\ub2c8\ub2e4. ... ok
2026-09-07T06:42:44.4182148Z test_rejects_security_below_encrypted_and_invalid_timeout (test_m21_ble_security_negative.M21BleSecurityNegativeTests.test_rejects_security_below_encrypted_and_invalid_timeout)
2026-09-07T06:42:44.4184051Z ! @brief \ubb34\uc554\ud638\ud654 \ubc0f \ube44\uc815\uc0c1 \uc0ac\uc6a9\uc790 \uc751\ub2f5 timeout\uc744 \ucd08\uae30\ud654\uc5d0\uc11c \uac70\ubd80\ud569\ub2c8\ub2e4. ... ok
2026-09-07T06:42:44.4186020Z test_same_boot_bond_is_pending_and_never_false_verified (test_m21_ble_security_negative.M21BleSecurityNegativeTests.test_same_boot_bond_is_pending_and_never_false_verified)
2026-09-07T06:42:44.4187636Z ! @brief pairing \uc9c1\ud6c4\uc5d0\ub294 persistence pending\uc774\uba70 reboot \ubcf5\uc6d0 \uc804 bonded\uac00 \uc544\ub2d9\ub2c8\ub2e4. ... ok
2026-09-07T06:42:44.4188431Z 
2026-09-07T06:42:44.4188642Z ----------------------------------------------------------------------
2026-09-07T06:42:44.4189106Z Ran 7 tests in 0.004s
2026-09-07T06:42:44.4189301Z 
2026-09-07T06:42:44.4189393Z OK
2026-09-07T06:42:44.4272229Z [M12] exec: C:\hostedtoolcache\windows\Python\3.12.10\x64\python.exe -m unittest discover -v -s D:\a\NU54DK_Arduino_Core\NU54DK_Arduino_Core\tests\host -p test_m22_cleanroom.py
2026-09-07T06:42:44.5776407Z test_cleanup_rejects_parent_wrong_token_and_changed_evidence (test_m22_cleanroom.M22CleanroomTests.test_cleanup_rejects_parent_wrong_token_and_changed_evidence)
2026-09-07T06:42:44.5869479Z ! @brief broad target, token mismatch, evidence 변경을 모두 fail-closed 처리합니다. ... ok
2026-09-07T06:42:44.5871315Z test_cleanup_removes_only_exact_leaf_and_preserves_evidence (test_m22_cleanroom.M22CleanroomTests.test_cleanup_removes_only_exact_leaf_and_preserves_evidence)
2026-09-07T06:42:44.5942195Z ! @brief marker와 외부 hash 확인 뒤 exact run leaf 하나만 제거합니다. ... ok
2026-09-07T06:42:44.5943582Z test_cleanup_removes_windows_readonly_file_inside_exact_leaf (test_m22_cleanroom.M22CleanroomTests.test_cleanup_removes_windows_readonly_file_inside_exact_leaf)
2026-09-07T06:42:44.6019660Z ! @brief 격리 NCS Git object와 같은 Windows 읽기 전용 파일도 안전하게 제거합니다. ... ok
2026-09-07T06:42:44.6020652Z test_core_list_uses_installed_version_field (test_m22_cleanroom.M22CleanroomTests.test_core_list_uses_installed_version_field)
2026-09-07T06:42:44.6043889Z ! @brief Arduino CLI 1.5 JSON의 installed_version을 exact 비교합니다. ... ok
2026-09-07T06:42:44.6045049Z test_dry_run_contract_has_no_side_effect_and_no_uid_field (test_m22_cleanroom.M22CleanroomTests.test_dry_run_contract_has_no_side_effect_and_no_uid_field)
2026-09-07T06:42:44.6072968Z ! @brief 실제 설치 전 exact URL·격리·수명주기·cleanup 정책을 고정합니다. ... ok
2026-09-07T06:42:44.6074415Z test_environment_rehomes_every_mutable_root (test_m22_cleanroom.M22CleanroomTests.test_environment_rehomes_every_mutable_root)
2026-09-07T06:42:44.6103221Z ! @brief 원래 Arduino15/NCS/PATH를 상속하지 않고 run leaf로 재배치합니다. ... ok
2026-09-07T06:42:44.6104331Z test_flash_log_binds_exact_uid_and_non_destructive_options (test_m22_cleanroom.M22CleanroomTests.test_flash_log_binds_exact_uid_and_non_destructive_options)
2026-09-07T06:42:44.6170288Z ! @brief 설치본 upload가 exact UID·HEX를 쓰고 erase/recover를 금지합니다. ... ok
2026-09-07T06:42:44.6171469Z test_layout_does_not_precreate_nordic_install_leaves (test_m22_cleanroom.M22CleanroomTests.test_layout_does_not_precreate_nordic_install_leaves)
2026-09-07T06:42:44.6301079Z ! @brief Nordic SDK와 Toolchain 설치 대상 leaf를 미리 만들지 않습니다. ... ok
2026-09-07T06:42:44.6310953Z test_layout_rejects_preexisting_nordic_install_leaf (test_m22_cleanroom.M22CleanroomTests.test_layout_rejects_preexisting_nordic_install_leaf)
2026-09-07T06:42:44.6543796Z ! @brief Nordic 설치 대상 leaf가 먼저 생기면 즉시 중단합니다. ... ok
2026-09-07T06:42:44.6544580Z test_rc_index_requires_exact_public_asset_identity (test_m22_cleanroom.M22CleanroomTests.test_rc_index_requires_exact_public_asset_identity)
2026-09-07T06:42:44.6568661Z ! @brief 공개 RC URL/hash/size가 plan과 다르면 설치 전에 차단합니다. ... ok
2026-09-07T06:42:44.6569552Z test_readonly_retry_rejects_path_outside_exact_leaf (test_m22_cleanroom.M22CleanroomTests.test_readonly_retry_rejects_path_outside_exact_leaf)
2026-09-07T06:42:44.6602484Z ! @brief 읽기 전용 복구 callback이 exact run leaf 밖 경로를 거부합니다. ... ok
2026-09-07T06:42:44.6603491Z test_runner_binding_requires_exact_release_commit_and_bytes (test_m22_cleanroom.M22CleanroomTests.test_runner_binding_requires_exact_release_commit_and_bytes)
2026-09-07T06:42:44.6653616Z ! @brief clean-room runner가 exact plan commit과 byte에 묶이는지 확인합니다. ... ok
2026-09-07T06:42:44.6654958Z test_uid_and_user_path_are_redacted (test_m22_cleanroom.M22CleanroomTests.test_uid_and_user_path_are_redacted)
2026-09-07T06:42:44.6681674Z ! @brief 외부 log에 probe UID와 실제 Windows 사용자명이 남지 않습니다. ... ok
2026-09-07T06:42:44.6682443Z 
2026-09-07T06:42:44.6682933Z ----------------------------------------------------------------------
2026-09-07T06:42:44.6683282Z Ran 13 tests in 0.091s
2026-09-07T06:42:44.6683421Z 
2026-09-07T06:42:44.6683492Z OK
2026-09-07T06:42:44.6846429Z [M12] exec: C:\hostedtoolcache\windows\Python\3.12.10\x64\python.exe -m unittest discover -v -s D:\a\NU54DK_Arduino_Core\NU54DK_Arduino_Core\tests\host -p test_m22_fixed_gate.py
2026-09-07T06:42:44.7715334Z test_host_gate_is_exact_unittest_discovery (test_m22_fixed_gate.M22FixedGateTests.test_host_gate_is_exact_unittest_discovery)
2026-09-07T06:42:44.7725016Z ! @brief host gate가 임의 test command를 받지 않습니다. ... ok
2026-09-07T06:42:44.7725924Z test_package_examples_delegates_all_isolated_roots (test_m22_fixed_gate.M22FixedGateTests.test_package_examples_delegates_all_isolated_roots)
2026-09-07T06:42:44.7734280Z ! @brief 설치본 예제 gate에 SDK/toolchain/cache/forbid root를 모두 넘깁니다. ... ok
2026-09-07T06:42:44.7735235Z test_rc_upload_requires_exact_uid_but_redacts_it (test_m22_fixed_gate.M22FixedGateTests.test_rc_upload_requires_exact_uid_but_redacts_it)
2026-09-07T06:42:44.7748185Z ! @brief RC upload는 pyOCD 1회와 UID를 강제하되 공개 문구에서 지웁니다. ... ok
2026-09-07T06:42:44.7749015Z test_rc_upload_without_uid_fails_closed (test_m22_fixed_gate.M22FixedGateTests.test_rc_upload_without_uid_fails_closed)
2026-09-07T06:42:44.7756993Z ! @brief 다중 probe 환경에서 암묵 선택을 허용하지 않습니다. ... ok
2026-09-07T06:42:44.7757214Z 
2026-09-07T06:42:44.7757427Z ----------------------------------------------------------------------
2026-09-07T06:42:44.7757978Z Ran 4 tests in 0.004s
2026-09-07T06:42:44.7758219Z 
2026-09-07T06:42:44.7758346Z OK
2026-09-07T06:42:44.7864162Z [M12] exec: C:\hostedtoolcache\windows\Python\3.12.10\x64\python.exe -m unittest discover -v -s D:\a\NU54DK_Arduino_Core\NU54DK_Arduino_Core\tests\host -p test_m22_package_examples.py
2026-09-07T06:42:44.8788710Z test_deep_forbidden_path_scan_is_fail_closed (test_m22_package_examples.M22PackageExamplesTests.test_deep_forbidden_path_scan_is_fail_closed)
2026-09-07T06:42:44.9266055Z ! @brief 중첩 manifest 문자열의 기존 Arduino15 경로도 거부합니다. ... ok
2026-09-07T06:42:44.9954603Z test_discovery_accepts_only_installed_platform_paths (test_m22_package_examples.M22PackageExamplesTests.test_discovery_accepts_only_installed_platform_paths)
2026-09-07T06:42:44.9955990Z ! @brief Arduino CLI가 설치본에서 열거한 exact 29개만 승인합니다. ... ok
2026-09-07T06:42:44.9957185Z test_discovery_rejects_source_checkout_substitution (test_m22_package_examples.M22PackageExamplesTests.test_discovery_rejects_source_checkout_substitution)
2026-09-07T06:42:45.0544560Z ! @brief 저장소 source 예제를 설치본으로 가장하면 실패합니다. ... ok
2026-09-07T06:42:45.0545897Z test_discovery_rejects_unlocked_installed_package_example (test_m22_package_examples.M22PackageExamplesTests.test_discovery_rejects_unlocked_installed_package_example)
2026-09-07T06:42:45.1235690Z ! @brief 새 package 예제를 lock/compile 대상에서 빠뜨릴 수 없습니다. ... ok
2026-09-07T06:42:45.1236425Z test_lock_contains_every_29_profiled_examples (test_m22_package_examples.M22PackageExamplesTests.test_lock_contains_every_29_profiled_examples)
2026-09-07T06:42:45.1679073Z ! @brief 공개 package 예제 집합과 BLE profile 구분을 고정합니다. ... ok
2026-09-07T06:42:45.1679896Z test_lock_matches_every_repository_library_example (test_m22_package_examples.M22PackageExamplesTests.test_lock_matches_every_repository_library_example)
2026-09-07T06:42:45.2153859Z ! @brief package source에 추가된 Arduino 예제가 lock 밖으로 빠지지 않습니다. ... ok
2026-09-07T06:42:45.2154891Z test_manifest_binds_isolated_package_sdk_toolchain_and_cache (test_m22_package_examples.M22PackageExamplesTests.test_manifest_binds_isolated_package_sdk_toolchain_and_cache)
2026-09-07T06:42:45.2711415Z ! @brief build identity가 모든 격리 root와 HEX byte에 묶입니다. ... ok
2026-09-07T06:42:45.2712083Z 
2026-09-07T06:42:45.2712398Z ----------------------------------------------------------------------
2026-09-07T06:42:45.2712938Z Ran 7 tests in 0.392s
2026-09-07T06:42:45.2713138Z 
2026-09-07T06:42:45.2713228Z OK
2026-09-07T06:42:45.2841259Z [M12] exec: C:\hostedtoolcache\windows\Python\3.12.10\x64\python.exe -m unittest discover -v -s D:\a\NU54DK_Arduino_Core\NU54DK_Arduino_Core\tests\host -p test_m22_release.py
2026-09-07T06:42:45.4189903Z test_finalize_requires_exact_four_passed_gates (test_m22_release.M22ReleaseTests.test_finalize_requires_exact_four_passed_gates)
2026-09-07T06:42:45.4470052Z ! @brief host/examples/upload/clean-room 모두 있어야 RC3 ready가 됩니다. ... ok
2026-09-07T06:42:45.4470818Z test_package_contract_contains_only_exact_new_rc (test_m22_release.M22ReleaseTests.test_package_contract_contains_only_exact_new_rc)
2026-09-07T06:42:45.4476025Z ! @brief 0.3.0-rc.3이 과거 RC/stable 계약 뒤에 정확히 추가됩니다. ... ok
2026-09-07T06:42:45.4476701Z test_parser_exposes_no_publish_or_push_command (test_m22_release.M22ReleaseTests.test_parser_exposes_no_publish_or_push_command)
2026-09-07T06:42:45.4500974Z ! @brief M22 자동화가 GitHub Release 조작 경로를 제공하지 않습니다. ... ok
2026-09-07T06:42:45.4501770Z test_stable_index_is_exact_and_tamper_is_rejected (test_m22_release.M22ReleaseTests.test_stable_index_is_exact_and_tamper_is_rejected)
2026-09-07T06:42:45.4522420Z ! @brief RC3 준비가 기존 stable index 한 byte 변경도 거부합니다. ... ok
2026-09-07T06:42:45.4523090Z test_two_builds_must_be_byte_identical (test_m22_release.M22ReleaseTests.test_two_builds_must_be_byte_identical)
2026-09-07T06:42:45.4737032Z ! @brief 독립 build 중 한 byte라도 다르면 prepare가 진행되지 않습니다. ... ok
2026-09-07T06:42:45.4737520Z 
2026-09-07T06:42:45.4737701Z ----------------------------------------------------------------------
2026-09-07T06:42:45.4738027Z Ran 5 tests in 0.055s
2026-09-07T06:42:45.4738159Z 
2026-09-07T06:42:45.4738237Z OK
2026-09-07T06:42:45.4906065Z [M12] exec: C:\hostedtoolcache\windows\Python\3.12.10\x64\python.exe -m unittest discover -v -s D:\a\NU54DK_Arduino_Core\NU54DK_Arduino_Core\tests\host -p test_m23_peripheral_inventory.py
2026-09-07T06:42:45.6580018Z test_common_ownership_contract_lists_dma_and_event_resources (test_m23_peripheral_inventory.M23PeripheralInventoryTests.test_common_ownership_contract_lists_dma_and_event_resources) ... ok
2026-09-07T06:42:46.0240207Z test_common_ownership_dma_and_block_semantics_run_on_host (test_m23_peripheral_inventory.M23PeripheralInventoryTests.test_common_ownership_dma_and_block_semantics_run_on_host) ... ok
2026-09-07T06:42:46.1588143Z test_exhaustive_instance_omission_is_rejected (test_m23_peripheral_inventory.M23PeripheralInventoryTests.test_exhaustive_instance_omission_is_rejected) ... ok
2026-09-07T06:42:46.2260468Z test_pinned_ncs_dts_checksum_and_labels_are_verified (test_m23_peripheral_inventory.M23PeripheralInventoryTests.test_pinned_ncs_dts_checksum_and_labels_are_verified) ... skipped 'exact NCS v3.4.0 workspace is not installed'
2026-09-07T06:42:46.5172364Z test_public_inventory_api_compiles_links_and_runs (test_m23_peripheral_inventory.M23PeripheralInventoryTests.test_public_inventory_api_compiles_links_and_runs) ... ok
2026-09-07T06:42:46.6497042Z test_public_object_alias_is_rejected (test_m23_peripheral_inventory.M23PeripheralInventoryTests.test_public_object_alias_is_rejected) ... ok
2026-09-07T06:42:46.7891128Z test_same_serial_block_personality_set_is_exact (test_m23_peripheral_inventory.M23PeripheralInventoryTests.test_same_serial_block_personality_set_is_exact) ... ok
2026-09-07T06:42:46.9999483Z test_schema_inventory_sources_and_generated_outputs_pass (test_m23_peripheral_inventory.M23PeripheralInventoryTests.test_schema_inventory_sources_and_generated_outputs_pass) ... ok
2026-09-07T06:42:47.0000474Z 
2026-09-07T06:42:47.0000708Z ----------------------------------------------------------------------
2026-09-07T06:42:47.0001117Z Ran 8 tests in 1.416s
2026-09-07T06:42:47.0001258Z 
2026-09-07T06:42:47.0001333Z OK (skipped=1)
2026-09-07T06:42:47.0134236Z [M12] exec: C:\hostedtoolcache\windows\Python\3.12.10\x64\python.exe -m unittest discover -v -s D:\a\NU54DK_Arduino_Core\NU54DK_Arduino_Core\tests\host -p test_m24_serial_contract.py
2026-09-07T06:42:47.1192903Z test_block_personality_omission_is_rejected (test_m24_serial_contract.M24SerialContractTests.test_block_personality_omission_is_rejected) ... ok
2026-09-07T06:42:47.1203576Z test_candidate_header_and_handover_sources_are_required (test_m24_serial_contract.M24SerialContractTests.test_candidate_header_and_handover_sources_are_required) ... ok
2026-09-07T06:42:47.2072961Z test_contract_schema_generated_document_and_exact_ncs_pass (test_m24_serial_contract.M24SerialContractTests.test_contract_schema_generated_document_and_exact_ncs_pass) ... ok
2026-09-07T06:42:47.2182252Z test_dedicated_pin_mapping_and_board_conflict_are_rejected_on_drift (test_m24_serial_contract.M24SerialContractTests.test_dedicated_pin_mapping_and_board_conflict_are_rejected_on_drift) ... ok
2026-09-07T06:42:47.2237677Z test_every_identity_needs_one_approved_hil_profile (test_m24_serial_contract.M24SerialContractTests.test_every_identity_needs_one_approved_hil_profile) ... ok
2026-09-07T06:42:47.2253411Z test_functionally_verified_candidates_remain_internal_until_release (test_m24_serial_contract.M24SerialContractTests.test_functionally_verified_candidates_remain_internal_until_release) ... ok
2026-09-07T06:42:47.2277717Z test_local_board_source_checksum_is_fail_closed (test_m24_serial_contract.M24SerialContractTests.test_local_board_source_checksum_is_fail_closed) ... ok
2026-09-07T06:42:47.2333610Z test_onboard_resources_partition_profiles_and_keep_fixture_boundary (test_m24_serial_contract.M24SerialContractTests.test_onboard_resources_partition_profiles_and_keep_fixture_boundary) ... ok
2026-09-07T06:42:47.2423039Z test_public_alias_or_singleton_identity_drift_is_rejected (test_m24_serial_contract.M24SerialContractTests.test_public_alias_or_singleton_identity_drift_is_rejected) ... ok
2026-09-07T06:42:47.2424167Z test_spim_hardware_csn_meets_nrf54l15_spis_timing (test_m24_serial_contract.M24SerialContractTests.test_spim_hardware_csn_meets_nrf54l15_spis_timing)
2026-09-07T06:42:47.2429585Z Source regression only; Fixture 201 proves the physical timing path. ... ok
2026-09-07T06:42:47.2430891Z test_spim_rx_delay_matches_nrf54l15_instance_clock (test_m24_serial_contract.M24SerialContractTests.test_spim_rx_delay_matches_nrf54l15_instance_clock)
2026-09-07T06:42:47.2436034Z Source regression only; 8 MHz Fixture 201 proves the physical sample path. ... ok
2026-09-07T06:42:47.2441063Z test_text_source_hash_is_checkout_eol_invariant (test_m24_serial_contract.M24SerialContractTests.test_text_source_hash_is_checkout_eol_invariant) ... ok
2026-09-07T06:42:47.2442112Z test_twim_activation_explicitly_enables_nrfx_instance (test_m24_serial_contract.M24SerialContractTests.test_twim_activation_explicitly_enables_nrfx_instance)
2026-09-07T06:42:47.2447111Z Source regression only; actual transfers remain an onboard/fixture gate. ... ok
2026-09-07T06:42:47.2448027Z test_twis_late_buffer_resumes_clock_stretched_request (test_m24_serial_contract.M24SerialContractTests.test_twis_late_buffer_resumes_clock_stretched_request)
2026-09-07T06:42:47.2453690Z Source regression only; Fixture 301 proves the physical clock-stretch path. ... ok
2026-09-07T06:42:47.2564521Z test_unsafe_pin_profile_is_rejected (test_m24_serial_contract.M24SerialContractTests.test_unsafe_pin_profile_is_rejected) ... ok
2026-09-07T06:42:47.2565313Z 
2026-09-07T06:42:47.2565560Z ----------------------------------------------------------------------
2026-09-07T06:42:47.2566098Z Ran 15 tests in 0.144s
2026-09-07T06:42:47.2566288Z 
2026-09-07T06:42:47.2566393Z OK
2026-09-07T06:42:47.2699985Z [M12] exec: C:\hostedtoolcache\windows\Python\3.12.10\x64\python.exe -m unittest discover -v -s D:\a\NU54DK_Arduino_Core\NU54DK_Arduino_Core\tests\host -p test_m26_system_contract.py
2026-09-07T06:42:47.3673374Z test_all_m26_identities_have_a_non_unknown_disposition (test_m26_system_contract.M26SystemContractTests.test_all_m26_identities_have_a_non_unknown_disposition) ... ok
2026-09-07T06:42:47.3676170Z test_raw_radio_is_exclusive_with_managed_ble (test_m26_system_contract.M26SystemContractTests.test_raw_radio_is_exclusive_with_managed_ble) ... ok
2026-09-07T06:42:47.3805525Z test_schematic_hash_and_generated_document_are_exact (test_m26_system_contract.M26SystemContractTests.test_schematic_hash_and_generated_document_are_exact) ... ok
2026-09-07T06:42:47.3874609Z test_silicon_only_capability_cannot_be_public (test_m26_system_contract.M26SystemContractTests.test_silicon_only_capability_cannot_be_public) ... ok
2026-09-07T06:42:47.3974952Z test_supported_state_requires_automated_and_physical_pass (test_m26_system_contract.M26SystemContractTests.test_supported_state_requires_automated_and_physical_pass) ... ok
2026-09-07T06:42:47.3976139Z 
2026-09-07T06:42:47.3976368Z ----------------------------------------------------------------------
2026-09-07T06:42:47.3976864Z Ran 5 tests in 0.043s
2026-09-07T06:42:47.3977051Z 
2026-09-07T06:42:47.3977145Z OK
2026-09-07T06:42:47.4091252Z [M12] exec: C:\hostedtoolcache\windows\Python\3.12.10\x64\python.exe -m unittest discover -v -s D:\a\NU54DK_Arduino_Core\NU54DK_Arduino_Core\tests\host -p test_m27_package_examples.py
2026-09-07T06:42:47.5291365Z test_local_software_package_cannot_be_labeled_rc_evidence (test_m27_package_examples.M27PackageExampleTests.test_local_software_package_cannot_be_labeled_rc_evidence)
2026-09-07T06:42:47.5385501Z M27_PACKAGE_EXAMPLE_PASS 1/29 EEPROM::EEPROMPersistence
2026-09-07T06:42:47.5397814Z M27_PACKAGE_EXAMPLE_PASS 2/29 LittleFS::LittleFSPersistence
2026-09-07T06:42:47.5425528Z M27_PACKAGE_EXAMPLE_PASS 3/29 NUCODE BLE::CustomGattCentral
2026-09-07T06:42:47.5437797Z M27_PACKAGE_EXAMPLE_PASS 4/29 NUCODE BLE::CustomGattPeripheral
2026-09-07T06:42:47.5450089Z M27_PACKAGE_EXAMPLE_PASS 5/29 NUCODE BLE::GAPCentral
2026-09-07T06:42:47.5461875Z M27_PACKAGE_EXAMPLE_PASS 6/29 NUCODE BLE::GAPPeripheral
2026-09-07T06:42:47.5474438Z M27_PACKAGE_EXAMPLE_PASS 7/29 NUCODE BLE::NUSCentral
2026-09-07T06:42:47.5486943Z M27_PACKAGE_EXAMPLE_PASS 8/29 NUCODE BLE::NUSPeripheral
2026-09-07T06:42:47.5498718Z M27_PACKAGE_EXAMPLE_PASS 9/29 NUCODE BLE Security::SecureKeyboard
2026-09-07T06:42:47.5511260Z M27_PACKAGE_EXAMPLE_PASS 10/29 NUCODE NU54DK::AnalogChannels
2026-09-07T06:42:47.5523647Z M27_PACKAGE_EXAMPLE_PASS 11/29 NUCODE NU54DK::AnalogReadA0
2026-09-07T06:42:47.5535795Z M27_PACKAGE_EXAMPLE_PASS 12/29 NUCODE NU54DK::AnalogResolution
2026-09-07T06:42:47.5547808Z M27_PACKAGE_EXAMPLE_PASS 13/29 NUCODE NU54DK::Blink
2026-09-07T06:42:47.5559474Z M27_PACKAGE_EXAMPLE_PASS 14/29 NUCODE NU54DK::BoardInfo
2026-09-07T06:42:47.5571814Z M27_PACKAGE_EXAMPLE_PASS 15/29 NUCODE NU54DK::CounterAlarm
2026-09-07T06:42:47.5598395Z M27_PACKAGE_EXAMPLE_PASS 16/29 NUCODE NU54DK::DynamicPWM
2026-09-07T06:42:47.5610432Z M27_PACKAGE_EXAMPLE_PASS 17/29 NUCODE NU54DK::InterruptButton
2026-09-07T06:42:47.5622016Z M27_PACKAGE_EXAMPLE_PASS 18/29 NUCODE NU54DK::PWMFade
2026-09-07T06:42:47.5634360Z M27_PACKAGE_EXAMPLE_PASS 19/29 NUCODE NU54DK::Serial1RuntimePins
2026-09-07T06:42:47.5646940Z M27_PACKAGE_EXAMPLE_PASS 20/29 NUCODE NU54DK::SerialEcho
2026-09-07T06:42:47.5659099Z M27_PACKAGE_EXAMPLE_PASS 21/29 NUCODE NU54DK::SettingsStorage
2026-09-07T06:42:47.5670948Z M27_PACKAGE_EXAMPLE_PASS 22/29 NUCODE NU54DK::SPI00RuntimePins
2026-09-07T06:42:47.5683498Z M27_PACKAGE_EXAMPLE_PASS 23/29 NUCODE NU54DK::SystemOffWake
2026-09-07T06:42:47.5711317Z M27_PACKAGE_EXAMPLE_PASS 24/29 NUCODE NU54DK::ToneOutput
2026-09-07T06:42:47.5724429Z M27_PACKAGE_EXAMPLE_PASS 25/29 NUCODE NU54DK::WatchdogBasic
2026-09-07T06:42:47.5736088Z M27_PACKAGE_EXAMPLE_PASS 26/29 NUCODE NU54DK::WireRuntimePins
2026-09-07T06:42:47.5748201Z M27_PACKAGE_EXAMPLE_PASS 27/29 Servo::Sweep
2026-09-07T06:42:47.5760306Z M27_PACKAGE_EXAMPLE_PASS 28/29 SPI::SPITransaction
2026-09-07T06:42:47.5771920Z M27_PACKAGE_EXAMPLE_PASS 29/29 Wire::WirePmicId
2026-09-07T06:42:47.5848032Z M27_PACKAGE_EXAMPLE_PASS 1/29 EEPROM::EEPROMPersistence
2026-09-07T06:42:47.5860953Z M27_PACKAGE_EXAMPLE_PASS 2/29 LittleFS::LittleFSPersistence
2026-09-07T06:42:47.5887647Z M27_PACKAGE_EXAMPLE_PASS 3/29 NUCODE BLE::CustomGattCentral
2026-09-07T06:42:47.5899723Z M27_PACKAGE_EXAMPLE_PASS 4/29 NUCODE BLE::CustomGattPeripheral
2026-09-07T06:42:47.5911933Z M27_PACKAGE_EXAMPLE_PASS 5/29 NUCODE BLE::GAPCentral
2026-09-07T06:42:47.5923841Z M27_PACKAGE_EXAMPLE_PASS 6/29 NUCODE BLE::GAPPeripheral
2026-09-07T06:42:47.5935239Z M27_PACKAGE_EXAMPLE_PASS 7/29 NUCODE BLE::NUSCentral
2026-09-07T06:42:47.5947246Z M27_PACKAGE_EXAMPLE_PASS 8/29 NUCODE BLE::NUSPeripheral
2026-09-07T06:42:47.5959337Z M27_PACKAGE_EXAMPLE_PASS 9/29 NUCODE BLE Security::SecureKeyboard
2026-09-07T06:42:47.5971231Z M27_PACKAGE_EXAMPLE_PASS 10/29 NUCODE NU54DK::AnalogChannels
2026-09-07T06:42:47.5983109Z M27_PACKAGE_EXAMPLE_PASS 11/29 NUCODE NU54DK::AnalogReadA0
2026-09-07T06:42:47.5994456Z M27_PACKAGE_EXAMPLE_PASS 12/29 NUCODE NU54DK::AnalogResolution
2026-09-07T06:42:47.6006244Z M27_PACKAGE_EXAMPLE_PASS 13/29 NUCODE NU54DK::Blink
2026-09-07T06:42:47.6018046Z M27_PACKAGE_EXAMPLE_PASS 14/29 NUCODE NU54DK::BoardInfo
2026-09-07T06:42:47.6029584Z M27_PACKAGE_EXAMPLE_PASS 15/29 NUCODE NU54DK::CounterAlarm
2026-09-07T06:42:47.6063022Z M27_PACKAGE_EXAMPLE_PASS 16/29 NUCODE NU54DK::DynamicPWM
2026-09-07T06:42:47.6074589Z M27_PACKAGE_EXAMPLE_PASS 17/29 NUCODE NU54DK::InterruptButton
2026-09-07T06:42:47.6086471Z M27_PACKAGE_EXAMPLE_PASS 18/29 NUCODE NU54DK::PWMFade
2026-09-07T06:42:47.6098378Z M27_PACKAGE_EXAMPLE_PASS 19/29 NUCODE NU54DK::Serial1RuntimePins
2026-09-07T06:42:47.6110046Z M27_PACKAGE_EXAMPLE_PASS 20/29 NUCODE NU54DK::SerialEcho
2026-09-07T06:42:47.6122413Z M27_PACKAGE_EXAMPLE_PASS 21/29 NUCODE NU54DK::SettingsStorage
2026-09-07T06:42:47.6134285Z M27_PACKAGE_EXAMPLE_PASS 22/29 NUCODE NU54DK::SPI00RuntimePins
2026-09-07T06:42:47.6145481Z M27_PACKAGE_EXAMPLE_PASS 23/29 NUCODE NU54DK::SystemOffWake
2026-09-07T06:42:47.6170986Z M27_PACKAGE_EXAMPLE_PASS 24/29 NUCODE NU54DK::ToneOutput
2026-09-07T06:42:47.6182992Z M27_PACKAGE_EXAMPLE_PASS 25/29 NUCODE NU54DK::WatchdogBasic
2026-09-07T06:42:47.6194652Z M27_PACKAGE_EXAMPLE_PASS 26/29 NUCODE NU54DK::WireRuntimePins
2026-09-07T06:42:47.6206475Z M27_PACKAGE_EXAMPLE_PASS 27/29 Servo::Sweep
2026-09-07T06:42:47.6218528Z M27_PACKAGE_EXAMPLE_PASS 28/29 SPI::SPITransaction
2026-09-07T06:42:47.6229965Z M27_PACKAGE_EXAMPLE_PASS 29/29 Wire::WirePmicId
2026-09-07T06:42:47.6354556Z ! @brief 기존 RC 기본값과 software preview의 별도 identity를 유지합니다. ... ok
2026-09-07T06:42:47.6358329Z test_lock_has_exact_version_profiles_and_count (test_m27_package_examples.M27PackageExampleTests.test_lock_has_exact_version_profiles_and_count) ... ok
2026-09-07T06:42:47.6359918Z test_m22_historical_runner_remains_pinned (test_m27_package_examples.M27PackageExampleTests.test_m22_historical_runner_remains_pinned) ... ok
2026-09-07T06:42:47.6361488Z test_runner_parallelizes_independent_build_roots (test_m27_package_examples.M27PackageExampleTests.test_runner_parallelizes_independent_build_roots) ... ok
2026-09-07T06:42:47.6363316Z test_runner_uses_version_explicit_discovery (test_m27_package_examples.M27PackageExampleTests.test_runner_uses_version_explicit_discovery) ... ok
2026-09-07T06:42:47.6364528Z 
2026-09-07T06:42:47.6364841Z ----------------------------------------------------------------------
2026-09-07T06:42:47.6365395Z Ran 5 tests in 0.107s
2026-09-07T06:42:47.6365589Z 
2026-09-07T06:42:47.6365689Z OK
2026-09-07T06:42:47.6522820Z [M12] exec: C:\hostedtoolcache\windows\Python\3.12.10\x64\python.exe -m unittest discover -v -s D:\a\NU54DK_Arduino_Core\NU54DK_Arduino_Core\tests\host -p test_m27_release.py
2026-09-07T06:42:47.7828991Z test_candidate_extension_does_not_add_unapproved_stable (test_m27_release.M27ReleaseTests.test_candidate_extension_does_not_add_unapproved_stable) ... ok
2026-09-07T06:42:48.8804487Z test_clean_submodule_status_survives_trimmed_first_prefix (test_m27_release.M27ReleaseTests.test_clean_submodule_status_survives_trimmed_first_prefix) ... ok
2026-09-07T06:42:48.8810531Z test_cli_exposes_no_publish_or_finalize_command (test_m27_release.M27ReleaseTests.test_cli_exposes_no_publish_or_finalize_command) ... ok
2026-09-07T06:42:48.8853648Z test_contract_has_every_required_gate_and_remains_hold (test_m27_release.M27ReleaseTests.test_contract_has_every_required_gate_and_remains_hold) ... ok
2026-09-07T06:42:48.8949436Z test_functional_fixture_gates_cannot_become_optional (test_m27_release.M27ReleaseTests.test_functional_fixture_gates_cannot_become_optional) ... ok
2026-09-07T06:42:48.8999568Z test_historical_package_contract_is_not_modified (test_m27_release.M27ReleaseTests.test_historical_package_contract_is_not_modified) ... ok
2026-09-07T06:42:48.9039925Z test_owner_scope_excludes_metrology_not_functional_hil (test_m27_release.M27ReleaseTests.test_owner_scope_excludes_metrology_not_functional_hil) ... ok
2026-09-07T06:42:48.9070992Z test_plan_rejects_publication_or_missing_artifacts (test_m27_release.M27ReleaseTests.test_plan_rejects_publication_or_missing_artifacts) ... ok
2026-09-07T06:42:48.9147754Z test_scope_drift_or_missing_decision_is_rejected (test_m27_release.M27ReleaseTests.test_scope_drift_or_missing_decision_is_rejected) ... ok
2026-09-07T06:42:48.9149086Z 
2026-09-07T06:42:48.9149346Z ----------------------------------------------------------------------
2026-09-07T06:42:48.9149847Z Ran 9 tests in 1.140s
2026-09-07T06:42:48.9150038Z 
2026-09-07T06:42:48.9150135Z OK
2026-09-07T06:42:48.9316677Z [M12] exec: C:\hostedtoolcache\windows\Python\3.12.10\x64\python.exe -m unittest discover -v -s D:\a\NU54DK_Arduino_Core\NU54DK_Arduino_Core\tests\host -p test_m27_staged_candidate.py
2026-09-07T06:42:49.0266356Z test_archive_members_require_exact_root (test_m27_staged_candidate.M27StagedCandidateTests.test_archive_members_require_exact_root) ... ok
2026-09-07T06:42:49.0268019Z test_runner_has_no_publication_command (test_m27_staged_candidate.M27StagedCandidateTests.test_runner_has_no_publication_command) ... ok
2026-09-07T06:42:49.4875155Z test_stage_archive_places_payload_at_arduino_platform_path (test_m27_staged_candidate.M27StagedCandidateTests.test_stage_archive_places_payload_at_arduino_platform_path) ... ok
2026-09-07T06:42:49.4875977Z 
2026-09-07T06:42:49.4876168Z ----------------------------------------------------------------------
2026-09-07T06:42:49.4876786Z Ran 3 tests in 0.465s
2026-09-07T06:42:49.4876938Z 
2026-09-07T06:42:49.4877008Z OK
2026-09-07T06:42:49.5002806Z [M12] exec: C:\hostedtoolcache\windows\Python\3.12.10\x64\python.exe -m unittest discover -v -s D:\a\NU54DK_Arduino_Core\NU54DK_Arduino_Core\tests\host -p test_m8_flash.py
2026-09-07T06:42:49.5972777Z test_accepts_matching_non_sysbuild_artifacts (test_m8_flash.M8FlashContractTests.test_accepts_matching_non_sysbuild_artifacts)
2026-09-07T06:42:49.6211198Z ! @brief export와 native artifact가 같을 때 upload 입력을 승인합니다. ... ok
2026-09-07T06:42:49.6211900Z test_flash_command_has_no_destructive_option (test_m8_flash.M8FlashContractTests.test_flash_command_has_no_destructive_option)
2026-09-07T06:42:49.6339180Z ! @brief 일반 upload 명령에 erase 또는 recover가 없는지 검증합니다. ... ok
2026-09-07T06:42:49.6340022Z test_redacts_explicit_probe_identity_without_losing_selection_mode (test_m8_flash.M8FlashContractTests.test_redacts_explicit_probe_identity_without_losing_selection_mode)
2026-09-07T06:42:49.6469707Z ! @brief 결과 JSON이 UID를 숨기면서 선택 방식과 메뉴를 보존하는지 검증합니다. ... ok
2026-09-07T06:42:49.6470228Z test_rejects_board_mismatch (test_m8_flash.M8FlashContractTests.test_rejects_board_mismatch)
2026-09-07T06:42:49.6614514Z ! @brief 다른 board로 생성된 manifest를 거부합니다. ... ok
2026-09-07T06:42:49.6615207Z test_rejects_destructive_runner_metadata (test_m8_flash.M8FlashContractTests.test_rejects_destructive_runner_metadata)
2026-09-07T06:42:49.6931267Z ! @brief runners.yaml에 숨은 erase/recover option도 일반 upload에서 거부합니다. ... ok
2026-09-07T06:42:49.6931962Z test_rejects_exported_hex_hash_mismatch (test_m8_flash.M8FlashContractTests.test_rejects_exported_hex_hash_mismatch)
2026-09-07T06:42:49.7111823Z ! @brief build 후 변경된 export HEX를 거부합니다. ... ok
2026-09-07T06:42:49.7112490Z test_rejects_missing_or_ambiguous_pyocd_probe (test_m8_flash.M8FlashContractTests.test_rejects_missing_or_ambiguous_pyocd_probe)
2026-09-07T06:42:49.7252961Z ! @brief probe 없음과 다중 probe 무지정 상태를 구분해 거부합니다. ... ok
2026-09-07T06:42:49.7253542Z test_rejects_missing_runner (test_m8_flash.M8FlashContractTests.test_rejects_missing_runner)
2026-09-07T06:42:49.7393972Z ! @brief build에 등록되지 않은 runner를 거부합니다. ... ok
2026-09-07T06:42:49.7394865Z test_rejects_native_hex_mismatch (test_m8_flash.M8FlashContractTests.test_rejects_native_hex_mismatch)
2026-09-07T06:42:49.7595744Z ! @brief west가 기록할 native HEX와 export HEX가 다르면 거부합니다. ... ok
2026-09-07T06:42:49.7596384Z test_rejects_sysbuild_manifest (test_m8_flash.M8FlashContractTests.test_rejects_sysbuild_manifest)
2026-09-07T06:42:49.7741181Z ! @brief 아직 지원하지 않는 merged sysbuild artifact를 명확히 거부합니다. ... ok
2026-09-07T06:42:49.7742028Z test_selects_noninteractive_or_explicit_uid_upload_tool (test_m8_flash.M8FlashContractTests.test_selects_noninteractive_or_explicit_uid_upload_tool)
2026-09-07T06:42:49.7874711Z ! @brief 기본 pyOCD와 명시 UID 전용 메뉴가 분리되는지 검증합니다. ... ok
2026-09-07T06:42:49.7875348Z test_selects_one_or_explicit_pyocd_probe (test_m8_flash.M8FlashContractTests.test_selects_one_or_explicit_pyocd_probe)
2026-09-07T06:42:49.8009952Z ! @brief 단일 probe 자동 선택과 명시 UID 선택을 검증합니다. ... ok
2026-09-07T06:42:49.8010580Z test_validates_both_runner_contracts (test_m8_flash.M8FlashContractTests.test_validates_both_runner_contracts)
2026-09-07T06:42:49.8158449Z ! @brief pyOCD와 J-Link 고정 target argument를 YAML에서 확인합니다. ... ok
2026-09-07T06:42:49.8158920Z 
2026-09-07T06:42:49.8159080Z ----------------------------------------------------------------------
2026-09-07T06:42:49.8159417Z Ran 13 tests in 0.219s
2026-09-07T06:42:49.8159558Z 
2026-09-07T06:42:49.8159630Z OK
2026-09-07T06:42:49.8299375Z [M12] exec: C:\hostedtoolcache\windows\Python\3.12.10\x64\python.exe -m unittest discover -v -s D:\a\NU54DK_Arduino_Core\NU54DK_Arduino_Core\tests\host -p test_m9_cache.py
2026-09-07T06:42:49.9603942Z test_actual_input_collector_tracks_board_sdk_and_toolchain_identity (test_m9_cache.M9CacheContractTests.test_actual_input_collector_tracks_board_sdk_and_toolchain_identity)
2026-09-07T06:42:50.0113830Z ! @brief \uc2e4\uc81c collector\uac00 board/NCS/Zephyr/compiler \uc785\ub825\uc744 key\uc5d0 \ud3ec\ud568\ud569\ub2c8\ub2e4. ... ok
2026-09-07T06:42:50.0542842Z test_byte_quota_prune_preserves_active_lock (test_m9_cache.M9CacheContractTests.test_byte_quota_prune_preserves_active_lock)
2026-09-07T06:42:50.0543808Z ! @brief byte quota\uc5d0\uc11c\ub3c4 \ud65c\uc131 lock\uc744 \uac74\ub108\ub6f0\uace0 \ube44\ud65c\uc131 entry\ub97c \uc815\ub9ac\ud569\ub2c8\ub2e4. ... ok
2026-09-07T06:42:50.0544779Z test_cache_root_inside_platform_fingerprint_is_rejected (test_m9_cache.M9CacheContractTests.test_cache_root_inside_platform_fingerprint_is_rejected)
2026-09-07T06:42:50.0621309Z ! @brief cache\uac00 platform hash\uc5d0 \uc790\uae30 \uc790\uc2e0\uc744 \ud3ec\ud568\ud558\ub294 \ubc30\uce58\ub97c \uac70\ubd80\ud569\ub2c8\ub2e4. ... ok
2026-09-07T06:42:50.0622298Z test_cache_workspace_uses_bounded_key_and_schema_namespace (test_m9_cache.M9CacheContractTests.test_cache_workspace_uses_bounded_key_and_schema_namespace)
2026-09-07T06:42:50.0649277Z ! @brief Windows \uacbd\ub85c\ub97c \uc81c\ud55c\ud55c directory key\uac00 schema namespace\uc5d0 \ud3ec\ud568\ub429\ub2c8\ub2e4. ... ok
2026-09-07T06:42:50.0650434Z test_canonical_manifest_key_ignores_dictionary_order (test_m9_cache.M9CacheContractTests.test_canonical_manifest_key_ignores_dictionary_order)
2026-09-07T06:42:50.0656478Z ! @brief \uac19\uc740 canonical JSON\uc740 field \uc21c\uc11c\uc640 \ubb34\uad00\ud558\uac8c \uac19\uc740 key\ub97c \uc5bb\uc2b5\ub2c8\ub2e4. ... ok
2026-09-07T06:42:50.0657258Z test_dead_local_lock_is_recovered (test_m9_cache.M9CacheContractTests.test_dead_local_lock_is_recovered)
2026-09-07T06:42:50.0769157Z ! @brief \uc885\ub8cc\ub41c \uac19\uc740 host PID\uc758 stale lock\ub9cc \uc790\ub3d9 \ud68c\uc218\ud569\ub2c8\ub2e4. ... ok
2026-09-07T06:42:50.0770048Z test_default_cache_root_keeps_windows_object_path_short (test_m9_cache.M9CacheContractTests.test_default_cache_root_keeps_windows_object_path_short)
2026-09-07T06:42:50.0817229Z ! @brief \uae30\ubcf8 cache root\uac00 \uae34 nRF Security object \uacbd\ub85c\ub97c \uc704\ud55c \uc9e7\uc740 suffix\ub97c \uc501\ub2c8\ub2e4. ... ok
2026-09-07T06:42:50.0818234Z test_external_library_sources_keep_private_header_semantics (test_m9_cache.M9CacheContractTests.test_external_library_sources_keep_private_header_semantics)
2026-09-07T06:42:50.1050969Z ! @brief \uac01 library source\ub97c \uc6d0\ubcf8 \uacbd\ub85c\uc5d0\uc11c \ucef4\ud30c\uc77c\ud558\uace0 include \uc21c\uc11c\ub97c \ubcf4\uc874\ud569\ub2c8\ub2e4. ... ok
2026-09-07T06:42:50.1051976Z test_foreign_metadata_does_not_block_local_os_lock (test_m9_cache.M9CacheContractTests.test_foreign_metadata_does_not_block_local_os_lock)
2026-09-07T06:42:50.1165875Z ! @brief local-only cache\uc5d0\uc11c\ub294 stale \uc678\ubd80 metadata\ubcf4\ub2e4 OS lock\uc744 \uc2e0\ub8b0\ud569\ub2c8\ub2e4. ... ok
2026-09-07T06:42:50.1166832Z test_generated_source_categories_do_not_share_a_mirror (test_m9_cache.M9CacheContractTests.test_generated_source_categories_do_not_share_a_mirror)
2026-09-07T06:42:50.1536569Z ! @brief sketch\uc640 library\uc758 \uac19\uc740 \ud30c\uc77c\uba85\uc774 \ubcc4\ub3c4 mirror source\ub85c \uc720\uc9c0\ub429\ub2c8\ub2e4. ... ok
2026-09-07T06:42:50.1537570Z test_generated_source_identity_is_build_path_independent (test_m9_cache.M9CacheContractTests.test_generated_source_identity_is_build_path_independent)
2026-09-07T06:42:50.1584644Z ! @brief \ub2e4\ub978 Arduino \uc784\uc2dc build path\uac00 \uac19\uc740 Sketch mirror \uc774\ub984\uc744 \uc0ac\uc6a9\ud569\ub2c8\ub2e4. ... ok
2026-09-07T06:42:50.1585478Z test_live_lock_serializes_two_workers (test_m9_cache.M9CacheContractTests.test_live_lock_serializes_two_workers)
2026-09-07T06:42:50.2752968Z ! @brief \uac19\uc740 cache\uc758 \ub450 worker\uac00 lock \uc784\uacc4\uad6c\uc5ed\uc5d0 \ub3d9\uc2dc\uc5d0 \uc9c4\uc785\ud558\uc9c0 \uc54a\uc2b5\ub2c8\ub2e4. ... ok
2026-09-07T06:42:50.2754047Z test_lru_prune_preserves_current_and_pinned_entries (test_m9_cache.M9CacheContractTests.test_lru_prune_preserves_current_and_pinned_entries)
2026-09-07T06:42:50.3014091Z ! @brief quota \uc815\ub9ac\ub294 \uc624\ub798\ub41c \ube44\ubcf4\ud638 entry\ub9cc \uc81c\uac70\ud569\ub2c8\ub2e4. ... ok
2026-09-07T06:42:50.3015112Z test_os_lock_serializes_processes_and_recovers_after_termination (test_m9_cache.M9CacheContractTests.test_os_lock_serializes_processes_and_recovers_after_termination)
2026-09-07T06:42:50.4553753Z ! @brief \ubcc4\ub3c4 process\uc758 lock\uc744 \ucc28\ub2e8\ud558\uace0 owner \uc885\ub8cc \ub4a4 OS\uac00 \uc790\ub3d9 \ud68c\uc218\ud569\ub2c8\ub2e4. ... ok
2026-09-07T06:42:50.4554987Z test_parent_build_flags_are_removed_before_toolchain_environment (test_m9_cache.M9CacheContractTests.test_parent_build_flags_are_removed_before_toolchain_environment)
2026-09-07T06:42:50.4603653Z ! @brief shell\uc758 build flag\uac00 canonical key \ubc16\uc5d0\uc11c child build\ub97c \ubc14\uafb8\uc9c0 \ubabb\ud569\ub2c8\ub2e4. ... ok
2026-09-07T06:42:50.4604946Z test_prepare_graph_invalidation_removes_only_owned_placeholders (test_m9_cache.M9CacheContractTests.test_prepare_graph_invalidation_removes_only_owned_placeholders)
2026-09-07T06:42:50.4883759Z ! @brief library \uc7ac\uc120\ud0dd \uc804 record\uc640 build \ub0b4\ubd80 placeholder\ub9cc \ubb34\ud6a8\ud654\ud569\ub2c8\ub2e4. ... ok
2026-09-07T06:42:50.4884819Z test_probe_mutex_identity_does_not_depend_on_user_temp_path (test_m9_cache.M9CacheContractTests.test_probe_mutex_identity_does_not_depend_on_user_temp_path)
2026-09-07T06:42:50.4891551Z ! @brief \uac19\uc740 probe UID\ub294 \uc0ac\uc6a9\uc790\ubcc4 TEMP\uac00 \ub2ec\ub77c\ub3c4 \uac19\uc740 Global mutex\ub97c \uc0ac\uc6a9\ud569\ub2c8\ub2e4. ... ok
2026-09-07T06:42:50.4892629Z test_remove_rejects_invalid_key_and_active_lock (test_m9_cache.M9CacheContractTests.test_remove_rejects_invalid_key_and_active_lock)
2026-09-07T06:42:50.5645378Z ! @brief \ubaa8\ud638\ud55c \uacbd\ub85c\uc640 \ud65c\uc131 lock\uc774 \uc788\ub294 entry \uc0ad\uc81c\ub97c \ucc28\ub2e8\ud569\ub2c8\ub2e4. ... ok
2026-09-07T06:42:50.5646341Z test_remove_rejects_truncated_key_collision (test_m9_cache.M9CacheContractTests.test_remove_rejects_truncated_key_collision)
2026-09-07T06:42:50.5784971Z ! @brief \uac19\uc740 128-bit prefix\uc758 \ub2e4\ub978 \uc804\uccb4 key\ub97c \ub300\uc2e0 \uc0ad\uc81c\ud558\uc9c0 \uc54a\uc2b5\ub2c8\ub2e4. ... ok
2026-09-07T06:42:50.5785984Z test_removed_entry_can_be_recreated_without_compiler_cache (test_m9_cache.M9CacheContractTests.test_removed_entry_can_be_recreated_without_compiler_cache)
2026-09-07T06:42:50.6067775Z ! @brief \ub2e8\uc77c tree \uc0ad\uc81c \ud6c4 \uac19\uc740 key state\ub97c \ub2e4\uc2dc \ub9cc\ub4e4\uba70 compiler cache\ub97c \ubcf4\uc874\ud569\ub2c8\ub2e4. ... ok
2026-09-07T06:42:50.6068760Z test_state_transition_preserves_created_time (test_m9_cache.M9CacheContractTests.test_state_transition_preserves_created_time)
2026-09-07T06:42:50.6328512Z ! @brief cache \uc0c1\ud0dc \uc804\uc774\uac00 \uc0dd\uc131 \uc2dc\uac01\uacfc \ub204\uc801 field\ub97c \ubcf4\uc874\ud569\ub2c8\ub2e4. ... ok
2026-09-07T06:42:50.6329789Z test_target_sdk_toolchain_and_board_identity_invalidate_key (test_m9_cache.M9CacheContractTests.test_target_sdk_toolchain_and_board_identity_invalidate_key)
2026-09-07T06:42:50.6336686Z ! @brief \ube44\ud638\ud658 target/tool identity \ubcc0\uacbd\uc740 \ubaa8\ub450 \ub2e4\ub978 full key\ub97c \ub9cc\ub4ed\ub2c8\ub2e4. ... ok
2026-09-07T06:42:50.6337653Z test_tree_content_hash_detects_content_and_path (test_m9_cache.M9CacheContractTests.test_tree_content_hash_detects_content_and_path)
2026-09-07T06:42:50.6381513Z ! @brief dirty Core \ub0b4\uc6a9\uacfc \uc0c1\ub300 \uacbd\ub85c \ubcc0\uacbd\uc774 fingerprint\uc5d0 \ubc18\uc601\ub429\ub2c8\ub2e4. ... ok
2026-09-07T06:42:50.6382186Z 
2026-09-07T06:42:50.6382345Z ----------------------------------------------------------------------
2026-09-07T06:42:50.6382784Z Ran 23 tests in 0.678s
2026-09-07T06:42:50.6382956Z 
2026-09-07T06:42:50.6383035Z OK
2026-09-07T06:42:50.6559883Z [M12] exec: C:\hostedtoolcache\windows\Python\3.12.10\x64\python.exe -m unittest discover -v -s D:\a\NU54DK_Arduino_Core\NU54DK_Arduino_Core\tests\host -p test_m9_safety.py
2026-09-07T06:42:50.7845254Z test_configure_failed_tree_recovers_once_then_becomes_cache_hit (test_m9_safety.M9SafetyContractTests.test_configure_failed_tree_recovers_once_then_becomes_cache_hit)
2026-09-07T06:42:50.9025059Z ! @brief \uc2e4\ud328 cache\ub294 pristine 1\ud68c \ubcf5\uad6c \ud6c4 configure-failed\ub97c \uc720\uc9c0\ud558\uc9c0 \uc54a\uc2b5\ub2c8\ub2e4. ... ok
2026-09-07T06:42:50.9026037Z test_configure_failure_marks_cache_unusable (test_m9_safety.M9SafetyContractTests.test_configure_failure_marks_cache_unusable)
2026-09-07T06:42:50.9713483Z ! @brief pristine configure \uc2e4\ud328 \uc2dc first-complete\ub97c false\ub85c \uace0\uc815\ud558\uace0 \uc2e4\ud328\ub97c \uae30\ub85d\ud569\ub2c8\ub2e4. ... ok
2026-09-07T06:42:50.9775659Z test_flash_holds_session_cache_and_probe_locks_during_validation (test_m9_safety.M9SafetyContractTests.test_flash_holds_session_cache_and_probe_locks_during_validation)
2026-09-07T06:42:50.9778530Z ! @brief flash \uac80\uc99d\uacfc write \uc804\uccb4\uac00 session\u2192cache\u2192probe lock \uc21c\uc11c\ub97c \uc720\uc9c0\ud569\ub2c8\ub2e4. ... ok
2026-09-07T06:42:50.9780173Z test_flash_rejects_current_toolchain_identity_mismatch (test_m9_safety.M9SafetyContractTests.test_flash_rejects_current_toolchain_identity_mismatch)
2026-09-07T06:42:50.9790440Z ! @brief build\uc640 \ub2e4\ub978 NCS/toolchain\uc73c\ub85c flash\ud558\ub294 \uc694\uccad\uc744 \uac70\ubd80\ud569\ub2c8\ub2e4. ... ok
2026-09-07T06:42:50.9791322Z test_passthrough_allowlist_is_exact (test_m9_safety.M9SafetyContractTests.test_passthrough_allowlist_is_exact)
2026-09-07T06:42:50.9798669Z ! @brief include\uc640 object \uc804\ub2ec\ub9cc \ud5c8\uc6a9\ud558\uace0 option \uc624\ud0c0\ub97c \uac70\ubd80\ud569\ub2c8\ub2e4. ... ok
2026-09-07T06:42:50.9799753Z test_prepare_configure_uses_application_volume_across_windows_drives (test_m9_safety.M9SafetyContractTests.test_prepare_configure_uses_application_volume_across_windows_drives)
2026-09-07T06:42:51.0582174Z ! @brief NCS\uc640 cache drive\uac00 \ub2ec\ub77c\ub3c4 configure\uc758 cwd\ub294 application \ucabd\uc744 \uc0ac\uc6a9\ud569\ub2c8\ub2e4. ... ok
2026-09-07T06:42:51.0583237Z test_publish_keyboard_interrupt_restores_previous_generation (test_m9_safety.M9SafetyContractTests.test_publish_keyboard_interrupt_restores_previous_generation)
2026-09-07T06:42:51.1895696Z ! @brief metadata commit \uc911 Ctrl+C\ub3c4 \uc774\uc804 \uacf5\uac1c generation\uc744 \ubcf4\uc874\ud569\ub2c8\ub2e4. ... ok
2026-09-07T06:42:51.1896785Z test_publish_metadata_failure_restores_artifacts_manifest_and_context (test_m9_safety.M9SafetyContractTests.test_publish_metadata_failure_restores_artifacts_manifest_and_context)
2026-09-07T06:42:51.2779108Z ! @brief export \ub4a4 metadata \uc2e4\ud328\ub3c4 \uc774\uc804 \uacf5\uac1c generation \uc804\uccb4\ub97c \ubcf5\uad6c\ud569\ub2c8\ub2e4. ... ok
2026-09-07T06:42:51.2780460Z test_transactional_export_publishes_one_verified_generation (test_m9_safety.M9SafetyContractTests.test_transactional_export_publishes_one_verified_generation)
2026-09-07T06:42:51.3226632Z ! @brief staging\uc774 \ubaa8\ub450 \ub05d\ub09c \ub4a4 \ub124 artifact\ub97c \uac80\uc99d\ub41c generation\uc73c\ub85c \uad50\uccb4\ud569\ub2c8\ub2e4. ... ok
2026-09-07T06:42:51.3228099Z test_transactional_export_restores_old_generation_on_commit_failure (test_m9_safety.M9SafetyContractTests.test_transactional_export_restores_old_generation_on_commit_failure)
2026-09-07T06:42:51.3649006Z ! @brief \ub450 \ubc88\uc9f8 artifact \uad50\uccb4 \uc2e4\ud328 \uc2dc \uc774\ubbf8 \uad50\uccb4\ud55c \ud30c\uc77c\ub3c4 \uc774\uc804 \uac12\uc73c\ub85c \ubcf5\uc6d0\ud569\ub2c8\ub2e4. ... ok
2026-09-07T06:42:51.3650132Z test_unknown_cache_option_fails_closed_before_dispatch (test_m9_safety.M9SafetyContractTests.test_unknown_cache_option_fails_closed_before_dispatch)
2026-09-07T06:42:51.3683929Z ! @brief destructive cache CLI\uc758 \uc624\ud0c0\ub97c \ubb34\uc2dc\ud558\uc9c0 \uc54a\uace0 action \ud638\ucd9c \uc804\uc5d0 \uac70\ubd80\ud569\ub2c8\ub2e4. ... ok
2026-09-07T06:42:51.3685183Z test_west_build_working_directory_rejects_split_cache_volumes (test_m9_safety.M9SafetyContractTests.test_west_build_working_directory_rejects_split_cache_volumes)
2026-09-07T06:42:51.3692732Z ! @brief application\uacfc build\uac00 \uc11c\ub85c \ub2e4\ub978 Windows volume\uc774\uba74 \uba85\uc2dc\uc801\uc73c\ub85c \uac70\ubd80\ud569\ub2c8\ub2e4. ... ok
2026-09-07T06:42:51.3693495Z 
2026-09-07T06:42:51.3693635Z ----------------------------------------------------------------------
2026-09-07T06:42:51.3693973Z Ran 12 tests in 0.585s
2026-09-07T06:42:51.3694140Z 
2026-09-07T06:42:51.3694245Z OK
2026-09-07T06:42:51.3694941Z NU54_UPLOAD_START runner=pyocd probe=PROBE board=nrf54l15dk/nrf54l15/cpuapp/nu54dk hex_sha256=1111111111111111111111111111111111111111111111111111111111111111
2026-09-07T06:42:51.3695573Z NU54_UPLOAD_PASS runner=pyocd probe=PROBE
2026-09-07T06:42:51.3865819Z [M12] exec: C:\hostedtoolcache\windows\Python\3.12.10\x64\python.exe -m unittest discover -v -s D:\a\NU54DK_Arduino_Core\NU54DK_Arduino_Core\tests\host -p test_r02_serial_drivers.py
2026-09-07T06:42:56.2819456Z test_production_sync_and_lifetime (test_r02_serial_drivers.SerialDriverTests.test_production_sync_and_lifetime) ... ok
2026-09-07T06:42:56.2820189Z 
2026-09-07T06:42:56.2820355Z ----------------------------------------------------------------------
2026-09-07T06:42:56.2820691Z Ran 1 test in 4.822s
2026-09-07T06:42:56.2820821Z 
2026-09-07T06:42:56.2820952Z OK
2026-09-07T06:42:56.2926293Z [M12] exec: C:\hostedtoolcache\windows\Python\3.12.10\x64\python.exe -m unittest discover -v -s D:\a\NU54DK_Arduino_Core\NU54DK_Arduino_Core\tests\host -p test_r03_fabric_drivers.py
2026-09-07T06:42:57.5823832Z test_analog_production (test_r03_fabric_drivers.FabricDriverTests.test_analog_production) ... ok
2026-09-07T06:42:58.5168183Z test_pwm_deferred_production (test_r03_fabric_drivers.FabricDriverTests.test_pwm_deferred_production) ... ok
2026-09-07T06:42:59.7066456Z test_stream_production (test_r03_fabric_drivers.FabricDriverTests.test_stream_production) ... ok
2026-09-07T06:42:59.7066952Z 
2026-09-07T06:42:59.7067110Z ----------------------------------------------------------------------
2026-09-07T06:42:59.7067450Z Ran 3 tests in 3.334s
2026-09-07T06:42:59.7067593Z 
2026-09-07T06:42:59.7067658Z OK
2026-09-07T06:42:59.7165783Z [M12] exec: C:\hostedtoolcache\windows\Python\3.12.10\x64\python.exe -m unittest discover -v -s D:\a\NU54DK_Arduino_Core\NU54DK_Arduino_Core\tests\host -p test_r04_file.py
2026-09-07T06:43:01.2769899Z test_production_file (test_r04_file.FileLifetimeTests.test_production_file) ... ok
2026-09-07T06:43:01.2770575Z 
2026-09-07T06:43:01.2770826Z ----------------------------------------------------------------------
2026-09-07T06:43:01.2771333Z Ran 1 test in 1.487s
2026-09-07T06:43:01.2771516Z 
2026-09-07T06:43:01.2771654Z OK
2026-09-07T06:43:01.2875031Z [M12] exec: C:\hostedtoolcache\windows\Python\3.12.10\x64\python.exe -m unittest discover -v -s D:\a\NU54DK_Arduino_Core\NU54DK_Arduino_Core\tests\host -p test_r05_identity.py
2026-09-07T06:43:01.4074581Z test_checkout_drift_is_detected_and_regenerated (test_r05_identity.ProductIdentityTests.test_checkout_drift_is_detected_and_regenerated) ... ok
2026-09-07T06:43:01.4078952Z test_checkout_identity_and_schema_independence (test_r05_identity.ProductIdentityTests.test_checkout_identity_and_schema_independence) ... ok
2026-09-07T06:43:02.1518245Z test_cmake_matches_builder_and_rejects_invalid_identity (test_r05_identity.ProductIdentityTests.test_cmake_matches_builder_and_rejects_invalid_identity) ... ok
2026-09-07T06:43:02.2140524Z test_live_build_record_carries_both_versions (test_r05_identity.ProductIdentityTests.test_live_build_record_carries_both_versions) ... ok
2026-09-07T06:43:02.2148381Z test_payload_identity_tracks_source_but_allows_package_stamping (test_r05_identity.ProductIdentityTests.test_payload_identity_tracks_source_but_allows_package_stamping) ... ok
2026-09-07T06:43:02.2196648Z test_stamped_install_preserves_source_version (test_r05_identity.ProductIdentityTests.test_stamped_install_preserves_source_version) ... ok
2026-09-07T06:43:02.2197356Z 
2026-09-07T06:43:02.2197508Z ----------------------------------------------------------------------
2026-09-07T06:43:02.2197827Z Ran 6 tests in 0.820s
2026-09-07T06:43:02.2197955Z 
2026-09-07T06:43:02.2198029Z OK
2026-09-07T06:43:02.2334059Z [M12] exec: C:\hostedtoolcache\windows\Python\3.12.10\x64\python.exe -m unittest discover -v -s D:\a\NU54DK_Arduino_Core\NU54DK_Arduino_Core\tests\host -p test_r06_builder_modules.py
2026-09-07T06:43:03.0554067Z test_extracted_entry_isolated_from_cwd_and_pythonpath (test_r06_builder_modules.BuilderPackageTests.test_extracted_entry_isolated_from_cwd_and_pythonpath) ... ok
2026-09-07T06:43:03.0922457Z test_source_package_includes_explicit_models_and_launcher (test_r06_builder_modules.BuilderPackageTests.test_source_package_includes_explicit_models_and_launcher) ... ok
2026-09-07T06:43:03.0923502Z 
2026-09-07T06:43:03.0923665Z ----------------------------------------------------------------------
2026-09-07T06:43:03.0924002Z Ran 2 tests in 0.783s
2026-09-07T06:43:03.0924140Z 
2026-09-07T06:43:03.0924205Z OK
2026-09-07T06:43:03.1070417Z [M12] exec: C:\hostedtoolcache\windows\Python\3.12.10\x64\python.exe -m unittest discover -v -s D:\a\NU54DK_Arduino_Core\NU54DK_Arduino_Core\tests\host -p test_r06_windows_recipe.py
2026-09-07T06:43:03.2228937Z test_checkout_and_ascii_install_keep_original_build_root (test_r06_windows_recipe.WindowsRecipeTests.test_checkout_and_ascii_install_keep_original_build_root) ... ok
2026-09-07T06:43:03.4569112Z test_copy_rejects_cache_junction_to_another_directory (test_r06_windows_recipe.WindowsRecipeTests.test_copy_rejects_cache_junction_to_another_directory) ... ok
2026-09-07T06:43:03.7886716Z test_installed_command_preserves_quoted_paths_and_exit (test_r06_windows_recipe.WindowsRecipeTests.test_installed_command_preserves_quoted_paths_and_exit) ... ok
2026-09-07T06:43:03.8778732Z test_package_copy_preserves_identity_recovers_bytes_and_rejects_extra_files (test_r06_windows_recipe.WindowsRecipeTests.test_package_copy_preserves_identity_recovers_bytes_and_rejects_extra_files) ... ok
2026-09-07T06:43:03.8779529Z 
2026-09-07T06:43:03.8779685Z ----------------------------------------------------------------------
2026-09-07T06:43:03.8780034Z Ran 4 tests in 0.698s
2026-09-07T06:43:03.8780159Z 
2026-09-07T06:43:03.8780236Z OK
2026-09-07T06:43:03.8918219Z [M12] exec: C:\hostedtoolcache\windows\Python\3.12.10\x64\python.exe -m unittest discover -v -s D:\a\NU54DK_Arduino_Core\NU54DK_Arduino_Core\tests\host -p test_r07_event_driver.py
2026-09-07T06:43:05.7525596Z test_production_dppi_and_registry (test_r07_event_driver.EventDriverTests.test_production_dppi_and_registry) ... ok
2026-09-07T06:43:05.7526447Z 
2026-09-07T06:43:05.7526604Z ----------------------------------------------------------------------
2026-09-07T06:43:05.7527240Z Ran 1 test in 1.787s
2026-09-07T06:43:05.7527383Z 
2026-09-07T06:43:05.7527453Z OK
2026-09-07T06:43:05.7624526Z [M12] exec: C:\hostedtoolcache\windows\Python\3.12.10\x64\python.exe -m unittest discover -v -s D:\a\NU54DK_Arduino_Core\NU54DK_Arduino_Core\tests\host -p test_r08_resource_route.py
2026-09-07T06:43:07.9770125Z test_production_resource_and_route (test_r08_resource_route.ResourceRouteTests.test_production_resource_and_route) ... ok
2026-09-07T06:43:07.9771302Z 
2026-09-07T06:43:07.9771545Z ----------------------------------------------------------------------
2026-09-07T06:43:07.9772052Z Ran 1 test in 2.140s
2026-09-07T06:43:07.9772249Z 
2026-09-07T06:43:07.9772351Z OK
2026-09-07T06:43:07.9876455Z [M12] exec: C:\hostedtoolcache\windows\Python\3.12.10\x64\python.exe -m unittest discover -v -s D:\a\NU54DK_Arduino_Core\NU54DK_Arduino_Core\tests\host -p test_r09_spi_facade.py
2026-09-07T06:43:09.4960840Z test_production_spi_facade (test_r09_spi_facade.SpiFacadeTests.test_production_spi_facade) ... ok
2026-09-07T06:43:09.4961647Z 
2026-09-07T06:43:09.4961814Z ----------------------------------------------------------------------
2026-09-07T06:43:09.4962166Z Ran 1 test in 1.434s
2026-09-07T06:43:09.4962298Z 
2026-09-07T06:43:09.4962367Z OK
2026-09-07T06:43:09.5067923Z [M12] exec: C:\hostedtoolcache\windows\Python\3.12.10\x64\python.exe -m unittest discover -v -s D:\a\NU54DK_Arduino_Core\NU54DK_Arduino_Core\tests\host -p test_r10_serial_concurrency.py
2026-09-07T06:43:11.7764481Z test_production_stop_reservation (test_r10_serial_concurrency.SerialConcurrencyTests.test_production_stop_reservation) ... ok
2026-09-07T06:43:11.7765040Z 
2026-09-07T06:43:11.7765197Z ----------------------------------------------------------------------
2026-09-07T06:43:11.7765532Z Ran 1 test in 2.195s
2026-09-07T06:43:11.7765662Z 
2026-09-07T06:43:11.7765731Z OK
2026-09-07T06:43:11.7872566Z [M12] exec: C:\hostedtoolcache\windows\Python\3.12.10\x64\python.exe -m unittest discover -v -s D:\a\NU54DK_Arduino_Core\NU54DK_Arduino_Core\tests\host -p test_r11_fabric_data.py
2026-09-07T06:43:17.4809954Z test_production_data_and_restarts (test_r11_fabric_data.FabricDataTests.test_production_data_and_restarts) ... ok
2026-09-07T06:43:17.4810449Z 
2026-09-07T06:43:17.4810609Z ----------------------------------------------------------------------
2026-09-07T06:43:17.4810948Z Ran 1 test in 5.619s
2026-09-07T06:43:17.4811081Z 
2026-09-07T06:43:17.4811146Z OK
2026-09-07T06:43:17.4908551Z [M12] exec: C:\hostedtoolcache\windows\Python\3.12.10\x64\python.exe -m unittest discover -v -s D:\a\NU54DK_Arduino_Core\NU54DK_Arduino_Core\tests\host -p test_r12_ble_gap.py
2026-09-07T06:43:17.5666310Z test_production_gap_lifecycle (test_r12_ble_gap.BleGapTests.test_production_gap_lifecycle)
2026-09-07T06:43:21.5300281Z ! @brief PE-COFF \uae30\ubcf8 weak \uc815\uc758\ub97c \uba3c\uc800 \ub9c1\ud06c\ud558\uace0 GAP \uc218\uba85\uc8fc\uae30\ub97c \uac80\uc99d\ud569\ub2c8\ub2e4. ... ok
2026-09-07T06:43:21.5301302Z 
2026-09-07T06:43:21.5301545Z ----------------------------------------------------------------------
2026-09-07T06:43:21.5302048Z Ran 1 test in 3.964s
2026-09-07T06:43:21.5302228Z 
2026-09-07T06:43:21.5302342Z OK
2026-09-07T06:43:21.5406249Z [M12] exec: C:\hostedtoolcache\windows\Python\3.12.10\x64\python.exe -m unittest discover -v -s D:\a\NU54DK_Arduino_Core\NU54DK_Arduino_Core\tests\host -p test_r12_ble_gatt.py
2026-09-07T06:43:21.6152806Z test_production_gatt_lifecycle (test_r12_ble_gatt.BleGattTests.test_production_gatt_lifecycle)
2026-09-07T06:43:28.1443329Z ! @brief PE-COFF \uae30\ubcf8 weak \uc815\uc758\ub97c \uba3c\uc800 \ub9c1\ud06c\ud558\uace0 GATT \uad6c\ud604\uc758 \ub300\uccb4\ub97c \uac80\uc99d\ud569\ub2c8\ub2e4. ... ok
2026-09-07T06:43:28.1444253Z 
2026-09-07T06:43:28.1444500Z ----------------------------------------------------------------------
2026-09-07T06:43:28.1444890Z Ran 1 test in 6.529s
2026-09-07T06:43:28.1445058Z 
2026-09-07T06:43:28.1445181Z OK
2026-09-07T06:43:28.1544177Z [M12] exec: C:\hostedtoolcache\windows\Python\3.12.10\x64\python.exe -m unittest discover -v -s D:\a\NU54DK_Arduino_Core\NU54DK_Arduino_Core\tests\host -p test_r12_ble_security.py
2026-09-07T06:43:28.2286250Z test_production_security_lifecycle (test_r12_ble_security.BleSecurityTests.test_production_security_lifecycle)
2026-09-07T06:43:38.3639537Z ! @brief PE-COFF \uae30\ubcf8 weak \uc815\uc758\ub97c \uba3c\uc800 \ub9c1\ud06c\ud558\uace0 \ubcf4\uc548 \uad6c\ud604\uc758 \ub300\uccb4\ub97c \uac80\uc99d\ud569\ub2c8\ub2e4. ... ok
2026-09-07T06:43:38.3640626Z 
2026-09-07T06:43:38.3640851Z ----------------------------------------------------------------------
2026-09-07T06:43:38.3641357Z Ran 1 test in 10.136s
2026-09-07T06:43:38.3641537Z 
2026-09-07T06:43:38.3641637Z OK
2026-09-07T06:43:38.3739033Z [M12] exec: C:\hostedtoolcache\windows\Python\3.12.10\x64\python.exe -m unittest discover -v -s D:\a\NU54DK_Arduino_Core\NU54DK_Arduino_Core\tests\host -p test_r12_eeprom.py
2026-09-07T06:43:40.4474382Z test_production_eeprom_record_and_restart (test_r12_eeprom.EepromPersistenceTests.test_production_eeprom_record_and_restart) ... ok
2026-09-07T06:43:40.4474956Z 
2026-09-07T06:43:40.4475117Z ----------------------------------------------------------------------
2026-09-07T06:43:40.4475453Z Ran 1 test in 1.999s
2026-09-07T06:43:40.4475594Z 
2026-09-07T06:43:40.4475665Z OK
2026-09-07T06:43:40.4587921Z [M12] exec: C:\hostedtoolcache\windows\Python\3.12.10\x64\python.exe -m unittest discover -v -s D:\a\NU54DK_Arduino_Core\NU54DK_Arduino_Core\tests\host -p test_r12_littlefs.py
2026-09-07T06:43:45.3325038Z test_production_littlefs_lifecycle (test_r12_littlefs.LittleFsPersistenceTests.test_production_littlefs_lifecycle) ... ok
2026-09-07T06:43:45.3325930Z 
2026-09-07T06:43:45.3326168Z ----------------------------------------------------------------------
2026-09-07T06:43:45.3326653Z Ran 1 test in 4.796s
2026-09-07T06:43:45.3326837Z 
2026-09-07T06:43:45.3327271Z OK
2026-09-07T06:43:45.3424690Z [M12] exec: C:\hostedtoolcache\windows\Python\3.12.10\x64\python.exe -m unittest discover -v -s D:\a\NU54DK_Arduino_Core\NU54DK_Arduino_Core\tests\host -p test_r13_generated.py
2026-09-07T06:43:45.4373540Z test_changed_missing_or_outside_output_is_rejected (test_r13_generated.GeneratedContractTests.test_changed_missing_or_outside_output_is_rejected) ... ok
2026-09-07T06:43:45.4389967Z test_checkout_crlf_preserves_utf8_lf_contract (test_r13_generated.GeneratedContractTests.test_checkout_crlf_preserves_utf8_lf_contract) ... ok
2026-09-07T06:43:45.4397590Z test_nondeterministic_or_omitted_generation_is_rejected (test_r13_generated.GeneratedContractTests.test_nondeterministic_or_omitted_generation_is_rejected) ... ok
2026-09-07T06:43:45.4398683Z 
2026-09-07T06:43:45.4398911Z ----------------------------------------------------------------------
2026-09-07T06:43:45.4399443Z Ran 3 tests in 0.008s
2026-09-07T06:43:45.4399662Z 
2026-09-07T06:43:45.4399807Z OK
2026-09-07T06:43:45.4513409Z [M12] exec: C:\hostedtoolcache\windows\Python\3.12.10\x64\python.exe -m unittest discover -v -s D:\a\NU54DK_Arduino_Core\NU54DK_Arduino_Core\tests\host -p test_r13_manifest_revision.py
2026-09-07T06:43:45.5262748Z test_configure_and_live_parsers_validate_full_revision (test_r13_manifest_revision.ManifestRevisionTests.test_configure_and_live_parsers_validate_full_revision)
2026-09-07T06:43:46.1138095Z ! @brief 40\uc790\ub9ac \ub300\uc18c\ubb38\uc790 SHA\uc640 \uae38\uc774�\ubb38\uc790�JSON \uc624\ub958\ub97c \ub450 \uc2e4\uc81c \ud568\uc218\uc5d0\uc11c \uac80\uc99d\ud569\ub2c8\ub2e4. ... ok
2026-09-07T06:43:46.1139438Z test_live_writer_restores_core_and_board_from_gitless_manifest (test_r13_manifest_revision.ManifestRevisionTests.test_live_writer_restores_core_and_board_from_gitless_manifest)
2026-09-07T06:43:46.1553068Z ! @brief \uc2e4\uc81c build record writer\uac00 package\uc758 Core�board SHA\ub97c YAML\uc5d0 \uae30\ub85d\ud569\ub2c8\ub2e4. ... ok
2026-09-07T06:43:46.1554228Z 
2026-09-07T06:43:46.1554732Z ----------------------------------------------------------------------
2026-09-07T06:43:46.1555129Z Ran 2 tests in 0.629s
2026-09-07T06:43:46.1555458Z 
2026-09-07T06:43:46.1555564Z OK
2026-09-07T06:43:46.1705262Z [M12] exec: C:\hostedtoolcache\windows\Python\3.12.10\x64\python.exe -m unittest discover -v -s D:\a\NU54DK_Arduino_Core\NU54DK_Arduino_Core\tests\host -p test_r13_package_modules.py
2026-09-07T06:43:46.3859265Z test_error_marker_and_no_partial_output_for_invalid_version (test_r13_package_modules.PackageModuleTests.test_error_marker_and_no_partial_output_for_invalid_version) ... ok
2026-09-07T06:43:46.4954135Z test_isolated_cli_ignores_foreign_package_and_pythonpath (test_r13_package_modules.PackageModuleTests.test_isolated_cli_ignores_foreign_package_and_pythonpath) ... FAIL
2026-09-07T06:43:46.5067067Z test_repository_default_and_multiple_import_identity (test_r13_package_modules.PackageModuleTests.test_repository_default_and_multiple_import_identity) ... ok
2026-09-07T06:43:46.5185092Z test_same_consumer_reload_does_not_reuse_candidate_state (test_r13_package_modules.PackageModuleTests.test_same_consumer_reload_does_not_reuse_candidate_state) ... ok
2026-09-07T06:43:46.5353455Z test_stable_snapshot_includes_moved_package_model (test_r13_package_modules.PackageModuleTests.test_stable_snapshot_includes_moved_package_model) ... ok
2026-09-07T06:43:46.5354786Z 
2026-09-07T06:43:46.5355155Z ======================================================================
2026-09-07T06:43:46.5356904Z FAIL: test_isolated_cli_ignores_foreign_package_and_pythonpath (test_r13_package_modules.PackageModuleTests.test_isolated_cli_ignores_foreign_package_and_pythonpath)
2026-09-07T06:43:46.5358075Z ----------------------------------------------------------------------
2026-09-07T06:43:46.5358567Z Traceback (most recent call last):
2026-09-07T06:43:46.5364851Z   File "D:\a\NU54DK_Arduino_Core\NU54DK_Arduino_Core\tests\host\test_r13_package_modules.py", line 40, in test_isolated_cli_ignores_foreign_package_and_pythonpath
2026-09-07T06:43:46.5365972Z     self.assertEqual(result.returncode, 0, result.stderr)
2026-09-07T06:43:46.5374215Z AssertionError: 1 != 0 : b'Traceback (most recent call last):\r\n  File "D:\\a\\NU54DK_Arduino_Core\\NU54DK_Arduino_Core\\packaging\\boards-manager\\nu54_package.py", line 51, in <module>\r\n    raise SystemExit(main())\r\n                     ^^^^^^\r\n  File "D:\\a\\NU54DK_Arduino_Core\\NU54DK_Arduino_Core\\packaging\\boards-manager\\nu54_package_impl\\cli.py", line 56, in main\r\n    arguments = build_parser().parse_args(argv)\r\n                ^^^^^^^^^^^^^^^^^^^^^^^^^^^^^^^\r\n  File "C:\\hostedtoolcache\\windows\\Python\\3.12.10\\x64\\Lib\\argparse.py", line 1904, in parse_args\r\n    args, argv = self.parse_known_args(args, namespace)\r\n                 ^^^^^^^^^^^^^^^^^^^^^^^^^^^^^^^^^^^^^^\r\n  File "C:\\hostedtoolcache\\windows\\Python\\3.12.10\\x64\\Lib\\argparse.py", line 1914, in parse_known_args\r\n    return self._parse_known_args2(args, namespace, intermixed=False)\r\n           ^^^^^^^^^^^^^^^^^^^^^^^^^^^^^^^^^^^^^^^^^^^^^^^^^^^^^^^^^^\r\n  File "C:\\hostedtoolcache\\windows\\Python\\3.12.10\\x64\\Lib\\argparse.py", line 1943, in _parse_known_args2\r\n    namespace, args = self._parse_known_args(args, namespace, intermixed)\r\n                      ^^^^^^^^^^^^^^^^^^^^^^^^^^^^^^^^^^^^^^^^^^^^^^^^^^^\r\n  File "C:\\hostedtoolcache\\windows\\Python\\3.12.10\\x64\\Lib\\argparse.py", line 2184, in _parse_known_args\r\n    start_index = consume_optional(start_index)\r\n                  ^^^^^^^^^^^^^^^^^^^^^^^^^^^^^\r\n  File "C:\\hostedtoolcache\\windows\\Python\\3.12.10\\x64\\Lib\\argparse.py", line 2113, in consume_optional\r\n    take_action(action, args, option_string)\r\n  File "C:\\hostedtoolcache\\windows\\Python\\3.12.10\\x64\\Lib\\argparse.py", line 2018, in take_action\r\n    action(self, namespace, argument_values, option_string)\r\n  File "C:\\hostedtoolcache\\windows\\Python\\3.12.10\\x64\\Lib\\argparse.py", line 1148, in __call__\r\n    parser.print_help()\r\n  File "C:\\hostedtoolcache\\windows\\Python\\3.12.10\\x64\\Lib\\argparse.py", line 2621, in print_help\r\n    self._print_message(self.format_help(), file)\r\n  File "C:\\hostedtoolcache\\windows\\Python\\3.12.10\\x64\\Lib\\argparse.py", line 2627, in _print_message\r\n    file.write(message)\r\n  File "C:\\hostedtoolcache\\windows\\Python\\3.12.10\\x64\\Lib\\encodings\\cp1252.py", line 19, in encode\r\n    return codecs.charmap_encode(input,self.errors,encoding_table)[0]\r\n           ^^^^^^^^^^^^^^^^^^^^^^^^^^^^^^^^^^^^^^^^^^^^^^^^^^^^^^^\r\nUnicodeEncodeError: \'charmap\' codec can\'t encode characters in position 228-229: character maps to <undefined>\r\n'
2026-09-07T06:43:46.5381262Z 
2026-09-07T06:43:46.5381412Z ----------------------------------------------------------------------
2026-09-07T06:43:46.5381732Z Ran 5 tests in 0.288s
2026-09-07T06:43:46.5381855Z 
2026-09-07T06:43:46.5381952Z FAILED (failures=1)
2026-09-07T06:43:46.5504648Z M12_GATE_FAIL: \uba85\ub839\uc774 \uc885\ub8cc \ucf54\ub4dc 1\ub85c \uc2e4\ud328\ud588\uc2b5\ub2c8\ub2e4: C:\hostedtoolcache\windows\Python\3.12.10\x64\python.exe -m unittest discover -v -s D:\a\NU54DK_Arduino_Core\NU54DK_Arduino_Core\tests\host -p test_r13_package_modules.py
2026-09-07T06:43:46.6500599Z ##[error]Process completed with exit code 1.
2026-09-07T06:43:46.6746527Z Post job cleanup.
2026-09-07T06:43:46.8510996Z [command]"C:\Program Files\Git\bin\git.exe" version
2026-09-07T06:43:46.8781828Z git version 2.55.0.windows.5
2026-09-07T06:43:46.8840896Z Temporarily overriding HOME='D:\a\_temp\72a253ee-ba71-4b4c-a817-4572bec1c522' before making global git config changes
2026-09-07T06:43:46.8841853Z Adding repository directory to the temporary git global config as a safe directory
2026-09-07T06:43:46.8851567Z [command]"C:\Program Files\Git\bin\git.exe" config --global --add safe.directory D:\a\NU54DK_Arduino_Core\NU54DK_Arduino_Core
2026-09-07T06:43:46.9142854Z Removing SSH command configuration
2026-09-07T06:43:46.9154234Z [command]"C:\Program Files\Git\bin\git.exe" config --local --name-only --get-regexp core\.sshCommand
2026-09-07T06:43:46.9455087Z [command]"C:\Program Files\Git\bin\git.exe" submodule foreach --recursive "sh -c \"git config --local --name-only --get-regexp 'core\.sshCommand' && git config --local --unset-all 'core.sshCommand' || :\""
2026-09-07T06:43:47.4947336Z Entering 'board_package/NU54DK_Zephyr_DTS'
2026-09-07T06:43:47.5909707Z Removing HTTP extra header
2026-09-07T06:43:47.5924442Z [command]"C:\Program Files\Git\bin\git.exe" config --local --name-only --get-regexp http\.https\:\/\/github\.com\/\.extraheader
2026-09-07T06:43:47.6322643Z [command]"C:\Program Files\Git\bin\git.exe" submodule foreach --recursive "sh -c \"git config --local --name-only --get-regexp 'http\.https\:\/\/github\.com\/\.extraheader' && git config --local --unset-all 'http.https://github.com/.extraheader' || :\""
2026-09-07T06:43:48.1715378Z Entering 'board_package/NU54DK_Zephyr_DTS'
2026-09-07T06:43:48.2616714Z Removing includeIf entries pointing to credentials config files
2026-09-07T06:43:48.2627992Z [command]"C:\Program Files\Git\bin\git.exe" config --local --name-only --get-regexp ^includeIf\.gitdir:
2026-09-07T06:43:48.2893855Z includeif.gitdir:D:/a/NU54DK_Arduino_Core/NU54DK_Arduino_Core/.git.path
2026-09-07T06:43:48.2894742Z includeif.gitdir:D:/a/NU54DK_Arduino_Core/NU54DK_Arduino_Core/.git/worktrees/*.path
2026-09-07T06:43:48.2895390Z includeif.gitdir:/github/workspace/.git.path
2026-09-07T06:43:48.2895906Z includeif.gitdir:/github/workspace/.git/worktrees/*.path
2026-09-07T06:43:48.2934139Z [command]"C:\Program Files\Git\bin\git.exe" config --local --get-all includeif.gitdir:D:/a/NU54DK_Arduino_Core/NU54DK_Arduino_Core/.git.path
2026-09-07T06:43:48.3191298Z D:\a\_temp\git-credentials-79487dd7-5294-4b6d-8203-910402923f7d.config
2026-09-07T06:43:48.3234314Z [command]"C:\Program Files\Git\bin\git.exe" config --local --unset includeif.gitdir:D:/a/NU54DK_Arduino_Core/NU54DK_Arduino_Core/.git.path D\:\\a\\_temp\\git\-credentials\-79487dd7\-5294\-4b6d\-8203\-910402923f7d\.config
2026-09-07T06:43:48.3542190Z [command]"C:\Program Files\Git\bin\git.exe" config --local --get-all includeif.gitdir:D:/a/NU54DK_Arduino_Core/NU54DK_Arduino_Core/.git/worktrees/*.path
2026-09-07T06:43:48.3800897Z D:\a\_temp\git-credentials-79487dd7-5294-4b6d-8203-910402923f7d.config
2026-09-07T06:43:48.3840482Z [command]"C:\Program Files\Git\bin\git.exe" config --local --unset includeif.gitdir:D:/a/NU54DK_Arduino_Core/NU54DK_Arduino_Core/.git/worktrees/*.path D\:\\a\\_temp\\git\-credentials\-79487dd7\-5294\-4b6d\-8203\-910402923f7d\.config
2026-09-07T06:43:48.4131607Z [command]"C:\Program Files\Git\bin\git.exe" config --local --get-all includeif.gitdir:/github/workspace/.git.path
2026-09-07T06:43:48.4379332Z /github/runner_temp/git-credentials-79487dd7-5294-4b6d-8203-910402923f7d.config
2026-09-07T06:43:48.4453987Z [command]"C:\Program Files\Git\bin\git.exe" config --local --unset includeif.gitdir:/github/workspace/.git.path \/github\/runner_temp\/git\-credentials\-79487dd7\-5294\-4b6d\-8203\-910402923f7d\.config
2026-09-07T06:43:48.4787990Z [command]"C:\Program Files\Git\bin\git.exe" config --local --get-all includeif.gitdir:/github/workspace/.git/worktrees/*.path
2026-09-07T06:43:48.5076056Z /github/runner_temp/git-credentials-79487dd7-5294-4b6d-8203-910402923f7d.config
2026-09-07T06:43:48.5112861Z [command]"C:\Program Files\Git\bin\git.exe" config --local --unset includeif.gitdir:/github/workspace/.git/worktrees/*.path \/github\/runner_temp\/git\-credentials\-79487dd7\-5294\-4b6d\-8203\-910402923f7d\.config
2026-09-07T06:43:48.5408505Z [command]"C:\Program Files\Git\bin\git.exe" submodule foreach --recursive "git config --local --show-origin --name-only --get-regexp remote.origin.url"
2026-09-07T06:43:49.0571982Z Entering 'board_package/NU54DK_Zephyr_DTS'
2026-09-07T06:43:49.0920896Z file:D:/a/NU54DK_Arduino_Core/NU54DK_Arduino_Core/.git/modules/board_package/NU54DK_Zephyr_DTS/config	remote.origin.url
2026-09-07T06:43:49.1159533Z [command]"C:\Program Files\Git\bin\git.exe" config --file D:/a/NU54DK_Arduino_Core/NU54DK_Arduino_Core/.git/modules/board_package/NU54DK_Zephyr_DTS/config --name-only --get-regexp ^includeIf\.gitdir:
2026-09-07T06:43:49.1407086Z includeif.gitdir:D:/a/NU54DK_Arduino_Core/NU54DK_Arduino_Core/.git/modules/board_package/NU54DK_Zephyr_DTS.path
2026-09-07T06:43:49.1407957Z includeif.gitdir:/github/workspace/.git/modules/board_package/NU54DK_Zephyr_DTS.path
2026-09-07T06:43:49.1444177Z [command]"C:\Program Files\Git\bin\git.exe" config --file D:/a/NU54DK_Arduino_Core/NU54DK_Arduino_Core/.git/modules/board_package/NU54DK_Zephyr_DTS/config --get-all includeif.gitdir:D:/a/NU54DK_Arduino_Core/NU54DK_Arduino_Core/.git/modules/board_package/NU54DK_Zephyr_DTS.path
2026-09-07T06:43:49.1684175Z D:\a\_temp\git-credentials-79487dd7-5294-4b6d-8203-910402923f7d.config
2026-09-07T06:43:49.1721271Z [command]"C:\Program Files\Git\bin\git.exe" config --file D:/a/NU54DK_Arduino_Core/NU54DK_Arduino_Core/.git/modules/board_package/NU54DK_Zephyr_DTS/config --unset includeif.gitdir:D:/a/NU54DK_Arduino_Core/NU54DK_Arduino_Core/.git/modules/board_package/NU54DK_Zephyr_DTS.path D\:\\a\\_temp\\git\-credentials\-79487dd7\-5294\-4b6d\-8203\-910402923f7d\.config
2026-09-07T06:43:49.2011288Z [command]"C:\Program Files\Git\bin\git.exe" config --file D:/a/NU54DK_Arduino_Core/NU54DK_Arduino_Core/.git/modules/board_package/NU54DK_Zephyr_DTS/config --get-all includeif.gitdir:/github/workspace/.git/modules/board_package/NU54DK_Zephyr_DTS.path
2026-09-07T06:43:49.2257281Z /github/runner_temp/git-credentials-79487dd7-5294-4b6d-8203-910402923f7d.config
2026-09-07T06:43:49.2294167Z [command]"C:\Program Files\Git\bin\git.exe" config --file D:/a/NU54DK_Arduino_Core/NU54DK_Arduino_Core/.git/modules/board_package/NU54DK_Zephyr_DTS/config --unset includeif.gitdir:/github/workspace/.git/modules/board_package/NU54DK_Zephyr_DTS.path \/github\/runner_temp\/git\-credentials\-79487dd7\-5294\-4b6d\-8203\-910402923f7d\.config
2026-09-07T06:43:49.2584671Z Removing credentials config 'D:\a\_temp\git-credentials-79487dd7-5294-4b6d-8203-910402923f7d.config'
2026-09-07T06:43:49.2844125Z Cleaning up orphan processes
