2026-09-07T06:16:51.7119067Z Current runner version: '2.337.0'
2026-09-07T06:16:51.7145440Z ##[group]Runner Image Provisioner
2026-09-07T06:16:51.7146250Z Hosted Compute Agent
2026-09-07T06:16:51.7146843Z Version: 20260819.586
2026-09-07T06:16:51.7147449Z Commit: 3cc4a88dfa507ef76119ad1bb3eccc6378bb2b76
2026-09-07T06:16:51.7148183Z Build Date: 2026-08-18T23:20:18Z
2026-09-07T06:16:51.7148828Z Worker ID: {8b8abb85-75cd-4c50-8147-5019427eb9c4}
2026-09-07T06:16:51.7150437Z Azure Region: westus
2026-09-07T06:16:51.7151763Z ##[endgroup]
2026-09-07T06:16:51.7153582Z ##[group]Operating System
2026-09-07T06:16:51.7154296Z Microsoft Windows Server 2025
2026-09-07T06:16:51.7155118Z 10.0.26100
2026-09-07T06:16:51.7155618Z Datacenter
2026-09-07T06:16:51.7156104Z ##[endgroup]
2026-09-07T06:16:51.7156624Z ##[group]Runner Image
2026-09-07T06:16:51.7157211Z Image: windows-2025-vs2026
2026-09-07T06:16:51.7157807Z Version: 20260824.214.3
2026-09-07T06:16:51.7159296Z Included Software: https://github.com/actions/runner-images/blob/win25-vs2026/20260824.214/images/windows/Windows2025-VS2026-Readme.md
2026-09-07T06:16:51.7160930Z Image Release: https://github.com/actions/runner-images/releases/tag/win25-vs2026%2F20260824.214
2026-09-07T06:16:51.7161833Z ##[endgroup]
2026-09-07T06:16:51.7163097Z ##[group]GITHUB_TOKEN Permissions
2026-09-07T06:16:51.7165166Z Contents: read
2026-09-07T06:16:51.7165793Z Metadata: read
2026-09-07T06:16:51.7166369Z ##[endgroup]
2026-09-07T06:16:51.7168709Z Secret source: Actions
2026-09-07T06:16:51.7170130Z Prepare workflow directory
2026-09-07T06:16:51.7559416Z Prepare all required actions
2026-09-07T06:16:51.7608389Z Getting action download info
2026-09-07T06:16:52.0907261Z Download action repository 'actions/checkout@3d3c42e5aac5ba805825da76410c181273ba90b1' (SHA:3d3c42e5aac5ba805825da76410c181273ba90b1)
2026-09-07T06:16:52.2247591Z Download action repository 'actions/setup-python@5fda3b95a4ea91299a34e894583c3862153e4b97' (SHA:5fda3b95a4ea91299a34e894583c3862153e4b97)
2026-09-07T06:16:52.5040572Z Complete job name: Host unit with Windows PowerShell contracts
2026-09-07T06:16:52.6583974Z ##[group]Run actions/checkout@3d3c42e5aac5ba805825da76410c181273ba90b1
2026-09-07T06:16:52.6585471Z with:
2026-09-07T06:16:52.6585963Z   fetch-depth: 0
2026-09-07T06:16:52.6586485Z   submodules: recursive
2026-09-07T06:16:52.6587081Z   repository: EIDOSDATA/NU54DK_Arduino_Core
2026-09-07T06:16:52.6591790Z   token: ***
2026-09-07T06:16:52.6592188Z   ssh-strict: true
2026-09-07T06:16:52.6592596Z   ssh-user: git
2026-09-07T06:16:52.6593006Z   persist-credentials: true
2026-09-07T06:16:52.6593465Z   clean: true
2026-09-07T06:16:52.6593872Z   sparse-checkout-cone-mode: true
2026-09-07T06:16:52.6594357Z   fetch-tags: false
2026-09-07T06:16:52.6594767Z   show-progress: true
2026-09-07T06:16:52.6595174Z   lfs: false
2026-09-07T06:16:52.6595624Z   set-safe-directory: true
2026-09-07T06:16:52.6596102Z   allow-unsafe-pr-checkout: false
2026-09-07T06:16:52.6596806Z ##[endgroup]
2026-09-07T06:16:52.8264084Z Syncing repository: EIDOSDATA/NU54DK_Arduino_Core
2026-09-07T06:16:52.8267518Z ##[group]Getting Git version info
2026-09-07T06:16:52.9334815Z Working directory is 'D:\a\NU54DK_Arduino_Core\NU54DK_Arduino_Core'
2026-09-07T06:16:52.9356691Z [command]"C:\Program Files\Git\bin\git.exe" version
2026-09-07T06:16:53.3306332Z git version 2.55.0.windows.5
2026-09-07T06:16:53.3358270Z ##[endgroup]
2026-09-07T06:16:53.3377072Z Temporarily overriding HOME='D:\a\_temp\d72af45b-db05-4ad8-8b40-1644aeccf79c' before making global git config changes
2026-09-07T06:16:53.3379314Z Adding repository directory to the temporary git global config as a safe directory
2026-09-07T06:16:53.3390341Z [command]"C:\Program Files\Git\bin\git.exe" config --global --add safe.directory D:\a\NU54DK_Arduino_Core\NU54DK_Arduino_Core
2026-09-07T06:16:53.3962857Z Deleting the contents of 'D:\a\NU54DK_Arduino_Core\NU54DK_Arduino_Core'
2026-09-07T06:16:53.3968033Z ##[group]Determining repository object format
2026-09-07T06:16:53.3970322Z ##[endgroup]
2026-09-07T06:16:53.3973716Z ##[group]Initializing the repository
2026-09-07T06:16:53.3979698Z [command]"C:\Program Files\Git\bin\git.exe" init D:\a\NU54DK_Arduino_Core\NU54DK_Arduino_Core
2026-09-07T06:16:53.4837622Z Initialized empty Git repository in D:/a/NU54DK_Arduino_Core/NU54DK_Arduino_Core/.git/
2026-09-07T06:16:53.4872730Z [command]"C:\Program Files\Git\bin\git.exe" remote add origin https://github.com/EIDOSDATA/NU54DK_Arduino_Core
2026-09-07T06:16:53.5489847Z ##[endgroup]
2026-09-07T06:16:53.5490999Z ##[group]Disabling automatic garbage collection
2026-09-07T06:16:53.5500540Z [command]"C:\Program Files\Git\bin\git.exe" config --local gc.auto 0
2026-09-07T06:16:53.5825923Z ##[endgroup]
2026-09-07T06:16:53.5827224Z ##[group]Setting up auth
2026-09-07T06:16:53.5828050Z Removing SSH command configuration
2026-09-07T06:16:53.5837860Z [command]"C:\Program Files\Git\bin\git.exe" config --local --name-only --get-regexp core\.sshCommand
2026-09-07T06:16:53.6188228Z [command]"C:\Program Files\Git\bin\git.exe" submodule foreach --recursive "sh -c \"git config --local --name-only --get-regexp 'core\.sshCommand' && git config --local --unset-all 'core.sshCommand' || :\""
2026-09-07T06:16:55.1024740Z Removing HTTP extra header
2026-09-07T06:16:55.1038387Z [command]"C:\Program Files\Git\bin\git.exe" config --local --name-only --get-regexp http\.https\:\/\/github\.com\/\.extraheader
2026-09-07T06:16:55.1340997Z [command]"C:\Program Files\Git\bin\git.exe" submodule foreach --recursive "sh -c \"git config --local --name-only --get-regexp 'http\.https\:\/\/github\.com\/\.extraheader' && git config --local --unset-all 'http.https://github.com/.extraheader' || :\""
2026-09-07T06:16:55.6883123Z Removing includeIf entries pointing to credentials config files
2026-09-07T06:16:55.6892543Z [command]"C:\Program Files\Git\bin\git.exe" config --local --name-only --get-regexp ^includeIf\.gitdir:
2026-09-07T06:16:55.7203475Z [command]"C:\Program Files\Git\bin\git.exe" submodule foreach --recursive "git config --local --show-origin --name-only --get-regexp remote.origin.url"
2026-09-07T06:16:56.2830746Z [command]"C:\Program Files\Git\bin\git.exe" config --file D:\a\_temp\git-credentials-b3df725a-6eae-46f9-95b3-e96a26a02b45.config http.https://github.com/.extraheader "AUTHORIZATION: basic ***"
2026-09-07T06:16:56.3155045Z [command]"C:\Program Files\Git\bin\git.exe" config --local includeIf.gitdir:D:/a/NU54DK_Arduino_Core/NU54DK_Arduino_Core/.git.path D:\a\_temp\git-credentials-b3df725a-6eae-46f9-95b3-e96a26a02b45.config
2026-09-07T06:16:56.3460753Z [command]"C:\Program Files\Git\bin\git.exe" config --local includeIf.gitdir:D:/a/NU54DK_Arduino_Core/NU54DK_Arduino_Core/.git/worktrees/*.path D:\a\_temp\git-credentials-b3df725a-6eae-46f9-95b3-e96a26a02b45.config
2026-09-07T06:16:56.3833227Z [command]"C:\Program Files\Git\bin\git.exe" config --local includeIf.gitdir:/github/workspace/.git.path /github/runner_temp/git-credentials-b3df725a-6eae-46f9-95b3-e96a26a02b45.config
2026-09-07T06:16:56.4148566Z [command]"C:\Program Files\Git\bin\git.exe" config --local includeIf.gitdir:/github/workspace/.git/worktrees/*.path /github/runner_temp/git-credentials-b3df725a-6eae-46f9-95b3-e96a26a02b45.config
2026-09-07T06:16:56.4475213Z ##[endgroup]
2026-09-07T06:16:56.4476059Z ##[group]Fetching the repository
2026-09-07T06:16:56.4487105Z [command]"C:\Program Files\Git\bin\git.exe" -c protocol.version=2 fetch --no-tags --prune --no-recurse-submodules origin +refs/heads/*:refs/remotes/origin/* +refs/tags/*:refs/tags/*
2026-09-07T06:17:00.2730377Z From https://github.com/EIDOSDATA/NU54DK_Arduino_Core
2026-09-07T06:17:00.2731160Z  * [new branch]      main               -> origin/main
2026-09-07T06:17:00.2731787Z  * [new tag]         m10-preview-0.0.90 -> m10-preview-0.0.90
2026-09-07T06:17:00.2733278Z  * [new tag]         m10-preview-0.0.91 -> m10-preview-0.0.91
2026-09-07T06:17:00.2733801Z  * [new tag]         m10-preview-0.0.92 -> m10-preview-0.0.92
2026-09-07T06:17:00.2734203Z  * [new tag]         m10-preview-0.0.93 -> m10-preview-0.0.93
2026-09-07T06:17:00.2735914Z  * [new tag]         m10-preview-0.0.94 -> m10-preview-0.0.94
2026-09-07T06:17:00.2736305Z  * [new tag]         m10-preview-0.0.95 -> m10-preview-0.0.95
2026-09-07T06:17:00.2736678Z  * [new tag]         m10-preview-0.0.96 -> m10-preview-0.0.96
2026-09-07T06:17:00.2737032Z  * [new tag]         m10-preview-0.0.97 -> m10-preview-0.0.97
2026-09-07T06:17:00.2737363Z  * [new tag]         v0.1.0             -> v0.1.0
2026-09-07T06:17:00.2737662Z  * [new tag]         v0.1.0-rc.2        -> v0.1.0-rc.2
2026-09-07T06:17:00.2738289Z  * [new tag]         v0.2.0             -> v0.2.0
2026-09-07T06:17:00.2738795Z  * [new tag]         v0.2.0-rc.1        -> v0.2.0-rc.1
2026-09-07T06:17:00.2739283Z  * [new tag]         v0.2.0-rc.2        -> v0.2.0-rc.2
2026-09-07T06:17:00.2739663Z  * [new tag]         v0.3.0             -> v0.3.0
2026-09-07T06:17:00.2740454Z  * [new tag]         v0.3.0-rc.1        -> v0.3.0-rc.1
2026-09-07T06:17:00.2741252Z  * [new tag]         v0.3.0-rc.2        -> v0.3.0-rc.2
2026-09-07T06:17:00.2741865Z  * [new tag]         v0.3.0-rc.3        -> v0.3.0-rc.3
2026-09-07T06:17:00.2785232Z [command]"C:\Program Files\Git\bin\git.exe" branch --list --remote origin/main
2026-09-07T06:17:00.3232846Z   origin/main
2026-09-07T06:17:00.3280018Z [command]"C:\Program Files\Git\bin\git.exe" rev-parse refs/remotes/origin/main
2026-09-07T06:17:00.3677177Z 815f0a5aa7d18ada8f6a00043eaf62353f00cb09
2026-09-07T06:17:00.3711935Z ##[endgroup]
2026-09-07T06:17:00.3712362Z ##[group]Determining the checkout info
2026-09-07T06:17:00.3714621Z ##[endgroup]
2026-09-07T06:17:00.3722729Z [command]"C:\Program Files\Git\bin\git.exe" sparse-checkout disable
2026-09-07T06:17:00.4170874Z [command]"C:\Program Files\Git\bin\git.exe" config --local --unset-all extensions.worktreeConfig
2026-09-07T06:17:00.4484478Z ##[group]Checking out the ref
2026-09-07T06:17:00.4498264Z [command]"C:\Program Files\Git\bin\git.exe" checkout --progress --force -B main refs/remotes/origin/main
2026-09-07T06:17:01.5314793Z Updating files:  31% (1952/6273)
2026-09-07T06:17:01.5537034Z Updating files:  32% (2008/6273)
2026-09-07T06:17:01.5683273Z Updating files:  33% (2071/6273)
2026-09-07T06:17:01.5831223Z Updating files:  34% (2133/6273)
2026-09-07T06:17:01.5981918Z Updating files:  35% (2196/6273)
2026-09-07T06:17:01.6143519Z Updating files:  36% (2259/6273)
2026-09-07T06:17:01.6294622Z Updating files:  37% (2322/6273)
2026-09-07T06:17:01.6438415Z Updating files:  38% (2384/6273)
2026-09-07T06:17:01.6592100Z Updating files:  39% (2447/6273)
2026-09-07T06:17:01.6748311Z Updating files:  40% (2510/6273)
2026-09-07T06:17:01.6996023Z Updating files:  41% (2572/6273)
2026-09-07T06:17:01.7143107Z Updating files:  42% (2635/6273)
2026-09-07T06:17:01.7303875Z Updating files:  43% (2698/6273)
2026-09-07T06:17:01.7484912Z Updating files:  44% (2761/6273)
2026-09-07T06:17:01.7640640Z Updating files:  45% (2823/6273)
2026-09-07T06:17:01.7786346Z Updating files:  46% (2886/6273)
2026-09-07T06:17:01.7933903Z Updating files:  47% (2949/6273)
2026-09-07T06:17:01.8093405Z Updating files:  48% (3012/6273)
2026-09-07T06:17:01.8313019Z Updating files:  49% (3074/6273)
2026-09-07T06:17:01.8484027Z Updating files:  50% (3137/6273)
2026-09-07T06:17:01.8663649Z Updating files:  51% (3200/6273)
2026-09-07T06:17:01.8856231Z Updating files:  52% (3262/6273)
2026-09-07T06:17:01.8999967Z Updating files:  53% (3325/6273)
2026-09-07T06:17:01.9144725Z Updating files:  54% (3388/6273)
2026-09-07T06:17:01.9296423Z Updating files:  55% (3451/6273)
2026-09-07T06:17:01.9452476Z Updating files:  56% (3513/6273)
2026-09-07T06:17:01.9735936Z Updating files:  57% (3576/6273)
2026-09-07T06:17:01.9916845Z Updating files:  58% (3639/6273)
2026-09-07T06:17:02.0069698Z Updating files:  59% (3702/6273)
2026-09-07T06:17:02.0226785Z Updating files:  60% (3764/6273)
2026-09-07T06:17:02.0366936Z Updating files:  61% (3827/6273)
2026-09-07T06:17:02.0514545Z Updating files:  62% (3890/6273)
2026-09-07T06:17:02.0707143Z Updating files:  63% (3952/6273)
2026-09-07T06:17:02.0911969Z Updating files:  64% (4015/6273)
2026-09-07T06:17:02.1063876Z Updating files:  65% (4078/6273)
2026-09-07T06:17:02.1236148Z Updating files:  66% (4141/6273)
2026-09-07T06:17:02.1403527Z Updating files:  67% (4203/6273)
2026-09-07T06:17:02.1559433Z Updating files:  68% (4266/6273)
2026-09-07T06:17:02.1737541Z Updating files:  69% (4329/6273)
2026-09-07T06:17:02.2094566Z Updating files:  70% (4392/6273)
2026-09-07T06:17:02.2268508Z Updating files:  71% (4454/6273)
2026-09-07T06:17:02.2439705Z Updating files:  72% (4517/6273)
2026-09-07T06:17:02.2607037Z Updating files:  73% (4580/6273)
2026-09-07T06:17:02.2735804Z Updating files:  74% (4643/6273)
2026-09-07T06:17:02.2893831Z Updating files:  75% (4705/6273)
2026-09-07T06:17:02.3069043Z Updating files:  76% (4768/6273)
2026-09-07T06:17:02.3251007Z Updating files:  77% (4831/6273)
2026-09-07T06:17:02.3423321Z Updating files:  78% (4893/6273)
2026-09-07T06:17:02.3597859Z Updating files:  79% (4956/6273)
2026-09-07T06:17:02.3934677Z Updating files:  80% (5019/6273)
2026-09-07T06:17:02.4105186Z Updating files:  81% (5082/6273)
2026-09-07T06:17:02.4254572Z Updating files:  82% (5144/6273)
2026-09-07T06:17:02.4415268Z Updating files:  83% (5207/6273)
2026-09-07T06:17:02.4602301Z Updating files:  84% (5270/6273)
2026-09-07T06:17:02.4768262Z Updating files:  85% (5333/6273)
2026-09-07T06:17:02.4950445Z Updating files:  86% (5395/6273)
2026-09-07T06:17:02.5160114Z Updating files:  87% (5458/6273)
2026-09-07T06:17:02.5193097Z Updating files:  88% (5521/6273)
2026-09-07T06:17:02.5336591Z Updating files:  88% (5531/6273)
2026-09-07T06:17:02.5539393Z Updating files:  89% (5583/6273)
2026-09-07T06:17:02.5703943Z Updating files:  90% (5646/6273)
2026-09-07T06:17:02.5876022Z Updating files:  91% (5709/6273)
2026-09-07T06:17:02.6051950Z Updating files:  92% (5772/6273)
2026-09-07T06:17:02.6219706Z Updating files:  93% (5834/6273)
2026-09-07T06:17:02.6376692Z Updating files:  94% (5897/6273)
2026-09-07T06:17:02.6538092Z Updating files:  95% (5960/6273)
2026-09-07T06:17:02.6706354Z Updating files:  96% (6023/6273)
2026-09-07T06:17:02.6878384Z Updating files:  97% (6085/6273)
2026-09-07T06:17:02.7063916Z Updating files:  98% (6148/6273)
2026-09-07T06:17:02.7253230Z Updating files:  99% (6211/6273)
2026-09-07T06:17:02.7253557Z Updating files: 100% (6273/6273)
2026-09-07T06:17:02.7253814Z Updating files: 100% (6273/6273), done.
2026-09-07T06:17:02.7484885Z Switched to a new branch 'main'
2026-09-07T06:17:02.7543466Z branch 'main' set up to track 'origin/main'.
2026-09-07T06:17:02.7672330Z ##[endgroup]
2026-09-07T06:17:02.7672930Z ##[group]Setting up auth for fetching submodules
2026-09-07T06:17:02.7689899Z [command]"C:\Program Files\Git\bin\git.exe" config --file D:\a\_temp\git-credentials-b3df725a-6eae-46f9-95b3-e96a26a02b45.config http.https://github.com/.extraheader "AUTHORIZATION: basic ***"
2026-09-07T06:17:02.8024612Z [command]"C:\Program Files\Git\bin\git.exe" config --global include.path D:\a\_temp\git-credentials-b3df725a-6eae-46f9-95b3-e96a26a02b45.config
2026-09-07T06:17:02.8348394Z [command]"C:\Program Files\Git\bin\git.exe" config --global --unset-all url.https://github.com/.insteadOf
2026-09-07T06:17:02.8682221Z [command]"C:\Program Files\Git\bin\git.exe" config --global --add url.https://github.com/.insteadOf git@github.com:
2026-09-07T06:17:02.9011082Z [command]"C:\Program Files\Git\bin\git.exe" config --global --add url.https://github.com/.insteadOf org-48746729@github.com:
2026-09-07T06:17:02.9370268Z ##[endgroup]
2026-09-07T06:17:02.9370844Z ##[group]Fetching submodules
2026-09-07T06:17:02.9380083Z [command]"C:\Program Files\Git\bin\git.exe" submodule sync --recursive
2026-09-07T06:17:03.5065526Z [command]"C:\Program Files\Git\bin\git.exe" -c protocol.version=2 submodule update --init --force --recursive
2026-09-07T06:17:04.0901519Z Submodule 'board_package/NU54DK_Zephyr_DTS' (https://github.com/Nucode01/NU54DK_Zephyr_DTS.git) registered for path 'board_package/NU54DK_Zephyr_DTS'
2026-09-07T06:17:04.1384714Z Cloning into 'D:/a/NU54DK_Arduino_Core/NU54DK_Arduino_Core/board_package/NU54DK_Zephyr_DTS'...
2026-09-07T06:17:05.2438781Z Submodule path 'board_package/NU54DK_Zephyr_DTS': checked out 'fe65f2f0880bd05b32e562d9bf1ee59142b4f4d3'
2026-09-07T06:17:05.2679164Z [command]"C:\Program Files\Git\bin\git.exe" submodule foreach --recursive "git config --local gc.auto 0"
2026-09-07T06:17:05.8417018Z Entering 'board_package/NU54DK_Zephyr_DTS'
2026-09-07T06:17:05.9062854Z ##[endgroup]
2026-09-07T06:17:05.9063647Z ##[group]Persisting credentials for submodules
2026-09-07T06:17:05.9074192Z [command]"C:\Program Files\Git\bin\git.exe" submodule foreach --recursive "sh -c \"git config --local --name-only --get-regexp 'url\.https\:\/\/github\.com\/\.insteadOf' && git config --local --unset-all 'url.https://github.com/.insteadOf' || :\""
2026-09-07T06:17:06.4674721Z Entering 'board_package/NU54DK_Zephyr_DTS'
2026-09-07T06:17:06.5594972Z [command]"C:\Program Files\Git\bin\git.exe" submodule foreach --recursive "git config --local --show-origin --name-only --get-regexp remote.origin.url"
2026-09-07T06:17:07.1133973Z Entering 'board_package/NU54DK_Zephyr_DTS'
2026-09-07T06:17:07.1509696Z file:D:/a/NU54DK_Arduino_Core/NU54DK_Arduino_Core/.git/modules/board_package/NU54DK_Zephyr_DTS/config	remote.origin.url
2026-09-07T06:17:07.1773937Z [command]"C:\Program Files\Git\bin\git.exe" config --file D:/a/NU54DK_Arduino_Core/NU54DK_Arduino_Core/.git/modules/board_package/NU54DK_Zephyr_DTS/config includeIf.gitdir:D:/a/NU54DK_Arduino_Core/NU54DK_Arduino_Core/.git/modules/board_package/NU54DK_Zephyr_DTS.path D:\a\_temp\git-credentials-b3df725a-6eae-46f9-95b3-e96a26a02b45.config
2026-09-07T06:17:07.2101428Z [command]"C:\Program Files\Git\bin\git.exe" config --file D:/a/NU54DK_Arduino_Core/NU54DK_Arduino_Core/.git/modules/board_package/NU54DK_Zephyr_DTS/config includeIf.gitdir:/github/workspace/.git/modules/board_package/NU54DK_Zephyr_DTS.path /github/runner_temp/git-credentials-b3df725a-6eae-46f9-95b3-e96a26a02b45.config
2026-09-07T06:17:07.2418815Z [command]"C:\Program Files\Git\bin\git.exe" submodule foreach --recursive "git config --local --add 'url.https://github.com/.insteadOf' 'git@github.com:'"
2026-09-07T06:17:07.7840103Z Entering 'board_package/NU54DK_Zephyr_DTS'
2026-09-07T06:17:07.8489967Z [command]"C:\Program Files\Git\bin\git.exe" submodule foreach --recursive "git config --local --add 'url.https://github.com/.insteadOf' 'org-48746729@github.com:'"
2026-09-07T06:17:08.4076441Z Entering 'board_package/NU54DK_Zephyr_DTS'
2026-09-07T06:17:08.4723950Z ##[endgroup]
2026-09-07T06:17:08.5137249Z [command]"C:\Program Files\Git\bin\git.exe" log -1 --format=%H
2026-09-07T06:17:08.5545374Z 815f0a5aa7d18ada8f6a00043eaf62353f00cb09
2026-09-07T06:17:08.6097578Z ##[group]Run actions/setup-python@5fda3b95a4ea91299a34e894583c3862153e4b97
2026-09-07T06:17:08.6098071Z with:
2026-09-07T06:17:08.6098298Z   python-version: 3.12.10
2026-09-07T06:17:08.6098535Z   check-latest: false
2026-09-07T06:17:08.6101459Z   token: ***
2026-09-07T06:17:08.6101685Z   update-environment: true
2026-09-07T06:17:08.6101927Z   allow-prereleases: false
2026-09-07T06:17:08.6102159Z   freethreaded: false
2026-09-07T06:17:08.6102371Z ##[endgroup]
2026-09-07T06:17:08.7668668Z ##[group]Installed versions
2026-09-07T06:17:08.7765677Z Successfully set up CPython (3.12.10)
2026-09-07T06:17:08.7766674Z ##[endgroup]
2026-09-07T06:17:08.8065706Z ##[group]Run python -m pip install --disable-pip-version-check --no-deps --only-binary=:all: --require-hashes -r tools/ci/requirements-host.txt
2026-09-07T06:17:08.8066888Z [36;1mpython -m pip install --disable-pip-version-check --no-deps --only-binary=:all: --require-hashes -r tools/ci/requirements-host.txt[0m
2026-09-07T06:17:08.9830191Z shell: C:\Program Files\PowerShell\7\pwsh.EXE -command ". '{0}'"
2026-09-07T06:17:08.9830645Z env:
2026-09-07T06:17:08.9830979Z   pythonLocation: C:\hostedtoolcache\windows\Python\3.12.10\x64
2026-09-07T06:17:08.9831590Z   PKG_CONFIG_PATH: C:\hostedtoolcache\windows\Python\3.12.10\x64/lib/pkgconfig
2026-09-07T06:17:08.9833245Z   Python_ROOT_DIR: C:\hostedtoolcache\windows\Python\3.12.10\x64
2026-09-07T06:17:08.9833786Z   Python2_ROOT_DIR: C:\hostedtoolcache\windows\Python\3.12.10\x64
2026-09-07T06:17:08.9834295Z   Python3_ROOT_DIR: C:\hostedtoolcache\windows\Python\3.12.10\x64
2026-09-07T06:17:08.9834695Z ##[endgroup]
2026-09-07T06:17:14.0726322Z Collecting PyYAML==6.0.3 (from -r tools/ci/requirements-host.txt (line 1))
2026-09-07T06:17:14.3585027Z   Downloading pyyaml-6.0.3-cp312-cp312-win_amd64.whl (154 kB)
2026-09-07T06:17:14.5607548Z Installing collected packages: PyYAML
2026-09-07T06:17:14.6744387Z Successfully installed PyYAML-6.0.3
2026-09-07T06:17:14.8843626Z ##[group]Run python tools/ci/run_m12_gate.py host
2026-09-07T06:17:14.8844064Z [36;1mpython tools/ci/run_m12_gate.py host[0m
2026-09-07T06:17:14.8952335Z shell: C:\Program Files\PowerShell\7\pwsh.EXE -command ". '{0}'"
2026-09-07T06:17:14.8952697Z env:
2026-09-07T06:17:14.8952971Z   pythonLocation: C:\hostedtoolcache\windows\Python\3.12.10\x64
2026-09-07T06:17:14.8953464Z   PKG_CONFIG_PATH: C:\hostedtoolcache\windows\Python\3.12.10\x64/lib/pkgconfig
2026-09-07T06:17:14.8953910Z   Python_ROOT_DIR: C:\hostedtoolcache\windows\Python\3.12.10\x64
2026-09-07T06:17:14.8954316Z   Python2_ROOT_DIR: C:\hostedtoolcache\windows\Python\3.12.10\x64
2026-09-07T06:17:14.8954727Z   Python3_ROOT_DIR: C:\hostedtoolcache\windows\Python\3.12.10\x64
2026-09-07T06:17:14.8955037Z ##[endgroup]
2026-09-07T06:17:15.2165694Z [M12] exec: C:\hostedtoolcache\windows\Python\3.12.10\x64\python.exe -m unittest discover -v -s D:\a\NU54DK_Arduino_Core\NU54DK_Arduino_Core\tests\host -p test_ac01_contract.py
2026-09-07T06:17:15.3864720Z test_connector_dtsi_uses_only_approved_free_gpio_pair (test_ac01_contract.AC01ContractTests.test_connector_dtsi_uses_only_approved_free_gpio_pair) ... ok
2026-09-07T06:17:15.3879732Z test_safe_interrupt_and_timing_apis_have_real_backends (test_ac01_contract.AC01ContractTests.test_safe_interrupt_and_timing_apis_have_real_backends) ... ok
2026-09-07T06:17:15.3883273Z test_standard_and_ble_profiles_share_one_connector_definition (test_ac01_contract.AC01ContractTests.test_standard_and_ble_profiles_share_one_connector_definition) ... ok
2026-09-07T06:17:15.3893553Z test_variant_exposes_connector_capability_and_ownership (test_ac01_contract.AC01ContractTests.test_variant_exposes_connector_capability_and_ownership) ... ok
2026-09-07T06:17:15.3895224Z 
2026-09-07T06:17:15.3895495Z ----------------------------------------------------------------------
2026-09-07T06:17:15.3896023Z Ran 4 tests in 0.004s
2026-09-07T06:17:15.3896230Z 
2026-09-07T06:17:15.3896330Z OK
2026-09-07T06:17:15.3984051Z [M12] exec: C:\hostedtoolcache\windows\Python\3.12.10\x64\python.exe -m unittest discover -v -s D:\a\NU54DK_Arduino_Core\NU54DK_Arduino_Core\tests\host -p test_ac02b_analog_contract.py
2026-09-07T06:17:15.4777973Z test_examples_exist (test_ac02b_analog_contract.Ac02bAnalogContractTests.test_examples_exist) ... ok
2026-09-07T06:17:18.4492558Z test_math_contract_compiles (test_ac02b_analog_contract.Ac02bAnalogContractTests.test_math_contract_compiles) ... ok
2026-09-07T06:17:18.4493759Z test_production_pwm_route_backend_is_transactional (test_ac02b_analog_contract.Ac02bAnalogContractTests.test_production_pwm_route_backend_is_transactional)
2026-09-07T06:17:18.4498265Z Production adapter\uac00 B2 route \uc218\uba85\uc8fc\uae30\uc640 \uc2e4\ud328 \ubcf5\uad6c\ub97c \uc0ac\uc6a9\ud569\ub2c8\ub2e4. ... ok
2026-09-07T06:17:18.4505123Z test_public_implementation_contains_fixed_policy (test_ac02b_analog_contract.Ac02bAnalogContractTests.test_public_implementation_contains_fixed_policy) ... ok
2026-09-07T06:17:18.4506645Z test_recovery_failure_is_fail_closed_and_gpio_transition_is_rollbackable (test_ac02b_analog_contract.Ac02bAnalogContractTests.test_recovery_failure_is_fail_closed_and_gpio_transition_is_rollbackable)
2026-09-07T06:17:18.4528622Z \ubcf5\uad6c \uc2e4\ud328\uac00 \uc870\uc6a9\ud788 \uc0c1\ud0dc\ub97c \ubc84\ub9ac\uac70\ub098 route\ub97c \uc7ac\uc0ac\uc6a9\ud558\uc9c0 \uc54a\uc2b5\ub2c8\ub2e4. ... ok
2026-09-07T06:17:18.4533067Z test_servo_is_fixed_memory_pwm22_backend (test_ac02b_analog_contract.Ac02bAnalogContractTests.test_servo_is_fixed_memory_pwm22_backend) ... ok
2026-09-07T06:17:18.4539241Z test_target_contract_covers_adc_pwm_tone_servo_and_pm (test_ac02b_analog_contract.Ac02bAnalogContractTests.test_target_contract_covers_adc_pwm_tone_servo_and_pm) ... ok
2026-09-07T06:17:18.4540503Z 
2026-09-07T06:17:18.4540731Z ----------------------------------------------------------------------
2026-09-07T06:17:18.4541266Z Ran 7 tests in 2.976s
2026-09-07T06:17:18.4541460Z 
2026-09-07T06:17:18.4544218Z OK
2026-09-07T06:17:18.4638767Z [M12] exec: C:\hostedtoolcache\windows\Python\3.12.10\x64\python.exe -m unittest discover -v -s D:\a\NU54DK_Arduino_Core\NU54DK_Arduino_Core\tests\host -p test_ac02b_b2_contract.py
2026-09-07T06:17:18.5384832Z test_disabled_backends_and_library_discovery_fail_closed (test_ac02b_b2_contract.Ac02bPeripheralContractTests.test_disabled_backends_and_library_discovery_fail_closed) ... ok
2026-09-07T06:17:18.5387955Z test_instance_route_matrix_and_zero_psel_boundary_are_fixed (test_ac02b_b2_contract.Ac02bPeripheralContractTests.test_instance_route_matrix_and_zero_psel_boundary_are_fixed) ... ok
2026-09-07T06:17:18.5400853Z test_lifecycle_and_fail_closed_operations_are_present (test_ac02b_b2_contract.Ac02bPeripheralContractTests.test_lifecycle_and_fail_closed_operations_are_present) ... ok
2026-09-07T06:17:18.5403440Z test_public_concrete_types_and_capabilities_are_explicit (test_ac02b_b2_contract.Ac02bPeripheralContractTests.test_public_concrete_types_and_capabilities_are_explicit) ... ok
2026-09-07T06:17:18.5408232Z test_public_diagnostics_distinguish_runtime_routes_and_serial1 (test_ac02b_b2_contract.Ac02bPeripheralContractTests.test_public_diagnostics_distinguish_runtime_routes_and_serial1) ... ok
2026-09-07T06:17:18.5411688Z test_wire_target_and_extra_instances_are_not_faked (test_ac02b_b2_contract.Ac02bPeripheralContractTests.test_wire_target_and_extra_instances_are_not_faked) ... ok
2026-09-07T06:17:18.5412505Z 
2026-09-07T06:17:18.5412677Z ----------------------------------------------------------------------
2026-09-07T06:17:18.5413060Z Ran 6 tests in 0.004s
2026-09-07T06:17:18.5413210Z 
2026-09-07T06:17:18.5413292Z OK
2026-09-07T06:17:18.5509754Z [M12] exec: C:\hostedtoolcache\windows\Python\3.12.10\x64\python.exe -m unittest discover -v -s D:\a\NU54DK_Arduino_Core\NU54DK_Arduino_Core\tests\host -p test_ac03_storage_contract.py
2026-09-07T06:17:18.6935045Z test_approved_legacy_headers_and_examples_exist (test_ac03_storage_contract.AC03StorageContractTests.test_approved_legacy_headers_and_examples_exist)
2026-09-07T06:17:18.6938932Z ! @brief \ub300\ud45c Arduino include\uc640 \uc138 \uacf5\uac1c \uc608\uc81c\ub97c \uac80\uc99d\ud569\ub2c8\ub2e4. ... ok
2026-09-07T06:17:18.6940277Z test_builder_validates_the_effective_linker_partition (test_ac03_storage_contract.AC03StorageContractTests.test_builder_validates_the_effective_linker_partition)
2026-09-07T06:17:18.7022978Z ! @brief generated DTS\uc640 linker map\uc758 \uc77c\uce58\ub97c \uc0b0\ucd9c\ubb3c \uacf5\uac1c \uc804\uc5d0 \uac80\uc99d\ud569\ub2c8\ub2e4. ... ok
2026-09-07T06:17:18.7024085Z test_eeprom_record_and_explicit_commit_contract (test_ac03_storage_contract.AC03StorageContractTests.test_eeprom_record_and_explicit_commit_contract)
2026-09-07T06:17:18.7034460Z ! @brief EEPROM\uc758 mirror, CRC, bounds, \uba85\uc2dc\uc801 commit \uacc4\uc57d\uc744 \uac80\uc99d\ud569\ub2c8\ub2e4. ... ok
2026-09-07T06:17:18.7035648Z test_feature_manifests_are_allowlisted_and_profile_compatible (test_ac03_storage_contract.AC03StorageContractTests.test_feature_manifests_are_allowlisted_and_profile_compatible)
2026-09-07T06:17:18.7073130Z ! @brief EEPROM\uacfc LittleFS\uc758 \uc120\uc5b8\ud615 build \uc785\ub825\uc744 \uac80\uc99d\ud569\ub2c8\ub2e4. ... ok
2026-09-07T06:17:18.7074056Z test_littlefs_default_mount_cannot_format (test_ac03_storage_contract.AC03StorageContractTests.test_littlefs_default_mount_cannot_format)
2026-09-07T06:17:18.7077288Z ! @brief \uae30\ubcf8 mount\uc640 \uba85\uc2dc\uc801 format \uacbd\uacc4\ub97c \uac80\uc99d\ud569\ub2c8\ub2e4. ... ok
2026-09-07T06:17:18.7078481Z test_partition_is_common_exact_and_non_overlapping (test_ac03_storage_contract.AC03StorageContractTests.test_partition_is_common_exact_and_non_overlapping)
2026-09-07T06:17:18.7090823Z ! @brief \ub450 profile\uc774 \uac19\uc740 loaderless flash \ubd84\ud560\uacfc linker \uc124\uc815\uc744 \ud3ec\ud568\ud558\ub294\uc9c0 \uac80\uc99d\ud569\ub2c8\ub2e4. ... ok
2026-09-07T06:17:18.7091650Z 
2026-09-07T06:17:18.7092705Z ----------------------------------------------------------------------
2026-09-07T06:17:18.7093067Z Ran 6 tests in 0.016s
2026-09-07T06:17:18.7093205Z 
2026-09-07T06:17:18.7093270Z OK
2026-09-07T06:17:18.7216326Z [M12] exec: C:\hostedtoolcache\windows\Python\3.12.10\x64\python.exe -m unittest discover -v -s D:\a\NU54DK_Arduino_Core\NU54DK_Arduino_Core\tests\host -p test_build_matrix_runner.py
2026-09-07T06:17:19.1419972Z test_all_nu54dk_testcase_metadata_is_in_canonical_runner (test_build_matrix_runner.BuildMatrixRunnerTests.test_all_nu54dk_testcase_metadata_is_in_canonical_runner)
2026-09-07T06:17:19.1905067Z ! @brief \ub3c5\ub9bd testcase YAML\uc744 \ub300\uc870\ud558\uc5ec \uc0c8 target\uc758 canonical \ubaa9\ub85d \ub204\ub77d\uc744 \uac70\ubd80\ud569\ub2c8\ub2e4. ... ok
2026-09-07T06:17:19.1909198Z ARDUINO_CLI_BOOTSTRAP_RETRY=1/2;DELAY_SECONDS=2
2026-09-07T06:17:19.1913123Z test_arduino_compile_retries_only_bootstrap_failure (test_build_matrix_runner.BuildMatrixRunnerTests.test_arduino_compile_retries_only_bootstrap_failure) ... ok
2026-09-07T06:17:19.1915468Z test_arduino_groups_are_explicit_and_disjoint (test_build_matrix_runner.BuildMatrixRunnerTests.test_arduino_groups_are_explicit_and_disjoint) ... ok
2026-09-07T06:17:19.1918058Z test_child_python_output_is_unbuffered (test_build_matrix_runner.BuildMatrixRunnerTests.test_child_python_output_is_unbuffered) ... ok
2026-09-07T06:17:19.2061901Z test_serial_source_validator_rejects_false_positive_builds (test_build_matrix_runner.BuildMatrixRunnerTests.test_serial_source_validator_rejects_false_positive_builds) ... ok
2026-09-07T06:17:19.2065159Z test_target_subset_never_silently_escapes_group (test_build_matrix_runner.BuildMatrixRunnerTests.test_target_subset_never_silently_escapes_group) ... ok
2026-09-07T06:17:19.2078954Z test_zephyr_failure_summary_identifies_scenario (test_build_matrix_runner.BuildMatrixRunnerTests.test_zephyr_failure_summary_identifies_scenario) ... ok
2026-09-07T06:17:19.2080776Z test_zephyr_groups_partition_every_suite_once (test_build_matrix_runner.BuildMatrixRunnerTests.test_zephyr_groups_partition_every_suite_once) ... ok
2026-09-07T06:17:19.2089299Z test_zephyr_plan_uses_short_isolated_outdirs (test_build_matrix_runner.BuildMatrixRunnerTests.test_zephyr_plan_uses_short_isolated_outdirs) ... ok
2026-09-07T06:17:19.2090347Z 
2026-09-07T06:17:19.2090608Z ----------------------------------------------------------------------
2026-09-07T06:17:19.2091121Z Ran 9 tests in 0.067s
2026-09-07T06:17:19.2091323Z 
2026-09-07T06:17:19.2091421Z OK
2026-09-07T06:17:19.2259024Z [M12] exec: C:\hostedtoolcache\windows\Python\3.12.10\x64\python.exe -m unittest discover -v -s D:\a\NU54DK_Arduino_Core\NU54DK_Arduino_Core\tests\host -p test_compact_tokens.py
2026-09-07T06:17:20.7209053Z test_transactions_match_prior_lease_algorithm (test_compact_tokens.CompactTokenTests.test_transactions_match_prior_lease_algorithm) ... ok
2026-09-07T06:17:20.7210109Z 
2026-09-07T06:17:20.7210383Z ----------------------------------------------------------------------
2026-09-07T06:17:20.7210859Z Ran 1 test in 1.415s
2026-09-07T06:17:20.7211047Z 
2026-09-07T06:17:20.7211158Z OK
2026-09-07T06:17:20.7305548Z [M12] exec: C:\hostedtoolcache\windows\Python\3.12.10\x64\python.exe -m unittest discover -v -s D:\a\NU54DK_Arduino_Core\NU54DK_Arduino_Core\tests\host -p test_fixed_gate_runner.py
2026-09-07T06:17:20.8419997Z test_main_rejects_different_repository_root (test_fixed_gate_runner.FixedGateRunnerTests.test_main_rejects_different_repository_root) ... ok
2026-09-07T06:17:20.8432935Z test_parser_rejects_arbitrary_host_command (test_fixed_gate_runner.FixedGateRunnerTests.test_parser_rejects_arbitrary_host_command) ... ok
2026-09-07T06:17:20.8436699Z test_runtime_fingerprint_normalizes_only_platform_version (test_fixed_gate_runner.FixedGateRunnerTests.test_runtime_fingerprint_normalizes_only_platform_version) ... ok
2026-09-07T06:17:20.8475508Z test_short_workspace_preserves_existing_slot (test_fixed_gate_runner.FixedGateRunnerTests.test_short_workspace_preserves_existing_slot) ... ok
2026-09-07T06:17:20.9018953Z test_short_workspace_rejects_exhausted_slots (test_fixed_gate_runner.FixedGateRunnerTests.test_short_workspace_rejects_exhausted_slots) ... ok
2026-09-07T06:17:20.9038263Z test_short_workspace_rejects_long_path_budget (test_fixed_gate_runner.FixedGateRunnerTests.test_short_workspace_rejects_long_path_budget) ... ok
2026-09-07T06:17:20.9052398Z test_smoke_cli_config_isolates_data_downloads_and_user (test_fixed_gate_runner.FixedGateRunnerTests.test_smoke_cli_config_isolates_data_downloads_and_user) ... ok
2026-09-07T06:17:20.9054437Z test_smoke_scope_uses_only_canonical_m9_name (test_fixed_gate_runner.FixedGateRunnerTests.test_smoke_scope_uses_only_canonical_m9_name) ... ok
2026-09-07T06:17:21.0180835Z test_stage_zephyr_gate_tree_preserves_relative_core_root (test_fixed_gate_runner.FixedGateRunnerTests.test_stage_zephyr_gate_tree_preserves_relative_core_root) ... ok
2026-09-07T06:17:21.0271247Z test_twister_result_binds_report_to_workspace (test_fixed_gate_runner.FixedGateRunnerTests.test_twister_result_binds_report_to_workspace) ... ok
2026-09-07T06:17:21.0357967Z test_twister_result_rejects_non_build_only_status (test_fixed_gate_runner.FixedGateRunnerTests.test_twister_result_rejects_non_build_only_status) ... ok
2026-09-07T06:17:21.0515381Z test_twister_result_requires_exact_build_only_set (test_fixed_gate_runner.FixedGateRunnerTests.test_twister_result_requires_exact_build_only_set) ... ok
2026-09-07T06:17:21.0677947Z test_validate_platform_accepts_exact_identity (test_fixed_gate_runner.FixedGateRunnerTests.test_validate_platform_accepts_exact_identity) ... ok
2026-09-07T06:17:21.0804626Z test_validate_platform_rejects_payload_tampering (test_fixed_gate_runner.FixedGateRunnerTests.test_validate_platform_rejects_payload_tampering) ... ok
2026-09-07T06:17:21.0807718Z test_zephyr_command_uses_short_non_junction_contract (test_fixed_gate_runner.FixedGateRunnerTests.test_zephyr_command_uses_short_non_junction_contract) ... ok
2026-09-07T06:17:21.0864705Z test_zephyr_environment_stages_fixed_demangler (test_fixed_gate_runner.FixedGateRunnerTests.test_zephyr_environment_stages_fixed_demangler) ... ok
2026-09-07T06:17:21.0866191Z 
2026-09-07T06:17:21.0866444Z ----------------------------------------------------------------------
2026-09-07T06:17:21.0867008Z Ran 16 tests in 0.248s
2026-09-07T06:17:21.0867242Z 
2026-09-07T06:17:21.0867345Z OK
2026-09-07T06:17:21.1029852Z [M12] exec: C:\hostedtoolcache\windows\Python\3.12.10\x64\python.exe -m unittest discover -v -s D:\a\NU54DK_Arduino_Core\NU54DK_Arduino_Core\tests\host -p test_host_compiler.py
2026-09-07T06:17:21.2265196Z test_c_flags_are_independent_of_cxx_flags (test_host_compiler.HostCompilerTests.test_c_flags_are_independent_of_cxx_flags) ... ok
2026-09-07T06:17:21.2290599Z test_defaults_preserve_gcc_first_selection (test_host_compiler.HostCompilerTests.test_defaults_preserve_gcc_first_selection) ... ok
2026-09-07T06:17:21.2315098Z test_explicit_compiler_and_arguments_preserve_spaces (test_host_compiler.HostCompilerTests.test_explicit_compiler_and_arguments_preserve_spaces) ... ok
2026-09-07T06:17:21.2411673Z test_invalid_flags_are_rejected_without_shell_parsing (test_host_compiler.HostCompilerTests.test_invalid_flags_are_rejected_without_shell_parsing) ... ok
2026-09-07T06:17:21.2436145Z test_missing_explicit_compiler_does_not_fall_back_or_skip (test_host_compiler.HostCompilerTests.test_missing_explicit_compiler_does_not_fall_back_or_skip) ... ok
2026-09-07T06:17:21.2459980Z test_optional_absence_and_invalid_language (test_host_compiler.HostCompilerTests.test_optional_absence_and_invalid_language) ... ok
2026-09-07T06:17:21.2461422Z 
2026-09-07T06:17:21.2461687Z ----------------------------------------------------------------------
2026-09-07T06:17:21.2462225Z Ran 6 tests in 0.024s
2026-09-07T06:17:21.2462434Z 
2026-09-07T06:17:21.2462527Z OK
2026-09-07T06:17:21.2615828Z [M12] exec: C:\hostedtoolcache\windows\Python\3.12.10\x64\python.exe -m unittest discover -v -s D:\a\NU54DK_Arduino_Core\NU54DK_Arduino_Core\tests\host -p test_m10_prerequisites.py
2026-09-07T06:17:21.4038663Z test_builder_launcher_isolates_embedded_python_runtime (test_m10_prerequisites.M10PrerequisiteContractTests.test_builder_launcher_isolates_embedded_python_runtime)
2026-09-07T06:17:21.4226406Z ! @brief \uc678\ubd80 Python \ud658\uacbd\uc774 NCS Toolchain \ud45c\uc900 library\ub97c \uc624\uc5fc\uc2dc\ud0a4\uc9c0 \ubabb\ud558\uac8c \ud569\ub2c8\ub2e4. ... ok
2026-09-07T06:17:21.4229057Z test_builder_launcher_searches_exact_user_toolchain_first (test_m10_prerequisites.M10PrerequisiteContractTests.test_builder_launcher_searches_exact_user_toolchain_first)
2026-09-07T06:17:21.4341100Z ! @brief Arduino process\uac00 PATH \uc5c6\uc774 \uc0ac\uc6a9\uc790 profile\uc758 \uace0\uc815 Python\uc744 \ucc3e\uc2b5\ub2c8\ub2e4. ... ok
2026-09-07T06:17:21.4342328Z test_changed_pin_hash_is_rejected (test_m10_prerequisites.M10PrerequisiteContractTests.test_changed_pin_hash_is_rejected)
2026-09-07T06:17:21.4477642Z ! @brief package pin byte\uac00 \ubc14\ub00c\uba74 \uacfc\uac70 \uc644\ub8cc marker\ub97c \uc7ac\uc0ac\uc6a9\ud558\uc9c0 \uc54a\uc2b5\ub2c8\ub2e4. ... ok
2026-09-07T06:17:21.4479362Z test_empty_explicit_ncs_root_does_not_fall_back (test_m10_prerequisites.M10PrerequisiteContractTests.test_empty_explicit_ncs_root_does_not_fall_back)
2026-09-07T06:17:21.4611610Z ! @brief \ud658\uacbd \ubcc0\uc218\ub97c \ube48 \uac12\uc73c\ub85c \uba85\uc2dc\ud574\ub3c4 \uae30\uc874 NCS\ub97c \uc120\ud0dd\ud558\uc9c0 \uc54a\uc2b5\ub2c8\ub2e4. ... ok
2026-09-07T06:17:21.4613508Z test_explicit_ncs_root_is_authoritative (test_m10_prerequisites.M10PrerequisiteContractTests.test_explicit_ncs_root_is_authoritative)
2026-09-07T06:17:21.4797916Z ! @brief \uba85\uc2dc\ud55c NCS root\ub9cc \uc120\ud0dd\ud558\uace0 \uae30\ubcf8 \uc124\uce58 \ud6c4\ubcf4\ub97c \uc870\ud68c\ud558\uc9c0 \uc54a\uc2b5\ub2c8\ub2e4. ... ok
2026-09-07T06:17:21.4799428Z test_gitless_revision_falls_back_only_to_valid_release_manifest (test_m10_prerequisites.M10PrerequisiteContractTests.test_gitless_revision_falls_back_only_to_valid_release_manifest)
2026-09-07T06:17:21.5504263Z ! @brief \uc0c1\uc704 Git\uc744 \uc624\uc778\ud558\uc9c0 \uc54a\uace0 40\uc790\ub9ac archive revision\ub9cc \uc0ac\uc6a9\ud569\ub2c8\ub2e4. ... ok
2026-09-07T06:17:21.5505548Z test_incomplete_or_wrong_ready_marker_is_rejected (test_m10_prerequisites.M10PrerequisiteContractTests.test_incomplete_or_wrong_ready_marker_is_rejected)
2026-09-07T06:17:21.5811345Z ! @brief incomplete \uc0c1\ud0dc\uc640 \ub2e4\ub978 Toolchain marker\ub97c \ubaa8\ub450 fail-closed \ucc98\ub9ac\ud569\ub2c8\ub2e4. ... ok
2026-09-07T06:17:21.5812496Z test_installer_is_user_scoped_resumable_and_version_checked (test_m10_prerequisites.M10PrerequisiteContractTests.test_installer_is_user_scoped_resumable_and_version_checked)
2026-09-07T06:17:21.6044444Z ! @brief \uc124\uce58\uae30\ub294 \uc0ac\uc6a9\uc790 \uacbd\ub85c\uc640 \ub2e8\uacc4 marker\ub9cc \uc0ac\uc6a9\ud558\uace0 \uace0\uc815 version\uc744 \ud655\uc778\ud569\ub2c8\ub2e4. ... ok
2026-09-07T06:17:21.6046389Z test_installer_sets_utf8_before_any_runtime_output (test_m10_prerequisites.M10PrerequisiteContractTests.test_installer_sets_utf8_before_any_runtime_output)
2026-09-07T06:17:21.6186486Z ! @brief \uc124\uce58\uae30\uac00 \uccab \ucd9c\ub825 \uc804\uc5d0 PS 5.1 console\uacfc native pipe\ub97c UTF-8\ub85c \uace0\uc815\ud569\ub2c8\ub2e4. ... ok
2026-09-07T06:17:21.6189006Z test_installer_uses_powershell_51_compatible_log_append (test_m10_prerequisites.M10PrerequisiteContractTests.test_installer_uses_powershell_51_compatible_log_append)
2026-09-07T06:17:24.0593728Z ! @brief PS 5.1\uc5d0\uc11c \ud5c8\uc6a9\ub418\uc9c0 \uc54a\ub294 Tee \ub9e4\uac1c \ubcc0\uc218 \uc870\ud569\uc744 \ucc28\ub2e8\ud569\ub2c8\ub2e4. ... ok
2026-09-07T06:17:24.0595729Z test_invalid_explicit_ncs_root_does_not_fall_back (test_m10_prerequisites.M10PrerequisiteContractTests.test_invalid_explicit_ncs_root_does_not_fall_back)
2026-09-07T06:17:24.0825415Z ! @brief \uaca9\ub9ac NCS\uac00 \uc5c6\uc744 \ub54c \uae30\uc874 \uc0ac\uc6a9\uc790�C \ub4dc\ub77c\uc774\ube0c \uc124\uce58\ub85c \uc0c8\uc9c0 \uc54a\uc2b5\ub2c8\ub2e4. ... ok
2026-09-07T06:17:24.0827254Z test_matching_release_manifest_and_ready_marker_are_accepted (test_m10_prerequisites.M10PrerequisiteContractTests.test_matching_release_manifest_and_ready_marker_are_accepted)
2026-09-07T06:17:24.0975104Z ! @brief package, pin\uacfc \uc124\uce58 marker\uc758 3-way identity\uac00 \uac19\uc73c\uba74 \uc2b9\uc778\ud569\ub2c8\ub2e4. ... ok
2026-09-07T06:17:24.0976512Z test_packaged_revisions_use_bundled_git_with_empty_path (test_m10_prerequisites.M10PrerequisiteContractTests.test_packaged_revisions_use_bundled_git_with_empty_path)
2026-09-07T06:17:24.1329615Z ! @brief system Git\uc774 \uc5c6\uc5b4\ub3c4 NCS/Zephyr\ub294 Toolchain Git\uc73c\ub85c\ub9cc \uc870\ud68c\ud569\ub2c8\ub2e4. ... ok
2026-09-07T06:17:24.1331125Z test_packaged_toolchain_discovery_requires_only_pinned_bundle (test_m10_prerequisites.M10PrerequisiteContractTests.test_packaged_toolchain_discovery_requires_only_pinned_bundle)
2026-09-07T06:17:24.1654418Z ! @brief package\ub294 env\uc640 registry\uc758 \ub2e4\ub978 bundle\uc744 \ubb34\uc2dc\ud558\uace0 exact pin\ub9cc \uc120\ud0dd\ud569\ub2c8\ub2e4. ... ok
2026-09-07T06:17:24.1656100Z test_pin_file_fixes_official_bytes_and_all_nordic_versions (test_m10_prerequisites.M10PrerequisiteContractTests.test_pin_file_fixes_official_bytes_and_all_nordic_versions)
2026-09-07T06:17:24.1762975Z ! @brief \uacf5\uc2dd URL, byte hash\uc640 SDK/Toolchain revision\uc774 \uc815\ud655\ud788 \uace0\uc815\ub429\ub2c8\ub2e4. ... ok
2026-09-07T06:17:24.1764382Z test_post_install_cmd_emits_strict_utf8_for_korean_output (test_m10_prerequisites.M10PrerequisiteContractTests.test_post_install_cmd_emits_strict_utf8_for_korean_output)
2026-09-07T06:17:24.7449341Z ! @brief Arduino gRPC\uc5d0 \uc804\ub2ec\ud560 \ud55c\uae00 \ucd9c\ub825\uc744 \uc5c4\uaca9\ud55c UTF-8\ub85c \ubcf4\uc7a5\ud569\ub2c8\ub2e4. ... ok
2026-09-07T06:17:24.7450625Z test_post_install_cmd_preserves_quoted_platform_root_and_exit_code (test_m10_prerequisites.M10PrerequisiteContractTests.test_post_install_cmd_preserves_quoted_platform_root_and_exit_code)
2026-09-07T06:17:25.2698166Z ! @brief trailing slash\uc640 \uacf5\ubc31\uc774 \uc788\ub294 package root\ub97c \uc2e4\uc81c CMD \ud638\ucd9c\ub85c \ubcf4\uc874\ud569\ub2c8\ub2e4. ... ok
2026-09-07T06:17:25.2699628Z test_post_install_propagates_powershell_exit_code (test_m10_prerequisites.M10PrerequisiteContractTests.test_post_install_propagates_powershell_exit_code)
2026-09-07T06:17:25.2811399Z ! @brief Arduino hook\uac00 \uc124\uce58 \uc2e4\ud328\ub97c \uc131\uacf5\uc73c\ub85c \uc228\uae30\uc9c0 \uc54a\uc2b5\ub2c8\ub2e4. ... ok
2026-09-07T06:17:25.2812689Z test_powershell_install_and_verify_scripts_parse (test_m10_prerequisites.M10PrerequisiteContractTests.test_powershell_install_and_verify_scripts_parse)
2026-09-07T06:17:25.7574241Z ! @brief clean Windows\uc5d0\uc11c \uc2e4\ud589\ud560 \ub450 PowerShell script\uac00 parser \uc624\ub958 \uc5c6\uc774 \uc77d\ud799\ub2c8\ub2e4. ... ok
2026-09-07T06:17:25.7576369Z test_powershell_scripts_do_not_depend_on_hash_module_autoload (test_m10_prerequisites.M10PrerequisiteContractTests.test_powershell_scripts_do_not_depend_on_hash_module_autoload)
2026-09-07T06:17:25.7690259Z ! @brief clean PowerShell\uc5d0\uc11c SHA-256 cmdlet \uc790\ub3d9 \ub85c\ub4dc\uc5d0 \uc758\uc874\ud558\uc9c0 \uc54a\uc2b5\ub2c8\ub2e4. ... ok
2026-09-07T06:17:25.7692159Z test_sdk_manager_requirement_uses_exact_version_operator (test_m10_prerequisites.M10PrerequisiteContractTests.test_sdk_manager_requirement_uses_exact_version_operator)
2026-09-07T06:17:25.7799319Z ! @brief nRF Util installation set\uc774 sdk-manager patch version\uae4c\uc9c0 \uace0\uc815\ud569\ub2c8\ub2e4. ... ok
2026-09-07T06:17:25.7800509Z test_toolchain_manifest_bundle_id_is_verified (test_m10_prerequisites.M10PrerequisiteContractTests.test_toolchain_manifest_bundle_id_is_verified)
2026-09-07T06:17:25.7945586Z ! @brief directory \uc774\ub984\uacfc \ub0b4\ubd80 Nordic bundle metadata\uac00 \ubaa8\ub450 pin\uacfc \uac19\uc544\uc57c \ud569\ub2c8\ub2e4. ... ok
2026-09-07T06:17:25.7947317Z test_verifier_checks_reused_marker_version_and_normalized_nrfutil_path (test_m10_prerequisites.M10PrerequisiteContractTests.test_verifier_checks_reused_marker_version_and_normalized_nrfutil_path)
2026-09-07T06:17:25.8051613Z ! @brief verifier\uac00 Builder\uc640 \uac19\uc740 ready marker version/path \uacc4\uc57d\uc744 \uc801\uc6a9\ud569\ub2c8\ub2e4. ... ok
2026-09-07T06:17:25.8053067Z test_verify_script_initializes_utf8_before_runtime_setup (test_m10_prerequisites.M10PrerequisiteContractTests.test_verify_script_initializes_utf8_before_runtime_setup)
2026-09-07T06:17:25.8157558Z ! @brief \uac80\uc99d subprocess\ub3c4 \uccab \ucd9c\ub825 \uc804\uc5d0 UTF-8 \ucd9c\ub825\uc744 \uace0\uc815\ud569\ub2c8\ub2e4. ... ok
2026-09-07T06:17:25.8158344Z 
2026-09-07T06:17:25.8158515Z ----------------------------------------------------------------------
2026-09-07T06:17:25.8158921Z Ran 24 tests in 4.412s
2026-09-07T06:17:25.8159079Z 
2026-09-07T06:17:25.8159162Z OK
2026-09-07T06:17:25.8331665Z [M12] exec: C:\hostedtoolcache\windows\Python\3.12.10\x64\python.exe -m unittest discover -v -s D:\a\NU54DK_Arduino_Core\NU54DK_Arduino_Core\tests\host -p test_m10_remote_runner.py
2026-09-07T06:17:25.9166146Z test_arduino_cli_15_uses_supported_json_flags (test_m10_remote_runner.M10RemoteRunnerContractTests.test_arduino_cli_15_uses_supported_json_flags)
2026-09-07T06:17:25.9168000Z ! @brief \ub300\uc0c1 Arduino CLI 1.5 \uacc4\uc5f4\uc774 \uc9c0\uc6d0\ud558\ub294 global JSON flag\ub97c \uc0ac\uc6a9\ud569\ub2c8\ub2e4. ... ok
2026-09-07T06:17:25.9169810Z test_checkpoint_writes_are_atomic_and_write_through (test_m10_remote_runner.M10RemoteRunnerContractTests.test_checkpoint_writes_are_atomic_and_write_through)
2026-09-07T06:17:27.1758080Z ! @brief state/evidence\uac00 \uac19\uc740 directory\uc758 \uc784\uc2dc \ud30c\uc77c\uc5d0\uc11c \uc6d0\uc790 \uad50\uccb4\ub429\ub2c8\ub2e4. ... ok
2026-09-07T06:17:27.1759584Z test_clean_baseline_requires_absent_ncs_and_prerequisite_state (test_m10_remote_runner.M10RemoteRunnerContractTests.test_clean_baseline_requires_absent_ncs_and_prerequisite_state)
2026-09-07T06:17:27.1760797Z ! @brief fresh M10 run\uc740 \uae30\uc874 Nordic \uc124\uce58\ub97c clean \uc124\uce58\ub85c \uc624\uc778\ud558\uc9c0 \uc54a\uc2b5\ub2c8\ub2e4. ... ok
2026-09-07T06:17:27.1762110Z test_complete_lifecycle_is_checkpointed (test_m10_remote_runner.M10RemoteRunnerContractTests.test_complete_lifecycle_is_checkpointed)
2026-09-07T06:17:27.1763381Z ! @brief \uc124\uce58\ubd80\ud130 uninstall \ubc0f reinstall\uae4c\uc9c0 \ubaa8\ub4e0 \ub2e8\uacc4 \uc774\ub984\uc744 \uace0\uc815\ud569\ub2c8\ub2e4. ... ok
2026-09-07T06:17:27.1764510Z test_exact_arduino_cli_identity_is_asserted_and_recorded (test_m10_remote_runner.M10RemoteRunnerContractTests.test_exact_arduino_cli_identity_is_asserted_and_recorded)
2026-09-07T06:17:27.1765619Z ! @brief version \ubb38\uc790\uc5f4\ubfd0 \uc544\ub2c8\ub77c commit\uacfc \uc2e4\ud589 \ud30c\uc77c hash\ub3c4 \uace0\uc815\ud569\ub2c8\ub2e4. ... ok
2026-09-07T06:17:27.1766762Z test_failed_post_install_can_be_retried_for_an_installed_core (test_m10_remote_runner.M10RemoteRunnerContractTests.test_failed_post_install_can_be_retried_for_an_installed_core)
2026-09-07T06:17:27.5334665Z ! @brief CLI\uac00 \uc124\uce58\ub428\uc73c\ub85c \ub0a8\uae34 core\ub3c4 post-install\uc744 \uc9c1\uc811 \uc7ac\uc2e4\ud589\ud569\ub2c8\ub2e4. ... ok
2026-09-07T06:17:27.5336202Z test_idempotent_uninstall_runs_once_when_core_is_installed (test_m10_remote_runner.M10RemoteRunnerContractTests.test_idempotent_uninstall_runs_once_when_core_is_installed)
2026-09-07T06:17:27.9080514Z ! @brief \uc815\uc0c1 \uc124\uce58 \uc0c1\ud0dc\uc5d0\uc11c\ub294 uninstall\uc744 \uc815\ud655\ud788 \ud55c \ubc88 \ud638\ucd9c\ud569\ub2c8\ub2e4. ... ok
2026-09-07T06:17:27.9082872Z test_index_cannot_redirect_to_an_arbitrary_archive (test_m10_remote_runner.M10RemoteRunnerContractTests.test_index_cannot_redirect_to_an_arbitrary_archive)
2026-09-07T06:17:27.9084353Z ! @brief index\uc758 filename\uacfc EIDOSDATA release URL\uc744 version\ubcc4\ub85c \uace0\uc815\ud569\ub2c8\ub2e4. ... ok
2026-09-07T06:17:27.9085435Z test_installed_release_byte_provenance_is_in_evidence (test_m10_remote_runner.M10RemoteRunnerContractTests.test_installed_release_byte_provenance_is_in_evidence)
2026-09-07T06:17:27.9086427Z ! @brief \uc124\uce58 archive\uc640 release manifest\uc758 commit/checksum identity\ub97c \ub0a8\uae41\ub2c8\ub2e4. ... ok
2026-09-07T06:17:27.9088391Z test_local_runner_has_windows_powershell_utf8_signature (test_m10_remote_runner.M10RemoteRunnerContractTests.test_local_runner_has_windows_powershell_utf8_signature)
2026-09-07T06:17:27.9090335Z ! @brief \ud55c\uae00 \uc2e4\ud589\uae30\ub97c \uc601\ubb38 Windows PowerShell 5.1\ub3c4 UTF-8\ub85c \uc77d\uac8c \ud569\ub2c8\ub2e4. ... ok
2026-09-07T06:17:27.9092345Z test_multi_probe_failure_preserves_count_in_evidence (test_m10_remote_runner.M10RemoteRunnerContractTests.test_multi_probe_failure_preserves_count_in_evidence)
2026-09-07T06:17:27.9095241Z ! @brief \uc120\ud0dd \uc5c6\ub294 multi-probe \uc2e4\ud328 evidence\uc5d0 \uc2e4\uc81c count\uc640 \ucc28\ub2e8 \uc0ac\uc720\ub97c \ub0a8\uae41\ub2c8\ub2e4. ... ok
2026-09-07T06:17:27.9097124Z test_native_command_returns_one_object_under_strict_mode (test_m10_remote_runner.M10RemoteRunnerContractTests.test_native_command_returns_one_object_under_strict_mode)
2026-09-07T06:17:29.3888549Z ! @brief PS 5.1 Task \uacb0\uacfc\uac00 success stream\uc5d0 \uc11e\uc5ec JSON \uacb0\uacfc\ub97c \ubc30\uc5f4\ub85c \ub9cc\ub4e4\uc9c0 \uc54a\uc2b5\ub2c8\ub2e4. ... ok
2026-09-07T06:17:29.3889749Z test_native_output_is_disk_spooled_and_tail_bounded (test_m10_remote_runner.M10RemoteRunnerContractTests.test_native_output_is_disk_spooled_and_tail_bounded)
2026-09-07T06:17:31.4965228Z ! @brief \uc7a5\uc2dc\uac04 native \ucd9c\ub825\uc740 file\ub85c \ud758\ub9ac\uace0 \uc81c\ud55c\ub41c tail\ub9cc \uba54\ubaa8\ub9ac\uc5d0 \ubc18\ud658\ud569\ub2c8\ub2e4. ... ok
2026-09-07T06:17:31.4967611Z test_nordic_verifier_is_invoked_from_installed_platform (test_m10_remote_runner.M10RemoteRunnerContractTests.test_nordic_verifier_is_invoked_from_installed_platform)
2026-09-07T06:17:31.4969722Z ! @brief \uc124\uce58\ub41c core \ub0b4\ubd80 verifier\ub97c JSON mode\ub85c \uba85\uc2dc \uc2e4\ud589\ud569\ub2c8\ub2e4. ... ok
2026-09-07T06:17:31.4971598Z test_powershell_51_parser_accepts_both_scripts (test_m10_remote_runner.M10RemoteRunnerContractTests.test_powershell_51_parser_accepts_both_scripts)
2026-09-07T06:17:31.9161911Z ! @brief Windows PowerShell parser\uac00 \ub450 \ud30c\uc77c\uc744 \uc624\ub958 \uc5c6\uc774 \ud574\uc11d\ud569\ub2c8\ub2e4. ... ok
2026-09-07T06:17:31.9163576Z test_probe_identity_and_credentials_are_redacted (test_m10_remote_runner.M10RemoteRunnerContractTests.test_probe_identity_and_credentials_are_redacted)
2026-09-07T06:17:31.9165413Z ! @brief probe UID\uc640 \uc790\uaca9 \uc99d\uba85 \ud615\ud0dc\ub97c \ub450 \uc2e4\ud589\uae30\uc5d0\uc11c \uc81c\uac70\ud569\ub2c8\ub2e4. ... ok
2026-09-07T06:17:31.9167182Z test_probe_is_required_unless_explicitly_relaxed (test_m10_remote_runner.M10RemoteRunnerContractTests.test_probe_is_required_unless_explicitly_relaxed)
2026-09-07T06:17:31.9168335Z ! @brief \uae30\ubcf8 HIL\uc740 probe\ub97c \uc694\uad6c\ud558\uace0 \uc870\uc0ac \uc2e4\ud589\ub9cc \uba85\uc2dc\uc801\uc73c\ub85c \uc0dd\ub7b5\ud569\ub2c8\ub2e4. ... ok
2026-09-07T06:17:31.9169758Z test_public_index_uses_repository_owner (test_m10_remote_runner.M10RemoteRunnerContractTests.test_public_index_uses_repository_owner)
2026-09-07T06:17:31.9170776Z ! @brief \uae30\ubcf8 index\uac00 \uacf5\uac1c EIDOSDATA \uc800\uc7a5\uc18c\ub97c \uac00\ub9ac\ud0a4\ub294\uc9c0 \uac80\uc99d\ud569\ub2c8\ub2e4. ... ok
2026-09-07T06:17:31.9171793Z test_pyocd_api_count_uses_utf8_and_ten_uploads (test_m10_remote_runner.M10RemoteRunnerContractTests.test_pyocd_api_count_uses_utf8_and_ten_uploads)
2026-09-07T06:17:31.9172939Z ! @brief \ud55c\uad6d\uc5b4 Windows\uc5d0\uc11c\ub3c4 probe \uc5f4\uac70\uc640 RC 10\ud68c HIL\uc774 \uc7ac\ud604\ub418\ub294\uc9c0 \uace0\uc815\ud569\ub2c8\ub2e4. ... ok
2026-09-07T06:17:31.9173997Z test_pyocd_api_probe_count_accepts_only_one_integer (test_m10_remote_runner.M10RemoteRunnerContractTests.test_pyocd_api_probe_count_accepts_only_one_integer)
2026-09-07T06:17:32.8244198Z ! @brief pyOCD API\uc758 \ube44\uc2dd\ubcc4 count \ud55c \uac1c\ub9cc \uc548\uc804\ud558\uac8c \ud574\uc11d\ud569\ub2c8\ub2e4. ... ok
2026-09-07T06:17:34.4231698Z test_pyocd_api_probe_count_rejects_ambiguous_output (test_m10_remote_runner.M10RemoteRunnerContractTests.test_pyocd_api_probe_count_rejects_ambiguous_output)
2026-09-07T06:17:34.4233176Z ! @brief \ube48 \uac12, \uc74c\uc218\uc640 \ubd80\uac00 \ucd9c\ub825\uc774 \uc11e\uc778 count\ub97c fail-closed \ucc98\ub9ac\ud569\ub2c8\ub2e4. ... ok
2026-09-07T06:17:34.4234289Z test_resume_fingerprint_pins_runner_cli_index_and_archives (test_m10_remote_runner.M10RemoteRunnerContractTests.test_resume_fingerprint_pins_runner_cli_index_and_archives)
2026-09-07T06:17:34.4235438Z ! @brief mutable main URL\uc774\ub098 \uc2e4\ud589\uae30 \uad50\uccb4\uac00 \uae30\uc874 PASS checkpoint\uc640 \uc11e\uc774\uc9c0 \uc54a\uc2b5\ub2c8\ub2e4. ... ok
2026-09-07T06:17:34.4236431Z test_run_identity_has_one_global_mutex_owner (test_m10_remote_runner.M10RemoteRunnerContractTests.test_run_identity_has_one_global_mutex_owner)
2026-09-07T06:17:35.4830692Z ! @brief \uac19\uc740 RunId\uc758 \ub450 process\uac00 Arduino data\uc640 checkpoint\ub97c \uacf5\uc720\ud558\uc9c0 \uc54a\uc2b5\ub2c8\ub2e4. ... ok
2026-09-07T06:17:35.4831770Z test_ssh_authentication_fails_closed (test_m10_remote_runner.M10RemoteRunnerContractTests.test_ssh_authentication_fails_closed)
2026-09-07T06:17:35.4839792Z ! @brief SSH\uac00 password fallback\uacfc \ubbf8\ud655\uc778 host key\ub97c \ud5c8\uc6a9\ud558\uc9c0 \uc54a\uc2b5\ub2c8\ub2e4. ... ok
2026-09-07T06:17:35.4840816Z test_target_runner_is_ascii_only (test_m10_remote_runner.M10RemoteRunnerContractTests.test_target_runner_is_ascii_only)
2026-09-07T06:17:35.4864953Z ! @brief \ub300\uc0c1 PC \uc804\uc1a1 \ud30c\uc77c\uc5d0 code page \uc758\uc874 \ubb38\uc790\uac00 \uc5c6\uc74c\uc744 \uac80\uc99d\ud569\ub2c8\ub2e4. ... ok
2026-09-07T06:17:35.4866349Z test_target_uses_isolated_arduino_directories (test_m10_remote_runner.M10RemoteRunnerContractTests.test_target_uses_isolated_arduino_directories)
2026-09-07T06:17:35.4868229Z ! @brief run\ubcc4 data, downloads, sketchbook\uacfc build\ub97c \ubd84\ub9ac\ud569\ub2c8\ub2e4. ... ok
2026-09-07T06:17:35.4869769Z test_timeout_and_exit_code_contract_is_fail_closed (test_m10_remote_runner.M10RemoteRunnerContractTests.test_timeout_and_exit_code_contract_is_fail_closed)
2026-09-07T06:17:35.4871316Z ! @brief native command\uac00 timeout\uacfc exit code\ub97c \ubaa8\ub450 \uac80\uc0ac\ud569\ub2c8\ub2e4. ... ok
2026-09-07T06:17:35.4873391Z test_uninstall_crash_window_recovers_when_core_is_already_absent (test_m10_remote_runner.M10RemoteRunnerContractTests.test_uninstall_crash_window_recovers_when_core_is_already_absent)
2026-09-07T06:17:35.8136587Z ! @brief uninstall \ub4a4 checkpoint \uc804 \uc911\ub2e8\ub41c \uc7ac\uac1c\uac00 \uc7ac\uc0ad\uc81c \uc5c6\uc774 \uc131\uacf5\ud569\ub2c8\ub2e4. ... ok
2026-09-07T06:17:35.8137716Z test_versions_and_post_install_are_explicit (test_m10_remote_runner.M10RemoteRunnerContractTests.test_versions_and_post_install_are_explicit)
2026-09-07T06:17:35.8139794Z ! @brief preview version\uacfc post-install \uc2e4\ud589\uc744 \uc554\ubb35\uc801\uc73c\ub85c \uc120\ud0dd\ud558\uc9c0 \uc54a\uc2b5\ub2c8\ub2e4. ... ok
2026-09-07T06:17:35.8140357Z 
2026-09-07T06:17:35.8140509Z ----------------------------------------------------------------------
2026-09-07T06:17:35.8140835Z Ran 29 tests in 9.898s
2026-09-07T06:17:35.8140973Z 
2026-09-07T06:17:35.8141044Z OK
2026-09-07T06:17:35.8236406Z [M12] exec: C:\hostedtoolcache\windows\Python\3.12.10\x64\python.exe -m unittest discover -v -s D:\a\NU54DK_Arduino_Core\NU54DK_Arduino_Core\tests\host -p test_m11_rc_hil.py
2026-09-07T06:17:35.9709437Z test_argument_defaults_preserve_source_mode_and_force_one_rc_upload (test_m11_rc_hil.M11RcHilTests.test_argument_defaults_preserve_source_mode_and_force_one_rc_upload)
2026-09-07T06:17:35.9851586Z ! @brief source mode 10회와 RC mode 1회 기본값을 분리해 보존합니다. ... ok
2026-09-07T06:17:35.9852572Z test_auto_uart_opens_all_candidates_and_selects_unique_token (test_m11_rc_hil.M11RcHilTests.test_auto_uart_opens_all_candidates_and_selects_unique_token)
2026-09-07T06:17:35.9965679Z ! @brief COM3·COM4를 동시에 열고 READY가 있는 하나만 승인합니다. ... ok
2026-09-07T06:17:35.9967017Z test_auto_uart_rejects_ambiguous_or_occupied_candidates (test_m11_rc_hil.M11RcHilTests.test_auto_uart_rejects_ambiguous_or_occupied_candidates)
2026-09-07T06:17:36.0071673Z ! @brief READY 중복과 후보 port 점유를 모두 fail-closed 처리합니다. ... ok
2026-09-07T06:17:36.0072845Z test_build_manifest_rejects_hex_outside_build_and_hash_change (test_m11_rc_hil.M11RcHilTests.test_build_manifest_rejects_hex_outside_build_and_hash_change)
2026-09-07T06:17:36.0382591Z ! @brief HEX path traversal과 compile 뒤 byte 변경을 거부합니다. ... ok
2026-09-07T06:17:36.0384008Z test_command_output_is_bounded_and_keeps_upload_pass_tail (test_m11_rc_hil.M11RcHilTests.test_command_output_is_bounded_and_keeps_upload_pass_tail)
2026-09-07T06:17:36.0752218Z ! @brief 큰 출력은 disk에 spool하고 마지막 upload PASS 표식은 보존합니다. ... ok
2026-09-07T06:17:36.0753228Z test_command_timeout_terminates_descendant_process (test_m11_rc_hil.M11RcHilTests.test_command_timeout_terminates_descendant_process)
2026-09-07T06:17:39.1709550Z ! @brief timeout된 HIL command의 후손 process가 실행을 계속하지 못합니다. ... ok
2026-09-07T06:17:39.1710954Z test_committed_file_hash_ignores_worktree_crlf_conversion (test_m11_rc_hil.M11RcHilTests.test_committed_file_hash_ignores_worktree_crlf_conversion)
2026-09-07T06:17:39.5592562Z ! @brief LF Git blob을 CRLF 작업 파일과 독립적으로 구분합니다. ... ok
2026-09-07T06:17:39.5593408Z test_flash_log_requires_one_safe_pyocd_upload (test_m11_rc_hil.M11RcHilTests.test_flash_log_requires_one_safe_pyocd_upload)
2026-09-07T06:17:39.5786336Z ! @brief exact HEX의 비파괴 pyOCD command 한 건만 승인합니다. ... ok
2026-09-07T06:17:39.5787359Z test_rc_main_compiles_uploads_once_and_writes_identity_evidence (test_m11_rc_hil.M11RcHilTests.test_rc_main_compiles_uploads_once_and_writes_identity_evidence)
2026-09-07T06:17:39.6555860Z ! @brief RC root→compile→pyOCD 1회→UART 순서를 JSON evidence에 고정합니다. ... ok
2026-09-07T06:17:39.6557409Z test_rejects_manifest_path_traversal_and_unexpected_file (test_m11_rc_hil.M11RcHilTests.test_rejects_manifest_path_traversal_and_unexpected_file)
2026-09-07T06:17:39.6875458Z ! @brief manifest traversal과 package 밖 추가 payload를 모두 거부합니다. ... ok
2026-09-07T06:17:39.6876874Z test_validates_and_byte_exactly_stages_rc_platform (test_m11_rc_hil.M11RcHilTests.test_validates_and_byte_exactly_stages_rc_platform)
2026-09-07T06:17:39.7586421Z ! @brief 원본과 staged root가 같은 tree identity를 가져야 합니다. ... ok
2026-09-07T06:17:39.7586774Z 
2026-09-07T06:17:39.7586941Z ----------------------------------------------------------------------
2026-09-07T06:17:39.7587451Z Ran 11 tests in 3.788s
2026-09-07T06:17:39.7587698Z 
2026-09-07T06:17:39.7587855Z OK
2026-09-07T06:17:39.7588197Z [NU54] command output truncated to final 32 MiB
2026-09-07T06:17:39.7607016Z xxxxxxxxxxxxxxxxxxxxxxxxxxxxxxxxxxxxxxxxxxxxxxxxxxxxxxxxxxxxxxxxxxxxxxxxxxxxxxxxxxxxxxxxxxxxxxxxxxxxxxxxxxxxxxxxxxxxxxxxxxxxxxxxxxxxxxxxxxxxxxxxxxxxxxxxxxxxxxxxxxxxxxxxxxxxxxxxxxxxxxxxxxxxxxxxxxxxxxxxxxxxxxxxxxxxxxxxxxxxxxxxxxxxxxxxxxxxxxxxxxxxxxxxxxxxxxxxxxxxxxxxxxxxxxxxxxxxxxxxxxxxxxxxxxxxxxxxxxxxxxxxxxxxxxxxxxxxxxxxxxxxxxxxxxxxxxxxxxxxxxxxxxxxxxxxxxxxxxxxxxxxxxxxxxxxxxxxxxxxxxxxxxxxxxxxxxxxxxxxxxxxxxxxxxxxxxxxxxxxxxxxxxxxxxxxxxxxxxxxxxxxxxxxxxxxxxxxxxxxxxxxxxxxxxxxxxxxxxxxxxxxxxxxxxxxxxxxxxxxxxxxxxxxxxxxxxxxxxxxxxxxxxxxxxxxxxxxxxxxxxxxxxxxxxxxxxxxxxxxxxxxxxxxxxxxxxxxxxxxxxxxxxxxxxxxxxxxxxxxxxxxxxxxxxxxxxxxxxxxxxxxxxxxxxxxxxxxxxxxxxxxxxxxxxxxxxxxxxxxxxxxxxxxxxxxxxxxxxxxxxxxxxxxxxxxxxxxxxxxxxxxxxxxxxxxxxxxxxxxxxxxxxxxxxxxxxxxxxxxxxxxxxxxxxxxxxxxxxxxxxxxxxxxxxxxxxxxxxxxxxxxxxxxxxxxxxxxxxxxxxxxxxxxxxxxxxxxxxxxxxxxxxxxxxxxxxxxxxxxxxxxxxxxxxxxxxxxxxxxxxxxxxxxxxxxxxxxxxxxxxxxxxxxxxxxxxxxxxxxxxxxxxxxxxxxxxxxxxxxxxxxxxxxxxxxxxxxxxxxxxxxx
2026-09-07T06:17:39.7619260Z NU54_UPLOAD_PASS runner=pyocd
2026-09-07T06:17:39.7619502Z NUCODE_M8_UPLOAD_ATTEMPT:1/1
2026-09-07T06:17:39.7619740Z NUCODE_M8_UPLOAD_ATTEMPT_PASS:1/1
2026-09-07T06:17:39.7620916Z M8_UPLOAD_HIL_PASS runner=pyocd repetitions=1 hex_sha256=3f8e73b74c458dcf96bcdf19bf482239a9abf5ced2b78737a4418d6035c81a03 result=C:\Users\runneradmin\AppData\Local\Temp\nu54-m11-rc-hil-wcoub465\workspace\20260907T061739-588458Z\m8-upload-result.json
2026-09-07T06:17:39.7752478Z [M12] exec: C:\hostedtoolcache\windows\Python\3.12.10\x64\python.exe -m unittest discover -v -s D:\a\NU54DK_Arduino_Core\NU54DK_Arduino_Core\tests\host -p test_m11_release.py
2026-09-07T06:17:51.1743107Z test_00_m11_rejects_the_m18_release_candidate (test_m11_release.M11ReleaseTests.test_00_m11_rejects_the_m18_release_candidate)
2026-09-07T06:17:51.1772718Z ! @brief M11 역사적 자동화가 v0.2 RC를 받아들이지 않는지 검증합니다. ... usage: python.exe -m unittest prepare [-h] [--repo-root REPO_ROOT]
2026-09-07T06:17:51.1774266Z                                       --output-dir OUTPUT_DIR --version
2026-09-07T06:17:51.1775005Z                                       {0.1.0-rc.2} [--commit COMMIT]
2026-09-07T06:17:51.1776606Z python.exe -m unittest prepare: error: argument --version: invalid choice: '0.2.0-rc.1' (choose from 0.1.0-rc.2)
2026-09-07T06:17:51.1777701Z ok
2026-09-07T06:17:51.2781133Z test_01_rc_package_and_index_have_separate_identity (test_m11_release.M11ReleaseTests.test_01_rc_package_and_index_have_separate_identity) ... ok
2026-09-07T06:17:51.2783305Z test_02_published_stable_rebuild_and_mixed_channels_fail (test_m11_release.M11ReleaseTests.test_02_published_stable_rebuild_and_mixed_channels_fail)
2026-09-07T06:17:51.3469429Z ! @brief 개발 HEAD에서 공개 stable을 덮어쓰지 못하고 채널 혼합도 거부합니다. ... ok
2026-09-07T06:17:51.4493475Z test_03_plan_binds_all_artifacts_and_human_boundary (test_m11_release.M11ReleaseTests.test_03_plan_binds_all_artifacts_and_human_boundary) ... ok
2026-09-07T06:17:51.4626486Z test_04_plan_rejects_tampered_artifact (test_m11_release.M11ReleaseTests.test_04_plan_rejects_tampered_artifact) ... ok
2026-09-07T06:17:51.6415891Z test_05_command_gate_redacts_output_and_binds_plan (test_m11_release.M11ReleaseTests.test_05_command_gate_redacts_output_and_binds_plan) ... ok
2026-09-07T06:17:51.7830582Z test_06_failed_command_never_becomes_pass_evidence (test_m11_release.M11ReleaseTests.test_06_failed_command_never_becomes_pass_evidence) ... ok
2026-09-07T06:17:52.4064645Z test_07_extracted_package_placeholder_points_to_fixed_rc (test_m11_release.M11ReleaseTests.test_07_extracted_package_placeholder_points_to_fixed_rc) ... ok
2026-09-07T06:17:53.4698500Z test_08_documentation_must_be_exact_committed_blob (test_m11_release.M11ReleaseTests.test_08_documentation_must_be_exact_committed_blob) ... ok
2026-09-07T06:17:54.4024497Z test_09_m10_import_requires_clean_machine_and_safe_preview_generation (test_m11_release.M11ReleaseTests.test_09_m10_import_requires_clean_machine_and_safe_preview_generation) ... ok
2026-09-07T06:17:54.5102591Z test_10_finalize_reports_hold_when_required_gate_is_missing (test_m11_release.M11ReleaseTests.test_10_finalize_reports_hold_when_required_gate_is_missing) ... ok
2026-09-07T06:17:58.1454489Z test_11_all_technical_gates_still_require_human_stable_approval (test_m11_release.M11ReleaseTests.test_11_all_technical_gates_still_require_human_stable_approval) ... ok
2026-09-07T06:17:58.1493165Z test_12_forged_evidence_type_is_rejected (test_m11_release.M11ReleaseTests.test_12_forged_evidence_type_is_rejected) ... ok
2026-09-07T06:17:58.1496638Z test_13_documentation_cannot_be_replaced_by_a_command_gate (test_m11_release.M11ReleaseTests.test_13_documentation_cannot_be_replaced_by_a_command_gate)
2026-09-07T06:17:58.1497972Z ! @brief 종료 코드 0인 임의 명령이 exact 문서 blob gate를 대신하지 못합니다. ... ok
2026-09-07T06:17:58.1499009Z test_14_command_evidence_requires_redacted_log_and_full_schema (test_m11_release.M11ReleaseTests.test_14_command_evidence_requires_redacted_log_and_full_schema)
2026-09-07T06:17:58.2905749Z ! @brief log나 실행 field가 빠진 합성 PASS JSON을 finalize에서 거부합니다. ... ok
2026-09-07T06:17:58.2907958Z test_15_redaction_covers_bearer_json_and_github_environment_tokens (test_m11_release.M11ReleaseTests.test_15_redaction_covers_bearer_json_and_github_environment_tokens)
2026-09-07T06:17:58.2909190Z ! @brief 공개 log에 흔한 GitHub token 표기 변형을 모두 제거합니다. ... ok
2026-09-07T06:17:58.2910064Z test_16_plan_and_archive_never_accept_an_empty_commit (test_m11_release.M11ReleaseTests.test_16_plan_and_archive_never_accept_an_empty_commit)
2026-09-07T06:17:58.3295860Z ! @brief 빈 core revision으로 exact commit 비교를 우회하지 못합니다. ... ok
2026-09-07T06:17:58.3296687Z test_17_documentation_evidence_is_rechecked_against_git_blob (test_m11_release.M11ReleaseTests.test_17_documentation_evidence_is_rechecked_against_git_blob)
2026-09-07T06:17:59.3603973Z ! @brief file evidence의 size·SHA·Git object를 finalize 시점에 다시 검증합니다. ... ok
2026-09-07T06:17:59.3604874Z test_18_imported_m10_gate_rechecks_frozen_raw_evidence (test_m11_release.M11ReleaseTests.test_18_imported_m10_gate_rechecks_frozen_raw_evidence)
2026-09-07T06:17:59.9120152Z ! @brief import 뒤 원본 M10 JSON이 바뀌면 gate validation을 실패시킵니다. ... ok
2026-09-07T06:17:59.9121037Z test_19_command_log_is_bounded_while_preserving_redaction (test_m11_release.M11ReleaseTests.test_19_command_log_is_bounded_while_preserving_redaction)
2026-09-07T06:18:00.0537708Z ! @brief 큰 command 출력도 공개 log 상한 안에서 정제해 기록합니다. ... ok
2026-09-07T06:18:00.1939339Z test_20_post_gate_source_failure_preserves_log_bound (test_m11_release.M11ReleaseTests.test_20_post_gate_source_failure_preserves_log_bound)
2026-09-07T06:18:00.1940509Z ! @brief 실행 후 source 실패를 덧붙여도 공개 log byte 상한을 넘지 않습니다. ... ok
2026-09-07T06:18:00.1963123Z test_21_timeout_terminates_descendant_processes (test_m11_release.M11ReleaseTests.test_21_timeout_terminates_descendant_processes)
2026-09-07T06:18:03.3690460Z ! @brief timeout 시 직접 자식뿐 아니라 command의 후손 process도 종료합니다. ... ok
2026-09-07T06:18:03.3691643Z test_22_m10_followup_allows_only_ancestor_documentation_and_tests (test_m11_release.M11ReleaseTests.test_22_m10_followup_allows_only_ancestor_documentation_and_tests)
2026-09-07T06:18:03.3700439Z ! @brief M10 이후 허용 경로만 바뀐 ancestor 이력을 수용합니다. ... ok
2026-09-07T06:18:03.3701355Z test_23_m10_runtime_payload_mismatch_is_rejected (test_m11_release.M11ReleaseTests.test_23_m10_runtime_payload_mismatch_is_rejected)
2026-09-07T06:18:03.4446184Z ! @brief archive 이름과 commit을 맞춰도 runtime payload가 다르면 거부합니다. ... ok
2026-09-07T06:18:03.4447377Z test_24_imported_m10_records_runtime_provenance (test_m11_release.M11ReleaseTests.test_24_imported_m10_records_runtime_provenance)
2026-09-07T06:18:03.9915673Z ! @brief 가져온 gate가 M10/RC revision과 허용 diff를 동결합니다. ... ok
2026-09-07T06:18:03.9916594Z test_25_run_gate_cli_rejects_arbitrary_command_tail (test_m11_release.M11ReleaseTests.test_25_run_gate_cli_rejects_arbitrary_command_tail)
2026-09-07T06:18:03.9943154Z ! @brief 종료 코드 0인 임의 argv를 public gate CLI에 주입할 수 없습니다. ... usage: python.exe -m unittest [-h]
2026-09-07T06:18:03.9944217Z                               {prepare,validate-plan,run-gate,record-docs,import-m10,finalize}
2026-09-07T06:18:03.9945014Z                               ...
2026-09-07T06:18:03.9947612Z python.exe -m unittest: error: unrecognized arguments: -- C:\hostedtoolcache\windows\Python\3.12.10\x64\python.exe -c raise SystemExit(0)
2026-09-07T06:18:03.9948644Z ok
2026-09-07T06:18:03.9949552Z test_26_fixed_gate_contract_pins_repo_runner_and_exact_scope (test_m11_release.M11ReleaseTests.test_26_fixed_gate_contract_pins_repo_runner_and_exact_scope)
2026-09-07T06:18:03.9950601Z ! @brief gate 계약이 runner blob·archive·CLI·시험 범위를 모두 고정합니다. ... ok
2026-09-07T06:18:03.9951324Z test_27_rc_hil_result_byte_tamper_is_rejected (test_m11_release.M11ReleaseTests.test_27_rc_hil_result_byte_tamper_is_rejected)
2026-09-07T06:18:04.0672183Z ! @brief 동결한 HIL result JSON의 사후 변경을 evidence checksum이 차단합니다. ... ok
2026-09-07T06:18:04.0854563Z 
2026-09-07T06:18:04.0855344Z ----------------------------------------------------------------------
2026-09-07T06:18:04.0855857Z Ran 28 tests in 24.119s
2026-09-07T06:18:04.0856027Z 
2026-09-07T06:18:04.0856110Z OK
2026-09-07T06:18:04.1048263Z [M12] exec: C:\hostedtoolcache\windows\Python\3.12.10\x64\python.exe -m unittest discover -v -s D:\a\NU54DK_Arduino_Core\NU54DK_Arduino_Core\tests\host -p test_m11_remote_runner.py
2026-09-07T06:18:04.1923430Z test_01_powershell_51_parser_accepts_runner (test_m11_remote_runner.M11RemoteRunnerContractTests.test_01_powershell_51_parser_accepts_runner)
2026-09-07T06:18:04.3963347Z ! @brief Windows PowerShell 5.1 parser\uac00 \uc804\uccb4 script\ub97c \ud574\uc11d\ud569\ub2c8\ub2e4. ... ok
2026-09-07T06:18:04.3964366Z test_01b_runner_has_windows_powershell_utf8_signature (test_m11_remote_runner.M11RemoteRunnerContractTests.test_01b_runner_has_windows_powershell_utf8_signature)
2026-09-07T06:18:04.3966042Z ! @brief \ud55c\uae00 RC \uc2e4\ud589\uae30\ub97c \uc601\ubb38 Windows PowerShell 5.1\ub3c4 UTF-8\ub85c \uc77d\uac8c \ud569\ub2c8\ub2e4. ... ok
2026-09-07T06:18:04.3967417Z test_02_ssh_authentication_and_host_key_are_fail_closed (test_m11_remote_runner.M11RemoteRunnerContractTests.test_02_ssh_authentication_and_host_key_are_fail_closed)
2026-09-07T06:18:04.3968448Z ! @brief password fallback\uacfc \ud655\uc778\ud558\uc9c0 \uc54a\uc740 host key\ub97c \ud5c8\uc6a9\ud558\uc9c0 \uc54a\uc2b5\ub2c8\ub2e4. ... ok
2026-09-07T06:18:04.3969786Z test_03_public_exact_commit_and_submodule_are_forced (test_m11_remote_runner.M11RemoteRunnerContractTests.test_03_public_exact_commit_and_submodule_are_forced)
2026-09-07T06:18:04.3970965Z ! @brief credential \uc5c6\ub294 \uacf5\uac1c clone \ub4a4 exact detached commit\ub9cc \uc0ac\uc6a9\ud569\ub2c8\ub2e4. ... ok
2026-09-07T06:18:04.3972213Z test_04_m10_ready_marker_selects_pinned_python_and_git (test_m11_remote_runner.M11RemoteRunnerContractTests.test_04_m10_ready_marker_selects_pinned_python_and_git)
2026-09-07T06:18:04.3973906Z ! @brief M10 \uc644\ub8cc marker\uc640 \uace0\uc815 Toolchain \uc2e4\ud589 \ud30c\uc77c\ub9cc \uc0ac\uc6a9\ud569\ub2c8\ub2e4. ... ok
2026-09-07T06:18:04.3975091Z test_05_arduino_cli_identity_and_gate_set_are_fixed (test_m11_remote_runner.M11RemoteRunnerContractTests.test_05_arduino_cli_identity_and_gate_set_are_fixed)
2026-09-07T06:18:04.3976206Z ! @brief exact Arduino CLI\uc640 \uc138 \uac1c\uc758 repo-owned gate\ub9cc \uc2e4\ud589\ud569\ub2c8\ub2e4. ... ok
2026-09-07T06:18:04.3977583Z test_06_plan_and_every_artifact_are_checked_before_transfer (test_m11_remote_runner.M11RemoteRunnerContractTests.test_06_plan_and_every_artifact_are_checked_before_transfer)
2026-09-07T06:18:04.3978960Z ! @brief plan allowlist\uc758 \uc804\uccb4 byte�\ud06c\uae30�\uacbd\ub85c\ub97c \ub85c\uceec\uc5d0\uc11c \uac80\uc99d\ud569\ub2c8\ub2e4. ... ok
2026-09-07T06:18:04.3980034Z test_07_release_bundle_runtime_rejects_modified_artifact (test_m11_remote_runner.M11RemoteRunnerContractTests.test_07_release_bundle_runtime_rejects_modified_artifact)
2026-09-07T06:18:05.4285954Z ! @brief \uc2e4\uc81c bundle validator\uac00 \ubcc0\uc870\ud55c artifact\ub97c fail-closed \ucc98\ub9ac\ud569\ub2c8\ub2e4. ... ok
2026-09-07T06:18:05.4287493Z test_08_evidence_log_and_hil_result_are_always_retrieved (test_m11_remote_runner.M11RemoteRunnerContractTests.test_08_evidence_log_and_hil_result_are_always_retrieved)
2026-09-07T06:18:05.4289059Z ! @brief \uc131\uacf5\uacfc \uc2e4\ud328 \ubaa8\ub450\uc5d0\uc11c \uace0\uc815 companion \ud30c\uc77c \ud68c\uc218\ub97c \uc2dc\ub3c4\ud569\ub2c8\ub2e4. ... ok
2026-09-07T06:18:05.4290218Z test_09_timeout_and_output_capture_are_bounded (test_m11_remote_runner.M11RemoteRunnerContractTests.test_09_timeout_and_output_capture_are_bounded)
2026-09-07T06:18:05.4296620Z ! @brief \uc7a5\uc2dc\uac04 gate\ub3c4 disk spool, timeout\uacfc process-tree \uc885\ub8cc\ub97c \uc0ac\uc6a9\ud569\ub2c8\ub2e4. ... ok
2026-09-07T06:18:05.4298214Z test_09b_remote_gate_uses_uploaded_ascii_launcher (test_m11_remote_runner.M11RemoteRunnerContractTests.test_09b_remote_gate_uses_uploaded_ascii_launcher)
2026-09-07T06:18:05.4299281Z ! @brief \uae34 remote command\ub97c SSH command line\uc5d0 \uc9c1\uc811 \ub123\uc9c0 \uc54a\uc2b5\ub2c8\ub2e4. ... ok
2026-09-07T06:18:05.4300355Z test_10_credentials_device_and_endpoint_are_redacted (test_m11_remote_runner.M11RemoteRunnerContractTests.test_10_credentials_device_and_endpoint_are_redacted)
2026-09-07T06:18:05.7719030Z ! @brief endpoint, token, probe UID\uc640 COM port \uc6d0\ubb38\uc744 \uc81c\uac70\ud569\ub2c8\ub2e4. ... ok
2026-09-07T06:18:05.7720394Z test_11_result_omits_endpoint_and_records_hashes (test_m11_remote_runner.M11RemoteRunnerContractTests.test_11_result_omits_endpoint_and_records_hashes)
2026-09-07T06:18:05.7721730Z ! @brief orchestrator JSON\uc5d0\ub294 endpoint \uc6d0\ubb38 \ub300\uc2e0 hash\uc640 gate byte\ub97c \ub0a8\uae41\ub2c8\ub2e4. ... ok
2026-09-07T06:18:05.7722900Z test_12_remote_paths_are_unique_and_never_deleted_for_reuse (test_m11_remote_runner.M11RemoteRunnerContractTests.test_12_remote_paths_are_unique_and_never_deleted_for_reuse)
2026-09-07T06:18:05.7723994Z ! @brief run\ubcc4 \uc0c8 \uacbd\ub85c\ub97c \uc694\uad6c\ud574 \uc774\uc804 evidence\uc640 checkout\uc744 \uc11e\uc9c0 \uc54a\uc2b5\ub2c8\ub2e4. ... ok
2026-09-07T06:18:05.7725049Z test_13_gate_records_use_powershell_51_object_array (test_m11_remote_runner.M11RemoteRunnerContractTests.test_13_gate_records_use_powershell_51_object_array)
2026-09-07T06:18:06.1452503Z ! @brief generic list array \ubcc0\ud658\uc758 PowerShell 5.1 binder \uc624\ub958\ub97c \ucc28\ub2e8\ud569\ub2c8\ub2e4. ... ok
2026-09-07T06:18:06.1454304Z test_14_post_processing_failure_records_failed_receipt (test_m11_remote_runner.M11RemoteRunnerContractTests.test_14_post_processing_failure_records_failed_receipt)
2026-09-07T06:18:06.1455897Z ! @brief \ub85c\uceec \uac80\uc99d�\ubcf5\uc0ac�\ub9c8\uac10 \uc2e4\ud328\ub3c4 fail-closed receipt\ub85c \ub0a8\uae41\ub2c8\ub2e4. ... ok
2026-09-07T06:18:06.1456421Z 
2026-09-07T06:18:06.1456569Z ----------------------------------------------------------------------
2026-09-07T06:18:06.1456889Z Ran 16 tests in 1.953s
2026-09-07T06:18:06.1457026Z 
2026-09-07T06:18:06.1457092Z OK
2026-09-07T06:18:06.1590513Z [M12] exec: C:\hostedtoolcache\windows\Python\3.12.10\x64\python.exe -m unittest discover -v -s D:\a\NU54DK_Arduino_Core\NU54DK_Arduino_Core\tests\host -p test_m13_profiles.py
2026-09-07T06:18:06.2973972Z test_arduino_cli_discovers_canonical_examples_when_installed (test_m13_profiles.M13ProfileContractTests.test_arduino_cli_discovers_canonical_examples_when_installed)
2026-09-07T06:18:06.2976517Z ! @brief \uc124\uce58\ub41c Arduino CLI\uac00 \uacf5\uac1c \uc608\uc81c\ub97c \ub178\ucd9c\ud558\ub294\uc9c0 \ud655\uc778\ud569\ub2c8\ub2e4. ... skipped 'M13 package \uc124\uce58 \ud6c4 NUCODE_M13_CLI_DISCOVERY=1\ub85c \uc2e4\ud589\ud569\ub2c8\ub2e4.'
2026-09-07T06:18:06.2979324Z test_canonical_examples_have_no_zephyr_sidecars (test_m13_profiles.M13ProfileContractTests.test_canonical_examples_have_no_zephyr_sidecars)
2026-09-07T06:18:06.3025357Z ! @brief \uacf5\uac1c \uc608\uc81c\uac00 ino\ub9cc\uc73c\ub85c \ud0d0\uc0c9 \uac00\ub2a5\ud55c\uc9c0 \ud655\uc778\ud569\ub2c8\ub2e4. ... ok
2026-09-07T06:18:06.3026725Z test_duplicate_feature_key_uses_feature_schema_diagnostic (test_m13_profiles.M13ProfileContractTests.test_duplicate_feature_key_uses_feature_schema_diagnostic)
2026-09-07T06:18:06.4520273Z ! @brief feature manifest \uc911\ubcf5 key\ub97c profile \uc624\ub958\ub85c \uc798\ubabb \ubcf4\uace0\ud558\uc9c0 \uc54a\uc2b5\ub2c8\ub2e4. ... ok
2026-09-07T06:18:06.4521711Z test_feature_cache_collision_is_fail_closed (test_m13_profiles.M13ProfileContractTests.test_feature_cache_collision_is_fail_closed)
2026-09-07T06:18:06.4757999Z ! @brief \ucd95\uc57d cache directory\uc758 \ub2e4\ub978 full key\ub97c \ub36e\uc5b4\uc4f0\uc9c0 \uc54a\uc2b5\ub2c8\ub2e4. ... ok
2026-09-07T06:18:06.4759595Z test_feature_configure_failure_marks_cache_failed (test_m13_profiles.M13ProfileContractTests.test_feature_configure_failure_marks_cache_failed)
2026-09-07T06:18:06.5727371Z ! @brief \ucd5c\uc885 configure \uc2e4\ud328\ub97c failed/configure-failed \uc0c1\ud0dc\ub85c \ubcf4\uc874\ud569\ub2c8\ub2e4. ... ok
2026-09-07T06:18:06.5728553Z test_only_selected_bundled_library_is_resolved (test_m13_profiles.M13ProfileContractTests.test_only_selected_bundled_library_is_resolved)
2026-09-07T06:18:06.5771102Z ! @brief \uc2e4\uc81c source record\uc5d0 \ub4f1\uc7a5\ud55c bundled library\ub9cc \uc120\ud0dd\ud569\ub2c8\ub2e4. ... ok
2026-09-07T06:18:06.5772400Z test_profile_rejects_wrong_fqbn_and_zephyr_board (test_m13_profiles.M13ProfileContractTests.test_profile_rejects_wrong_fqbn_and_zephyr_board)
2026-09-07T06:18:06.5776988Z ! @brief profile\uc774 \uc2e4\uc81c Arduino \ubc0f Zephyr target\uacfc \ub2e4\ub974\uba74 \uc911\ub2e8\ud569\ub2c8\ub2e4. ... ok
2026-09-07T06:18:06.5778342Z test_profile_string_types_and_windows_paths_are_rejected (test_m13_profiles.M13ProfileContractTests.test_profile_string_types_and_windows_paths_are_rejected)
2026-09-07T06:18:06.6038336Z ! @brief malformed scalar\uc640 Windows \uc808\ub300 \uacbd\ub85c\ub97c schema \uc624\ub958\ub85c \uac70\ubd80\ud569\ub2c8\ub2e4. ... ok
2026-09-07T06:18:06.6039561Z test_schema_path_conflict_and_cache_key_contract (test_m13_profiles.M13ProfileContractTests.test_schema_path_conflict_and_cache_key_contract)
2026-09-07T06:18:06.7750127Z ! @brief \uc798\ubabb\ub41c manifest\ub97c \uac70\ubd80\ud558\uace0 feature \uc9d1\ud569\uc774 cache key\ub97c \ubc14\uafb8\ub294\uc9c0 \ud655\uc778\ud569\ub2c8\ub2e4. ... ok
2026-09-07T06:18:06.7751710Z test_selected_feature_fragments_merge_before_expert_override (test_m13_profiles.M13ProfileContractTests.test_selected_feature_fragments_merge_before_expert_override)
2026-09-07T06:18:07.0139749Z ! @brief \uc120\ud0dd feature fragment\uc640 sketch override\uc758 \ubcd1\ud569 \uc21c\uc11c\ub97c \uac80\uc99d\ud569\ub2c8\ub2e4. ... ok
2026-09-07T06:18:07.0140872Z test_standard_profile_and_allowlist (test_m13_profiles.M13ProfileContractTests.test_standard_profile_and_allowlist)
2026-09-07T06:18:07.0210008Z ! @brief \ud45c\uc900 profile\uacfc bundled feature manifest\ub97c \uac80\uc99d\ud569\ub2c8\ub2e4. ... ok
2026-09-07T06:18:07.0210806Z 
2026-09-07T06:18:07.0211055Z ----------------------------------------------------------------------
2026-09-07T06:18:07.0211484Z Ran 11 tests in 0.724s
2026-09-07T06:18:07.0211648Z 
2026-09-07T06:18:07.0211737Z OK (skipped=1)
2026-09-07T06:18:07.0378663Z [M12] exec: C:\hostedtoolcache\windows\Python\3.12.10\x64\python.exe -m unittest discover -v -s D:\a\NU54DK_Arduino_Core\NU54DK_Arduino_Core\tests\host -p test_m14_core_contract.py
2026-09-07T06:18:08.5713861Z test_core_utility_random_f_and_diagnostics_compile_link (test_m14_core_contract.M14CoreContractTests.test_core_utility_random_f_and_diagnostics_compile_link) ... ok
2026-09-07T06:18:09.0588336Z test_disabled_peripheral_stubs_compile_link_and_fail_closed (test_m14_core_contract.M14CoreContractTests.test_disabled_peripheral_stubs_compile_link_and_fail_closed) ... ok
2026-09-07T06:18:09.9236440Z test_generated_native_runtime_semantics (test_m14_core_contract.M14CoreContractTests.test_generated_native_runtime_semantics) ... ok
2026-09-07T06:18:09.9243512Z test_peripheral_config_matrix_has_real_link_targets (test_m14_core_contract.M14CoreContractTests.test_peripheral_config_matrix_has_real_link_targets) ... ok
2026-09-07T06:18:09.9245116Z test_production_sources_are_registered (test_m14_core_contract.M14CoreContractTests.test_production_sources_are_registered) ... ok
2026-09-07T06:18:09.9246336Z 
2026-09-07T06:18:09.9246610Z ----------------------------------------------------------------------
2026-09-07T06:18:09.9246989Z Ran 5 tests in 2.797s
2026-09-07T06:18:09.9247143Z 
2026-09-07T06:18:09.9247217Z OK
2026-09-07T06:18:09.9340271Z [M12] exec: C:\hostedtoolcache\windows\Python\3.12.10\x64\python.exe -m unittest discover -v -s D:\a\NU54DK_Arduino_Core\NU54DK_Arduino_Core\tests\host -p test_m14_pin_hil_runner.py
2026-09-07T06:18:10.0919110Z test_accepts_exact_led_button_and_edge_contract (nu54_m14_pin_hil.M14PinHilTests.test_accepts_exact_led_button_and_edge_contract)
2026-09-07T06:18:10.0921372Z ! @brief LED 2\uac1c\uc640 \ubc84\ud2bc 3\uac1c\uc758 \uc644\uc804\ud55c protocol\ub9cc \uc2b9\uc778\ud569\ub2c8\ub2e4. ... ok
2026-09-07T06:18:10.0923232Z test_board_checkout_must_match_parent_gitlink (nu54_m14_pin_hil.M14PinHilTests.test_board_checkout_must_match_parent_gitlink)
2026-09-07T06:18:10.0927215Z ! @brief clean submodule\uc774\ub77c\ub3c4 \ubd80\ubaa8 commit\uacfc \ub2e4\ub978 revision\uc774\uba74 \uac70\ubd80\ud569\ub2c8\ub2e4. ... ok
2026-09-07T06:18:10.0929074Z test_build_record_requires_clean_exact_target_identity (nu54_m14_pin_hil.M14PinHilTests.test_build_record_requires_clean_exact_target_identity)
2026-09-07T06:18:10.1023175Z ! @brief dirty revision\uc774\ub098 \ub2e4\ub978 NCS/board target\uc758 HEX\ub97c \uac70\ubd80\ud569\ub2c8\ub2e4. ... ok
2026-09-07T06:18:10.1024526Z test_evidence_binds_revisions_image_transcript_and_exclusion (nu54_m14_pin_hil.M14PinHilTests.test_evidence_binds_revisions_image_transcript_and_exclusion)
2026-09-07T06:18:10.1049050Z ! @brief PASS JSON\uc774 exact byte\uc640 PWM-owned \uc81c\uc678 \uadfc\uac70\ub97c \ud568\uaed8 \uae30\ub85d\ud569\ub2c8\ub2e4. ... ok
2026-09-07T06:18:10.1050356Z test_existing_evidence_requires_explicit_overwrite (nu54_m14_pin_hil.M14PinHilTests.test_existing_evidence_requires_explicit_overwrite)
2026-09-07T06:18:10.1072507Z ! @brief \uc774\uc804 PASS \uc99d\uc801\uc744 \uc790\ub3d9\uc73c\ub85c \ub36e\uc5b4\uc4f0\uc9c0 \uc54a\ub294\uc9c0 \ud655\uc778\ud569\ub2c8\ub2e4. ... ok
2026-09-07T06:18:10.1073858Z test_m14_keeps_live_worktree_digest_contract (nu54_m14_pin_hil.M14PinHilTests.test_m14_keeps_live_worktree_digest_contract)
2026-09-07T06:18:10.1076627Z ! @brief M14 local build \uac80\uc99d\uc774 CI canonical helper\ub85c \ubc14\ub00c\uc9c0 \uc54a\uac8c \uace0\uc815\ud569\ub2c8\ub2e4. ... ok
2026-09-07T06:18:10.1078083Z test_manual_acknowledgement_and_timeout_are_explicit (nu54_m14_pin_hil.M14PinHilTests.test_manual_acknowledgement_and_timeout_are_explicit)
2026-09-07T06:18:10.1088247Z ! @brief \uc2e4\uc81c \uc2e4\ud589 \uae30\ubcf8\uac12\uc740 \uc218\ub3d9 \ub3d9\uc791\uc744 \uc554\ubb35\uc801\uc73c\ub85c \uc2b9\uc778\ud558\uc9c0 \uc54a\uc2b5\ub2c8\ub2e4. ... ok
2026-09-07T06:18:10.1089745Z test_rejects_duplicate_protocol_after_final_pass (nu54_m14_pin_hil.M14PinHilTests.test_rejects_duplicate_protocol_after_final_pass)
2026-09-07T06:18:10.1090937Z ! @brief \ucd5c\uc885 PASS \ub4a4 \uc911\ubcf5 \ub610\ub294 \uc704\uc870 protocol token\uc744 \uac70\ubd80\ud569\ub2c8\ub2e4. ... ok
2026-09-07T06:18:10.1092526Z test_rejects_missing_edge_and_incomplete_change_pair (nu54_m14_pin_hil.M14PinHilTests.test_rejects_missing_edge_and_incomplete_change_pair)
2026-09-07T06:18:10.1095057Z ! @brief edge 0\ud68c\uc640 CHANGE release \ucd94\uac00 edge \ubd80\uc7ac\ub97c \ubaa8\ub450 \uac70\ubd80\ud569\ub2c8\ub2e4. ... ok
2026-09-07T06:18:10.1096344Z test_rejects_target_failure_and_missing_pin (nu54_m14_pin_hil.M14PinHilTests.test_rejects_target_failure_and_missing_pin)
2026-09-07T06:18:10.1100740Z ! @brief target FAIL \ub610\ub294 \uc2e0\uaddc \ud540 \ub204\ub77d\uc744 PASS\ub85c \uc2b9\uaca9\ud558\uc9c0 \uc54a\uc2b5\ub2c8\ub2e4. ... ok
2026-09-07T06:18:10.1102190Z test_rejects_wrong_logical_id_and_action_order (nu54_m14_pin_hil.M14PinHilTests.test_rejects_wrong_logical_id_and_action_order)
2026-09-07T06:18:10.1104535Z ! @brief \uc774\ub984/ID \ubd88\uc77c\uce58\uc640 \uc548\ub0b4\ubcf4\ub2e4 \uc55e\uc120 \ubb3c\ub9ac \ub3d9\uc791 \uacb0\uacfc\ub97c \uac70\ubd80\ud569\ub2c8\ub2e4. ... ok
2026-09-07T06:18:10.1105737Z test_uart_waits_for_complete_terminal_line (nu54_m14_pin_hil.M14PinHilTests.test_uart_waits_for_complete_terminal_line)
2026-09-07T06:18:10.1107013Z ! @brief FAIL prefix\ub9cc \ubcf4\uace0 \uc870\uae30 \uc885\ub8cc\ud558\uc9c0 \uc54a\uace0 \uc9c4\ub2e8 line \uc804\uccb4\ub97c \ubcf4\uc874\ud569\ub2c8\ub2e4. ... ok
2026-09-07T06:18:10.1107817Z 
2026-09-07T06:18:10.1107980Z ----------------------------------------------------------------------
2026-09-07T06:18:10.1108297Z Ran 12 tests in 0.019s
2026-09-07T06:18:10.1108426Z 
2026-09-07T06:18:10.1108498Z OK
2026-09-07T06:18:10.1261118Z [M12] exec: C:\hostedtoolcache\windows\Python\3.12.10\x64\python.exe -m unittest discover -v -s D:\a\NU54DK_Arduino_Core\NU54DK_Arduino_Core\tests\host -p test_m14_variant_contract.py
2026-09-07T06:18:10.2268204Z test_core_dts_maps_all_31_pads_with_legacy_alias_compatibility (test_m14_variant_contract.M14VariantContractTests.test_core_dts_maps_all_31_pads_with_legacy_alias_compatibility) ... ok
2026-09-07T06:18:10.2490210Z test_duplicate_physical_pad_in_core_dts_is_rejected (test_m14_variant_contract.M14VariantContractTests.test_duplicate_physical_pad_in_core_dts_is_rejected) ... ok
2026-09-07T06:18:10.3156741Z test_public_constants_compile_without_changing_legacy_values (test_m14_variant_contract.M14VariantContractTests.test_public_constants_compile_without_changing_legacy_values) ... ok
2026-09-07T06:18:10.3278856Z test_route_matrix_and_fail_closed_policies_are_visible_in_evidence (test_m14_variant_contract.M14VariantContractTests.test_route_matrix_and_fail_closed_policies_are_visible_in_evidence) ... ok
2026-09-07T06:18:10.3433403Z test_verifier_writes_machine_readable_evidence (test_m14_variant_contract.M14VariantContractTests.test_verifier_writes_machine_readable_evidence) ... ok
2026-09-07T06:18:10.3437689Z test_zephyr_c_header_avoids_min_max_macro_redefinition (test_m14_variant_contract.M14VariantContractTests.test_zephyr_c_header_avoids_min_max_macro_redefinition) ... ok
2026-09-07T06:18:10.3438986Z 
2026-09-07T06:18:10.3439236Z ----------------------------------------------------------------------
2026-09-07T06:18:10.3439759Z Ran 6 tests in 0.130s
2026-09-07T06:18:10.3439962Z 
2026-09-07T06:18:10.3440057Z OK
2026-09-07T06:18:10.3558112Z [M12] exec: C:\hostedtoolcache\windows\Python\3.12.10\x64\python.exe -m unittest discover -v -s D:\a\NU54DK_Arduino_Core\NU54DK_Arduino_Core\tests\host -p test_m15_board_system_contract.py
2026-09-07T06:18:10.4317856Z test_alarm_callback_is_deferred_out_of_grtc_isr (test_m15_board_system_contract.M15BoardSystemContractTests.test_alarm_callback_is_deferred_out_of_grtc_isr)
2026-09-07T06:18:10.4322488Z ! @brief GRTC ISR\uc5d0\uc11c \uc0ac\uc6a9\uc790 callback\uc744 \uc9c1\uc811 \uc2e4\ud589\ud558\uc9c0 \uc54a\ub3c4\ub85d \uac80\uc0ac\ud569\ub2c8\ub2e4. ... ok
2026-09-07T06:18:10.4323982Z test_feature_merges_exact_board_system_fragments (test_m15_board_system_contract.M15BoardSystemContractTests.test_feature_merges_exact_board_system_fragments)
2026-09-07T06:18:10.4326983Z ! @brief Arduino library \uc120\ud0dd\uc774 Wire\uc640 \uace0\uc815 conf�overlay\ub97c \uc790\ub3d9 \ubcd1\ud569\ud558\ub294\uc9c0 \uac80\uc0ac\ud569\ub2c8\ub2e4. ... ok
2026-09-07T06:18:10.4328528Z test_m15_system_off_hil_is_command_gated_and_manual (test_m15_board_system_contract.M15BoardSystemContractTests.test_m15_system_off_hil_is_command_gated_and_manual)
2026-09-07T06:18:10.4335667Z ! @brief \uacb0\ud569 HIL\uc774 SWD \uaca9\ub9ac \ub4a4 timed\uc640 button ARM\uc744 \uc21c\uc11c\ub300\ub85c \uc694\uad6c\ud569\ub2c8\ub2e4. ... ok
2026-09-07T06:18:10.4337258Z test_pmic_begin_is_read_only_and_driver_node_stays_disabled (test_m15_board_system_contract.M15BoardSystemContractTests.test_pmic_begin_is_read_only_and_driver_node_stays_disabled)
2026-09-07T06:18:10.4342062Z ! @brief begin \uacbd\ub85c\uc758 register write\uc640 PMIC DTS \uc790\ub3d9 \ud65c\uc131\ud654\ub97c \ucc28\ub2e8\ud569\ub2c8\ub2e4. ... ok
2026-09-07T06:18:10.4343299Z test_pmic_writes_require_explicit_ram_only_authorization (test_m15_board_system_contract.M15BoardSystemContractTests.test_pmic_writes_require_explicit_ram_only_authorization)
2026-09-07T06:18:10.4349963Z ! @brief PMIC write\uac00 \uacf5\uac1c raw register \uc5c6\uc774 \ub9e4 boot \uba85\uc2dc \uc2b9\uc778\uc744 \uc694\uad6c\ud558\ub294\uc9c0 \uac80\uc0ac\ud569\ub2c8\ub2e4. ... ok
2026-09-07T06:18:10.4352232Z test_public_examples_exist_without_zephyr_sidecars (test_m15_board_system_contract.M15BoardSystemContractTests.test_public_examples_exist_without_zephyr_sidecars)
2026-09-07T06:18:10.4357863Z ! @brief \uc0ac\uc6a9\uc790\uac00 prj.conf\ub098 overlay\ub97c \ud3b8\uc9d1\ud558\uc9c0 \uc54a\uc544\ub3c4 \uc608\uc81c\ub97c \uc5f4 \uc218 \uc788\ub294\uc9c0 \uac80\uc0ac\ud569\ub2c8\ub2e4. ... ok
2026-09-07T06:18:10.4359247Z test_public_surface_contains_board_system_contract (test_m15_board_system_contract.M15BoardSystemContractTests.test_public_surface_contains_board_system_contract)
2026-09-07T06:18:10.4361578Z ! @brief M15 \uc2b9\uc778 API\uc640 \uc548\uc815 \uc624\ub958 \ud0c0\uc785\uc774 \ub2e8\uc77c \uc804\uc5ed \uac1d\uccb4\uc5d0 \ub178\ucd9c\ub418\ub294\uc9c0 \uac80\uc0ac\ud569\ub2c8\ub2e4. ... ok
2026-09-07T06:18:10.4363755Z test_serial_flush_waits_for_the_final_physical_frame (test_m15_board_system_contract.M15BoardSystemContractTests.test_serial_flush_waits_for_the_final_physical_frame)
2026-09-07T06:18:10.4365605Z ! @brief polling TX mutex \uc548\uc5d0\uc11c \ub9c8\uc9c0\ub9c9 8N1 frame drain\uc744 \ubcf4\uc7a5\ud569\ub2c8\ub2e4. ... ok
2026-09-07T06:18:10.4367542Z test_storage_namespace_and_bounds_are_fixed (test_m15_board_system_contract.M15BoardSystemContractTests.test_storage_namespace_and_bounds_are_fixed)
2026-09-07T06:18:10.4369521Z ! @brief Sketch\uac00 \uc124\uc815 \uc800\uc7a5\uc18c \uc804\uccb4\ub098 \ubb34\uc81c\ud55c \uac12\uc744 \uc18c\uc720\ud558\uc9c0 \ubabb\ud558\uac8c \ud569\ub2c8\ub2e4. ... ok
2026-09-07T06:18:10.4370617Z 
2026-09-07T06:18:10.4370861Z ----------------------------------------------------------------------
2026-09-07T06:18:10.4371372Z Ran 9 tests in 0.006s
2026-09-07T06:18:10.4371571Z 
2026-09-07T06:18:10.4371674Z OK
2026-09-07T06:18:10.4475955Z [M12] exec: C:\hostedtoolcache\windows\Python\3.12.10\x64\python.exe -m unittest discover -v -s D:\a\NU54DK_Arduino_Core\NU54DK_Arduino_Core\tests\host -p test_m15_lfxo_contract.py
2026-09-07T06:18:10.5171304Z test_all_arduino_and_m15_builds_include_the_shared_fragment (test_m15_lfxo_contract.M15LfxoContractTests.test_all_arduino_and_m15_builds_include_the_shared_fragment)
2026-09-07T06:18:10.5181021Z ! @brief \ubaa8\ub4e0 Arduino \ube4c\ub4dc\uc640 M15 image\uac00 \uac19\uc740 DTSI\ub97c \uc0ac\uc6a9\ud558\ub3c4\ub85d \uace0\uc815\ud569\ub2c8\ub2e4. ... ok
2026-09-07T06:18:10.5182896Z test_profile_and_library_feature_do_not_duplicate_board_override (test_m15_lfxo_contract.M15LfxoContractTests.test_profile_and_library_feature_do_not_duplicate_board_override)
2026-09-07T06:18:10.5186907Z ! @brief profile \ucd94\uac00\ub098 library \uc120\ud0dd\uc5d0 \ub530\ub77c LFXO \uc124\uc815\uc774 \ub2ec\ub77c\uc9c0\uc9c0 \uc54a\uac8c \ud569\ub2c8\ub2e4. ... ok
2026-09-07T06:18:10.5188496Z test_shared_fragment_uses_only_external_load_capacitors (test_m15_lfxo_contract.M15LfxoContractTests.test_shared_fragment_uses_only_external_load_capacitors)
2026-09-07T06:18:10.5190308Z ! @brief \uc678\ubd80 \ucee4\ud328\uc2dc\ud130 \uc120\ud0dd\uacfc \ub0b4\ubd80 \ucee4\ud328\uc2dc\ud130 \uc18d\uc131 \uc0ad\uc81c\ub97c \uace0\uc815\ud569\ub2c8\ub2e4. ... ok
2026-09-07T06:18:10.5191079Z 
2026-09-07T06:18:10.5191261Z ----------------------------------------------------------------------
2026-09-07T06:18:10.5191683Z Ran 3 tests in 0.002s
2026-09-07T06:18:10.5192134Z 
2026-09-07T06:18:10.5192227Z OK
2026-09-07T06:18:10.5276275Z [M12] exec: C:\hostedtoolcache\windows\Python\3.12.10\x64\python.exe -m unittest discover -v -s D:\a\NU54DK_Arduino_Core\NU54DK_Arduino_Core\tests\host -p test_m15_system_off_hil_runner.py
2026-09-07T06:18:10.6756074Z test_accepts_exact_protocol_records_terminated_by_lone_cr (nu54_m15_system_off_hil.M15SystemOffHilTests.test_accepts_exact_protocol_records_terminated_by_lone_cr)
2026-09-07T06:18:10.6758351Z ! @brief \ub2e8\ub3c5 CR \ub4a4 boot banner\uac00 \uc640\ub3c4 payload \uc804\uccb4 \uc77c\uce58\ub97c \uc720\uc9c0\ud569\ub2c8\ub2e4. ... ok
2026-09-07T06:18:10.6760344Z test_accepts_exact_schema_two_timed_then_button_sequence (nu54_m15_system_off_hil.M15SystemOffHilTests.test_accepts_exact_schema_two_timed_then_button_sequence)
2026-09-07T06:18:10.6761647Z ! @brief CLOCK\uacfc LOW_POWER_WAKE \ub2e8\uc77c \uc6d0\uc778\uc744 \ubaa8\ub450 \uc694\uad6c\ud569\ub2c8\ub2e4. ... ok
2026-09-07T06:18:10.6762820Z test_acknowledgements_and_timeout_are_explicit (nu54_m15_system_off_hil.M15SystemOffHilTests.test_acknowledgements_and_timeout_are_explicit)
2026-09-07T06:18:10.6782122Z ! @brief interface switch\uc640 \ubc84\ud2bc \uc2b9\uc778\uc744 \uc11c\ub85c \ub3c5\ub9bd\uc801\uc73c\ub85c \uc694\uad6c\ud569\ub2c8\ub2e4. ... ok
2026-09-07T06:18:10.6783265Z test_capture_handles_lone_cr_and_split_crlf_records (nu54_m15_system_off_hil.M15SystemOffHilTests.test_capture_handles_lone_cr_and_split_crlf_records)
2026-09-07T06:18:10.6786718Z ! @brief live capture\uac00 \ub2e8\ub3c5 CR\uacfc chunk \ubd84\ub9ac CRLF\ub97c \uc911\ubcf5 \uc5c6\uc774 \ucc98\ub9ac\ud569\ub2c8\ub2e4. ... ok
2026-09-07T06:18:10.6787932Z test_capture_requires_two_confirmations_and_sends_bound_nonce (nu54_m15_system_off_hil.M15SystemOffHilTests.test_capture_requires_two_confirmations_and_sends_bound_nonce)
2026-09-07T06:18:10.6790113Z ! @brief SWD \uaca9\ub9ac \ub4a4 timed ARM, SW0 release \ub4a4 button ARM\ub9cc \ubcf4\ub0c5\ub2c8\ub2e4. ... ok
2026-09-07T06:18:10.6791227Z test_dirty_imported_helper_or_board_source_is_rejected (nu54_m15_system_off_hil.M15SystemOffHilTests.test_dirty_imported_helper_or_board_source_is_rejected)
2026-09-07T06:18:10.6797844Z ! @brief \uacf5\uc6a9 helper\ub098 board \ubcc0\uacbd\uc744 \uc2e4\uc81c flash \uc804\uc5d0 \uac70\ubd80\ud569\ub2c8\ub2e4. ... ok
2026-09-07T06:18:10.6798933Z test_eof_and_uart_failure_preserve_partial_transcript (nu54_m15_system_off_hil.M15SystemOffHilTests.test_eof_and_uart_failure_preserve_partial_transcript)
2026-09-07T06:18:10.6800470Z ! @brief \uaca9\ub9ac \ud655\uc778 EOF\uc640 \ud6c4\uc18d UART \ub2e8\uc808\ub3c4 \uc218\uc9d1 byte\ub97c \ubcf4\uc874\ud569\ub2c8\ub2e4. ... ok
2026-09-07T06:18:10.6801880Z test_evidence_records_schema_two_switch_and_no_post_isolation_probe (nu54_m15_system_off_hil.M15SystemOffHilTests.test_evidence_records_schema_two_switch_and_no_post_isolation_probe)
2026-09-07T06:18:10.6839274Z ! @brief \uc99d\uc801\uc774 switch \ubc29\ud5a5\uc744 \ucd94\uce21\ud558\uc9c0 \uc54a\uace0 \uae08\uc9c0 \ub3d9\uc791\uc744 false\ub85c \uae30\ub85d\ud569\ub2c8\ub2e4. ... ok
2026-09-07T06:18:10.6840705Z test_existing_evidence_is_preserved_until_atomic_pass_replace (nu54_m15_system_off_hil.M15SystemOffHilTests.test_existing_evidence_is_preserved_until_atomic_pass_replace)
2026-09-07T06:18:10.7153541Z ! @brief \uc2e4\ud328\ud55c \uc7ac\uc2dc\ud5d8\uc774 \uc774\uc804 PASS\ub97c \ud30c\uad34\ud558\uc9c0 \uc54a\ub294\uc9c0 \ud655\uc778\ud569\ub2c8\ub2e4. ... ok
2026-09-07T06:18:10.7154889Z test_flash_occurs_before_capture_and_only_once (nu54_m15_system_off_hil.M15SystemOffHilTests.test_flash_occurs_before_capture_and_only_once)
2026-09-07T06:18:10.7160285Z ! @brief SWD \uaca9\ub9ac prompt\uac00 \uac00\ub2a5\ud55c capture\ubcf4\ub2e4 flash\uac00 \uba3c\uc800 \ud55c \ubc88 \uc2e4\ud589\ub429\ub2c8\ub2e4. ... ok
2026-09-07T06:18:10.7161887Z test_rejects_failure_missing_line_and_trailing_protocol (nu54_m15_system_off_hil.M15SystemOffHilTests.test_rejects_failure_missing_line_and_trailing_protocol)
2026-09-07T06:18:10.7163762Z ! @brief FAIL, \ub204\ub77d\uacfc \ucd5c\uc885 PASS \ub4a4 \ucd94\uac00 protocol\uc744 \uac70\ubd80\ud569\ub2c8\ub2e4. ... ok
2026-09-07T06:18:10.7164728Z test_rejects_nonce_mismatch (nu54_m15_system_off_hil.M15SystemOffHilTests.test_rejects_nonce_mismatch)
2026-09-07T06:18:10.7166688Z ! @brief \uc7ac\ubd80\ud305 \uacbd\uacc4\ub97c \ub2e4\ub978 \uc2e4\ud589\uc758 token\uc73c\ub85c \uc870\ud569\ud558\uc9c0 \uc54a\uc2b5\ub2c8\ub2e4. ... ok
2026-09-07T06:18:10.7168862Z test_rejects_protocol_record_without_any_line_boundary (nu54_m15_system_off_hil.M15SystemOffHilTests.test_rejects_protocol_record_without_any_line_boundary)
2026-09-07T06:18:10.7171051Z ! @brief token\uacfc boot banner \uc0ac\uc774\uc5d0 EOL\uc774 \uc5c6\uc73c\uba74 \ubd80\ubd84 \ubcf5\uc6d0\ud558\uc9c0 \uc54a\uc2b5\ub2c8\ub2e4. ... ok
2026-09-07T06:18:10.7172932Z test_reset_cause_is_exact_supported_and_never_debug (nu54_m15_system_off_hil.M15SystemOffHilTests.test_reset_cause_is_exact_supported_and_never_debug)
2026-09-07T06:18:10.7175033Z ! @brief CLOCK�LOW_POWER_WAKE \uc678 \uc6d0\uc778\uacfc RESET_DEBUG \ud63c\ud569\uc744 \uac70\ubd80\ud569\ub2c8\ub2e4. ... ok
2026-09-07T06:18:10.7176444Z test_wake_timing_is_fail_closed (nu54_m15_system_off_hil.M15SystemOffHilTests.test_wake_timing_is_fail_closed)
2026-09-07T06:18:10.7177856Z ! @brief \ub108\ubb34 \ube60\ub974\uac70\ub098 \ub290\ub9b0 timed wake\uc640 \uc774\ub978 SW0 wake\ub97c \uac70\ubd80\ud569\ub2c8\ub2e4. ... ok
2026-09-07T06:18:10.7179442Z test_wrong_swd_confirmation_stops_before_any_arm (nu54_m15_system_off_hil.M15SystemOffHilTests.test_wrong_swd_confirmation_stops_before_any_arm)
2026-09-07T06:18:10.7181021Z ! @brief \ubaa8\ud638\ud55c switch \uc0c1\ud0dc\uc5d0\uc11c\ub294 UART ARM\uc870\ucc28 \uc804\uc1a1\ud558\uc9c0 \uc54a\uc2b5\ub2c8\ub2e4. ... ok
2026-09-07T06:18:10.7181858Z 
2026-09-07T06:18:10.7182083Z ----------------------------------------------------------------------
2026-09-07T06:18:10.7182603Z Ran 16 tests in 0.042s
2026-09-07T06:18:10.7182803Z 
2026-09-07T06:18:10.7182906Z OK
2026-09-07T06:18:10.7344587Z [M12] exec: C:\hostedtoolcache\windows\Python\3.12.10\x64\python.exe -m unittest discover -v -s D:\a\NU54DK_Arduino_Core\NU54DK_Arduino_Core\tests\host -p test_m16_ble_contract.py
2026-09-07T06:18:10.8092226Z test_arduino_library_metadata_and_example_contract (test_m16_ble_contract.M16BleNusContractTests.test_arduino_library_metadata_and_example_contract)
2026-09-07T06:18:10.8097763Z ! @brief Boards Manager\uac00 NUS library\uc640 \uc591\ucabd \uc5ed\ud560 \uc608\uc81c\ub97c \ucc3e\ub294\uc9c0 \uac80\uc99d\ud569\ub2c8\ub2e4. ... ok
2026-09-07T06:18:10.8099259Z test_ble_profile_feature_and_board_menu_are_wired (test_m16_ble_contract.M16BleNusContractTests.test_ble_profile_feature_and_board_menu_are_wired)
2026-09-07T06:18:10.8108393Z ! @brief ble profile \uc120\ud0dd\ub9cc\uc73c\ub85c \ud544\uc694\ud55c NUS feature\uac00 \ubcd1\ud569\ub418\ub294\uc9c0 \uac80\uc0ac\ud569\ub2c8\ub2e4. ... ok
2026-09-07T06:18:10.8110085Z test_bluetooth_callbacks_are_deferred_to_poll_through_fixed_queues (test_m16_ble_contract.M16BleNusContractTests.test_bluetooth_callbacks_are_deferred_to_poll_through_fixed_queues)
2026-09-07T06:18:10.8158769Z ! @brief Bluetooth context\uc5d0\uc11c Sketch callback \uc9c1\uc811 \uc2e4\ud589\uacfc \ub3d9\uc801 queue\ub97c \ucc28\ub2e8\ud569\ub2c8\ub2e4. ... ok
2026-09-07T06:18:10.8160305Z test_kconfig_and_feature_register_bounded_ble_runtime (test_m16_ble_contract.M16BleNusContractTests.test_kconfig_and_feature_register_bounded_ble_runtime)
2026-09-07T06:18:10.8164294Z ! @brief BLE \uad6c\ud604\uacfc \uace0\uc815 queue \ud06c\uae30\uac00 library feature\uc5d0 \uba85\uc2dc\ub418\ub294\uc9c0 \uac80\uc0ac\ud569\ub2c8\ub2e4. ... ok
2026-09-07T06:18:10.8166091Z test_peripheral_example_keeps_received_data_free_of_event_logs (test_m16_ble_contract.M16BleNusContractTests.test_peripheral_example_keeps_received_data_free_of_event_logs)
2026-09-07T06:18:10.8173540Z ! @brief \uc218\uc2e0 event \ub85c\uadf8\uac00 NUS-Serial \ub370\uc774\ud130 \uacbd\ub85c\uc5d0 \uc11e\uc774\uc9c0 \uc54a\ub3c4\ub85d \uace0\uc815\ud569\ub2c8\ub2e4. ... ok
2026-09-07T06:18:10.8175346Z test_public_nus_stream_surface_is_complete (test_m16_ble_contract.M16BleNusContractTests.test_public_nus_stream_surface_is_complete)
2026-09-07T06:18:10.8184721Z ! @brief peripheral\uacfc central\uc774 \uacf5\uc720\ud558\ub294 Arduino Stream \ud45c\uba74\uc744 \uace0\uc815\ud569\ub2c8\ub2e4. ... ok
2026-09-07T06:18:10.8185548Z 
2026-09-07T06:18:10.8185933Z ----------------------------------------------------------------------
2026-09-07T06:18:10.8186396Z Ran 6 tests in 0.010s
2026-09-07T06:18:10.8186575Z 
2026-09-07T06:18:10.8186676Z OK
2026-09-07T06:18:10.8303644Z [M12] exec: C:\hostedtoolcache\windows\Python\3.12.10\x64\python.exe -m unittest discover -v -s D:\a\NU54DK_Arduino_Core\NU54DK_Arduino_Core\tests\host -p test_m16_ble_pair.py
2026-09-07T06:18:10.9506539Z test_accepts_exact_frame_boundaries_and_reconnect (test_m16_ble_pair.M16BlePairHilTests.test_accepts_exact_frame_boundaries_and_reconnect)
2026-09-07T06:18:10.9508326Z ! @brief \uc591\ucabd exact protocol\uc5d0\uc11c 1/20/21/64 \ubc0f \uc7ac\uc5f0\uacb0\uc744 \uc2b9\uc778\ud569\ub2c8\ub2e4. ... ok
2026-09-07T06:18:10.9510051Z test_evidence_binds_two_boards_images_and_raw_transcript_sha (test_m16_ble_pair.M16BlePairHilTests.test_evidence_binds_two_boards_images_and_raw_transcript_sha)
2026-09-07T06:18:10.9562851Z ! @brief evidence\uac00 \ub450 UID�MSD�COM\uacfc \ub450 raw transcript hash\ub97c \uae30\ub85d\ud569\ub2c8\ub2e4. ... ok
2026-09-07T06:18:10.9564175Z test_existing_evidence_requires_explicit_overwrite (test_m16_ble_pair.M16BlePairHilTests.test_existing_evidence_requires_explicit_overwrite)
2026-09-07T06:18:10.9595328Z ! @brief \uae30\uc874 PASS\uc640 companion raw transcript\ub97c \uc554\ubb35\uc801\uc73c\ub85c \ub36e\uc9c0 \uc54a\uc2b5\ub2c8\ub2e4. ... ok
2026-09-07T06:18:10.9596226Z test_nonce_is_exact_lowercase_hex (test_m16_ble_pair.M16BlePairHilTests.test_nonce_is_exact_lowercase_hex)
2026-09-07T06:18:10.9598386Z ! @brief nonce \uae38\uc774�\ubb38\uc790 \uc9d1\ud569\uc744 \uace0\uc815\ud574 stale \ud310\uc815\uc758 \ubaa8\ud638\uc131\uc744 \uc81c\uac70\ud569\ub2c8\ub2e4. ... ok
2026-09-07T06:18:10.9599457Z test_rejects_missing_or_wrong_frame_boundary (test_m16_ble_pair.M16BlePairHilTests.test_rejects_missing_or_wrong_frame_boundary)
2026-09-07T06:18:10.9602635Z ! @brief 20/21 byte \uacbd\uacc4 \ub204\ub77d\uc774\ub098 \uc798\ubabb\ub41c \uae38\uc774\ub97c PASS\ub85c \uc2b9\uaca9\ud558\uc9c0 \uc54a\uc2b5\ub2c8\ub2e4. ... ok
2026-09-07T06:18:10.9603972Z test_rejects_missing_reconnect_and_wrong_byte_total (test_m16_ble_pair.M16BlePairHilTests.test_rejects_missing_reconnect_and_wrong_byte_total)
2026-09-07T06:18:10.9605077Z ! @brief \ub450 \ubc88\uc9f8 \uc5f0\uacb0\uacfc peripheral 106/21 byte \uacc4\uc57d \ub204\ub77d\uc744 \uac70\ubd80\ud569\ub2c8\ub2e4. ... ok
2026-09-07T06:18:10.9606192Z test_rejects_stale_nonce_before_current_final (test_m16_ble_pair.M16BlePairHilTests.test_rejects_stale_nonce_before_current_final)
2026-09-07T06:18:10.9607565Z ! @brief \uc774\uc804 \uc2e4\ud589 FINAL\uc774\ub098 frame\uc744 \ud604\uc7ac PASS\ub85c \uc7ac\uc0ac\uc6a9\ud558\uc9c0 \ubabb\ud558\uac8c \ud569\ub2c8\ub2e4. ... ok
2026-09-07T06:18:10.9608712Z test_rejects_target_fail_and_tokens_after_final (test_m16_ble_pair.M16BlePairHilTests.test_rejects_target_fail_and_tokens_after_final)
2026-09-07T06:18:10.9609751Z ! @brief target FAIL \ubc0f FINAL \ub4a4 \uc911\ubcf5 protocol token\uc744 \ubaa8\ub450 \uac70\ubd80\ud569\ub2c8\ub2e4. ... ok
2026-09-07T06:18:10.9610606Z test_requires_two_distinct_uids_volumes_and_ports (test_m16_ble_pair.M16BlePairHilTests.test_requires_two_distinct_uids_volumes_and_ports)
2026-09-07T06:18:10.9615788Z ! @brief \uac19\uc740 UID�MSD�COM\uc744 role \ub450 \uac1c\ub85c \uc624\uc778\ud558\uc9c0 \uc54a\uac8c \ucc28\ub2e8\ud569\ub2c8\ub2e4. ... ok
2026-09-07T06:18:10.9616329Z 
2026-09-07T06:18:10.9616480Z ----------------------------------------------------------------------
2026-09-07T06:18:10.9617153Z Ran 9 tests in 0.011s
2026-09-07T06:18:10.9617291Z 
2026-09-07T06:18:10.9617359Z OK
2026-09-07T06:18:10.9746283Z [M12] exec: C:\hostedtoolcache\windows\Python\3.12.10\x64\python.exe -m unittest discover -v -s D:\a\NU54DK_Arduino_Core\NU54DK_Arduino_Core\tests\host -p test_m17_coverage.py
2026-09-07T06:18:11.1111022Z test_build_only_failure_is_gate_failure (test_m17_coverage.M17CoverageTests.test_build_only_failure_is_gate_failure)
2026-09-07T06:18:11.1377611Z ! @brief build-only \ud56d\ubaa9\uc758 evidence\uac00 \uc788\ub294 fail\uc740 coverage gate\ub97c \uc2e4\ud328\uc2dc\ud0b5\ub2c8\ub2e4. ... ok
2026-09-07T06:18:11.1379893Z test_deferred_failure_is_valid_and_rendered (test_m17_coverage.M17CoverageTests.test_deferred_failure_is_valid_and_rendered)
2026-09-07T06:18:11.1714606Z ! @brief deferred \uc2e4\ud328\ub294 gate\ub97c \ub9c9\uc9c0 \uc54a\uace0 evidence\uc640 \uc694\uc57d\uc5d0 \uba85\uc2dc\ud569\ub2c8\ub2e4. ... ok
2026-09-07T06:18:11.1905610Z test_duplicate_json_key_is_rejected (test_m17_coverage.M17CoverageTests.test_duplicate_json_key_is_rejected) ... ok
2026-09-07T06:18:11.1906658Z test_evidence_drive_path_is_rejected (test_m17_coverage.M17CoverageTests.test_evidence_drive_path_is_rejected)
2026-09-07T06:18:11.2167169Z ! @brief evidence\uc5d0\ub3c4 Windows absolute�drive-relative \uacbd\ub85c\ub97c \ud5c8\uc6a9\ud558\uc9c0 \uc54a\uc2b5\ub2c8\ub2e4. ... ok
2026-09-07T06:18:11.2339964Z test_external_source_requires_exact_commit (test_m17_coverage.M17CoverageTests.test_external_source_requires_exact_commit) ... ok
2026-09-07T06:18:11.2604212Z test_fixture_validates_without_checkout_probe (test_m17_coverage.M17CoverageTests.test_fixture_validates_without_checkout_probe) ... ok
2026-09-07T06:18:11.2605532Z test_generated_outputs_accept_git_crlf_checkout (test_m17_coverage.M17CoverageTests.test_generated_outputs_accept_git_crlf_checkout)
2026-09-07T06:18:11.3031637Z ! @brief \uc0dd\uc131 \uc694\uc57d\uc758 Git CRLF checkout\uc744 LF \uc6d0\ubcf8\uacfc \ub3d9\uc77c\ud558\uac8c \uac80\uc99d\ud569\ub2c8\ub2e4. ... ok
2026-09-07T06:18:11.3297704Z test_invalid_enum_is_rejected (test_m17_coverage.M17CoverageTests.test_invalid_enum_is_rejected) ... ok
2026-09-07T06:18:11.3447625Z test_manifest_path_traversal_is_rejected (test_m17_coverage.M17CoverageTests.test_manifest_path_traversal_is_rejected) ... ok
2026-09-07T06:18:11.3448654Z test_manifest_record_hash_accepts_git_crlf_checkout (test_m17_coverage.M17CoverageTests.test_manifest_record_hash_accepts_git_crlf_checkout)
2026-09-07T06:18:11.3724941Z ! @brief Git text \ubcc0\ud658\uc73c\ub85c \uc0dd\uae34 CRLF\uac00 LF \uae30\uc900 record hash\ub97c \ubc14\uafb8\uc9c0 \uc54a\uc2b5\ub2c8\ub2e4. ... ok
2026-09-07T06:18:11.3942611Z test_manifest_record_hash_mismatch_is_rejected (test_m17_coverage.M17CoverageTests.test_manifest_record_hash_mismatch_is_rejected) ... ok
2026-09-07T06:18:11.3943881Z test_manifest_record_hash_rejects_bare_cr (test_m17_coverage.M17CoverageTests.test_manifest_record_hash_rejects_bare_cr)
2026-09-07T06:18:11.4100021Z ! @brief Git\uc758 CRLF \ubcc0\ud658\uc774 \uc544\ub2cc \ub2e8\ub3c5 CR\uc740 \ubaa8\ud638\ud55c \uc785\ub825\uc73c\ub85c \uac70\ubd80\ud569\ub2c8\ub2e4. ... ok
2026-09-07T06:18:11.4101170Z test_manifest_record_hash_rejects_content_change_with_crlf (test_m17_coverage.M17CoverageTests.test_manifest_record_hash_rejects_content_change_with_crlf)
2026-09-07T06:18:11.4253205Z ! @brief CRLF checkout\uc5d0\uc11c\ub3c4 \uc2e4\uc81c record \ub0b4\uc6a9 \ubcc0\uacbd\uc740 SHA mismatch\ub85c \uac70\ubd80\ud569\ub2c8\ub2e4. ... ok
2026-09-07T06:18:11.4405329Z test_manifest_revision_mismatch_is_rejected (test_m17_coverage.M17CoverageTests.test_manifest_revision_mismatch_is_rejected) ... ok
2026-09-07T06:18:11.4673772Z test_networking_supported_promotion_is_rejected (test_m17_coverage.M17CoverageTests.test_networking_supported_promotion_is_rejected) ... ok
2026-09-07T06:18:11.4674981Z test_pass_and_fail_require_evidence (test_m17_coverage.M17CoverageTests.test_pass_and_fail_require_evidence)
2026-09-07T06:18:11.5027079Z ! @brief \uc644\ub8cc \uacb0\uacfc\uc778 pass\uc640 fail\uc5d0 evidence\uac00 \uc5c6\uc73c\uba74 \uac70\ubd80\ud569\ub2c8\ub2e4. ... ok
2026-09-07T06:18:11.5028502Z test_planned_and_not_run_reject_evidence (test_m17_coverage.M17CoverageTests.test_planned_and_not_run_reject_evidence)
2026-09-07T06:18:11.5387130Z ! @brief \ubbf8\uc2e4\ud589 \uc0c1\ud0dc\uc778 planned\uc640 not-run\uc5d0\ub294 evidence\ub97c \uae08\uc9c0\ud569\ub2c8\ub2e4. ... ok
2026-09-07T06:18:11.5535140Z test_record_path_must_be_derived_from_id (test_m17_coverage.M17CoverageTests.test_record_path_must_be_derived_from_id) ... ok
2026-09-07T06:18:11.5808017Z test_record_revision_mismatch_is_rejected (test_m17_coverage.M17CoverageTests.test_record_revision_mismatch_is_rejected) ... ok
2026-09-07T06:18:11.7667538Z test_repository_dataset_and_generated_outputs_are_current (test_m17_coverage.M17CoverageTests.test_repository_dataset_and_generated_outputs_are_current) ... ok
2026-09-07T06:18:11.7668697Z test_resolved_path_outside_root_is_rejected (test_m17_coverage.M17CoverageTests.test_resolved_path_outside_root_is_rejected)
2026-09-07T06:18:11.7878322Z ! @brief symlink \ub4f1\uc73c\ub85c resolve \uacb0\uacfc\uac00 root \ubc16\uc774\uba74 fail-closed\ub85c \uac70\ubd80\ud569\ub2c8\ub2e4. ... ok
2026-09-07T06:18:11.8137346Z test_sensor_wrapper_is_rejected (test_m17_coverage.M17CoverageTests.test_sensor_wrapper_is_rejected) ... ok
2026-09-07T06:18:11.8138417Z test_supported_failure_is_gate_failure (test_m17_coverage.M17CoverageTests.test_supported_failure_is_gate_failure)
2026-09-07T06:18:11.8314944Z ! @brief supported \ud56d\ubaa9\uc758 evidence\uac00 \uc788\ub294 fail\ub3c4 coverage gate\ub97c \uc2e4\ud328\uc2dc\ud0b5\ub2c8\ub2e4. ... ok
2026-09-07T06:18:11.8566980Z test_unknown_record_field_is_rejected (test_m17_coverage.M17CoverageTests.test_unknown_record_field_is_rejected) ... ok
2026-09-07T06:18:11.8568231Z test_windows_drive_paths_are_rejected (test_m17_coverage.M17CoverageTests.test_windows_drive_paths_are_rejected)
2026-09-07T06:18:11.8703528Z ! @brief C:/�D:/\uc640 drive-relative \uacbd\ub85c\ub97c \uc0c1\ub300 \uacbd\ub85c\ub85c \ud574\uc11d\ud558\uc9c0 \uc54a\uc2b5\ub2c8\ub2e4. ... ok
2026-09-07T06:18:11.8704919Z 
2026-09-07T06:18:11.8705167Z ----------------------------------------------------------------------
2026-09-07T06:18:11.8705698Z Ran 25 tests in 0.759s
2026-09-07T06:18:11.8705898Z 
2026-09-07T06:18:11.8705997Z OK
2026-09-07T06:18:11.8863635Z [M12] exec: C:\hostedtoolcache\windows\Python\3.12.10\x64\python.exe -m unittest discover -v -s D:\a\NU54DK_Arduino_Core\NU54DK_Arduino_Core\tests\host -p test_m17_external_arduino.py
2026-09-07T06:18:12.0365586Z test_arduino_cli_exact_version_and_sha_are_recorded (test_m17_external_arduino.M17ExternalArduinoTests.test_arduino_cli_exact_version_and_sha_are_recorded)
2026-09-07T06:18:12.0408505Z ! @brief shell \uc5c6\uc774 \uc2e4\ud589\ud55c exact 1.5.1\uacfc executable SHA\ub97c \uc815\uaddc\ud654\ud569\ub2c8\ub2e4. ... ok
2026-09-07T06:18:12.0409983Z test_arduino_cli_rejects_wrong_or_ambiguous_version (test_m17_external_arduino.M17ExternalArduinoTests.test_arduino_cli_rejects_wrong_or_ambiguous_version)
2026-09-07T06:18:12.0439639Z ! @brief \ub2e4\ub978 version\uacfc version token \uc911\ubcf5\uc744 fail-closed\ub85c \uac70\ubd80\ud569\ub2c8\ub2e4. ... ok
2026-09-07T06:18:12.0440907Z test_arduino_cli_replacement_is_rejected (test_m17_external_arduino.M17ExternalArduinoTests.test_arduino_cli_replacement_is_rejected)
2026-09-07T06:18:12.0462483Z ! @brief compile \uc911 executable byte\uac00 \ubc14\ub00c\uba74 \uc885\ub8cc \uac80\uc99d\uc5d0\uc11c \uac70\ubd80\ud569\ub2c8\ub2e4. ... ok
2026-09-07T06:18:12.0463951Z test_arduino_library_compatibility_contract_is_present (test_m17_external_arduino.M17ExternalArduinoTests.test_arduino_library_compatibility_contract_is_present)
2026-09-07T06:18:12.0468424Z ! @brief \uc678\ubd80 Arduino library\uac00 \uc694\uad6c\ud558\ub294 macro, Print\uc640 \uc815\uc218 GPIO overload\ub97c \uace0\uc815\ud569\ub2c8\ub2e4. ... ok
2026-09-07T06:18:12.0470121Z test_compile_sketch_targets_lsm6ds3trc (test_m17_external_arduino.M17ExternalArduinoTests.test_compile_sketch_targets_lsm6ds3trc)
2026-09-07T06:18:12.0472125Z ! @brief compile gate\uac00 NU54DK \uac80\uc99d \ub300\uc0c1 LSM6DS3TR-C\ub97c \uc9c1\uc811 \uc0ac\uc6a9\ud558\ub294\uc9c0 \ud655\uc778\ud569\ub2c8\ub2e4. ... ok
2026-09-07T06:18:12.0474106Z test_contained_target_rejects_destination_escape (test_m17_external_arduino.M17ExternalArduinoTests.test_contained_target_rejects_destination_escape)
2026-09-07T06:18:12.0490676Z ! @brief \ucd5c\uc885 resolve \uacb0\uacfc\uac00 destination \ubc16\uc774\uba74 \ucd94\ucd9c \uc804\uc5d0 \uac70\ubd80\ud569\ub2c8\ub2e4. ... ok
2026-09-07T06:18:12.0492259Z test_download_checksum_contract_matches_lock (test_m17_external_arduino.M17ExternalArduinoTests.test_download_checksum_contract_matches_lock)
2026-09-07T06:18:12.0497631Z ! @brief lock SHA\uac00 64\uc790\ub9ac\uc774\uba70 evidence\uc5d0 \uc0ac\uc6a9\ud560 \uc218 \uc788\ub294 digest\uc778\uc9c0 \ud655\uc778\ud569\ub2c8\ub2e4. ... ok
2026-09-07T06:18:12.0499177Z test_exact_checkout_allows_only_untracked_ci_output_root (test_m17_external_arduino.M17ExternalArduinoTests.test_exact_checkout_allows_only_untracked_ci_output_root)
2026-09-07T06:18:12.0542543Z ! @brief \uae30\uc874 CI evidence\ub294 \ud5c8\uc6a9\ud558\ub418 \ub2e4\ub978 untracked source\ub294 \uac70\ubd80\ud569\ub2c8\ub2e4. ... ok
2026-09-07T06:18:12.0544562Z test_exact_checkout_rejects_dirty_core_or_board (test_m17_external_arduino.M17ExternalArduinoTests.test_exact_checkout_rejects_dirty_core_or_board)
2026-09-07T06:18:12.0571064Z ! @brief Core \ub610\ub294 board\uc758 \ubbf8\ucee4\ubc0b \ubcc0\uacbd\uc740 compile \uc804\uc5d0 \uac70\ubd80\ud569\ub2c8\ub2e4. ... ok
2026-09-07T06:18:12.0572442Z test_exact_checkout_rejects_gitlink_or_checkout_mismatch (test_m17_external_arduino.M17ExternalArduinoTests.test_exact_checkout_rejects_gitlink_or_checkout_mismatch)
2026-09-07T06:18:12.0600691Z ! @brief parent gitlink \ub610\ub294 \uc2e4\uc81c board HEAD\uac00 exact pin\uacfc \ub2e4\ub974\uba74 \uac70\ubd80\ud569\ub2c8\ub2e4. ... ok
2026-09-07T06:18:12.0601999Z test_lock_rejects_changed_checksum_and_duplicate_key (test_m17_external_arduino.M17ExternalArduinoTests.test_lock_rejects_changed_checksum_and_duplicate_key)
2026-09-07T06:18:12.0624832Z ! @brief checksum \ubcc0\uacbd\uacfc \uc911\ubcf5 JSON key\ub97c fail-closed\ub85c \uac70\ubd80\ud569\ub2c8\ub2e4. ... ok
2026-09-07T06:18:12.0626061Z test_repository_lock_is_exact (test_m17_external_arduino.M17ExternalArduinoTests.test_repository_lock_is_exact)
2026-09-07T06:18:12.0628763Z ! @brief \uc800\uc7a5\uc18c lock\uc774 \uc2b9\uc778\ud55c \uc138 tag�commit�SHA\ub9cc \ud3ec\ud568\ud558\ub294\uc9c0 \ud655\uc778\ud569\ub2c8\ub2e4. ... ok
2026-09-07T06:18:12.0630115Z test_safe_extract_accepts_single_root (test_m17_external_arduino.M17ExternalArduinoTests.test_safe_extract_accepts_single_root)
2026-09-07T06:18:12.0688456Z ! @brief \uc815\uc0c1 archive\uc5d0\uc11c root\ub97c \uc81c\uac70\ud55c library tree\ub9cc \uc0dd\uc131\ud569\ub2c8\ub2e4. ... ok
2026-09-07T06:18:12.0689551Z test_safe_extract_rejects_traversal (test_m17_external_arduino.M17ExternalArduinoTests.test_safe_extract_rejects_traversal)
2026-09-07T06:18:12.0701830Z ! @brief \uc0c1\uc704 \uacbd\ub85c\ub97c \uc4f0\ub294 ZIP member\ub97c \uac70\ubd80\ud569\ub2c8\ub2e4. ... ok
2026-09-07T06:18:12.0703005Z test_safe_extract_rejects_windows_drive_unc_and_ads (test_m17_external_arduino.M17ExternalArduinoTests.test_safe_extract_rejects_windows_drive_unc_and_ads)
2026-09-07T06:18:12.0759754Z ! @brief drive-relative�drive absolute�UNC�ADS ZIP \uacbd\ub85c\ub97c \ubaa8\ub450 \uac70\ubd80\ud569\ub2c8\ub2e4. ... ok
2026-09-07T06:18:12.0760308Z 
2026-09-07T06:18:12.0760590Z ----------------------------------------------------------------------
2026-09-07T06:18:12.0760994Z Ran 15 tests in 0.040s
2026-09-07T06:18:12.0761129Z 
2026-09-07T06:18:12.0761205Z OK
2026-09-07T06:18:12.0929987Z [M12] exec: C:\hostedtoolcache\windows\Python\3.12.10\x64\python.exe -m unittest discover -v -s D:\a\NU54DK_Arduino_Core\NU54DK_Arduino_Core\tests\host -p test_m17_feasibility.py
2026-09-07T06:18:12.2233968Z test_build_command_is_fixed_sysbuild (test_m17_feasibility.M17FeasibilityTests.test_build_command_is_fixed_sysbuild)
2026-09-07T06:18:12.2235847Z ! @brief \uba85\ub839\uc774 \uace0\uc815 board\uc640 sysbuild \ubc0f \uc800\uc7a5\uc18c BOARD_ROOT\ub97c \uc0ac\uc6a9\ud569\ub2c8\ub2e4. ... ok
2026-09-07T06:18:12.2237417Z test_crypto_nu54dk_failure_is_gate_failure (test_m17_feasibility.M17FeasibilityTests.test_crypto_nu54dk_failure_is_gate_failure)
2026-09-07T06:18:12.2323193Z ! @brief crypto RNG\ub294 official\uacfc NU54DK\uac00 \ubaa8\ub450 \uc131\uacf5\ud574\uc57c gate\ub97c \ud1b5\uacfc\ud569\ub2c8\ub2e4. ... ok
2026-09-07T06:18:12.2324412Z test_declared_samples_and_support_boundary_are_exact (test_m17_feasibility.M17FeasibilityTests.test_declared_samples_and_support_boundary_are_exact)
2026-09-07T06:18:12.2325577Z ! @brief \uac80\ud1a0 \ub300\uc0c1\uc740 \uacf5\uc2dd \uc138 sample\uc774\uba70 \uc9c0\uc6d0 \uc120\uc5b8\uc740 runner\uc5d0 \ud3ec\ud568\ud558\uc9c0 \uc54a\uc2b5\ub2c8\ub2e4. ... ok
2026-09-07T06:18:12.2326827Z test_execution_inputs_reject_board_revision_or_gitlink_mismatch (test_m17_feasibility.M17FeasibilityTests.test_execution_inputs_reject_board_revision_or_gitlink_mismatch)
2026-09-07T06:18:12.2333612Z ! @brief \uc2e4\uc81c checkout\uacfc \ubd80\ubaa8 gitlink\uac00 lock revision\uc5d0\uc11c \ubc97\uc5b4\ub098\uba74 \uac70\ubd80\ud569\ub2c8\ub2e4. ... ok
2026-09-07T06:18:12.2334618Z test_execution_inputs_reject_dirty_board (test_m17_feasibility.M17FeasibilityTests.test_execution_inputs_reject_dirty_board)
2026-09-07T06:18:12.2337078Z ! @brief exact revision\uc774\uc5b4\ub3c4 board checkout\uc774 dirty\uc774\uba74 build \uc804\uc5d0 \uac70\ubd80\ud569\ub2c8\ub2e4. ... ok
2026-09-07T06:18:12.2338222Z test_execution_inputs_reject_dirty_ncs_or_zephyr_workspace (test_m17_feasibility.M17FeasibilityTests.test_execution_inputs_reject_dirty_ncs_or_zephyr_workspace)
2026-09-07T06:18:12.2342311Z ! @brief revision\uc774 \uac19\uc544\ub3c4 NCS�Zephyr source \ubcc0\uacbd\uc740 exact workspace\uac00 \uc544\ub2d9\ub2c8\ub2e4. ... ok
2026-09-07T06:18:12.2343359Z test_git_output_scopes_safe_directory_to_repository (test_m17_feasibility.M17FeasibilityTests.test_git_output_scopes_safe_directory_to_repository)
2026-09-07T06:18:12.2361237Z ! @brief \uacf5\ubc31 \uacbd\ub85c\ub3c4 \uc804\uc5ed \ubcc0\uacbd \uc5c6\uc774 \ud574\ub2f9 \uc800\uc7a5\uc18c\ub9cc \uc2e0\ub8b0\ud569\ub2c8\ub2e4. ... ok
2026-09-07T06:18:12.2362339Z test_git_revision_rejects_malformed_output (test_m17_feasibility.M17FeasibilityTests.test_git_revision_rejects_malformed_output)
2026-09-07T06:18:12.2364566Z ! @brief Git \uc131\uacf5 \ucf54\ub4dc\uc5ec\ub3c4 40\uc790\ub9ac SHA\uac00 \uc544\ub2c8\uba74 exact \uc785\ub825\uc744 \uac70\ubd80\ud569\ub2c8\ub2e4. ... ok
2026-09-07T06:18:12.2365804Z test_network_nu54dk_failure_is_recorded_but_not_gate_failure (test_m17_feasibility.M17FeasibilityTests.test_network_nu54dk_failure_is_recorded_but_not_gate_failure)
2026-09-07T06:18:12.2438290Z ! @brief deferred networking\uc740 official\ub9cc gate\uc774\uba70 NU54DK \uc2e4\ud328\ub294 evidence\uc5d0 \ubcf4\uc874\ud569\ub2c8\ub2e4. ... ok
2026-09-07T06:18:12.2440119Z test_official_control_failure_is_gate_failure (test_m17_feasibility.M17FeasibilityTests.test_official_control_failure_is_gate_failure)
2026-09-07T06:18:12.2515217Z ! @brief official control \uc2e4\ud328\uac00 \uc788\uc5b4\ub3c4 \ub450 \uc5ed\ud560\uc758 evidence\ub97c \ubcf4\uc874\ud558\uace0 gate\ub97c \uc2e4\ud328\uc2dc\ud0b5\ub2c8\ub2e4. ... ok
2026-09-07T06:18:12.2517363Z test_policy_rejects_crypto_deferred_or_hil (test_m17_feasibility.M17FeasibilityTests.test_policy_rejects_crypto_deferred_or_hil)
2026-09-07T06:18:12.2519221Z ! @brief crypto build-only \ud56d\ubaa9\uc744 deferred\ub85c \ub0ae\ucd94\uac70\ub098 HIL\ub85c \uc624\ud45c\uae30\ud558\uc9c0 \ubabb\ud558\uac8c \ud569\ub2c8\ub2e4. ... ok
2026-09-07T06:18:12.2521108Z test_policy_rejects_networking_support_promotion (test_m17_feasibility.M17FeasibilityTests.test_policy_rejects_networking_support_promotion)
2026-09-07T06:18:12.2523264Z ! @brief networking sample\uc744 build-only \ub610\ub294 supported\ub85c \uc2b9\uaca9\ud558\uc9c0 \ubabb\ud558\uac8c \ud569\ub2c8\ub2e4. ... ok
2026-09-07T06:18:12.2524842Z test_run_build_hashes_normalized_log (test_m17_feasibility.M17FeasibilityTests.test_run_build_hashes_normalized_log)
2026-09-07T06:18:12.2552197Z ! @brief \ud1b5\ud569 stdout\uc744 \uc815\uaddc\ud654\ud574 exact log hash\uc640 \uacb0\uacfc\ub97c \ub0a8\uae41\ub2c8\ub2e4. ... ok
2026-09-07T06:18:12.2552985Z 
2026-09-07T06:18:12.2553603Z ----------------------------------------------------------------------
2026-09-07T06:18:12.2554227Z Ran 13 tests in 0.032s
2026-09-07T06:18:12.2554433Z 
2026-09-07T06:18:12.2554540Z OK
2026-09-07T06:18:12.2749997Z [M12] exec: C:\hostedtoolcache\windows\Python\3.12.10\x64\python.exe -m unittest discover -v -s D:\a\NU54DK_Arduino_Core\NU54DK_Arduino_Core\tests\host -p test_m18_release.py
2026-09-07T06:18:12.7158329Z test_asset_tamper_and_extra_file_are_rejected (test_m18_release.M18ReleaseTests.test_asset_tamper_and_extra_file_are_rejected) ... ok
2026-09-07T06:18:12.8457408Z test_checksum_sidecar_forgery_is_rejected_even_when_records_are_rehashed (test_m18_release.M18ReleaseTests.test_checksum_sidecar_forgery_is_rejected_even_when_records_are_rehashed) ... ok
2026-09-07T06:18:12.8485907Z test_cli_exposes_no_stable_publish_or_version_override (test_m18_release.M18ReleaseTests.test_cli_exposes_no_stable_publish_or_version_override) ... ok
2026-09-07T06:18:12.8536178Z test_dirty_core_and_dirty_board_are_rejected (test_m18_release.M18ReleaseTests.test_dirty_core_and_dirty_board_are_rejected) ... ok
2026-09-07T06:18:13.1035103Z test_evidence_artifact_and_document_blob_tamper_are_rejected (test_m18_release.M18ReleaseTests.test_evidence_artifact_and_document_blob_tamper_are_rejected) ... ok
2026-09-07T06:18:13.1044348Z test_external_process_is_always_shell_false (test_m18_release.M18ReleaseTests.test_external_process_is_always_shell_false) ... ok
2026-09-07T06:18:13.4266954Z test_immutable_plan_fields_and_roles_are_rejected_when_tampered (test_m18_release.M18ReleaseTests.test_immutable_plan_fields_and_roles_are_rejected_when_tampered) ... ok
2026-09-07T06:18:13.4540372Z test_nondeterministic_second_build_is_rejected (test_m18_release.M18ReleaseTests.test_nondeterministic_second_build_is_rejected) ... ok
2026-09-07T06:18:13.4569788Z test_package_contract_is_read_only_and_rejects_rc_or_pin_mutation (test_m18_release.M18ReleaseTests.test_package_contract_is_read_only_and_rejects_rc_or_pin_mutation) ... ok
2026-09-07T06:18:13.5901371Z test_plan_unknown_field_is_rejected (test_m18_release.M18ReleaseTests.test_plan_unknown_field_is_rejected) ... ok
2026-09-07T06:18:13.7195178Z test_prepare_builds_twice_and_validates_exact_allowlist (test_m18_release.M18ReleaseTests.test_prepare_builds_twice_and_validates_exact_allowlist) ... ok
2026-09-07T06:18:13.7196562Z test_publish_binds_verification_to_discovered_release_id (test_m18_release.M18ReleaseTests.test_publish_binds_verification_to_discovered_release_id)
2026-09-07T06:18:13.8885578Z ! @brief \uc0dd\uc131 \uc9c1\ud6c4 \ubc1c\uacac\ud55c release ID\uac00 \uc7ac\uc870\ud68c \uc911 \ubc14\ub00c\uba74 \uac80\uc99d\uc744 \uc911\ub2e8\ud569\ub2c8\ub2e4. ... ok
2026-09-07T06:18:13.8887012Z test_publish_draft_uses_only_safe_flags_and_rechecks_remote_bytes (test_m18_release.M18ReleaseTests.test_publish_draft_uses_only_safe_flags_and_rechecks_remote_bytes)
2026-09-07T06:18:14.1396470Z ! @brief untagged Draft\ub97c ID \uae30\ubc18\uc73c\ub85c \uc0dd\uc131�\uac80\uc99d\ud558\uace0 tag download\ub97c \uc4f0\uc9c0 \uc54a\uc2b5\ub2c8\ub2e4. ... ok
2026-09-07T06:18:14.1398740Z test_publish_rejects_existing_local_or_github_release (test_m18_release.M18ReleaseTests.test_publish_rejects_existing_local_or_github_release)
2026-09-07T06:18:14.3639741Z ! @brief local tag \ubc0f REST \ubaa9\ub85d\uc5d0\uc11c \ubcf4\uc774\ub294 \uae30\uc874�\uc911\ubcf5 Draft\ub97c \uc0dd\uc131 \uc804\uc5d0 \uac70\ubd80\ud569\ub2c8\ub2e4. ... ok
2026-09-07T06:18:14.3641830Z test_publish_rejects_non_main_or_unpushed_origin_main (test_m18_release.M18ReleaseTests.test_publish_rejects_non_main_or_unpushed_origin_main)
2026-09-07T06:18:14.5565070Z ! @brief main/current HEAD/origin-main\uacfc remote main \ubd88\uc77c\uce58\ub97c \uac70\ubd80\ud569\ub2c8\ub2e4. ... ok
2026-09-07T06:18:14.5566478Z test_publish_rejects_non_public_repository_or_missing_remote_commit (test_m18_release.M18ReleaseTests.test_publish_rejects_non_public_repository_or_missing_remote_commit)
2026-09-07T06:18:14.8183537Z ! @brief PUBLIC/default main\uacfc GitHub target commit \ubd80\uc7ac\ub97c \uac70\ubd80\ud569\ub2c8\ub2e4. ... ok
2026-09-07T06:18:14.8184634Z test_publish_rejects_remote_sha_mismatch (test_m18_release.M18ReleaseTests.test_publish_rejects_remote_sha_mismatch)
2026-09-07T06:18:15.3284408Z ! @brief asset ID�\uc774\ub984�\uc0c1\ud0dc�\ud06c\uae30�digest\uc640 \ub2e4\uc6b4\ub85c\ub4dc byte \ubd88\uc77c\uce58\ub97c \uac70\ubd80\ud569\ub2c8\ub2e4. ... ok
2026-09-07T06:18:15.3286866Z test_publish_rejects_remote_tag_created_during_draft (test_m18_release.M18ReleaseTests.test_publish_rejects_remote_tag_created_during_draft)
2026-09-07T06:18:15.5209157Z ! @brief Draft \uc0dd\uc131 \ub4a4 \uc6d0\uaca9 tag ref\uac00 \uc0dd\uae30\uba74 Draft \uacc4\uc57d \uc704\ubc18\uc73c\ub85c \uac70\ubd80\ud569\ub2c8\ub2e4. ... ok
2026-09-07T06:18:15.5210626Z test_publish_waits_for_delayed_draft_and_bounds_discovery (test_m18_release.M18ReleaseTests.test_publish_waits_for_delayed_draft_and_bounds_discovery)
2026-09-07T06:18:15.7523208Z ! @brief Draft \ubaa9\ub85d\uc758 \uc9e7\uc740 \uc9c0\uc5f0\uc740 \uc7ac\uc870\ud68c\ud558\uace0 \ubb34\ud55c \ub300\uae30\ub294 \ud558\uc9c0 \uc54a\uc2b5\ub2c8\ub2e4. ... ok
2026-09-07T06:18:15.7524643Z test_published_stable_root_index_identities_are_exact (test_m18_release.M18ReleaseTests.test_published_stable_root_index_identities_are_exact)
2026-09-07T06:18:15.7537605Z ! @brief M18 \uc5ed\uc0ac \uacbd\uacc4\uc640 \ud604\uc7ac \uacf5\uac1c root index\uc758 exact byte\ub97c \ud568\uaed8 \ubcf4\ud638\ud569\ub2c8\ub2e4. ... ok
2026-09-07T06:18:15.7555408Z test_stable_contract_change_is_rejected (test_m18_release.M18ReleaseTests.test_stable_contract_change_is_rejected) ... ok
2026-09-07T06:18:15.7556839Z test_stable_root_index_crlf_worktree_is_rejected (test_m18_release.M18ReleaseTests.test_stable_root_index_crlf_worktree_is_rejected)
2026-09-07T06:18:15.7577762Z ! @brief Windows CRLF\ub85c \ubcc0\ud615\ub41c stable index\ub97c M18\uc774 \uac70\ubd80\ud558\ub294\uc9c0 \uac80\uc99d\ud569\ub2c8\ub2e4. ... ok
2026-09-07T06:18:16.0027180Z test_unexpected_directory_and_symlink_are_rejected (test_m18_release.M18ReleaseTests.test_unexpected_directory_and_symlink_are_rejected) ... ok
2026-09-07T06:18:16.0029305Z test_verify_accepts_missing_optional_digest_and_rejects_foreign_url (test_m18_release.M18ReleaseTests.test_verify_accepts_missing_optional_digest_and_rejects_foreign_url)
2026-09-07T06:18:16.2552824Z ! @brief \ubbf8\uc9c0\uc6d0 digest \uc0dd\ub7b5\uc740 \ud5c8\uc6a9\ud558\ub418 \ub2e4\ub978 \uc800\uc7a5\uc18c Draft URL\uc740 \uac70\ubd80\ud569\ub2c8\ub2e4. ... ok
2026-09-07T06:18:16.2554164Z test_verify_rejects_release_name_or_body_mismatch (test_m18_release.M18ReleaseTests.test_verify_rejects_release_name_or_body_mismatch)
2026-09-07T06:18:16.4882593Z ! @brief GitHub Release \uc81c\ubaa9\uacfc \ubcf8\ubb38\uc774 exact local \ubb38\uc11c\uc640 \ub2e4\ub974\uba74 \uac70\ubd80\ud569\ub2c8\ub2e4. ... ok
2026-09-07T06:18:16.4883362Z 
2026-09-07T06:18:16.4883557Z ----------------------------------------------------------------------
2026-09-07T06:18:16.4883995Z Ran 25 tests in 4.049s
2026-09-07T06:18:16.4884161Z 
2026-09-07T06:18:16.4884253Z OK
2026-09-07T06:18:16.5064712Z [M12] exec: C:\hostedtoolcache\windows\Python\3.12.10\x64\python.exe -m unittest discover -v -s D:\a\NU54DK_Arduino_Core\NU54DK_Arduino_Core\tests\host -p test_m19_ble_gap_contract.py
2026-09-07T06:18:16.5831789Z test_feature_resolver_accepts_ble_and_rejects_standard (test_m19_ble_gap_contract.M19BleGapContractTests.test_feature_resolver_accepts_ble_and_rejects_standard)
2026-09-07T06:18:16.6121492Z ! @brief library feature\uac00 ble profile\uc5d0\ub9cc \uacb0\ud569\ub418\ub294\uc9c0 production resolver\ub85c \uac80\uc0ac\ud569\ub2c8\ub2e4. ... ok
2026-09-07T06:18:16.6122897Z test_kconfig_and_examples_cover_gap_boundaries (test_m19_ble_gap_contract.M19BleGapContractTests.test_kconfig_and_examples_cover_gap_boundaries)
2026-09-07T06:18:16.6129485Z ! @brief fixed queue\uc640 \uc0ac\uc6a9\uc790 \uc608\uc81c\uac00 package source\uc5d0 \ud3ec\ud568\ub410\ub294\uc9c0 \uac80\uc0ac\ud569\ub2c8\ub2e4. ... ok
2026-09-07T06:18:16.6130970Z test_legacy_tx_power_and_shutdown_generation_are_enforced (test_m19_ble_gap_contract.M19BleGapContractTests.test_legacy_tx_power_and_shutdown_generation_are_enforced)
2026-09-07T06:18:16.6143350Z ! @brief TPC \ube44\ud65c\uc131 target\uacfc end-during-connect \uacbd\uacc4\ub97c \uc815\uc801\uc73c\ub85c \uace0\uc815\ud569\ub2c8\ub2e4. ... ok
2026-09-07T06:18:16.6144976Z test_nus_callbacks_ignore_generic_gap_links_and_targets_link_bundle (test_m19_ble_gap_contract.M19BleGapContractTests.test_nus_callbacks_ignore_generic_gap_links_and_targets_link_bundle)
2026-09-07T06:18:16.6166903Z ! @brief GAP/GATT link\uac00 \ubbf8\uc0ac\uc6a9 NUS \uc0c1\ud0dc\ub97c \uc624\uc5fc\ud558\uc9c0 \uc54a\ub3c4\ub85d bundle parity\ub97c \uace0\uc815\ud569\ub2c8\ub2e4. ... ok
2026-09-07T06:18:16.6168249Z test_once_init_and_m21_observer_hooks_are_shared (test_m19_ble_gap_contract.M19BleGapContractTests.test_once_init_and_m21_observer_hooks_are_shared)
2026-09-07T06:18:16.6173095Z ! @brief NUS/GAP/M21\uc774 bt_enable\uacfc connection callback\uc744 \uc911\ubcf5 \uc18c\uc720\ud558\uc9c0 \uc54a\uc2b5\ub2c8\ub2e4. ... ok
2026-09-07T06:18:16.6174571Z test_public_header_is_arduino_friendly_and_complete (test_m19_ble_gap_contract.M19BleGapContractTests.test_public_header_is_arduino_friendly_and_complete)
2026-09-07T06:18:16.6175953Z ! @brief Zephyr type \uc5c6\uc774 \ubaa9\ud45c GAP \uac1d\uccb4\uc640 \uc9c4\ub2e8\uc744 \ub178\ucd9c\ud569\ub2c8\ub2e4. ... ok
2026-09-07T06:18:16.6177690Z test_stack_callbacks_only_enqueue_bounded_records (test_m19_ble_gap_contract.M19BleGapContractTests.test_stack_callbacks_only_enqueue_bounded_records)
2026-09-07T06:18:16.6211342Z ! @brief Bluetooth callback\uc5d0\uc11c user callback�heap \uc0ac\uc6a9\uc744 \uae08\uc9c0\ud569\ub2c8\ub2e4. ... ok
2026-09-07T06:18:16.6212583Z test_user_phy_control_disables_zephyr_auto_update (test_m19_ble_gap_contract.M19BleGapContractTests.test_user_phy_control_disables_zephyr_auto_update)
2026-09-07T06:18:16.6215123Z ! @brief \uacf5\uac1c PHY \uc694\uccad\uacfc HIL\uc774 Zephyr \uc790\ub3d9 PHY \uc808\ucc28\uc640 \uacbd\uc7c1\ud558\uc9c0 \uc54a\ub3c4\ub85d \uace0\uc815\ud569\ub2c8\ub2e4. ... ok
2026-09-07T06:18:16.6216212Z 
2026-09-07T06:18:16.6216399Z ----------------------------------------------------------------------
2026-09-07T06:18:16.6216834Z Ran 8 tests in 0.039s
2026-09-07T06:18:16.6216999Z 
2026-09-07T06:18:16.6217082Z OK
2026-09-07T06:18:16.6336336Z [M12] exec: C:\hostedtoolcache\windows\Python\3.12.10\x64\python.exe -m unittest discover -v -s D:\a\NU54DK_Arduino_Core\NU54DK_Arduino_Core\tests\host -p test_m19_ble_gap_hil.py
2026-09-07T06:18:16.7529296Z test_reordered_token_is_rejected (test_m19_ble_gap_hil.M19BleGapHilParserTest.test_reordered_token_is_rejected) ... ok
2026-09-07T06:18:16.7530372Z test_short_nonce_is_rejected (test_m19_ble_gap_hil.M19BleGapHilParserTest.test_short_nonce_is_rejected)
2026-09-07T06:18:16.7531657Z ! @brief full 128-bit\uac00 \uc544\ub2cc RF fixture nonce\ub97c \uac70\ubd80\ud569\ub2c8\ub2e4. ... ok
2026-09-07T06:18:16.7532582Z test_stale_nonce_is_rejected (test_m19_ble_gap_hil.M19BleGapHilParserTest.test_stale_nonce_is_rejected) ... ok
2026-09-07T06:18:16.7533905Z test_target_fail_is_rejected (test_m19_ble_gap_hil.M19BleGapHilParserTest.test_target_fail_is_rejected) ... ok
2026-09-07T06:18:16.7535895Z test_valid_pair_transcripts_pass (test_m19_ble_gap_hil.M19BleGapHilParserTest.test_valid_pair_transcripts_pass) ... ok
2026-09-07T06:18:16.7536529Z 
2026-09-07T06:18:16.7536708Z ----------------------------------------------------------------------
2026-09-07T06:18:16.7537118Z Ran 5 tests in 0.001s
2026-09-07T06:18:16.7537279Z 
2026-09-07T06:18:16.7537365Z OK
2026-09-07T06:18:16.7662806Z [M12] exec: C:\hostedtoolcache\windows\Python\3.12.10\x64\python.exe -m unittest discover -v -s D:\a\NU54DK_Arduino_Core\NU54DK_Arduino_Core\tests\host -p test_m20_ble_gatt_contract.py
2026-09-07T06:18:16.8438876Z test_client_disconnect_invalidates_and_discovery_is_bounded (test_m20_ble_gatt_contract.M20BleGattContractTests.test_client_disconnect_invalidates_and_discovery_is_bounded)
2026-09-07T06:18:16.8466756Z ! @brief reconnect \ub4a4 stale handle�subscription \uc790\ub3d9 \uc7ac\uc0ac\uc6a9\uc744 \ub9c9\uc2b5\ub2c8\ub2e4. ... ok
2026-09-07T06:18:16.8468321Z test_kconfig_examples_and_target_contracts_exist (test_m20_ble_gatt_contract.M20BleGattContractTests.test_kconfig_examples_and_target_contracts_exist)
2026-09-07T06:18:16.8475341Z ! @brief resolver config, examples\uc640 M19/M20 \ubd84\ub9ac target gate\ub97c \ud655\uc778\ud569\ub2c8\ub2e4. ... ok
2026-09-07T06:18:16.8476684Z test_public_server_and_client_surface_is_complete (test_m20_ble_gatt_contract.M20BleGattContractTests.test_public_server_and_client_surface_is_complete)
2026-09-07T06:18:16.8480240Z ! @brief portable UUID�service�characteristic�remote handle API\ub97c \uac80\uc0ac\ud569\ub2c8\ub2e4. ... ok
2026-09-07T06:18:16.8481581Z test_schema_is_registered_before_stack_and_locked_after_start (test_m20_ble_gatt_contract.M20BleGattContractTests.test_schema_is_registered_before_stack_and_locked_after_start)
2026-09-07T06:18:16.8518516Z ! @brief service \ub4f1\ub85d\u2192bt_enable/settings_load \uc21c\uc11c\uc640 late mutation \uac70\ubd80\ub97c \uace0\uc815\ud569\ub2c8\ub2e4. ... ok
2026-09-07T06:18:16.8519911Z test_server_callbacks_copy_to_fixed_queue_and_use_cached_read (test_m20_ble_gatt_contract.M20BleGattContractTests.test_server_callbacks_copy_to_fixed_queue_and_use_cached_read)
2026-09-07T06:18:16.8566755Z ! @brief stack callback\uc5d0\uc11c Sketch\ub97c \ud638\ucd9c\ud558\uc9c0 \uc54a\uace0 cached value\ub9cc \uc77d\uc2b5\ub2c8\ub2e4. ... ok
2026-09-07T06:18:16.8567993Z test_thread_context_and_session_tokens_fail_closed (test_m20_ble_gatt_contract.M20BleGattContractTests.test_thread_context_and_session_tokens_fail_closed)
2026-09-07T06:18:16.8596216Z ! @brief ISR stack \uc9c4\uc785\uacfc disconnect \ub4a4 stale callback \uc7ac\uc0ac\uc6a9\uc744 \uac70\ubd80\ud569\ub2c8\ub2e4. ... ok
2026-09-07T06:18:16.8597764Z 
2026-09-07T06:18:16.8598022Z ----------------------------------------------------------------------
2026-09-07T06:18:16.8598552Z Ran 6 tests in 0.016s
2026-09-07T06:18:16.8598750Z 
2026-09-07T06:18:16.8598845Z OK
2026-09-07T06:18:16.8704317Z [M12] exec: C:\hostedtoolcache\windows\Python\3.12.10\x64\python.exe -m unittest discover -v -s D:\a\NU54DK_Arduino_Core\NU54DK_Arduino_Core\tests\host -p test_m20_ble_gatt_hil.py
2026-09-07T06:18:16.9844942Z test_missing_rediscovery_is_rejected (test_m20_ble_gatt_hil.M20BleGattHilParserTest.test_missing_rediscovery_is_rejected) ... ok
2026-09-07T06:18:16.9847277Z test_reordered_write_modes_are_rejected (test_m20_ble_gatt_hil.M20BleGattHilParserTest.test_reordered_write_modes_are_rejected) ... ok
2026-09-07T06:18:16.9848890Z test_short_nonce_is_rejected (test_m20_ble_gatt_hil.M20BleGattHilParserTest.test_short_nonce_is_rejected)
2026-09-07T06:18:16.9850281Z ! @brief full 128-bit\uac00 \uc544\ub2cc runner challenge\ub97c fail-closed\ub85c \uac70\ubd80\ud569\ub2c8\ub2e4. ... ok
2026-09-07T06:18:16.9851706Z test_stale_nonce_is_rejected (test_m20_ble_gatt_hil.M20BleGattHilParserTest.test_stale_nonce_is_rejected) ... ok
2026-09-07T06:18:16.9853010Z test_target_fail_is_rejected (test_m20_ble_gatt_hil.M20BleGattHilParserTest.test_target_fail_is_rejected) ... ok
2026-09-07T06:18:16.9854918Z test_valid_pair_transcripts_pass (test_m20_ble_gatt_hil.M20BleGattHilParserTest.test_valid_pair_transcripts_pass) ... ok
2026-09-07T06:18:16.9855694Z 
2026-09-07T06:18:16.9855957Z ----------------------------------------------------------------------
2026-09-07T06:18:16.9856466Z Ran 6 tests in 0.001s
2026-09-07T06:18:16.9856666Z 
2026-09-07T06:18:16.9856780Z OK
2026-09-07T06:18:16.9985982Z [M12] exec: C:\hostedtoolcache\windows\Python\3.12.10\x64\python.exe -m unittest discover -v -s D:\a\NU54DK_Arduino_Core\NU54DK_Arduino_Core\tests\host -p test_m21_ble_security_contract.py
2026-09-07T06:18:17.0790368Z test_already_encrypted_restore_is_verified_without_duplicate_event (test_m21_ble_security_contract.M21BleSecurityContractTests.test_already_encrypted_restore_is_verified_without_duplicate_event)
2026-09-07T06:18:17.0813408Z ! @brief connected \uc2dc\uc810\uc5d0 \uc774\ubbf8 L2\uc778 bond \ubcf5\uc6d0 race\ub97c \uc989\uc2dc \uac80\uc99d\ud569\ub2c8\ub2e4. ... ok
2026-09-07T06:18:17.0816152Z test_auth_callbacks_match_the_configured_io_capability (test_m21_ble_security_contract.M21BleSecurityContractTests.test_auth_callbacks_match_the_configured_io_capability)
2026-09-07T06:18:17.0839442Z ! @brief \uc2e4\uc81c \uc7a5\uce58 \uc785\ucd9c\ub825\ubcf4\ub2e4 \uac15\ud55c SMP capability\ub97c \uad11\uace0\ud558\uc9c0 \uc54a\uc2b5\ub2c8\ub2e4. ... ok
2026-09-07T06:18:17.0841373Z test_backend_reuses_common_stack_and_connection_hooks (test_m21_ble_security_contract.M21BleSecurityContractTests.test_backend_reuses_common_stack_and_connection_hooks)
2026-09-07T06:18:17.0865165Z ! @brief M21\uc774 bt_enable\uc774\ub098 \ubcc4\ub3c4 connection callback\uc744 \ub9cc\ub4e4\uc9c0 \ubabb\ud558\uac8c \ud569\ub2c8\ub2e4. ... ok
2026-09-07T06:18:17.0866722Z test_board_and_security_share_zms_settings_backend (test_m21_ble_security_contract.M21BleSecurityContractTests.test_board_and_security_share_zms_settings_backend)
2026-09-07T06:18:17.0871827Z ! @brief board/system\uacfc BLE bond \uc800\uc7a5\uc18c\uac00 \ub2e8\uc77c ZMS backend\ub97c \uacf5\uc720\ud569\ub2c8\ub2e4. ... ok
2026-09-07T06:18:17.0873482Z test_bond_is_verified_only_after_reboot_key_restore (test_m21_ble_security_contract.M21BleSecurityContractTests.test_bond_is_verified_only_after_reboot_key_restore)
2026-09-07T06:18:17.0897015Z ! @brief \uac19\uc740 boot\uc758 \uba54\ubaa8\ub9ac \ubaa9\ub85d\uc744 persistence \uc131\uacf5\uc73c\ub85c \uc624\ud310\ud558\uc9c0 \uc54a\uc2b5\ub2c8\ub2e4. ... ok
2026-09-07T06:18:17.0898399Z test_erased_probe_rejects_every_interactive_pairing_path (test_m21_ble_security_contract.M21BleSecurityContractTests.test_erased_probe_rejects_every_interactive_pairing_path)
2026-09-07T06:18:17.0902692Z ! @brief \uc774\uc804 key \uac70\ubd80 \ub2e8\uacc4\uc5d0\uc11c Just Works\uc640 passkey \uc7ac pairing\uc744 \ubaa8\ub450 \uac70\ubd80\ud569\ub2c8\ub2e4. ... ok
2026-09-07T06:18:17.0904048Z test_feature_enables_smp_settings_bas_dis_and_encrypted_hids (test_m21_ble_security_contract.M21BleSecurityContractTests.test_feature_enables_smp_settings_bas_dis_and_encrypted_hids)
2026-09-07T06:18:17.0906378Z ! @brief \ubcc4\ub3c4 feature\uac00 \ud45c\uc900 profile dependency\ub97c \uc644\uc804\ud558\uac8c \uc120\uc5b8\ud558\ub294\uc9c0 \uac80\uc0ac\ud569\ub2c8\ub2e4. ... ok
2026-09-07T06:18:17.0908323Z test_hid_is_protocol_automated_but_os_claim_is_absent (test_m21_ble_security_contract.M21BleSecurityContractTests.test_hid_is_protocol_automated_but_os_claim_is_absent)
2026-09-07T06:18:17.0926200Z ! @brief protocol report\uc640 OS \uc218\ub3d9 \ud655\uc778 \uacbd\uacc4\ub97c \ud63c\ub3d9\ud558\uc9c0 \uc54a\ub3c4\ub85d \uace0\uc815\ud569\ub2c8\ub2e4. ... ok
2026-09-07T06:18:17.0928257Z test_hil_bounds_pre_security_link_recovery_in_main_loop (test_m21_ble_security_contract.M21BleSecurityContractTests.test_hil_bounds_pre_security_link_recovery_in_main_loop)
2026-09-07T06:18:17.0934230Z ! @brief \uc5f0\uacb0 \uc131\ub9bd transient\ub9cc phase\ub2f9 \uc138 \ubc88\uae4c\uc9c0 callback \ubc16\uc5d0\uc11c \ubcf5\uad6c\ud569\ub2c8\ub2e4. ... ok
2026-09-07T06:18:17.0936110Z test_hil_clear_stops_only_active_gap_operations (test_m21_ble_security_contract.M21BleSecurityContractTests.test_hil_clear_stops_only_active_gap_operations)
2026-09-07T06:18:17.0942004Z ! @brief \ucd08\uae30 CLEAR\uac00 \uc720\ud734 GAP \uac1d\uccb4\uc758 \uc624\ub958 event\ub97c \ub9cc\ub4e4\uc9c0 \uc54a\ub3c4\ub85d \uace0\uc815\ud569\ub2c8\ub2e4. ... ok
2026-09-07T06:18:17.0943486Z test_hil_continues_when_security_was_satisfied_before_event_poll (test_m21_ble_security_contract.M21BleSecurityContractTests.test_hil_continues_when_security_was_satisfied_before_event_poll)
2026-09-07T06:18:17.0947006Z ! @brief \ubcf4\uc548 event\uc640 GAP/read \uc0c1\ud0dc\uae30\uc758 \uad50\ucc28 \uc21c\uc11c\uc5d0\ub3c4 profile \uac80\uc99d\uc744 \uc7ac\uac1c\ud569\ub2c8\ub2e4. ... ok
2026-09-07T06:18:17.0948257Z test_hil_defers_non_fresh_security_request_to_main_loop (test_m21_ble_security_contract.M21BleSecurityContractTests.test_hil_defers_non_fresh_security_request_to_main_loop)
2026-09-07T06:18:17.0956923Z ! @brief \uc5f0\uacb0 \uc9c1\ud6c4 \uc694\uccad\uc744 \ubbf8\ub8e8\uace0 \uc774\ubbf8 \uc9c4\ud589 \uc911\uc778 SMP\ub294 bounded \uac04\uaca9\uc73c\ub85c \uc7ac\ud655\uc778\ud569\ub2c8\ub2e4. ... ok
2026-09-07T06:18:17.0958508Z test_hil_initializes_runtime_profiles_after_stack_enable (test_m21_ble_security_contract.M21BleSecurityContractTests.test_hil_initializes_runtime_profiles_after_stack_enable)
2026-09-07T06:18:17.0961664Z ! @brief HIDS\ub294 stack \uc804\uc5d0 \ub4f1\ub85d\ud558\uace0 DIS�BAS runtime \uac12\uc740 stack \ub4a4\uc5d0 \uc124\uc815\ud569\ub2c8\ub2e4. ... ok
2026-09-07T06:18:17.0962945Z test_hil_invalidates_stale_gatt_callbacks_on_disconnect_and_reset (test_m21_ble_security_contract.M21BleSecurityContractTests.test_hil_invalidates_stale_gatt_callbacks_on_disconnect_and_reset)
2026-09-07T06:18:17.0965542Z ! @brief \uc774\uc804 \uc5f0\uacb0 callback\uc774 \uc0c8 phase \uc644\ub8cc flag\ub97c \uc624\uc5fc\ud558\uc9c0 \ubabb\ud558\uac8c \uc138\ub300\ub97c \ubb34\ud6a8\ud654\ud569\ub2c8\ub2e4. ... ok
2026-09-07T06:18:17.0967368Z test_hil_observes_encrypted_read_denial_before_security_request (test_m21_ble_security_contract.M21BleSecurityContractTests.test_hil_observes_encrypted_read_denial_before_security_request)
2026-09-07T06:18:17.0970893Z ! @brief ATT \uc790\ub3d9 \ubcf4\uc548 \uc7ac\uc2dc\ub3c4\ub97c \ub044\uace0 \ud3c9\ubb38 HIDS read \uac70\ubd80\ub97c \uc9c1\uc811 \uac80\uc99d\ud569\ub2c8\ub2e4. ... ok
2026-09-07T06:18:17.0972328Z test_hil_repeats_profile_notifications_after_server_ccc_restore (test_m21_ble_security_contract.M21BleSecurityContractTests.test_hil_repeats_profile_notifications_after_server_ccc_restore)
2026-09-07T06:18:17.0976937Z ! @brief client \uad6c\ub3c5 \uc7ac\ub4f1\ub85d \uc804 \uc1a1\uc2e0 \uc131\uacf5 race\uc5d0\ub3c4 profile \uac12\uc744 \ubc18\ubcf5 \uc804\ub2ec\ud569\ub2c8\ub2e4. ... ok
2026-09-07T06:18:17.0978091Z test_hil_serializes_all_gatt_transitions_by_main_loop (test_m21_ble_security_contract.M21BleSecurityContractTests.test_hil_serializes_all_gatt_transitions_by_main_loop)
2026-09-07T06:18:17.0983244Z ! @brief discovery�read�subscribe \uc804\uc774\ub97c one-shot main-loop \uc791\uc5c5\uc73c\ub85c \uc9c1\ub82c\ud654\ud569\ub2c8\ub2e4. ... ok
2026-09-07T06:18:17.0984500Z test_hil_uses_typed_characteristic_and_auto_ccc_discovery (test_m21_ble_security_contract.M21BleSecurityContractTests.test_hil_uses_typed_characteristic_and_auto_ccc_discovery)
2026-09-07T06:18:17.0986905Z ! @brief \uc6d0\uaca9 characteristic \uac12\uacfc CCC\ub97c \uc720\ud6a8\ud55c Zephyr discovery \ubc29\uc2dd\uc73c\ub85c \ucc3e\uc2b5\ub2c8\ub2e4. ... ok
2026-09-07T06:18:17.0988226Z test_library_discovery_phase_excludes_internal_zephyr_backend (test_m21_ble_security_contract.M21BleSecurityContractTests.test_library_discovery_phase_excludes_internal_zephyr_backend)
2026-09-07T06:18:17.1005386Z ! @brief Arduino \ud0d0\uc0c9 compile\uc5d0\uc11c\ub294 \uacf5\uac1c header\ub9cc \ud574\uc11d\ud558\ub3c4\ub85d \uace0\uc815\ud569\ub2c8\ub2e4. ... ok
2026-09-07T06:18:17.1007247Z test_pairing_callbacks_defer_user_code_and_never_log_secrets (test_m21_ble_security_contract.M21BleSecurityContractTests.test_pairing_callbacks_defer_user_code_and_never_log_secrets)
2026-09-07T06:18:17.1090718Z ! @brief stack callback\uc5d0\uc11c Sketch callback�Serial passkey \ucd9c\ub825\uc744 \uae08\uc9c0\ud569\ub2c8\ub2e4. ... ok
2026-09-07T06:18:17.1091971Z test_public_surface_covers_security_profiles_and_hid (test_m21_ble_security_contract.M21BleSecurityContractTests.test_public_surface_covers_security_profiles_and_hid)
2026-09-07T06:18:17.1096246Z ! @brief pairing�bond�BAS�DIS�keyboard API\uac00 \ubaa8\ub450 \uacf5\uac1c\ub418\ub294\uc9c0 \ud655\uc778\ud569\ub2c8\ub2e4. ... ok
2026-09-07T06:18:17.1097346Z test_security_request_synchronizes_an_already_secured_link (test_m21_ble_security_contract.M21BleSecurityContractTests.test_security_request_synchronizes_an_already_secured_link)
2026-09-07T06:18:17.1117082Z ! @brief \ubcf4\uc548 \uc694\uccad \uc804�\ud6c4\uc5d0 \uc774\ubbf8 \ucda9\uc871\ub41c link\ub97c event\uc640 bond \uc0c1\ud0dc\uc5d0 \ub3d9\uae30\ud654\ud569\ub2c8\ub2e4. ... ok
2026-09-07T06:18:17.1117880Z 
2026-09-07T06:18:17.1118073Z ----------------------------------------------------------------------
2026-09-07T06:18:17.1118474Z Ran 22 tests in 0.033s
2026-09-07T06:18:17.1118644Z 
2026-09-07T06:18:17.1118726Z OK
2026-09-07T06:18:17.1212037Z [M12] exec: C:\hostedtoolcache\windows\Python\3.12.10\x64\python.exe -m unittest discover -v -s D:\a\NU54DK_Arduino_Core\NU54DK_Arduino_Core\tests\host -p test_m21_ble_security_hil.py
2026-09-07T06:18:17.2446739Z test_accepts_pair_restore_erase_repair_and_profiles (test_m21_ble_security_hil.M21BleSecurityHilTests.test_accepts_pair_restore_erase_repair_and_profiles)
2026-09-07T06:18:17.2453029Z ! @brief exact \uc911\uc559�\uc8fc\ubcc0\uc7a5\uce58 transcript\ub97c \uc2b9\uc778\ud569\ub2c8\ub2e4. ... ok
2026-09-07T06:18:17.2454784Z test_boot_ready_ignores_preflash_protocol_but_runtime_rejects_it (test_m21_ble_security_hil.M21BleSecurityHilTests.test_boot_ready_ignores_preflash_protocol_but_runtime_rejects_it)
2026-09-07T06:18:17.2458276Z ! @brief flash \uc911 \ub0a8\uc740 \uc774\uc804 firmware token\uc740 READY \uc804\ub9cc \ubb34\uc2dc\ud569\ub2c8\ub2e4. ... ok
2026-09-07T06:18:17.2459526Z test_evidence_marks_only_protocol_hid_as_automatic (test_m21_ble_security_hil.M21BleSecurityHilTests.test_evidence_marks_only_protocol_hid_as_automatic)
2026-09-07T06:18:17.2508541Z ! @brief OS \uc785\ub825 \ud655\uc778\uc740 \uc790\ub3d9 PASS\uc640 \ubd84\ub9ac\ud574 pending\uc73c\ub85c \ub0a8\uae41\ub2c8\ub2e4. ... ok
2026-09-07T06:18:17.2509918Z test_phase_transitions_have_bounded_security_settle_windows (test_m21_ble_security_hil.M21BleSecurityHilTests.test_phase_transitions_have_bounded_security_settle_windows)
2026-09-07T06:18:17.2512613Z ! @brief bond \uc800\uc7a5�\uc7ac\ubd80\ud305 \uc900\ube44�SMP \uac70\ubd80 \ub4a4\uc5d0 \uc81c\ud55c\ub41c \uc804\ud658 \uc720\uc608\ub97c \uac15\uc81c\ud569\ub2c8\ub2e4. ... ok
2026-09-07T06:18:17.2513978Z test_rejects_erase_without_post_reboot_zero_bond (test_m21_ble_security_hil.M21BleSecurityHilTests.test_rejects_erase_without_post_reboot_zero_bond)
2026-09-07T06:18:17.2515678Z ! @brief \uc81c\uac70 \uc694\uccad \uc9c1\ud6c4 \uac12\uc744 \uc601\uc18d \uc0ad\uc81c \uc644\ub8cc\ub85c \uc624\ud310\ud558\uc9c0 \uc54a\uc2b5\ub2c8\ub2e4. ... ok
2026-09-07T06:18:17.2516717Z test_rejects_missing_encrypted_gatt_negative_or_hid (test_m21_ble_security_hil.M21BleSecurityHilTests.test_rejects_missing_encrypted_gatt_negative_or_hid)
2026-09-07T06:18:17.2518291Z ! @brief \uc554\ud638\ud654 \uc804 \uac70\ubd80\ub098 8-byte HID \uac80\uc99d \ub204\ub77d\uc744 \uac70\ubd80\ud569\ub2c8\ub2e4. ... ok
2026-09-07T06:18:17.2519210Z test_rejects_missing_or_short_rf_nonce_binding (test_m21_ble_security_hil.M21BleSecurityHilTests.test_rejects_missing_or_short_rf_nonce_binding)
2026-09-07T06:18:17.2520558Z ! @brief 128-bit RF peer binding \ub204\ub77d�\ucd95\uc18c\ub97c \ubaa8\ub450 \uac70\ubd80\ud569\ub2c8\ub2e4. ... ok
2026-09-07T06:18:17.2521934Z test_rejects_stale_nonce_target_fail_and_wrong_pairing_count (test_m21_ble_security_hil.M21BleSecurityHilTests.test_rejects_stale_nonce_target_fail_and_wrong_pairing_count)
2026-09-07T06:18:17.2523634Z ! @brief stale \uc2e4\ud589, target FAIL\uacfc restore \uc7ac\ud398\uc5b4\ub97c \ubaa8\ub450 \uac70\ubd80\ud569\ub2c8\ub2e4. ... ok
2026-09-07T06:18:17.2524600Z test_requires_distinct_boards_and_exact_nonce (test_m21_ble_security_hil.M21BleSecurityHilTests.test_requires_distinct_boards_and_exact_nonce)
2026-09-07T06:18:17.2529105Z ! @brief \uac19\uc740 UID�MSD�UART\uc640 \uc798\ubabb\ub41c nonce\ub97c \ucc28\ub2e8\ud569\ub2c8\ub2e4. ... ok
2026-09-07T06:18:17.2530779Z test_uart_console_rendering_is_ascii_safe (test_m21_ble_security_hil.M21BleSecurityHilTests.test_uart_console_rendering_is_ascii_safe)
2026-09-07T06:18:17.2531821Z ! @brief UTF-8\ub85c \ud574\uc11d \uac00\ub2a5\ud55c UART \uc7a1\uc74c\ub3c4 Windows code page\uc640 \ubb34\uad00\ud558\uac8c \ucd9c\ub825\ud569\ub2c8\ub2e4. ... ok
2026-09-07T06:18:17.2532960Z 
2026-09-07T06:18:17.2533118Z ----------------------------------------------------------------------
2026-09-07T06:18:17.2533450Z Ran 10 tests in 0.009s
2026-09-07T06:18:17.2533586Z 
2026-09-07T06:18:17.2533653Z OK
2026-09-07T06:18:17.2533998Z [central] NUCODE_M21_EVENT:DISCONNECTED:role=central:nonce=fedcba9876543210fedcba9876543210
2026-09-07T06:18:17.2534475Z [central] NUCODE_M21_FAIL:role=central:reason=old-image
2026-09-07T06:18:17.2534809Z [central] NUCODE_M21_READY:role=central:bond_count=0
2026-09-07T06:18:17.2535280Z [central] NUCODE_M21_EVENT:DISCONNECTED:role=central:nonce=fedcba9876543210fedcba9876543210
2026-09-07T06:18:17.2657356Z [M12] exec: C:\hostedtoolcache\windows\Python\3.12.10\x64\python.exe -m unittest discover -v -s D:\a\NU54DK_Arduino_Core\NU54DK_Arduino_Core\tests\host -p test_m21_ble_security_negative.py
2026-09-07T06:18:17.3478685Z test_battery_isr_error_and_hid_usage_range_are_api_specific (test_m21_ble_security_negative.M21BleSecurityNegativeTests.test_battery_isr_error_and_hid_usage_range_are_api_specific)
2026-09-07T06:18:17.3480730Z ! @brief BAS ISR \uc624\ub958\uc640 HID descriptor \ubc94\uc704 \ubc16 usage\ub97c \uc815\ud655\ud788 \uac70\ubd80\ud569\ub2c8\ub2e4. ... ok
2026-09-07T06:18:17.3482239Z test_delete_scope_is_ble_bond_only_and_profile_is_ble_only (test_m21_ble_security_negative.M21BleSecurityNegativeTests.test_delete_scope_is_ble_bond_only_and_profile_is_ble_only)
2026-09-07T06:18:17.3487549Z ! @brief erase \ubc94\uc704\uc640 BLE profile \ud55c\uacc4\ub97c \uc720\uc9c0\ud558\uba74\uc11c NUS dependency\uc640 \uacb0\ud569\ud569\ub2c8\ub2e4. ... ok
2026-09-07T06:18:17.3489118Z test_hil_requires_full_rf_nonce_before_connect (test_m21_ble_security_negative.M21BleSecurityNegativeTests.test_hil_requires_full_rf_nonce_before_connect)
2026-09-07T06:18:17.3490549Z ! @brief \uc774\ub984\ub9cc \uac19\uc740 stale \uc7a5\uce58\uc5d0\ub294 \uc5f0\uacb0\ud558\uc9c0 \uc54a\uace0 128-bit nonce\ub97c \uc694\uad6c\ud569\ub2c8\ub2e4. ... ok
2026-09-07T06:18:17.3492115Z test_no_fixed_passkey_secret_log_or_unencrypted_hids_config (test_m21_ble_security_negative.M21BleSecurityNegativeTests.test_no_fixed_passkey_secret_log_or_unencrypted_hids_config)
2026-09-07T06:18:17.3507707Z ! @brief \uace0\uc815 passkey�secret \ub85c\uadf8�\ud3c9\ubb38 HIDS \uc124\uc815\uc744 \ubaa8\ub450 \uae08\uc9c0\ud569\ub2c8\ub2e4. ... ok
2026-09-07T06:18:17.3508919Z test_rejects_hid_before_encryption_or_subscription (test_m21_ble_security_negative.M21BleSecurityNegativeTests.test_rejects_hid_before_encryption_or_subscription)
2026-09-07T06:18:17.3510375Z ! @brief L2 \ubbf8\ub9cc link\uc640 CCC \ubbf8\uad6c\ub3c5 HID \uc804\uc1a1\uc744 PASS\ub85c \uc62c\ub9ac\uc9c0 \uc54a\uc2b5\ub2c8\ub2e4. ... ok
2026-09-07T06:18:17.3511887Z test_rejects_security_below_encrypted_and_invalid_timeout (test_m21_ble_security_negative.M21BleSecurityNegativeTests.test_rejects_security_below_encrypted_and_invalid_timeout)
2026-09-07T06:18:17.3513789Z ! @brief \ubb34\uc554\ud638\ud654 \ubc0f \ube44\uc815\uc0c1 \uc0ac\uc6a9\uc790 \uc751\ub2f5 timeout\uc744 \ucd08\uae30\ud654\uc5d0\uc11c \uac70\ubd80\ud569\ub2c8\ub2e4. ... ok
2026-09-07T06:18:17.3515643Z test_same_boot_bond_is_pending_and_never_false_verified (test_m21_ble_security_negative.M21BleSecurityNegativeTests.test_same_boot_bond_is_pending_and_never_false_verified)
2026-09-07T06:18:17.3516875Z ! @brief pairing \uc9c1\ud6c4\uc5d0\ub294 persistence pending\uc774\uba70 reboot \ubcf5\uc6d0 \uc804 bonded\uac00 \uc544\ub2d9\ub2c8\ub2e4. ... ok
2026-09-07T06:18:17.3517471Z 
2026-09-07T06:18:17.3517640Z ----------------------------------------------------------------------
2026-09-07T06:18:17.3519007Z Ran 7 tests in 0.004s
2026-09-07T06:18:17.3519188Z 
2026-09-07T06:18:17.3519258Z OK
2026-09-07T06:18:17.3614584Z [M12] exec: C:\hostedtoolcache\windows\Python\3.12.10\x64\python.exe -m unittest discover -v -s D:\a\NU54DK_Arduino_Core\NU54DK_Arduino_Core\tests\host -p test_m22_cleanroom.py
2026-09-07T06:18:17.4926429Z test_cleanup_rejects_parent_wrong_token_and_changed_evidence (test_m22_cleanroom.M22CleanroomTests.test_cleanup_rejects_parent_wrong_token_and_changed_evidence)
2026-09-07T06:18:17.5025878Z ! @brief broad target, token mismatch, evidence 변경을 모두 fail-closed 처리합니다. ... ok
2026-09-07T06:18:17.5026777Z test_cleanup_removes_only_exact_leaf_and_preserves_evidence (test_m22_cleanroom.M22CleanroomTests.test_cleanup_removes_only_exact_leaf_and_preserves_evidence)
2026-09-07T06:18:17.5105065Z ! @brief marker와 외부 hash 확인 뒤 exact run leaf 하나만 제거합니다. ... ok
2026-09-07T06:18:17.5106065Z test_cleanup_removes_windows_readonly_file_inside_exact_leaf (test_m22_cleanroom.M22CleanroomTests.test_cleanup_removes_windows_readonly_file_inside_exact_leaf)
2026-09-07T06:18:17.5190555Z ! @brief 격리 NCS Git object와 같은 Windows 읽기 전용 파일도 안전하게 제거합니다. ... ok
2026-09-07T06:18:17.5191268Z test_core_list_uses_installed_version_field (test_m22_cleanroom.M22CleanroomTests.test_core_list_uses_installed_version_field)
2026-09-07T06:18:17.5216925Z ! @brief Arduino CLI 1.5 JSON의 installed_version을 exact 비교합니다. ... ok
2026-09-07T06:18:17.5217744Z test_dry_run_contract_has_no_side_effect_and_no_uid_field (test_m22_cleanroom.M22CleanroomTests.test_dry_run_contract_has_no_side_effect_and_no_uid_field)
2026-09-07T06:18:17.5250473Z ! @brief 실제 설치 전 exact URL·격리·수명주기·cleanup 정책을 고정합니다. ... ok
2026-09-07T06:18:17.5251274Z test_environment_rehomes_every_mutable_root (test_m22_cleanroom.M22CleanroomTests.test_environment_rehomes_every_mutable_root)
2026-09-07T06:18:17.5281789Z ! @brief 원래 Arduino15/NCS/PATH를 상속하지 않고 run leaf로 재배치합니다. ... ok
2026-09-07T06:18:17.5282907Z test_flash_log_binds_exact_uid_and_non_destructive_options (test_m22_cleanroom.M22CleanroomTests.test_flash_log_binds_exact_uid_and_non_destructive_options)
2026-09-07T06:18:17.5352829Z ! @brief 설치본 upload가 exact UID·HEX를 쓰고 erase/recover를 금지합니다. ... ok
2026-09-07T06:18:17.5353933Z test_layout_does_not_precreate_nordic_install_leaves (test_m22_cleanroom.M22CleanroomTests.test_layout_does_not_precreate_nordic_install_leaves)
2026-09-07T06:18:17.5488576Z ! @brief Nordic SDK와 Toolchain 설치 대상 leaf를 미리 만들지 않습니다. ... ok
2026-09-07T06:18:17.5489342Z test_layout_rejects_preexisting_nordic_install_leaf (test_m22_cleanroom.M22CleanroomTests.test_layout_rejects_preexisting_nordic_install_leaf)
2026-09-07T06:18:17.5791070Z ! @brief Nordic 설치 대상 leaf가 먼저 생기면 즉시 중단합니다. ... ok
2026-09-07T06:18:17.5792098Z test_rc_index_requires_exact_public_asset_identity (test_m22_cleanroom.M22CleanroomTests.test_rc_index_requires_exact_public_asset_identity)
2026-09-07T06:18:17.5819912Z ! @brief 공개 RC URL/hash/size가 plan과 다르면 설치 전에 차단합니다. ... ok
2026-09-07T06:18:17.5821525Z test_readonly_retry_rejects_path_outside_exact_leaf (test_m22_cleanroom.M22CleanroomTests.test_readonly_retry_rejects_path_outside_exact_leaf)
2026-09-07T06:18:17.5856521Z ! @brief 읽기 전용 복구 callback이 exact run leaf 밖 경로를 거부합니다. ... ok
2026-09-07T06:18:17.5857369Z test_runner_binding_requires_exact_release_commit_and_bytes (test_m22_cleanroom.M22CleanroomTests.test_runner_binding_requires_exact_release_commit_and_bytes)
2026-09-07T06:18:17.5908191Z ! @brief clean-room runner가 exact plan commit과 byte에 묶이는지 확인합니다. ... ok
2026-09-07T06:18:17.5909148Z test_uid_and_user_path_are_redacted (test_m22_cleanroom.M22CleanroomTests.test_uid_and_user_path_are_redacted)
2026-09-07T06:18:17.5937059Z ! @brief 외부 log에 probe UID와 실제 Windows 사용자명이 남지 않습니다. ... ok
2026-09-07T06:18:17.5937479Z 
2026-09-07T06:18:17.5937733Z ----------------------------------------------------------------------
2026-09-07T06:18:17.5938230Z Ran 13 tests in 0.101s
2026-09-07T06:18:17.5938400Z 
2026-09-07T06:18:17.5938488Z OK
2026-09-07T06:18:17.6095997Z [M12] exec: C:\hostedtoolcache\windows\Python\3.12.10\x64\python.exe -m unittest discover -v -s D:\a\NU54DK_Arduino_Core\NU54DK_Arduino_Core\tests\host -p test_m22_fixed_gate.py
2026-09-07T06:18:17.7028095Z test_host_gate_is_exact_unittest_discovery (test_m22_fixed_gate.M22FixedGateTests.test_host_gate_is_exact_unittest_discovery)
2026-09-07T06:18:17.7039995Z ! @brief host gate가 임의 test command를 받지 않습니다. ... ok
2026-09-07T06:18:17.7040929Z test_package_examples_delegates_all_isolated_roots (test_m22_fixed_gate.M22FixedGateTests.test_package_examples_delegates_all_isolated_roots)
2026-09-07T06:18:17.7050972Z ! @brief 설치본 예제 gate에 SDK/toolchain/cache/forbid root를 모두 넘깁니다. ... ok
2026-09-07T06:18:17.7052286Z test_rc_upload_requires_exact_uid_but_redacts_it (test_m22_fixed_gate.M22FixedGateTests.test_rc_upload_requires_exact_uid_but_redacts_it)
2026-09-07T06:18:17.7065829Z ! @brief RC upload는 pyOCD 1회와 UID를 강제하되 공개 문구에서 지웁니다. ... ok
2026-09-07T06:18:17.7066751Z test_rc_upload_without_uid_fails_closed (test_m22_fixed_gate.M22FixedGateTests.test_rc_upload_without_uid_fails_closed)
2026-09-07T06:18:17.7077203Z ! @brief 다중 probe 환경에서 암묵 선택을 허용하지 않습니다. ... ok
2026-09-07T06:18:17.7077595Z 
2026-09-07T06:18:17.7077856Z ----------------------------------------------------------------------
2026-09-07T06:18:17.7078421Z Ran 4 tests in 0.005s
2026-09-07T06:18:17.7078617Z 
2026-09-07T06:18:17.7078710Z OK
2026-09-07T06:18:17.7224231Z [M12] exec: C:\hostedtoolcache\windows\Python\3.12.10\x64\python.exe -m unittest discover -v -s D:\a\NU54DK_Arduino_Core\NU54DK_Arduino_Core\tests\host -p test_m22_package_examples.py
2026-09-07T06:18:17.8375666Z test_deep_forbidden_path_scan_is_fail_closed (test_m22_package_examples.M22PackageExamplesTests.test_deep_forbidden_path_scan_is_fail_closed)
2026-09-07T06:18:17.8920193Z ! @brief 중첩 manifest 문자열의 기존 Arduino15 경로도 거부합니다. ... ok
2026-09-07T06:18:17.8921272Z test_discovery_accepts_only_installed_platform_paths (test_m22_package_examples.M22PackageExamplesTests.test_discovery_accepts_only_installed_platform_paths)
2026-09-07T06:18:17.9758373Z ! @brief Arduino CLI가 설치본에서 열거한 exact 29개만 승인합니다. ... ok
2026-09-07T06:18:17.9759531Z test_discovery_rejects_source_checkout_substitution (test_m22_package_examples.M22PackageExamplesTests.test_discovery_rejects_source_checkout_substitution)
2026-09-07T06:18:18.2639135Z ! @brief 저장소 source 예제를 설치본으로 가장하면 실패합니다. ... ok
2026-09-07T06:18:18.2648326Z test_discovery_rejects_unlocked_installed_package_example (test_m22_package_examples.M22PackageExamplesTests.test_discovery_rejects_unlocked_installed_package_example)
2026-09-07T06:18:18.3456238Z ! @brief 새 package 예제를 lock/compile 대상에서 빠뜨릴 수 없습니다. ... ok
2026-09-07T06:18:18.3457354Z test_lock_contains_every_29_profiled_examples (test_m22_package_examples.M22PackageExamplesTests.test_lock_contains_every_29_profiled_examples)
2026-09-07T06:18:18.3966089Z ! @brief 공개 package 예제 집합과 BLE profile 구분을 고정합니다. ... ok
2026-09-07T06:18:18.3967440Z test_lock_matches_every_repository_library_example (test_m22_package_examples.M22PackageExamplesTests.test_lock_matches_every_repository_library_example)
2026-09-07T06:18:18.4525113Z ! @brief package source에 추가된 Arduino 예제가 lock 밖으로 빠지지 않습니다. ... ok
2026-09-07T06:18:18.4526292Z test_manifest_binds_isolated_package_sdk_toolchain_and_cache (test_m22_package_examples.M22PackageExamplesTests.test_manifest_binds_isolated_package_sdk_toolchain_and_cache)
2026-09-07T06:18:18.5169332Z ! @brief build identity가 모든 격리 root와 HEX byte에 묶입니다. ... ok
2026-09-07T06:18:18.5169872Z 
2026-09-07T06:18:18.5170122Z ----------------------------------------------------------------------
2026-09-07T06:18:18.5170727Z Ran 7 tests in 0.680s
2026-09-07T06:18:18.5170945Z 
2026-09-07T06:18:18.5171053Z OK
2026-09-07T06:18:18.5313770Z [M12] exec: C:\hostedtoolcache\windows\Python\3.12.10\x64\python.exe -m unittest discover -v -s D:\a\NU54DK_Arduino_Core\NU54DK_Arduino_Core\tests\host -p test_m22_release.py
2026-09-07T06:18:18.6803169Z test_finalize_requires_exact_four_passed_gates (test_m22_release.M22ReleaseTests.test_finalize_requires_exact_four_passed_gates)
2026-09-07T06:18:18.7096623Z ! @brief host/examples/upload/clean-room 모두 있어야 RC3 ready가 됩니다. ... ok
2026-09-07T06:18:18.7097606Z test_package_contract_contains_only_exact_new_rc (test_m22_release.M22ReleaseTests.test_package_contract_contains_only_exact_new_rc)
2026-09-07T06:18:18.7103400Z ! @brief 0.3.0-rc.3이 과거 RC/stable 계약 뒤에 정확히 추가됩니다. ... ok
2026-09-07T06:18:18.7105586Z test_parser_exposes_no_publish_or_push_command (test_m22_release.M22ReleaseTests.test_parser_exposes_no_publish_or_push_command)
2026-09-07T06:18:18.7131684Z ! @brief M22 자동화가 GitHub Release 조작 경로를 제공하지 않습니다. ... ok
2026-09-07T06:18:18.7133023Z test_stable_index_is_exact_and_tamper_is_rejected (test_m22_release.M22ReleaseTests.test_stable_index_is_exact_and_tamper_is_rejected)
2026-09-07T06:18:18.7152675Z ! @brief RC3 준비가 기존 stable index 한 byte 변경도 거부합니다. ... ok
2026-09-07T06:18:18.7153689Z test_two_builds_must_be_byte_identical (test_m22_release.M22ReleaseTests.test_two_builds_must_be_byte_identical)
2026-09-07T06:18:18.7385862Z ! @brief 독립 build 중 한 byte라도 다르면 prepare가 진행되지 않습니다. ... ok
2026-09-07T06:18:18.7386380Z 
2026-09-07T06:18:18.7386877Z ----------------------------------------------------------------------
2026-09-07T06:18:18.7387316Z Ran 5 tests in 0.058s
2026-09-07T06:18:18.7387515Z 
2026-09-07T06:18:18.7387598Z OK
2026-09-07T06:18:18.7551949Z [M12] exec: C:\hostedtoolcache\windows\Python\3.12.10\x64\python.exe -m unittest discover -v -s D:\a\NU54DK_Arduino_Core\NU54DK_Arduino_Core\tests\host -p test_m23_peripheral_inventory.py
2026-09-07T06:18:18.9501078Z test_common_ownership_contract_lists_dma_and_event_resources (test_m23_peripheral_inventory.M23PeripheralInventoryTests.test_common_ownership_contract_lists_dma_and_event_resources) ... ok
2026-09-07T06:18:19.3487976Z test_common_ownership_dma_and_block_semantics_run_on_host (test_m23_peripheral_inventory.M23PeripheralInventoryTests.test_common_ownership_dma_and_block_semantics_run_on_host) ... ok
2026-09-07T06:18:19.5534507Z test_exhaustive_instance_omission_is_rejected (test_m23_peripheral_inventory.M23PeripheralInventoryTests.test_exhaustive_instance_omission_is_rejected) ... ok
2026-09-07T06:18:19.6470107Z test_pinned_ncs_dts_checksum_and_labels_are_verified (test_m23_peripheral_inventory.M23PeripheralInventoryTests.test_pinned_ncs_dts_checksum_and_labels_are_verified) ... skipped 'exact NCS v3.4.0 workspace is not installed'
2026-09-07T06:18:19.9682730Z test_public_inventory_api_compiles_links_and_runs (test_m23_peripheral_inventory.M23PeripheralInventoryTests.test_public_inventory_api_compiles_links_and_runs) ... ok
2026-09-07T06:18:20.1493111Z test_public_object_alias_is_rejected (test_m23_peripheral_inventory.M23PeripheralInventoryTests.test_public_object_alias_is_rejected) ... ok
2026-09-07T06:18:20.3298626Z test_same_serial_block_personality_set_is_exact (test_m23_peripheral_inventory.M23PeripheralInventoryTests.test_same_serial_block_personality_set_is_exact) ... ok
2026-09-07T06:18:20.5945905Z test_schema_inventory_sources_and_generated_outputs_pass (test_m23_peripheral_inventory.M23PeripheralInventoryTests.test_schema_inventory_sources_and_generated_outputs_pass) ... ok
2026-09-07T06:18:20.5947243Z 
2026-09-07T06:18:20.5947422Z ----------------------------------------------------------------------
2026-09-07T06:18:20.5947787Z Ran 8 tests in 1.738s
2026-09-07T06:18:20.5947926Z 
2026-09-07T06:18:20.5948000Z OK (skipped=1)
2026-09-07T06:18:20.6069173Z [M12] exec: C:\hostedtoolcache\windows\Python\3.12.10\x64\python.exe -m unittest discover -v -s D:\a\NU54DK_Arduino_Core\NU54DK_Arduino_Core\tests\host -p test_m24_serial_contract.py
2026-09-07T06:18:20.7161130Z test_block_personality_omission_is_rejected (test_m24_serial_contract.M24SerialContractTests.test_block_personality_omission_is_rejected) ... ok
2026-09-07T06:18:20.7172393Z test_candidate_header_and_handover_sources_are_required (test_m24_serial_contract.M24SerialContractTests.test_candidate_header_and_handover_sources_are_required) ... ok
2026-09-07T06:18:20.8078495Z test_contract_schema_generated_document_and_exact_ncs_pass (test_m24_serial_contract.M24SerialContractTests.test_contract_schema_generated_document_and_exact_ncs_pass) ... ok
2026-09-07T06:18:20.8197439Z test_dedicated_pin_mapping_and_board_conflict_are_rejected_on_drift (test_m24_serial_contract.M24SerialContractTests.test_dedicated_pin_mapping_and_board_conflict_are_rejected_on_drift) ... ok
2026-09-07T06:18:20.8256982Z test_every_identity_needs_one_approved_hil_profile (test_m24_serial_contract.M24SerialContractTests.test_every_identity_needs_one_approved_hil_profile) ... ok
2026-09-07T06:18:20.8274005Z test_functionally_verified_candidates_remain_internal_until_release (test_m24_serial_contract.M24SerialContractTests.test_functionally_verified_candidates_remain_internal_until_release) ... ok
2026-09-07T06:18:20.8299158Z test_local_board_source_checksum_is_fail_closed (test_m24_serial_contract.M24SerialContractTests.test_local_board_source_checksum_is_fail_closed) ... ok
2026-09-07T06:18:20.8361003Z test_onboard_resources_partition_profiles_and_keep_fixture_boundary (test_m24_serial_contract.M24SerialContractTests.test_onboard_resources_partition_profiles_and_keep_fixture_boundary) ... ok
2026-09-07T06:18:20.8461941Z test_public_alias_or_singleton_identity_drift_is_rejected (test_m24_serial_contract.M24SerialContractTests.test_public_alias_or_singleton_identity_drift_is_rejected) ... ok
2026-09-07T06:18:20.8463646Z test_spim_hardware_csn_meets_nrf54l15_spis_timing (test_m24_serial_contract.M24SerialContractTests.test_spim_hardware_csn_meets_nrf54l15_spis_timing)
2026-09-07T06:18:20.8468713Z Source regression only; Fixture 201 proves the physical timing path. ... ok
2026-09-07T06:18:20.8469762Z test_spim_rx_delay_matches_nrf54l15_instance_clock (test_m24_serial_contract.M24SerialContractTests.test_spim_rx_delay_matches_nrf54l15_instance_clock)
2026-09-07T06:18:20.8475645Z Source regression only; 8 MHz Fixture 201 proves the physical sample path. ... ok
2026-09-07T06:18:20.8480664Z test_text_source_hash_is_checkout_eol_invariant (test_m24_serial_contract.M24SerialContractTests.test_text_source_hash_is_checkout_eol_invariant) ... ok
2026-09-07T06:18:20.8482059Z test_twim_activation_explicitly_enables_nrfx_instance (test_m24_serial_contract.M24SerialContractTests.test_twim_activation_explicitly_enables_nrfx_instance)
2026-09-07T06:18:20.8486930Z Source regression only; actual transfers remain an onboard/fixture gate. ... ok
2026-09-07T06:18:20.8488124Z test_twis_late_buffer_resumes_clock_stretched_request (test_m24_serial_contract.M24SerialContractTests.test_twis_late_buffer_resumes_clock_stretched_request)
2026-09-07T06:18:20.8494655Z Source regression only; Fixture 301 proves the physical clock-stretch path. ... ok
2026-09-07T06:18:20.8617236Z test_unsafe_pin_profile_is_rejected (test_m24_serial_contract.M24SerialContractTests.test_unsafe_pin_profile_is_rejected) ... ok
2026-09-07T06:18:20.8618058Z 
2026-09-07T06:18:20.8618545Z ----------------------------------------------------------------------
2026-09-07T06:18:20.8618978Z Ran 15 tests in 0.152s
2026-09-07T06:18:20.8619147Z 
2026-09-07T06:18:20.8619232Z OK
2026-09-07T06:18:20.8735131Z [M12] exec: C:\hostedtoolcache\windows\Python\3.12.10\x64\python.exe -m unittest discover -v -s D:\a\NU54DK_Arduino_Core\NU54DK_Arduino_Core\tests\host -p test_m26_system_contract.py
2026-09-07T06:18:20.9788934Z test_all_m26_identities_have_a_non_unknown_disposition (test_m26_system_contract.M26SystemContractTests.test_all_m26_identities_have_a_non_unknown_disposition) ... ok
2026-09-07T06:18:20.9792380Z test_raw_radio_is_exclusive_with_managed_ble (test_m26_system_contract.M26SystemContractTests.test_raw_radio_is_exclusive_with_managed_ble) ... ok
2026-09-07T06:18:20.9950707Z test_schematic_hash_and_generated_document_are_exact (test_m26_system_contract.M26SystemContractTests.test_schematic_hash_and_generated_document_are_exact) ... ok
2026-09-07T06:18:21.0032157Z test_silicon_only_capability_cannot_be_public (test_m26_system_contract.M26SystemContractTests.test_silicon_only_capability_cannot_be_public) ... ok
2026-09-07T06:18:21.0156976Z test_supported_state_requires_automated_and_physical_pass (test_m26_system_contract.M26SystemContractTests.test_supported_state_requires_automated_and_physical_pass) ... ok
2026-09-07T06:18:21.0157960Z 
2026-09-07T06:18:21.0158150Z ----------------------------------------------------------------------
2026-09-07T06:18:21.0158567Z Ran 5 tests in 0.053s
2026-09-07T06:18:21.0158731Z 
2026-09-07T06:18:21.0158816Z OK
2026-09-07T06:18:21.0269985Z [M12] exec: C:\hostedtoolcache\windows\Python\3.12.10\x64\python.exe -m unittest discover -v -s D:\a\NU54DK_Arduino_Core\NU54DK_Arduino_Core\tests\host -p test_m27_package_examples.py
2026-09-07T06:18:21.1531682Z test_local_software_package_cannot_be_labeled_rc_evidence (test_m27_package_examples.M27PackageExampleTests.test_local_software_package_cannot_be_labeled_rc_evidence)
2026-09-07T06:18:21.1637039Z M27_PACKAGE_EXAMPLE_PASS 1/29 EEPROM::EEPROMPersistence
2026-09-07T06:18:21.1651162Z M27_PACKAGE_EXAMPLE_PASS 2/29 LittleFS::LittleFSPersistence
2026-09-07T06:18:21.1683702Z M27_PACKAGE_EXAMPLE_PASS 3/29 NUCODE BLE::CustomGattCentral
2026-09-07T06:18:21.1697654Z M27_PACKAGE_EXAMPLE_PASS 4/29 NUCODE BLE::CustomGattPeripheral
2026-09-07T06:18:21.1710405Z M27_PACKAGE_EXAMPLE_PASS 5/29 NUCODE BLE::GAPCentral
2026-09-07T06:18:21.1723831Z M27_PACKAGE_EXAMPLE_PASS 6/29 NUCODE BLE::GAPPeripheral
2026-09-07T06:18:21.1736760Z M27_PACKAGE_EXAMPLE_PASS 7/29 NUCODE BLE::NUSCentral
2026-09-07T06:18:21.1749245Z M27_PACKAGE_EXAMPLE_PASS 8/29 NUCODE BLE::NUSPeripheral
2026-09-07T06:18:21.1762504Z M27_PACKAGE_EXAMPLE_PASS 9/29 NUCODE BLE Security::SecureKeyboard
2026-09-07T06:18:21.1774694Z M27_PACKAGE_EXAMPLE_PASS 10/29 NUCODE NU54DK::AnalogChannels
2026-09-07T06:18:21.1787302Z M27_PACKAGE_EXAMPLE_PASS 11/29 NUCODE NU54DK::AnalogReadA0
2026-09-07T06:18:21.1800496Z M27_PACKAGE_EXAMPLE_PASS 12/29 NUCODE NU54DK::AnalogResolution
2026-09-07T06:18:21.1813016Z M27_PACKAGE_EXAMPLE_PASS 13/29 NUCODE NU54DK::Blink
2026-09-07T06:18:21.1826374Z M27_PACKAGE_EXAMPLE_PASS 14/29 NUCODE NU54DK::BoardInfo
2026-09-07T06:18:21.1840367Z M27_PACKAGE_EXAMPLE_PASS 15/29 NUCODE NU54DK::CounterAlarm
2026-09-07T06:18:21.1878155Z M27_PACKAGE_EXAMPLE_PASS 16/29 NUCODE NU54DK::DynamicPWM
2026-09-07T06:18:21.1891440Z M27_PACKAGE_EXAMPLE_PASS 17/29 NUCODE NU54DK::InterruptButton
2026-09-07T06:18:21.1905826Z M27_PACKAGE_EXAMPLE_PASS 18/29 NUCODE NU54DK::PWMFade
2026-09-07T06:18:21.1919145Z M27_PACKAGE_EXAMPLE_PASS 19/29 NUCODE NU54DK::Serial1RuntimePins
2026-09-07T06:18:21.1931786Z M27_PACKAGE_EXAMPLE_PASS 20/29 NUCODE NU54DK::SerialEcho
2026-09-07T06:18:21.1944730Z M27_PACKAGE_EXAMPLE_PASS 21/29 NUCODE NU54DK::SettingsStorage
2026-09-07T06:18:21.1957469Z M27_PACKAGE_EXAMPLE_PASS 22/29 NUCODE NU54DK::SPI00RuntimePins
2026-09-07T06:18:21.1970970Z M27_PACKAGE_EXAMPLE_PASS 23/29 NUCODE NU54DK::SystemOffWake
2026-09-07T06:18:21.2001759Z M27_PACKAGE_EXAMPLE_PASS 24/29 NUCODE NU54DK::ToneOutput
2026-09-07T06:18:21.2014517Z M27_PACKAGE_EXAMPLE_PASS 25/29 NUCODE NU54DK::WatchdogBasic
2026-09-07T06:18:21.2026678Z M27_PACKAGE_EXAMPLE_PASS 26/29 NUCODE NU54DK::WireRuntimePins
2026-09-07T06:18:21.2039129Z M27_PACKAGE_EXAMPLE_PASS 27/29 Servo::Sweep
2026-09-07T06:18:21.2051577Z M27_PACKAGE_EXAMPLE_PASS 28/29 SPI::SPITransaction
2026-09-07T06:18:21.2063700Z M27_PACKAGE_EXAMPLE_PASS 29/29 Wire::WirePmicId
2026-09-07T06:18:21.2150316Z M27_PACKAGE_EXAMPLE_PASS 1/29 EEPROM::EEPROMPersistence
2026-09-07T06:18:21.2163287Z M27_PACKAGE_EXAMPLE_PASS 2/29 LittleFS::LittleFSPersistence
2026-09-07T06:18:21.2196030Z M27_PACKAGE_EXAMPLE_PASS 3/29 NUCODE BLE::CustomGattCentral
2026-09-07T06:18:21.2207949Z M27_PACKAGE_EXAMPLE_PASS 4/29 NUCODE BLE::CustomGattPeripheral
2026-09-07T06:18:21.2220924Z M27_PACKAGE_EXAMPLE_PASS 5/29 NUCODE BLE::GAPCentral
2026-09-07T06:18:21.2233797Z M27_PACKAGE_EXAMPLE_PASS 6/29 NUCODE BLE::GAPPeripheral
2026-09-07T06:18:21.2245559Z M27_PACKAGE_EXAMPLE_PASS 7/29 NUCODE BLE::NUSCentral
2026-09-07T06:18:21.2257975Z M27_PACKAGE_EXAMPLE_PASS 8/29 NUCODE BLE::NUSPeripheral
2026-09-07T06:18:21.2270138Z M27_PACKAGE_EXAMPLE_PASS 9/29 NUCODE BLE Security::SecureKeyboard
2026-09-07T06:18:21.2282168Z M27_PACKAGE_EXAMPLE_PASS 10/29 NUCODE NU54DK::AnalogChannels
2026-09-07T06:18:21.2295198Z M27_PACKAGE_EXAMPLE_PASS 11/29 NUCODE NU54DK::AnalogReadA0
2026-09-07T06:18:21.2307849Z M27_PACKAGE_EXAMPLE_PASS 12/29 NUCODE NU54DK::AnalogResolution
2026-09-07T06:18:21.2320936Z M27_PACKAGE_EXAMPLE_PASS 13/29 NUCODE NU54DK::Blink
2026-09-07T06:18:21.2333608Z M27_PACKAGE_EXAMPLE_PASS 14/29 NUCODE NU54DK::BoardInfo
2026-09-07T06:18:21.2345485Z M27_PACKAGE_EXAMPLE_PASS 15/29 NUCODE NU54DK::CounterAlarm
2026-09-07T06:18:21.2374212Z M27_PACKAGE_EXAMPLE_PASS 16/29 NUCODE NU54DK::DynamicPWM
2026-09-07T06:18:21.2386031Z M27_PACKAGE_EXAMPLE_PASS 17/29 NUCODE NU54DK::InterruptButton
2026-09-07T06:18:21.2398624Z M27_PACKAGE_EXAMPLE_PASS 18/29 NUCODE NU54DK::PWMFade
2026-09-07T06:18:21.2411280Z M27_PACKAGE_EXAMPLE_PASS 19/29 NUCODE NU54DK::Serial1RuntimePins
2026-09-07T06:18:21.2422968Z M27_PACKAGE_EXAMPLE_PASS 20/29 NUCODE NU54DK::SerialEcho
2026-09-07T06:18:21.2435220Z M27_PACKAGE_EXAMPLE_PASS 21/29 NUCODE NU54DK::SettingsStorage
2026-09-07T06:18:21.2447108Z M27_PACKAGE_EXAMPLE_PASS 22/29 NUCODE NU54DK::SPI00RuntimePins
2026-09-07T06:18:21.2459901Z M27_PACKAGE_EXAMPLE_PASS 23/29 NUCODE NU54DK::SystemOffWake
2026-09-07T06:18:21.2487092Z M27_PACKAGE_EXAMPLE_PASS 24/29 NUCODE NU54DK::ToneOutput
2026-09-07T06:18:21.2499361Z M27_PACKAGE_EXAMPLE_PASS 25/29 NUCODE NU54DK::WatchdogBasic
2026-09-07T06:18:21.2511891Z M27_PACKAGE_EXAMPLE_PASS 26/29 NUCODE NU54DK::WireRuntimePins
2026-09-07T06:18:21.2523967Z M27_PACKAGE_EXAMPLE_PASS 27/29 Servo::Sweep
2026-09-07T06:18:21.2536756Z M27_PACKAGE_EXAMPLE_PASS 28/29 SPI::SPITransaction
2026-09-07T06:18:21.2549929Z M27_PACKAGE_EXAMPLE_PASS 29/29 Wire::WirePmicId
2026-09-07T06:18:21.2693425Z ! @brief 기존 RC 기본값과 software preview의 별도 identity를 유지합니다. ... ok
2026-09-07T06:18:21.2698050Z test_lock_has_exact_version_profiles_and_count (test_m27_package_examples.M27PackageExampleTests.test_lock_has_exact_version_profiles_and_count) ... ok
2026-09-07T06:18:21.2699460Z test_m22_historical_runner_remains_pinned (test_m27_package_examples.M27PackageExampleTests.test_m22_historical_runner_remains_pinned) ... ok
2026-09-07T06:18:21.2702039Z test_runner_parallelizes_independent_build_roots (test_m27_package_examples.M27PackageExampleTests.test_runner_parallelizes_independent_build_roots) ... ok
2026-09-07T06:18:21.2703967Z test_runner_uses_version_explicit_discovery (test_m27_package_examples.M27PackageExampleTests.test_runner_uses_version_explicit_discovery) ... ok
2026-09-07T06:18:21.2704986Z 
2026-09-07T06:18:21.2705239Z ----------------------------------------------------------------------
2026-09-07T06:18:21.2705750Z Ran 5 tests in 0.117s
2026-09-07T06:18:21.2705944Z 
2026-09-07T06:18:21.2706048Z OK
2026-09-07T06:18:21.2870843Z [M12] exec: C:\hostedtoolcache\windows\Python\3.12.10\x64\python.exe -m unittest discover -v -s D:\a\NU54DK_Arduino_Core\NU54DK_Arduino_Core\tests\host -p test_m27_release.py
2026-09-07T06:18:21.4222226Z test_candidate_extension_does_not_add_unapproved_stable (test_m27_release.M27ReleaseTests.test_candidate_extension_does_not_add_unapproved_stable) ... ok
2026-09-07T06:18:22.6022941Z test_clean_submodule_status_survives_trimmed_first_prefix (test_m27_release.M27ReleaseTests.test_clean_submodule_status_survives_trimmed_first_prefix) ... ok
2026-09-07T06:18:22.6030462Z test_cli_exposes_no_publish_or_finalize_command (test_m27_release.M27ReleaseTests.test_cli_exposes_no_publish_or_finalize_command) ... ok
2026-09-07T06:18:22.6086291Z test_contract_has_every_required_gate_and_remains_hold (test_m27_release.M27ReleaseTests.test_contract_has_every_required_gate_and_remains_hold) ... ok
2026-09-07T06:18:22.6204504Z test_functional_fixture_gates_cannot_become_optional (test_m27_release.M27ReleaseTests.test_functional_fixture_gates_cannot_become_optional) ... ok
2026-09-07T06:18:22.6259961Z test_historical_package_contract_is_not_modified (test_m27_release.M27ReleaseTests.test_historical_package_contract_is_not_modified) ... ok
2026-09-07T06:18:22.6314424Z test_owner_scope_excludes_metrology_not_functional_hil (test_m27_release.M27ReleaseTests.test_owner_scope_excludes_metrology_not_functional_hil) ... ok
2026-09-07T06:18:22.6347696Z test_plan_rejects_publication_or_missing_artifacts (test_m27_release.M27ReleaseTests.test_plan_rejects_publication_or_missing_artifacts) ... ok
2026-09-07T06:18:22.6439906Z test_scope_drift_or_missing_decision_is_rejected (test_m27_release.M27ReleaseTests.test_scope_drift_or_missing_decision_is_rejected) ... ok
2026-09-07T06:18:22.6440995Z 
2026-09-07T06:18:22.6441245Z ----------------------------------------------------------------------
2026-09-07T06:18:22.6441758Z Ran 9 tests in 1.230s
2026-09-07T06:18:22.6441949Z 
2026-09-07T06:18:22.6442052Z OK
2026-09-07T06:18:22.6589409Z [M12] exec: C:\hostedtoolcache\windows\Python\3.12.10\x64\python.exe -m unittest discover -v -s D:\a\NU54DK_Arduino_Core\NU54DK_Arduino_Core\tests\host -p test_m27_staged_candidate.py
2026-09-07T06:18:22.7624647Z test_archive_members_require_exact_root (test_m27_staged_candidate.M27StagedCandidateTests.test_archive_members_require_exact_root) ... ok
2026-09-07T06:18:22.7626593Z test_runner_has_no_publication_command (test_m27_staged_candidate.M27StagedCandidateTests.test_runner_has_no_publication_command) ... ok
2026-09-07T06:18:22.7698306Z test_stage_archive_places_payload_at_arduino_platform_path (test_m27_staged_candidate.M27StagedCandidateTests.test_stage_archive_places_payload_at_arduino_platform_path) ... ok
2026-09-07T06:18:22.7700206Z 
2026-09-07T06:18:22.7700458Z ----------------------------------------------------------------------
2026-09-07T06:18:22.7700991Z Ran 3 tests in 0.012s
2026-09-07T06:18:22.7701189Z 
2026-09-07T06:18:22.7701282Z OK
2026-09-07T06:18:22.7825095Z [M12] exec: C:\hostedtoolcache\windows\Python\3.12.10\x64\python.exe -m unittest discover -v -s D:\a\NU54DK_Arduino_Core\NU54DK_Arduino_Core\tests\host -p test_m8_flash.py
2026-09-07T06:18:22.8849362Z test_accepts_matching_non_sysbuild_artifacts (test_m8_flash.M8FlashContractTests.test_accepts_matching_non_sysbuild_artifacts)
2026-09-07T06:18:22.9130403Z ! @brief export와 native artifact가 같을 때 upload 입력을 승인합니다. ... ok
2026-09-07T06:18:22.9131530Z test_flash_command_has_no_destructive_option (test_m8_flash.M8FlashContractTests.test_flash_command_has_no_destructive_option)
2026-09-07T06:18:22.9288871Z ! @brief 일반 upload 명령에 erase 또는 recover가 없는지 검증합니다. ... ok
2026-09-07T06:18:22.9290129Z test_redacts_explicit_probe_identity_without_losing_selection_mode (test_m8_flash.M8FlashContractTests.test_redacts_explicit_probe_identity_without_losing_selection_mode)
2026-09-07T06:18:22.9447629Z ! @brief 결과 JSON이 UID를 숨기면서 선택 방식과 메뉴를 보존하는지 검증합니다. ... ok
2026-09-07T06:18:22.9448672Z test_rejects_board_mismatch (test_m8_flash.M8FlashContractTests.test_rejects_board_mismatch)
2026-09-07T06:18:22.9629023Z ! @brief 다른 board로 생성된 manifest를 거부합니다. ... ok
2026-09-07T06:18:22.9629821Z test_rejects_destructive_runner_metadata (test_m8_flash.M8FlashContractTests.test_rejects_destructive_runner_metadata)
2026-09-07T06:18:22.9973892Z ! @brief runners.yaml에 숨은 erase/recover option도 일반 upload에서 거부합니다. ... ok
2026-09-07T06:18:22.9974829Z test_rejects_exported_hex_hash_mismatch (test_m8_flash.M8FlashContractTests.test_rejects_exported_hex_hash_mismatch)
2026-09-07T06:18:23.0184319Z ! @brief build 후 변경된 export HEX를 거부합니다. ... ok
2026-09-07T06:18:23.0185094Z test_rejects_missing_or_ambiguous_pyocd_probe (test_m8_flash.M8FlashContractTests.test_rejects_missing_or_ambiguous_pyocd_probe)
2026-09-07T06:18:23.0332670Z ! @brief probe 없음과 다중 probe 무지정 상태를 구분해 거부합니다. ... ok
2026-09-07T06:18:23.0333331Z test_rejects_missing_runner (test_m8_flash.M8FlashContractTests.test_rejects_missing_runner)
2026-09-07T06:18:23.0518466Z ! @brief build에 등록되지 않은 runner를 거부합니다. ... ok
2026-09-07T06:18:23.0519206Z test_rejects_native_hex_mismatch (test_m8_flash.M8FlashContractTests.test_rejects_native_hex_mismatch)
2026-09-07T06:18:23.0750029Z ! @brief west가 기록할 native HEX와 export HEX가 다르면 거부합니다. ... ok
2026-09-07T06:18:23.0750757Z test_rejects_sysbuild_manifest (test_m8_flash.M8FlashContractTests.test_rejects_sysbuild_manifest)
2026-09-07T06:18:23.0914826Z ! @brief 아직 지원하지 않는 merged sysbuild artifact를 명확히 거부합니다. ... ok
2026-09-07T06:18:23.0915832Z test_selects_noninteractive_or_explicit_uid_upload_tool (test_m8_flash.M8FlashContractTests.test_selects_noninteractive_or_explicit_uid_upload_tool)
2026-09-07T06:18:23.1060832Z ! @brief 기본 pyOCD와 명시 UID 전용 메뉴가 분리되는지 검증합니다. ... ok
2026-09-07T06:18:23.1061553Z test_selects_one_or_explicit_pyocd_probe (test_m8_flash.M8FlashContractTests.test_selects_one_or_explicit_pyocd_probe)
2026-09-07T06:18:23.1231103Z ! @brief 단일 probe 자동 선택과 명시 UID 선택을 검증합니다. ... ok
2026-09-07T06:18:23.1231894Z test_validates_both_runner_contracts (test_m8_flash.M8FlashContractTests.test_validates_both_runner_contracts)
2026-09-07T06:18:23.1427349Z ! @brief pyOCD와 J-Link 고정 target argument를 YAML에서 확인합니다. ... ok
2026-09-07T06:18:23.1427935Z 
2026-09-07T06:18:23.1428380Z ----------------------------------------------------------------------
2026-09-07T06:18:23.1428779Z Ran 13 tests in 0.258s
2026-09-07T06:18:23.1429245Z 
2026-09-07T06:18:23.1429331Z OK
2026-09-07T06:18:23.1568018Z [M12] exec: C:\hostedtoolcache\windows\Python\3.12.10\x64\python.exe -m unittest discover -v -s D:\a\NU54DK_Arduino_Core\NU54DK_Arduino_Core\tests\host -p test_m9_cache.py
2026-09-07T06:18:23.3047018Z test_actual_input_collector_tracks_board_sdk_and_toolchain_identity (test_m9_cache.M9CacheContractTests.test_actual_input_collector_tracks_board_sdk_and_toolchain_identity)
2026-09-07T06:18:23.3583462Z ! @brief \uc2e4\uc81c collector\uac00 board/NCS/Zephyr/compiler \uc785\ub825\uc744 key\uc5d0 \ud3ec\ud568\ud569\ub2c8\ub2e4. ... ok
2026-09-07T06:18:23.3584977Z test_byte_quota_prune_preserves_active_lock (test_m9_cache.M9CacheContractTests.test_byte_quota_prune_preserves_active_lock)
2026-09-07T06:18:23.4111368Z ! @brief byte quota\uc5d0\uc11c\ub3c4 \ud65c\uc131 lock\uc744 \uac74\ub108\ub6f0\uace0 \ube44\ud65c\uc131 entry\ub97c \uc815\ub9ac\ud569\ub2c8\ub2e4. ... ok
2026-09-07T06:18:23.4112755Z test_cache_root_inside_platform_fingerprint_is_rejected (test_m9_cache.M9CacheContractTests.test_cache_root_inside_platform_fingerprint_is_rejected)
2026-09-07T06:18:23.4200747Z ! @brief cache\uac00 platform hash\uc5d0 \uc790\uae30 \uc790\uc2e0\uc744 \ud3ec\ud568\ud558\ub294 \ubc30\uce58\ub97c \uac70\ubd80\ud569\ub2c8\ub2e4. ... ok
2026-09-07T06:18:23.4202187Z test_cache_workspace_uses_bounded_key_and_schema_namespace (test_m9_cache.M9CacheContractTests.test_cache_workspace_uses_bounded_key_and_schema_namespace)
2026-09-07T06:18:23.4233057Z ! @brief Windows \uacbd\ub85c\ub97c \uc81c\ud55c\ud55c directory key\uac00 schema namespace\uc5d0 \ud3ec\ud568\ub429\ub2c8\ub2e4. ... ok
2026-09-07T06:18:23.4234537Z test_canonical_manifest_key_ignores_dictionary_order (test_m9_cache.M9CacheContractTests.test_canonical_manifest_key_ignores_dictionary_order)
2026-09-07T06:18:23.4241203Z ! @brief \uac19\uc740 canonical JSON\uc740 field \uc21c\uc11c\uc640 \ubb34\uad00\ud558\uac8c \uac19\uc740 key\ub97c \uc5bb\uc2b5\ub2c8\ub2e4. ... ok
2026-09-07T06:18:23.4242306Z test_dead_local_lock_is_recovered (test_m9_cache.M9CacheContractTests.test_dead_local_lock_is_recovered)
2026-09-07T06:18:23.4359460Z ! @brief \uc885\ub8cc\ub41c \uac19\uc740 host PID\uc758 stale lock\ub9cc \uc790\ub3d9 \ud68c\uc218\ud569\ub2c8\ub2e4. ... ok
2026-09-07T06:18:23.4360931Z test_default_cache_root_keeps_windows_object_path_short (test_m9_cache.M9CacheContractTests.test_default_cache_root_keeps_windows_object_path_short)
2026-09-07T06:18:23.4419217Z ! @brief \uae30\ubcf8 cache root\uac00 \uae34 nRF Security object \uacbd\ub85c\ub97c \uc704\ud55c \uc9e7\uc740 suffix\ub97c \uc501\ub2c8\ub2e4. ... ok
2026-09-07T06:18:23.4420569Z test_external_library_sources_keep_private_header_semantics (test_m9_cache.M9CacheContractTests.test_external_library_sources_keep_private_header_semantics)
2026-09-07T06:18:23.4693268Z ! @brief \uac01 library source\ub97c \uc6d0\ubcf8 \uacbd\ub85c\uc5d0\uc11c \ucef4\ud30c\uc77c\ud558\uace0 include \uc21c\uc11c\ub97c \ubcf4\uc874\ud569\ub2c8\ub2e4. ... ok
2026-09-07T06:18:23.4695341Z test_foreign_metadata_does_not_block_local_os_lock (test_m9_cache.M9CacheContractTests.test_foreign_metadata_does_not_block_local_os_lock)
2026-09-07T06:18:23.4816916Z ! @brief local-only cache\uc5d0\uc11c\ub294 stale \uc678\ubd80 metadata\ubcf4\ub2e4 OS lock\uc744 \uc2e0\ub8b0\ud569\ub2c8\ub2e4. ... ok
2026-09-07T06:18:23.4818161Z test_generated_source_categories_do_not_share_a_mirror (test_m9_cache.M9CacheContractTests.test_generated_source_categories_do_not_share_a_mirror)
2026-09-07T06:18:23.5354633Z ! @brief sketch\uc640 library\uc758 \uac19\uc740 \ud30c\uc77c\uba85\uc774 \ubcc4\ub3c4 mirror source\ub85c \uc720\uc9c0\ub429\ub2c8\ub2e4. ... ok
2026-09-07T06:18:23.5356009Z test_generated_source_identity_is_build_path_independent (test_m9_cache.M9CacheContractTests.test_generated_source_identity_is_build_path_independent)
2026-09-07T06:18:23.5409480Z ! @brief \ub2e4\ub978 Arduino \uc784\uc2dc build path\uac00 \uac19\uc740 Sketch mirror \uc774\ub984\uc744 \uc0ac\uc6a9\ud569\ub2c8\ub2e4. ... ok
2026-09-07T06:18:23.5410831Z test_live_lock_serializes_two_workers (test_m9_cache.M9CacheContractTests.test_live_lock_serializes_two_workers)
2026-09-07T06:18:23.6603944Z ! @brief \uac19\uc740 cache\uc758 \ub450 worker\uac00 lock \uc784\uacc4\uad6c\uc5ed\uc5d0 \ub3d9\uc2dc\uc5d0 \uc9c4\uc785\ud558\uc9c0 \uc54a\uc2b5\ub2c8\ub2e4. ... ok
2026-09-07T06:18:23.6605253Z test_lru_prune_preserves_current_and_pinned_entries (test_m9_cache.M9CacheContractTests.test_lru_prune_preserves_current_and_pinned_entries)
2026-09-07T06:18:23.6950060Z ! @brief quota \uc815\ub9ac\ub294 \uc624\ub798\ub41c \ube44\ubcf4\ud638 entry\ub9cc \uc81c\uac70\ud569\ub2c8\ub2e4. ... ok
2026-09-07T06:18:23.6951561Z test_os_lock_serializes_processes_and_recovers_after_termination (test_m9_cache.M9CacheContractTests.test_os_lock_serializes_processes_and_recovers_after_termination)
2026-09-07T06:18:23.8639245Z ! @brief \ubcc4\ub3c4 process\uc758 lock\uc744 \ucc28\ub2e8\ud558\uace0 owner \uc885\ub8cc \ub4a4 OS\uac00 \uc790\ub3d9 \ud68c\uc218\ud569\ub2c8\ub2e4. ... ok
2026-09-07T06:18:23.8641798Z test_parent_build_flags_are_removed_before_toolchain_environment (test_m9_cache.M9CacheContractTests.test_parent_build_flags_are_removed_before_toolchain_environment)
2026-09-07T06:18:23.8690447Z ! @brief shell\uc758 build flag\uac00 canonical key \ubc16\uc5d0\uc11c child build\ub97c \ubc14\uafb8\uc9c0 \ubabb\ud569\ub2c8\ub2e4. ... ok
2026-09-07T06:18:23.8691920Z test_prepare_graph_invalidation_removes_only_owned_placeholders (test_m9_cache.M9CacheContractTests.test_prepare_graph_invalidation_removes_only_owned_placeholders)
2026-09-07T06:18:23.8869745Z ! @brief library \uc7ac\uc120\ud0dd \uc804 record\uc640 build \ub0b4\ubd80 placeholder\ub9cc \ubb34\ud6a8\ud654\ud569\ub2c8\ub2e4. ... ok
2026-09-07T06:18:23.8871014Z test_probe_mutex_identity_does_not_depend_on_user_temp_path (test_m9_cache.M9CacheContractTests.test_probe_mutex_identity_does_not_depend_on_user_temp_path)
2026-09-07T06:18:23.8876834Z ! @brief \uac19\uc740 probe UID\ub294 \uc0ac\uc6a9\uc790\ubcc4 TEMP\uac00 \ub2ec\ub77c\ub3c4 \uac19\uc740 Global mutex\ub97c \uc0ac\uc6a9\ud569\ub2c8\ub2e4. ... ok
2026-09-07T06:18:23.8878212Z test_remove_rejects_invalid_key_and_active_lock (test_m9_cache.M9CacheContractTests.test_remove_rejects_invalid_key_and_active_lock)
2026-09-07T06:18:23.9667197Z ! @brief \ubaa8\ud638\ud55c \uacbd\ub85c\uc640 \ud65c\uc131 lock\uc774 \uc788\ub294 entry \uc0ad\uc81c\ub97c \ucc28\ub2e8\ud569\ub2c8\ub2e4. ... ok
2026-09-07T06:18:23.9668409Z test_remove_rejects_truncated_key_collision (test_m9_cache.M9CacheContractTests.test_remove_rejects_truncated_key_collision)
2026-09-07T06:18:23.9825996Z ! @brief \uac19\uc740 128-bit prefix\uc758 \ub2e4\ub978 \uc804\uccb4 key\ub97c \ub300\uc2e0 \uc0ad\uc81c\ud558\uc9c0 \uc54a\uc2b5\ub2c8\ub2e4. ... ok
2026-09-07T06:18:23.9827276Z test_removed_entry_can_be_recreated_without_compiler_cache (test_m9_cache.M9CacheContractTests.test_removed_entry_can_be_recreated_without_compiler_cache)
2026-09-07T06:18:24.0197626Z ! @brief \ub2e8\uc77c tree \uc0ad\uc81c \ud6c4 \uac19\uc740 key state\ub97c \ub2e4\uc2dc \ub9cc\ub4e4\uba70 compiler cache\ub97c \ubcf4\uc874\ud569\ub2c8\ub2e4. ... ok
2026-09-07T06:18:24.0198864Z test_state_transition_preserves_created_time (test_m9_cache.M9CacheContractTests.test_state_transition_preserves_created_time)
2026-09-07T06:18:24.0586966Z ! @brief cache \uc0c1\ud0dc \uc804\uc774\uac00 \uc0dd\uc131 \uc2dc\uac01\uacfc \ub204\uc801 field\ub97c \ubcf4\uc874\ud569\ub2c8\ub2e4. ... ok
2026-09-07T06:18:24.0588313Z test_target_sdk_toolchain_and_board_identity_invalidate_key (test_m9_cache.M9CacheContractTests.test_target_sdk_toolchain_and_board_identity_invalidate_key)
2026-09-07T06:18:24.0596180Z ! @brief \ube44\ud638\ud658 target/tool identity \ubcc0\uacbd\uc740 \ubaa8\ub450 \ub2e4\ub978 full key\ub97c \ub9cc\ub4ed\ub2c8\ub2e4. ... ok
2026-09-07T06:18:24.0597436Z test_tree_content_hash_detects_content_and_path (test_m9_cache.M9CacheContractTests.test_tree_content_hash_detects_content_and_path)
2026-09-07T06:18:24.0646555Z ! @brief dirty Core \ub0b4\uc6a9\uacfc \uc0c1\ub300 \uacbd\ub85c \ubcc0\uacbd\uc774 fingerprint\uc5d0 \ubc18\uc601\ub429\ub2c8\ub2e4. ... ok
2026-09-07T06:18:24.0647407Z 
2026-09-07T06:18:24.0647594Z ----------------------------------------------------------------------
2026-09-07T06:18:24.0648092Z Ran 23 tests in 0.760s
2026-09-07T06:18:24.0648303Z 
2026-09-07T06:18:24.0648420Z OK
2026-09-07T06:18:24.0830586Z [M12] exec: C:\hostedtoolcache\windows\Python\3.12.10\x64\python.exe -m unittest discover -v -s D:\a\NU54DK_Arduino_Core\NU54DK_Arduino_Core\tests\host -p test_m9_safety.py
2026-09-07T06:18:24.2158251Z test_configure_failed_tree_recovers_once_then_becomes_cache_hit (test_m9_safety.M9SafetyContractTests.test_configure_failed_tree_recovers_once_then_becomes_cache_hit)
2026-09-07T06:18:24.3571394Z ! @brief \uc2e4\ud328 cache\ub294 pristine 1\ud68c \ubcf5\uad6c \ud6c4 configure-failed\ub97c \uc720\uc9c0\ud558\uc9c0 \uc54a\uc2b5\ub2c8\ub2e4. ... ok
2026-09-07T06:18:24.3573155Z test_configure_failure_marks_cache_unusable (test_m9_safety.M9SafetyContractTests.test_configure_failure_marks_cache_unusable)
2026-09-07T06:18:24.4484475Z ! @brief pristine configure \uc2e4\ud328 \uc2dc first-complete\ub97c false\ub85c \uace0\uc815\ud558\uace0 \uc2e4\ud328\ub97c \uae30\ub85d\ud569\ub2c8\ub2e4. ... ok
2026-09-07T06:18:24.4486040Z test_flash_holds_session_cache_and_probe_locks_during_validation (test_m9_safety.M9SafetyContractTests.test_flash_holds_session_cache_and_probe_locks_during_validation)
2026-09-07T06:18:24.4561449Z ! @brief flash \uac80\uc99d\uacfc write \uc804\uccb4\uac00 session\u2192cache\u2192probe lock \uc21c\uc11c\ub97c \uc720\uc9c0\ud569\ub2c8\ub2e4. ... ok
2026-09-07T06:18:24.4562994Z test_flash_rejects_current_toolchain_identity_mismatch (test_m9_safety.M9SafetyContractTests.test_flash_rejects_current_toolchain_identity_mismatch)
2026-09-07T06:18:24.4575671Z ! @brief build\uc640 \ub2e4\ub978 NCS/toolchain\uc73c\ub85c flash\ud558\ub294 \uc694\uccad\uc744 \uac70\ubd80\ud569\ub2c8\ub2e4. ... ok
2026-09-07T06:18:24.4576774Z test_passthrough_allowlist_is_exact (test_m9_safety.M9SafetyContractTests.test_passthrough_allowlist_is_exact)
2026-09-07T06:18:24.4584422Z ! @brief include\uc640 object \uc804\ub2ec\ub9cc \ud5c8\uc6a9\ud558\uace0 option \uc624\ud0c0\ub97c \uac70\ubd80\ud569\ub2c8\ub2e4. ... ok
2026-09-07T06:18:24.4586129Z test_prepare_configure_uses_application_volume_across_windows_drives (test_m9_safety.M9SafetyContractTests.test_prepare_configure_uses_application_volume_across_windows_drives)
2026-09-07T06:18:24.5526140Z ! @brief NCS\uc640 cache drive\uac00 \ub2ec\ub77c\ub3c4 configure\uc758 cwd\ub294 application \ucabd\uc744 \uc0ac\uc6a9\ud569\ub2c8\ub2e4. ... ok
2026-09-07T06:18:24.5527599Z test_publish_keyboard_interrupt_restores_previous_generation (test_m9_safety.M9SafetyContractTests.test_publish_keyboard_interrupt_restores_previous_generation)
2026-09-07T06:18:24.6417353Z ! @brief metadata commit \uc911 Ctrl+C\ub3c4 \uc774\uc804 \uacf5\uac1c generation\uc744 \ubcf4\uc874\ud569\ub2c8\ub2e4. ... ok
2026-09-07T06:18:24.7639274Z test_publish_metadata_failure_restores_artifacts_manifest_and_context (test_m9_safety.M9SafetyContractTests.test_publish_metadata_failure_restores_artifacts_manifest_and_context)
2026-09-07T06:18:24.7640662Z ! @brief export \ub4a4 metadata \uc2e4\ud328\ub3c4 \uc774\uc804 \uacf5\uac1c generation \uc804\uccb4\ub97c \ubcf5\uad6c\ud569\ub2c8\ub2e4. ... ok
2026-09-07T06:18:24.7641942Z test_transactional_export_publishes_one_verified_generation (test_m9_safety.M9SafetyContractTests.test_transactional_export_publishes_one_verified_generation)
2026-09-07T06:18:24.8195176Z ! @brief staging\uc774 \ubaa8\ub450 \ub05d\ub09c \ub4a4 \ub124 artifact\ub97c \uac80\uc99d\ub41c generation\uc73c\ub85c \uad50\uccb4\ud569\ub2c8\ub2e4. ... ok
2026-09-07T06:18:24.8196745Z test_transactional_export_restores_old_generation_on_commit_failure (test_m9_safety.M9SafetyContractTests.test_transactional_export_restores_old_generation_on_commit_failure)
2026-09-07T06:18:24.8672257Z ! @brief \ub450 \ubc88\uc9f8 artifact \uad50\uccb4 \uc2e4\ud328 \uc2dc \uc774\ubbf8 \uad50\uccb4\ud55c \ud30c\uc77c\ub3c4 \uc774\uc804 \uac12\uc73c\ub85c \ubcf5\uc6d0\ud569\ub2c8\ub2e4. ... ok
2026-09-07T06:18:24.8673779Z test_unknown_cache_option_fails_closed_before_dispatch (test_m9_safety.M9SafetyContractTests.test_unknown_cache_option_fails_closed_before_dispatch)
2026-09-07T06:18:24.8713470Z ! @brief destructive cache CLI\uc758 \uc624\ud0c0\ub97c \ubb34\uc2dc\ud558\uc9c0 \uc54a\uace0 action \ud638\ucd9c \uc804\uc5d0 \uac70\ubd80\ud569\ub2c8\ub2e4. ... ok
2026-09-07T06:18:24.8715246Z test_west_build_working_directory_rejects_split_cache_volumes (test_m9_safety.M9SafetyContractTests.test_west_build_working_directory_rejects_split_cache_volumes)
2026-09-07T06:18:24.8722340Z ! @brief application\uacfc build\uac00 \uc11c\ub85c \ub2e4\ub978 Windows volume\uc774\uba74 \uba85\uc2dc\uc801\uc73c\ub85c \uac70\ubd80\ud569\ub2c8\ub2e4. ... ok
2026-09-07T06:18:24.8723506Z 
2026-09-07T06:18:24.8723758Z ----------------------------------------------------------------------
2026-09-07T06:18:24.8724206Z Ran 12 tests in 0.657s
2026-09-07T06:18:24.8724368Z 
2026-09-07T06:18:24.8724457Z OK
2026-09-07T06:18:24.8725195Z NU54_UPLOAD_START runner=pyocd probe=PROBE board=nrf54l15dk/nrf54l15/cpuapp/nu54dk hex_sha256=1111111111111111111111111111111111111111111111111111111111111111
2026-09-07T06:18:24.8726080Z NU54_UPLOAD_PASS runner=pyocd probe=PROBE
2026-09-07T06:18:24.8899557Z [M12] exec: C:\hostedtoolcache\windows\Python\3.12.10\x64\python.exe -m unittest discover -v -s D:\a\NU54DK_Arduino_Core\NU54DK_Arduino_Core\tests\host -p test_r02_serial_drivers.py
2026-09-07T06:18:30.2881382Z test_production_sync_and_lifetime (test_r02_serial_drivers.SerialDriverTests.test_production_sync_and_lifetime) ... ok
2026-09-07T06:18:30.2882233Z 
2026-09-07T06:18:30.2882403Z ----------------------------------------------------------------------
2026-09-07T06:18:30.2882733Z Ran 1 test in 5.319s
2026-09-07T06:18:30.2882874Z 
2026-09-07T06:18:30.2882945Z OK
2026-09-07T06:18:30.2983787Z [M12] exec: C:\hostedtoolcache\windows\Python\3.12.10\x64\python.exe -m unittest discover -v -s D:\a\NU54DK_Arduino_Core\NU54DK_Arduino_Core\tests\host -p test_r03_fabric_drivers.py
2026-09-07T06:18:31.6436698Z test_analog_production (test_r03_fabric_drivers.FabricDriverTests.test_analog_production) ... ok
2026-09-07T06:18:32.6628449Z test_pwm_deferred_production (test_r03_fabric_drivers.FabricDriverTests.test_pwm_deferred_production) ... ok
2026-09-07T06:18:34.0075532Z test_stream_production (test_r03_fabric_drivers.FabricDriverTests.test_stream_production) ... ok
2026-09-07T06:18:34.0076054Z 
2026-09-07T06:18:34.0076230Z ----------------------------------------------------------------------
2026-09-07T06:18:34.0076566Z Ran 3 tests in 3.631s
2026-09-07T06:18:34.0076700Z 
2026-09-07T06:18:34.0076765Z OK
2026-09-07T06:18:34.0180522Z [M12] exec: C:\hostedtoolcache\windows\Python\3.12.10\x64\python.exe -m unittest discover -v -s D:\a\NU54DK_Arduino_Core\NU54DK_Arduino_Core\tests\host -p test_r04_file.py
2026-09-07T06:18:35.8286658Z test_production_file (test_r04_file.FileLifetimeTests.test_production_file) ... ok
2026-09-07T06:18:35.8287387Z 
2026-09-07T06:18:35.8287626Z ----------------------------------------------------------------------
2026-09-07T06:18:35.8288136Z Ran 1 test in 1.733s
2026-09-07T06:18:35.8288324Z 
2026-09-07T06:18:35.8288427Z OK
2026-09-07T06:18:35.8395111Z [M12] exec: C:\hostedtoolcache\windows\Python\3.12.10\x64\python.exe -m unittest discover -v -s D:\a\NU54DK_Arduino_Core\NU54DK_Arduino_Core\tests\host -p test_r05_identity.py
2026-09-07T06:18:35.9817431Z test_checkout_drift_is_detected_and_regenerated (test_r05_identity.ProductIdentityTests.test_checkout_drift_is_detected_and_regenerated) ... ok
2026-09-07T06:18:35.9821362Z test_checkout_identity_and_schema_independence (test_r05_identity.ProductIdentityTests.test_checkout_identity_and_schema_independence) ... ok
2026-09-07T06:18:37.1239592Z test_cmake_matches_builder_and_rejects_invalid_identity (test_r05_identity.ProductIdentityTests.test_cmake_matches_builder_and_rejects_invalid_identity) ... ok
2026-09-07T06:18:37.1925483Z test_live_build_record_carries_both_versions (test_r05_identity.ProductIdentityTests.test_live_build_record_carries_both_versions) ... ok
2026-09-07T06:18:37.1934959Z test_payload_identity_tracks_source_but_allows_package_stamping (test_r05_identity.ProductIdentityTests.test_payload_identity_tracks_source_but_allows_package_stamping) ... ok
2026-09-07T06:18:37.1992023Z test_stamped_install_preserves_source_version (test_r05_identity.ProductIdentityTests.test_stamped_install_preserves_source_version) ... ok
2026-09-07T06:18:37.1993310Z 
2026-09-07T06:18:37.1993524Z ----------------------------------------------------------------------
2026-09-07T06:18:37.1993851Z Ran 6 tests in 1.226s
2026-09-07T06:18:37.1993988Z 
2026-09-07T06:18:37.1994054Z OK
2026-09-07T06:18:37.2187581Z [M12] exec: C:\hostedtoolcache\windows\Python\3.12.10\x64\python.exe -m unittest discover -v -s D:\a\NU54DK_Arduino_Core\NU54DK_Arduino_Core\tests\host -p test_r06_builder_modules.py
2026-09-07T06:18:38.1668979Z test_extracted_entry_isolated_from_cwd_and_pythonpath (test_r06_builder_modules.BuilderPackageTests.test_extracted_entry_isolated_from_cwd_and_pythonpath) ... ok
2026-09-07T06:18:38.2112702Z test_source_package_includes_explicit_models_and_launcher (test_r06_builder_modules.BuilderPackageTests.test_source_package_includes_explicit_models_and_launcher) ... ok
2026-09-07T06:18:38.2113828Z 
2026-09-07T06:18:38.2113989Z ----------------------------------------------------------------------
2026-09-07T06:18:38.2114366Z Ran 2 tests in 0.907s
2026-09-07T06:18:38.2114492Z 
2026-09-07T06:18:38.2114560Z OK
2026-09-07T06:18:38.2250616Z [M12] exec: C:\hostedtoolcache\windows\Python\3.12.10\x64\python.exe -m unittest discover -v -s D:\a\NU54DK_Arduino_Core\NU54DK_Arduino_Core\tests\host -p test_r06_windows_recipe.py
2026-09-07T06:18:38.3586673Z test_checkout_and_ascii_install_keep_original_build_root (test_r06_windows_recipe.WindowsRecipeTests.test_checkout_and_ascii_install_keep_original_build_root) ... ok
2026-09-07T06:18:38.6180566Z test_copy_rejects_cache_junction_to_another_directory (test_r06_windows_recipe.WindowsRecipeTests.test_copy_rejects_cache_junction_to_another_directory) ... ok
2026-09-07T06:18:38.9456269Z test_installed_command_preserves_quoted_paths_and_exit (test_r06_windows_recipe.WindowsRecipeTests.test_installed_command_preserves_quoted_paths_and_exit) ... ok
2026-09-07T06:18:39.0727855Z test_package_copy_preserves_identity_recovers_bytes_and_rejects_extra_files (test_r06_windows_recipe.WindowsRecipeTests.test_package_copy_preserves_identity_recovers_bytes_and_rejects_extra_files) ... ok
2026-09-07T06:18:39.0728947Z 
2026-09-07T06:18:39.0729138Z ----------------------------------------------------------------------
2026-09-07T06:18:39.0729556Z Ran 4 tests in 0.762s
2026-09-07T06:18:39.0729724Z 
2026-09-07T06:18:39.0729806Z OK
2026-09-07T06:18:39.0866918Z [M12] exec: C:\hostedtoolcache\windows\Python\3.12.10\x64\python.exe -m unittest discover -v -s D:\a\NU54DK_Arduino_Core\NU54DK_Arduino_Core\tests\host -p test_r07_event_driver.py
2026-09-07T06:18:41.1224514Z test_production_dppi_and_registry (test_r07_event_driver.EventDriverTests.test_production_dppi_and_registry) ... ok
2026-09-07T06:18:41.1226168Z 
2026-09-07T06:18:41.1226437Z ----------------------------------------------------------------------
2026-09-07T06:18:41.1226983Z Ran 1 test in 1.959s
2026-09-07T06:18:41.1227174Z 
2026-09-07T06:18:41.1227273Z OK
2026-09-07T06:18:41.1328213Z [M12] exec: C:\hostedtoolcache\windows\Python\3.12.10\x64\python.exe -m unittest discover -v -s D:\a\NU54DK_Arduino_Core\NU54DK_Arduino_Core\tests\host -p test_r08_resource_route.py
2026-09-07T06:18:43.6186532Z test_production_resource_and_route (test_r08_resource_route.ResourceRouteTests.test_production_resource_and_route) ... ok
2026-09-07T06:18:43.6187656Z 
2026-09-07T06:18:43.6188158Z ----------------------------------------------------------------------
2026-09-07T06:18:43.6188534Z Ran 1 test in 2.408s
2026-09-07T06:18:43.6188668Z 
2026-09-07T06:18:43.6188745Z OK
2026-09-07T06:18:43.6304881Z [M12] exec: C:\hostedtoolcache\windows\Python\3.12.10\x64\python.exe -m unittest discover -v -s D:\a\NU54DK_Arduino_Core\NU54DK_Arduino_Core\tests\host -p test_r09_spi_facade.py
2026-09-07T06:18:45.3056980Z test_production_spi_facade (test_r09_spi_facade.SpiFacadeTests.test_production_spi_facade) ... ok
2026-09-07T06:18:45.3057750Z 
2026-09-07T06:18:45.3057992Z ----------------------------------------------------------------------
2026-09-07T06:18:45.3058895Z Ran 1 test in 1.593s
2026-09-07T06:18:45.3059155Z 
2026-09-07T06:18:45.3059269Z OK
2026-09-07T06:18:45.3169472Z [M12] exec: C:\hostedtoolcache\windows\Python\3.12.10\x64\python.exe -m unittest discover -v -s D:\a\NU54DK_Arduino_Core\NU54DK_Arduino_Core\tests\host -p test_r10_serial_concurrency.py
2026-09-07T06:18:47.8412974Z test_production_stop_reservation (test_r10_serial_concurrency.SerialConcurrencyTests.test_production_stop_reservation) ... ok
2026-09-07T06:18:47.8413960Z 
2026-09-07T06:18:47.8414176Z ----------------------------------------------------------------------
2026-09-07T06:18:47.8414668Z Ran 1 test in 2.446s
2026-09-07T06:18:47.8414874Z 
2026-09-07T06:18:47.8414994Z OK
2026-09-07T06:18:47.8519198Z [M12] exec: C:\hostedtoolcache\windows\Python\3.12.10\x64\python.exe -m unittest discover -v -s D:\a\NU54DK_Arduino_Core\NU54DK_Arduino_Core\tests\host -p test_r11_fabric_data.py
2026-09-07T06:18:54.2353368Z test_production_data_and_restarts (test_r11_fabric_data.FabricDataTests.test_production_data_and_restarts) ... ok
2026-09-07T06:18:54.2354311Z 
2026-09-07T06:18:54.2354540Z ----------------------------------------------------------------------
2026-09-07T06:18:54.2355161Z Ran 1 test in 6.302s
2026-09-07T06:18:54.2355354Z 
2026-09-07T06:18:54.2355456Z OK
2026-09-07T06:18:54.2456942Z [M12] exec: C:\hostedtoolcache\windows\Python\3.12.10\x64\python.exe -m unittest discover -v -s D:\a\NU54DK_Arduino_Core\NU54DK_Arduino_Core\tests\host -p test_r12_ble_gap.py
2026-09-07T06:18:58.6640302Z test_production_gap_lifecycle (test_r12_ble_gap.BleGapTests.test_production_gap_lifecycle) ... FAIL
2026-09-07T06:18:58.6641010Z 
2026-09-07T06:18:58.6641193Z ======================================================================
2026-09-07T06:18:58.6641983Z FAIL: test_production_gap_lifecycle (test_r12_ble_gap.BleGapTests.test_production_gap_lifecycle)
2026-09-07T06:18:58.6642604Z ----------------------------------------------------------------------
2026-09-07T06:18:58.6642967Z Traceback (most recent call last):
2026-09-07T06:18:58.6650434Z   File "D:\a\NU54DK_Arduino_Core\NU54DK_Arduino_Core\tests\host\test_r12_ble_gap.py", line 32, in test_production_gap_lifecycle
2026-09-07T06:18:58.6651709Z     self.assertEqual(result.returncode, 0, result.stderr.decode(errors='replace'))
2026-09-07T06:18:58.6653081Z AssertionError: 1 != 0 : C:/mingw64/bin/../lib/gcc/x86_64-w64-mingw32/15.2.0/../../../../x86_64-w64-mingw32/bin/ld.exe: C:\Users\RUNNER~1\AppData\Local\Temp\ccjkgjSA.o:NUCODE_BLE_GAP.cpp:(.text+0x2c1): undefined reference to `nucode::ble::internal::prepareGattDatabase()'
2026-09-07T06:18:58.6654187Z 
2026-09-07T06:18:58.6655020Z C:/mingw64/bin/../lib/gcc/x86_64-w64-mingw32/15.2.0/../../../../x86_64-w64-mingw32/bin/ld.exe: C:\Users\RUNNER~1\AppData\Local\Temp\ccjkgjSA.o:NUCODE_BLE_GAP.cpp:(.text+0x569): undefined reference to `nucode::ble::internal::pollGatt()'
2026-09-07T06:18:58.6655927Z 
2026-09-07T06:18:58.6656802Z C:/mingw64/bin/../lib/gcc/x86_64-w64-mingw32/15.2.0/../../../../x86_64-w64-mingw32/bin/ld.exe: C:\Users\RUNNER~1\AppData\Local\Temp\ccjkgjSA.o:NUCODE_BLE_GAP.cpp:(.text+0x772): undefined reference to `nucode::ble::internal::securityDisconnected(bt_conn*)'
2026-09-07T06:18:58.6657668Z 
2026-09-07T06:18:58.6658350Z C:/mingw64/bin/../lib/gcc/x86_64-w64-mingw32/15.2.0/../../../../x86_64-w64-mingw32/bin/ld.exe: C:\Users\RUNNER~1\AppData\Local\Temp\ccjkgjSA.o:NUCODE_BLE_GAP.cpp:(.text+0x794): undefined reference to `nucode::ble::internal::gattEnded()'
2026-09-07T06:18:58.6659450Z 
2026-09-07T06:18:58.6660248Z C:/mingw64/bin/../lib/gcc/x86_64-w64-mingw32/15.2.0/../../../../x86_64-w64-mingw32/bin/ld.exe: C:\Users\RUNNER~1\AppData\Local\Temp\ccjkgjSA.o:NUCODE_BLE_GAP.cpp:(.text+0x85b): undefined reference to `nucode::ble::internal::addGattService(nucode::ble::BLEService&)'
2026-09-07T06:18:58.6661124Z 
2026-09-07T06:18:58.6662028Z C:/mingw64/bin/../lib/gcc/x86_64-w64-mingw32/15.2.0/../../../../x86_64-w64-mingw32/bin/ld.exe: C:\Users\RUNNER~1\AppData\Local\Temp\cc7ZnTYQ.o:GapConnection.cpp:(.text+0x4fd): undefined reference to `nucode::ble::internal::gattConnected(bt_conn*, unsigned int)'
2026-09-07T06:18:58.6662904Z 
2026-09-07T06:18:58.6663641Z C:/mingw64/bin/../lib/gcc/x86_64-w64-mingw32/15.2.0/../../../../x86_64-w64-mingw32/bin/ld.exe: C:\Users\RUNNER~1\AppData\Local\Temp\cc7ZnTYQ.o:GapConnection.cpp:(.text+0x509): undefined reference to `nucode::ble::internal::securityConnected(bt_conn*)'
2026-09-07T06:18:58.6664476Z 
2026-09-07T06:18:58.6665248Z C:/mingw64/bin/../lib/gcc/x86_64-w64-mingw32/15.2.0/../../../../x86_64-w64-mingw32/bin/ld.exe: C:\Users\RUNNER~1\AppData\Local\Temp\cc7ZnTYQ.o:GapConnection.cpp:(.text+0x5c0): undefined reference to `nucode::ble::internal::gattDisconnected(bt_conn*, unsigned int)'
2026-09-07T06:18:58.6666117Z 
2026-09-07T06:18:58.6666869Z C:/mingw64/bin/../lib/gcc/x86_64-w64-mingw32/15.2.0/../../../../x86_64-w64-mingw32/bin/ld.exe: C:\Users\RUNNER~1\AppData\Local\Temp\cc7ZnTYQ.o:GapConnection.cpp:(.text+0x5cc): undefined reference to `nucode::ble::internal::securityDisconnected(bt_conn*)'
2026-09-07T06:18:58.6667709Z 
2026-09-07T06:18:58.6668543Z C:/mingw64/bin/../lib/gcc/x86_64-w64-mingw32/15.2.0/../../../../x86_64-w64-mingw32/bin/ld.exe: C:\Users\RUNNER~1\AppData\Local\Temp\cc7ZnTYQ.o:GapConnection.cpp:(.text+0x74a): undefined reference to `nucode::ble::internal::securityChanged(bt_conn*, unsigned char, bt_security_err)'
2026-09-07T06:18:58.6669499Z 
2026-09-07T06:18:58.6669619Z collect2.exe: error: ld returned 1 exit status
2026-09-07T06:18:58.6669819Z 
2026-09-07T06:18:58.6669830Z 
2026-09-07T06:18:58.6669964Z ----------------------------------------------------------------------
2026-09-07T06:18:58.6670284Z Ran 1 test in 4.341s
2026-09-07T06:18:58.6670412Z 
2026-09-07T06:18:58.6670482Z FAILED (failures=1)
2026-09-07T06:18:58.6737231Z M12_GATE_FAIL: \uba85\ub839\uc774 \uc885\ub8cc \ucf54\ub4dc 1\ub85c \uc2e4\ud328\ud588\uc2b5\ub2c8\ub2e4: C:\hostedtoolcache\windows\Python\3.12.10\x64\python.exe -m unittest discover -v -s D:\a\NU54DK_Arduino_Core\NU54DK_Arduino_Core\tests\host -p test_r12_ble_gap.py
2026-09-07T06:18:58.7718255Z ##[error]Process completed with exit code 1.
2026-09-07T06:18:58.7991047Z Post job cleanup.
2026-09-07T06:18:59.0119508Z [command]"C:\Program Files\Git\bin\git.exe" version
2026-09-07T06:18:59.0460764Z git version 2.55.0.windows.5
2026-09-07T06:18:59.0523993Z Temporarily overriding HOME='D:\a\_temp\da709834-4a91-41f3-b6f0-b5239f81925c' before making global git config changes
2026-09-07T06:18:59.0525672Z Adding repository directory to the temporary git global config as a safe directory
2026-09-07T06:18:59.0536369Z [command]"C:\Program Files\Git\bin\git.exe" config --global --add safe.directory D:\a\NU54DK_Arduino_Core\NU54DK_Arduino_Core
2026-09-07T06:18:59.0867377Z Removing SSH command configuration
2026-09-07T06:18:59.0879223Z [command]"C:\Program Files\Git\bin\git.exe" config --local --name-only --get-regexp core\.sshCommand
2026-09-07T06:18:59.1219624Z [command]"C:\Program Files\Git\bin\git.exe" submodule foreach --recursive "sh -c \"git config --local --name-only --get-regexp 'core\.sshCommand' && git config --local --unset-all 'core.sshCommand' || :\""
2026-09-07T06:18:59.6884140Z Entering 'board_package/NU54DK_Zephyr_DTS'
2026-09-07T06:18:59.7833612Z Removing HTTP extra header
2026-09-07T06:18:59.7844338Z [command]"C:\Program Files\Git\bin\git.exe" config --local --name-only --get-regexp http\.https\:\/\/github\.com\/\.extraheader
2026-09-07T06:18:59.8178013Z [command]"C:\Program Files\Git\bin\git.exe" submodule foreach --recursive "sh -c \"git config --local --name-only --get-regexp 'http\.https\:\/\/github\.com\/\.extraheader' && git config --local --unset-all 'http.https://github.com/.extraheader' || :\""
2026-09-07T06:19:00.3758605Z Entering 'board_package/NU54DK_Zephyr_DTS'
2026-09-07T06:19:00.4704100Z Removing includeIf entries pointing to credentials config files
2026-09-07T06:19:00.4715430Z [command]"C:\Program Files\Git\bin\git.exe" config --local --name-only --get-regexp ^includeIf\.gitdir:
2026-09-07T06:19:00.4992742Z includeif.gitdir:D:/a/NU54DK_Arduino_Core/NU54DK_Arduino_Core/.git.path
2026-09-07T06:19:00.4993644Z includeif.gitdir:D:/a/NU54DK_Arduino_Core/NU54DK_Arduino_Core/.git/worktrees/*.path
2026-09-07T06:19:00.4994356Z includeif.gitdir:/github/workspace/.git.path
2026-09-07T06:19:00.4994804Z includeif.gitdir:/github/workspace/.git/worktrees/*.path
2026-09-07T06:19:00.5042638Z [command]"C:\Program Files\Git\bin\git.exe" config --local --get-all includeif.gitdir:D:/a/NU54DK_Arduino_Core/NU54DK_Arduino_Core/.git.path
2026-09-07T06:19:00.5321454Z D:\a\_temp\git-credentials-b3df725a-6eae-46f9-95b3-e96a26a02b45.config
2026-09-07T06:19:00.5368782Z [command]"C:\Program Files\Git\bin\git.exe" config --local --unset includeif.gitdir:D:/a/NU54DK_Arduino_Core/NU54DK_Arduino_Core/.git.path D\:\\a\\_temp\\git\-credentials\-b3df725a\-6eae\-46f9\-95b3\-e96a26a02b45\.config
2026-09-07T06:19:00.5749814Z [command]"C:\Program Files\Git\bin\git.exe" config --local --get-all includeif.gitdir:D:/a/NU54DK_Arduino_Core/NU54DK_Arduino_Core/.git/worktrees/*.path
2026-09-07T06:19:00.6038841Z D:\a\_temp\git-credentials-b3df725a-6eae-46f9-95b3-e96a26a02b45.config
2026-09-07T06:19:00.6082628Z [command]"C:\Program Files\Git\bin\git.exe" config --local --unset includeif.gitdir:D:/a/NU54DK_Arduino_Core/NU54DK_Arduino_Core/.git/worktrees/*.path D\:\\a\\_temp\\git\-credentials\-b3df725a\-6eae\-46f9\-95b3\-e96a26a02b45\.config
2026-09-07T06:19:00.6405547Z [command]"C:\Program Files\Git\bin\git.exe" config --local --get-all includeif.gitdir:/github/workspace/.git.path
2026-09-07T06:19:00.6691749Z /github/runner_temp/git-credentials-b3df725a-6eae-46f9-95b3-e96a26a02b45.config
2026-09-07T06:19:00.6742864Z [command]"C:\Program Files\Git\bin\git.exe" config --local --unset includeif.gitdir:/github/workspace/.git.path \/github\/runner_temp\/git\-credentials\-b3df725a\-6eae\-46f9\-95b3\-e96a26a02b45\.config
2026-09-07T06:19:00.7090557Z [command]"C:\Program Files\Git\bin\git.exe" config --local --get-all includeif.gitdir:/github/workspace/.git/worktrees/*.path
2026-09-07T06:19:00.7364458Z /github/runner_temp/git-credentials-b3df725a-6eae-46f9-95b3-e96a26a02b45.config
2026-09-07T06:19:00.7406674Z [command]"C:\Program Files\Git\bin\git.exe" config --local --unset includeif.gitdir:/github/workspace/.git/worktrees/*.path \/github\/runner_temp\/git\-credentials\-b3df725a\-6eae\-46f9\-95b3\-e96a26a02b45\.config
2026-09-07T06:19:00.7721800Z [command]"C:\Program Files\Git\bin\git.exe" submodule foreach --recursive "git config --local --show-origin --name-only --get-regexp remote.origin.url"
2026-09-07T06:19:01.3281050Z Entering 'board_package/NU54DK_Zephyr_DTS'
2026-09-07T06:19:01.3658252Z file:D:/a/NU54DK_Arduino_Core/NU54DK_Arduino_Core/.git/modules/board_package/NU54DK_Zephyr_DTS/config	remote.origin.url
2026-09-07T06:19:01.3919392Z [command]"C:\Program Files\Git\bin\git.exe" config --file D:/a/NU54DK_Arduino_Core/NU54DK_Arduino_Core/.git/modules/board_package/NU54DK_Zephyr_DTS/config --name-only --get-regexp ^includeIf\.gitdir:
2026-09-07T06:19:01.4187157Z includeif.gitdir:D:/a/NU54DK_Arduino_Core/NU54DK_Arduino_Core/.git/modules/board_package/NU54DK_Zephyr_DTS.path
2026-09-07T06:19:01.4200658Z includeif.gitdir:/github/workspace/.git/modules/board_package/NU54DK_Zephyr_DTS.path
2026-09-07T06:19:01.4235617Z [command]"C:\Program Files\Git\bin\git.exe" config --file D:/a/NU54DK_Arduino_Core/NU54DK_Arduino_Core/.git/modules/board_package/NU54DK_Zephyr_DTS/config --get-all includeif.gitdir:D:/a/NU54DK_Arduino_Core/NU54DK_Arduino_Core/.git/modules/board_package/NU54DK_Zephyr_DTS.path
2026-09-07T06:19:01.4504888Z D:\a\_temp\git-credentials-b3df725a-6eae-46f9-95b3-e96a26a02b45.config
2026-09-07T06:19:01.4547776Z [command]"C:\Program Files\Git\bin\git.exe" config --file D:/a/NU54DK_Arduino_Core/NU54DK_Arduino_Core/.git/modules/board_package/NU54DK_Zephyr_DTS/config --unset includeif.gitdir:D:/a/NU54DK_Arduino_Core/NU54DK_Arduino_Core/.git/modules/board_package/NU54DK_Zephyr_DTS.path D\:\\a\\_temp\\git\-credentials\-b3df725a\-6eae\-46f9\-95b3\-e96a26a02b45\.config
2026-09-07T06:19:01.4867083Z [command]"C:\Program Files\Git\bin\git.exe" config --file D:/a/NU54DK_Arduino_Core/NU54DK_Arduino_Core/.git/modules/board_package/NU54DK_Zephyr_DTS/config --get-all includeif.gitdir:/github/workspace/.git/modules/board_package/NU54DK_Zephyr_DTS.path
2026-09-07T06:19:01.5140163Z /github/runner_temp/git-credentials-b3df725a-6eae-46f9-95b3-e96a26a02b45.config
2026-09-07T06:19:01.5183974Z [command]"C:\Program Files\Git\bin\git.exe" config --file D:/a/NU54DK_Arduino_Core/NU54DK_Arduino_Core/.git/modules/board_package/NU54DK_Zephyr_DTS/config --unset includeif.gitdir:/github/workspace/.git/modules/board_package/NU54DK_Zephyr_DTS.path \/github\/runner_temp\/git\-credentials\-b3df725a\-6eae\-46f9\-95b3\-e96a26a02b45\.config
2026-09-07T06:19:01.5493604Z Removing credentials config 'D:\a\_temp\git-credentials-b3df725a-6eae-46f9-95b3-e96a26a02b45.config'
2026-09-07T06:19:01.5697017Z Cleaning up orphan processes
