:10000000F82E0220CDF60100C7560300B9F6010014
:10001000B9F60100B9F60100B9F60100B9F6010020
:100020000000000000000000000000009DF701003B
:10003000B9F60100000000004DF90100B9F6010019
:10004000CDF90100CDF90100CDF90100CDF9010094
:10005000CDF90100CDF90100CDF90100CDF9010084
:10006000CDF90100CDF90100CDF90100CDF9010074
:10007000CDF90100CDF90100CDF90100CDF9010064
:10008000CDF90100CDF90100CDF90100CDF9010054
:10009000CDF90100CDF90100CDF90100CDF9010044
:1000A000CDF90100CDF90100CDF90100CDF9010034
:1000B000CDF90100CDF90100CDF90100CDF9010024
:1000C000CDF90100CDF90100CDF90100CDF9010014
:1000D000CDF90100CDF90100CDF90100CDF9010004
:1000E000CDF90100CDF90100CDF90100CDF90100F4
:1000F000CDF90100CDF90100CDF90100CDF90100E4
:10010000CDF90100CDF90100CDF90100CDF90100D3
:10011000CDF90100CDF90100CDF90100CDF90100C3
:10012000CDF90100CDF90100CDF90100CDF90100B3
:10013000CDF90100CDF90100CDF90100CDF90100A3
:10014000CDF90100CDF90100CDF90100CDF9010093
:10015000CDF90100CDF90100CDF90100CDF9010083
:10016000CDF90100CDF90100CDF90100CDF9010073
:10017000CDF90100CDF90100CDF90100CDF9010063
:10018000CDF90100CDF90100CDF90100CDF9010053
:10019000CDF90100CDF90100CDF90100CDF9010043
:1001A000CDF90100CDF90100CDF90100CDF9010033
:1001B000CDF90100CDF90100CDF90100CDF9010023
:1001C000CDF90100CDF90100CDF90100CDF9010013
:1001D000CDF90100CDF90100CDF90100CDF9010003
:1001E000CDF90100CDF90100CDF90100CDF90100F3
:1001F000CDF90100CDF90100CDF90100CDF90100E3
:10020000CDF90100CDF90100CDF90100CDF90100D2
:10021000CDF90100CDF90100CDF90100CDF90100C2
:10022000CDF90100CDF90100CDF90100CDF90100B2
:10023000CDF90100CDF90100CDF90100CDF90100A2
:10024000CDF90100CDF90100CDF90100CDF9010092
:10025000CDF90100FBA50300CDF90100CDF90100A6
:10026000CDF90100CDF90100E5A50300CDF90100AC
:10027000CDF90100CDF90100CDF90100CDF9010062
:10028000CDF90100CDF90100CDF90100CDF9010052
:10029000CDF90100CDF90100CDF90100CDF9010042
:1002A000CDF90100CDF90100CDF90100CDF9010032
:1002B000CDF90100CDF90100CDF90100CDF9010022
:1002C000CDF90100CDF90100CDF90100CDF9010012
:1002D000CDF90100CDF90100CDF90100CDF9010002
:1002E000CDF90100CDF90100CDF90100CDF90100F2
:1002F000CDF90100CDF90100CDF90100CDF90100E2
:10030000CDF90100CDF90100CDF90100CDF90100D1
:10031000CDF90100CDF90100CDF90100CDF90100C1
:10032000CDF90100CDF90100CDF90100CDF90100B1
:10033000CDF90100CDF90100CDF90100CDF90100A1
:10034000CDF90100CDF90100CDF90100CDF9010091
:10035000CDF90100CDF90100CDF90100CDF9010081
:10036000CDF90100CDF90100CDF90100CDF9010071
:10037000CDF90100CDF90100CDF90100CDF9010061
:10038000CDF90100CDF90100CDF90100CDF9010051
:10039000CDF90100CDF90100CDF90100CDF9010041
:1003A000CDF90100CDF90100CDF90100CDF9010031
:1003B000CDF90100CDF90100CDF90100CDF9010021
:1003C000CDF90100CDF90100CDF90100CDF9010011
:1003D000CDF9010011A60300CDF90100CDF901000E
:1003E000CDF90100CDF90100CDF90100CDF90100F1
:1003F000CDF90100CDF90100CDF90100CDF90100E1
:10040000CDF90100CDF90100CDF90100CDF90100D0
:10041000CDF90100CDF90100CDF90100CDF90100C0
:10042000CDF90100CDF90100CDF90100CDF90100B0
:10043000CDF90100CDF90100CDF90100CDF90100A0
:10044000CDF90100CDF90100CDF90100CDF9010090
:10045000CDF90100CDF90100CDF90100CDF9010080
:10046000CDF90100CDF90100CDF90100CDF9010070
:0C047000CDF90100CDF90100CDF901002B
:10048000054B00221B78826001330260034A426000
:10049000C371FF2303727047F02800208001080019
:1004A000064A074B02604FF426729B78828008222E
:1004B000C371002382710372704700BF835A010029
:1004C000F0280020064A074B02604FF44472DB78A4
:1004D00082800822C371002382710372704700BFBB
:1004E000FD570100F0280020064A074B02604FF438
:1004F000B072DB7A82800822C371FF23827103729B
:10050000704700BF0D520100F02800202DE9F34193
:10051000C41D0028064624F007040CBF0020204616
:1005200000F07CFC071E04DA6FF00B0002B0BDE89F
:10053000F081374DE988A88803316B7A03302A7A35
:1005400089B280B210F09CFC0028EDDB3C44A97815
:10055000EB78002E04F10304194424F0030400FB9B
:1005600001F10CBF0020204600F0DEFD20440EB952
:100570000028D9DBEA7A0446B2B1EB7B697C1344EC
:100580001944FF29D0D80330002EAA89C9B220F01F
:1005900003040CBF0020204600F038FE0028C3DB17
:1005A00004440EB9002CBFDB012000F02DFCB0B1DB
:1005B000A97BA1B195F82A3033B340234FF481725F
:1005C0000734002E24F007040CBF0020204603F05F
:1005D0002FF90028A8DB04440EB9002CA4DBAB7A69
:1005E000FBB1EB7AB3B10734002EA97A24F00704EB
:1005F0000CBF0020204607F08DF9002894DB04444E
:100600007EB9002C0DDA8FE725232822D8E700BF1A
:10061000F0280020012000F0F7FB10B1AB7B002B8D
:10062000E1D1734B1B6893B1A97D81B10334002ED6
:10063000EA7D24F003040CBF0020204698470028E0
:10064000FFF672AF044416B9002CFFF66DAF694B8C
:100650001B688BB1297C79B10334002E24F003048C
:100660000CBF0020204698470028FFF65DAF0444E9
:1006700016B9002CFFF658AF5F4B1F68B7B1697C05
:10068000A1B10334002E2B7D24F0030408BF002009
:10069000009318BF2046EB7CAA7CB8470028FFF6E1
:1006A00043AF044416B9002CFFF63EAF072000F01C
:1006B000ABFB98B1A97D89B10334002E2A7E24F0CA
:1006C00003040CBF0020204600F08EFE0028FFF639
:1006D0002BAF044416B9002CFFF626AFB6FA86F706
:1006E00095F823007F09A0B103346B7FA97E24F025
:1006F000070419443B4644F00404C9B2224600F002
:10070000B3FE0028FFF610AF044416B9002CFFF624
:100710000BAF95F8241000294CD004F10708002EE7
:10072000EA8C28F007080CBF0020404610F0BCFB04
:10073000041EFFF6F9AE4444002E3ED1002CFFF615
:10074000F3AEA97F002945D095F82230002B41D087
:100750002A8C0734002E02F1240224F007080CBF73
:100760000020404692B210F09FFB0028FFF6DCAE5E
:10077000404416B90028FFF6D7AE03302B7FA97E80
:1007800020F0070019443B4640F0040495F822008D
:10079000C9B2224600F05AFE0028FFF6C5AE044456
:1007A00086B9002CFFF6C0AEEB6AF3B1C6B1EC62BD
:1007B0000020BBE6002EC4D08846E98C40460DF0F0
:1007C000DBFBBEE72A8C4046A97F083292B20DF0CF
:1007D000D9FBE9E7002EE7D0002211461046F6E7E4
:1007E00028343FF5A1AE2046A0E6002EE0D1FAE77E
:1007F0004C36002050360020543600201FB572B60B
:10080000194B1C6BECB9BFF34F8F1849184BCA68D2
:1008100002F4E0621343CB60BFF34F8F00BFFDE7EC
:10082000B2FBF6F22B465D1C002AF9D1DBB203F1D4
:1008300010056D4405F80C2C0A2233B901A8A04715
:10084000E1E7024600230A26EDE7013BDBB203F1B4
:1008500010050DEB0506B0FBF2F502FB150030307C
:1008600006F80C0C2846E8E7F028002000ED00E030
:100870000400FA0513B5124C68462389ADF8003020
:10088000E388ADF80430A388ADF8023004F08CFFA3
:1008900018B1FA219C20FFF7B1FF207D04F0DAFFA8
:1008A00008B1FD21F6E7E07C04F0CEFF08B1FE219F
:1008B000F0E794F829000BF075FF02B010BD00BFFF
:1008C000F028002070B50546002855D00FF070FCC8
:1008D00018B94FF0FF34204670BD0EF051F8B0F556
:1008E000FA7FF6D8264C012625630025284684F891
:1008F0003450257084F82A50E5620DF0DFFA1A2290
:10090000294604F10F0015F0A2FE1B230821032243
:10091000A3802846E3800223A1721F216372E3753E
:10092000F72322722384FB23A2734922E3840A2340
:10093000A1812946E27484F82930A670E670E67237
:10094000A674267603F030FC2A463146304603F082
:10095000FDFB044620B140F2B5319C20FFF74EFF6D
:10096000014603F00FFCEFF3108572B600F0A2FD14
:10097000002DB0D162B6AEE76FF01504ABE700BF53
:10098000F028002038B51446002840F0EE80784D5D
:1009900095F83430032B00F0E58019B312B96FF0ED
:1009A000150038BD0139172900F2DF80DFE811F0AA
:1009B000180029002C0042006C00750094004800CB
:1009C00078007B008E004E005400620067009A00A1
:1009D0009D00AC00AF00B200A300B500B900D2008A
:1009E0001378AB700020FFF791FD0028B7BF0123FB
:1009F00002236FF00B0085F83430A8BF85F834303F
:100A0000CFE71378EB70EDE71379002BC7D053795C
:100A1000002BC4D01288FB2AC1D863881B3B9BB231
:100A2000E02BBCD81A2ABAD92368A2886B60514B34
:100A30009A80D7E71378EA7B9342B0D3EB72D1E781
:100A40001378EA7A9342AAD8EB73CBE71378EA7A61
:100A50009342A4D86B74C5E71378002B9FD05378CA
:100A6000013BDBB2F82B9AD8138892786B82424B09
:100A70009A70B7E7107868750BF052FEB2E71378FA
:100A8000002B8CD02B76ADE7012000F0BDF9237848
:100A900008B1012B83D9AB73A4E71388AB81A1E71D
:100AA0001378AB759EE7072000F0AEF918B92378EC
:100AB000012B7FF674AF072000F0A6F918B1237858
:100AC000002B3FF46CAF2378EB758BE71378082B82
:100AD0003FF665AF2B7485E71388FF2B3FF65FAFBA
:100AE000AB727FE713786B767CE713780E2B3FF6BB
:100AF00056AFAB7676E72368204AC5F81E306368A8
:100B00005360238913816DE71378EB766AE71378D6
:100B10006B7767E713782B7764E7137885F82830CD
:100B200060E703F00DFB98B1007900F001026178F5
:100B3000207803F00BFB00287FF433AF6378012BA0
:100B40007FF650AF0DF0C0F900287FF44BAF26E7D9
:100B50000246ECE713785A1E092A3FF620AF85F8C3
:100B600029303FE74FF0FF301BE76FF02C0018E70C
:100B7000F0280020F4280020022900200E2900205F
:100B8000F8B50D46064630B329B311F0070422D15B
:100B9000124F97F83430012B02D16FF00B00F8BDE3
:100BA000032B02D14FF0FF30F9E700F0B9FC002829
:100BB000F8D02846FFF7AAFC0028EEDB15F02CF849
:100BC0003046F96A04F0D4FEFFF754FE03232046B2
:100BD00087F83430E3E76FF01500E0E7F0280020F5
:100BE00010B5074C94F83430032B03D104F0D8FE31
:100BF00005F07AFE10F09BFA002084F8340010BD56
:100C0000F028002008B504F05FFE03490320BDE88A
:100C1000084000F0F1B800BFE904000008B504F096
:100C200067FE03490220BDE8084000F0E5B800BFB8
:100C3000C504000008B504F07DFE0549012000F060
:100C4000DBF804490020BDE8084000F0D5B800BF3B
:100C500081040000A1040000074B4FF0FF3141F672
:100C6000FF72C3E9001205490022C1E900221F21D9
:100C7000C3E90212704700BF60000020282900204D
:100C80003F280CD801380B4BC0F3421200F01F0074
:100C900053F8223023FA00F000F001007047FF28DB
:100CA00006D04038044BC0F3421200F01F00EFE7BB
:100CB000012070476000002028290020074B0146D2
:100CC000006849681A4603C240F48C2200201A606A
:100CD00041F0107242F4FF625A60704760000020D9
:100CE0000246034B0068516803C30020704700BFF1
:100CF000282900200246034B0068516803C30020E6
:100D0000704700BF680000200138064BC0F3421254
:100D100000F01F0003EB82039B6823FA00F000F051
:100D200001007047600000200A8870B595B2C67C4B
:100D3000C2F30E020488023602F118033444C35A87
:100D4000A4B233442344013BB3FBF4F303FB04227A
:100D5000438892B29342044B8BBF2B40AB43134367
:100D60009BB20B8070BD00BF0080FFFF4A1E062AA9
:100D700008B50346084604D84FF4D1711520FFF793
:100D80003DFD094A914202D940F2A311F6E711B99B
:100D900003B1196008BD2BB11B680022C3E9012112
:100DA0001A1D1A600430F5E7FAFFFF7F10B5114BEA
:100DB00000EB41041A786389B3FBF2F303FB0223CF
:100DC000013A1A44B2F5706F0279807828BF002387
:100DD0001A440B18B2FBF0F100FB11215B1AB3FBB4
:100DE000F0F100FB113313446FEA43436FEA5343BE
:100DF000638110BD30290020024B03EB8003596052
:100E0000704700BF30290020034B03EB8003586874
:100E1000003818BF01207047302900202DE9F04F1D
:100E200010F0070A85B0054604D040F26F11172074
:100E3000FFF7E4FC534F04464FF0010B07F1540653
:100E4000B146B04657F8043B8DF80BA03BB101A862
:100E500098479DF80A30082B01D9F521E7E79DF85E
:100E60000B1041BB05B131604F4506F10406E9D1D5
:100E7000002D6FD00022DFF810911427964689F8D4
:100E8000002058F827A0013FBAF1000F55D09AF87A
:100E900004609AF802C0FF2E60D039460023481C37
:100EA00038D19C44BCF1FF0F3FD90AB189F800E06A
:100EB0004FF49A71BBE79DF80AC04B1D60465A007B
:100EC00004EB4303022838BF0220441E404223445F
:100ED000BDF808406444CCF1000C0340013C04EA36
:100EE0000C04B4F5803F02D340F205119FE775B1C1
:100EF0009A1A32609170148082F803B09DF80C0049
:100F0000107101984FEA104C1081A2F806C004FB42
:100F10000134A9E758F8210028B190F804B0B3458E
:100F200004BF80781B180139B9E7DBB2E6458AF8BF
:100F300004303CBF5FFA8CFE01227B1CA1D10AB1B8
:100F400089F800E0142640F6FF6A58F82670B7B911
:100F5000013EFAD2601B05B0BDE8F08F0023E5E743
:100F600007EB410309F101093846A3F80AA0FFF78E
:100F70001DFF5FFA89F1BB788B42F1D8E8E74FF0AB
:100F80000009F6E7342900203029002038B54FF653
:100F9000FF7302460380184B03EB8103986DA8B1E1
:100FA00084780379B3FBF4F104FB1133DBB2194607
:100FB00000EB4105B5F90A50002D0EDB0131B1FB04
:100FC000F4F504FB1511C9B28B42F1D1002038BDF4
:100FD0006381BDE838400FF02FBF00EB4104638907
:100FE000C3F30E031380C278002AF1D14FF4E571E8
:100FF0001720FFF703FC00BF302900201C4B03EB38
:10100000810370B59C6D054644B3030404D54FF4C9
:10101000EC711720FFF7F2FB014620460FF0EFFEC0
:10102000FF28014604D02046BDE870400FF004BF01
:10103000A078B5FBF0F300FB1353DBB219460A1D91
:1010400004EB4206B6F90260002E09DB0131B1FB68
:10105000F0F200FB1211C9B28B42F0D1002070BD3A
:101060008B4201D00023E37004EB42025580DAE7A3
:1010700030290020094B03EB8103014610B59C6D1C
:1010800020460FF0BCFEFF28014604D02046BDE8F4
:1010900010400FF0D1BE002010BD00BF302900204D
:1010A000F8B5104B074603EB810301469C6D2046C3
:1010B0000FF0A5FEFF28054611D0E288238953EAE8
:1010C000024606D0014620460FF0B6FE01463846DD
:1010D000B04720462946FFF769FE0020F8BD0520ED
:1010E000FCE700BF3029002038B50E4B044682795A
:1010F00003EB8203986D08B9052038BD8278E17949
:101100009142F9D24B1CE37100EB41035D89B3F9C5
:101110000A30002BF3DBA5800FF08EFE206000204C
:10112000EBE700BF3029002070B5044610F0030043
:101130000E4603D04E211820FFF760FBFFF716FE86
:10114000054624B1034831460460FFF70FFE2846E8
:1011500070BD00BFDC2900202DE9F14FDFF870B031
:101160001E4607460D46DBF8003090469DF828A045
:101170009DF82C901BB960211820FFF73FFB5246C9
:10118000092140460FF0BFFC4A4684B2092130468F
:101190000FF0B9FC81B2DBF8000021440FF003FE30
:1011A000386018B9286001B0BDE8F08F0444534698
:1011B000414609222C6038680FF068FC4B46092232
:1011C0003146286801B0BDE8F04F0FF05FBC00BFAA
:1011D000DC29002070B50E4604460FF0A7FC05463A
:1011E00030460FF0A3FC044B2A1821461868BDE8CE
:1011F00070400FF0FDBD00BFDC290020024B1868D5
:1012000008B10FF0C4BD7047DC2900201F2AF8B5D3
:10121000044613460ED89200033222F00303B3F5BE
:10122000803F2DD2184DACB1A00710D06821092005
:10123000FFF7E4FAFF2B4FEA420204D9FF339A4248
:10124000A8BF1A46E8E77C2AB8BF7C22E4E72970E9
:101250006C602B8122F0030228230127120403FB78
:1012600001F06B680025120CEEB2B14200D8F8BD57
:1012700014B126181F705E60104401352833F3E75F
:101280004FF0FF30F3E700BFE0290020154A0021AE
:1012900070B553681578C8B2854203D8BA210920C1
:1012A000FFF7ACFA1C461846013114F8286B0EB94A
:1012B0002346F0E70021997001241289996103F116
:1012C00026055C709208D96103F11E04596824F860
:1012D000022FA54243F8041F1144F8D100234361B3
:1012E000037070BDE02900200A4B1B89B3F5FF7F16
:1012F0004FEA930006D25A089B1A9BB2984238BF15
:1013000018467047B3F5EE6F01D8FF22F4E740F2BC
:101310007263F3E7E02900204B782DE9F04106469F
:101320000C4602F0040702F0FB05E3B1A5BBFF2366
:10133000A3707B0804EB57073A7D032A02D1022DE4
:1013400018BF0133E2180121117503F10C010022CD
:1013500004EB830324F811205B68A27030463360ED
:10136000B280BDE8F081002DE1D1012301F11E0220
:101370008D6120464B7004F1260C1A4BCD611B8900
:1013800049689B0822F8023F944540F8041F19441D
:10139000F8D100236361CAE7D1F804801422002148
:1013A000A018617015F053F90E4B1B89B3F5FF7F40
:1013B0000FD25A089B1A9BB208EB0301C4F80480B1
:1013C0002384A1606284C4F80C80A3842161E28438
:1013D000ADE7B3F5EE6F4FF0FF02EBD940F2726369
:1013E000EAE700BFE02900202DE9F84305460C4656
:1013F000F720052191460FF086FB061E21DB1DB963
:1014000006FB04F0BDE8F88315F0030703D098212C
:101410001920FFF7F3F9DFF83080C8F81050A8F86A
:101420001460BBB29C42EBD9B8F814504B46D8F8C4
:1014300010000522F72107FB050001370FF026FBFE
:10144000EFE74FF0FF30DDE7F429002007B5CDE9E5
:1014500000230B4603490246081D0FF042FE03B06D
:101460005DF804FB0C2A002013B5064CCDE90023DF
:101470000B46024604F1080104F10C000FF031FEA6
:1014800002B010BD0C2A002008B54B1E032B03D957
:1014900023219020FFF7B2F90028054A0CBF05234D
:1014A0000C2303EB8103053323F00103137008BD04
:1014B0001C2A0020114B01224FF0FF3000215A60FE
:1014C000C3F80803C3F80015C3F804255A6040F6B2
:1014D000FE72C3F808034020C3F8001503F570330B
:1014E0000749C3F80825C1F88800BFF34F8FBFF341
:1014F0006F8FC1F88801C3F8082570470060045059
:1015000000E100E002680020014B1A60704700BF54
:10151000202A0020014B1B68184700BF202A00200A
:10152000024B1868003818BF01207047202A00209D
:101530000A4606489C2302F8033BC368C1F80330FF
:101540000369536043699360704700BF242A0020F9
:10155000024B5A8C02435A845B6A1847242A0020A3
:10156000014B00215B6A1847242A002010B5154C56
:101570000CF03AF90CF064FC208DFFF7F1FF237EAC
:1015800063B12246104904F1190052F80C3BE360A4
:1015900063685360A368936012F02EFC218DE06AAB
:1015A00006F00EFBE36AB3F8AA0006F069F9636B74
:1015B00094F8301094F831009847002384F83830BC
:1015C00010BD00BF242A002031150000034B93F802
:1015D00038300BB1FFF7CABF704700BF242A002084
:1015E0002DE9F041DFF8808005460E4608F12C0019
:1015F00010F02AFC044618B101242046BDE8F08111
:10160000D8F82C3093F8A8704FB1012D07D1B8F855
:1016100022301A0703D598F83930002BECD1012E6F
:10162000EAD8D8F83C30284698470028E4D098F803
:101630003030002BE0D167B9012DDED1B8F822306F
:10164000002BD9D198F84030002BD6D198F84140E2
:1016500007E0002DD1D1B8F822309B07EED598F8DD
:10166000394084F00104C8E7242A002070B5204CDA
:101670000646636DE56A63644FF4817394F858001D
:10168000A4F848302B7D95F8211100EB83002EB98A
:10169000FF2803D195F820318B4201D00BF038FDA3
:1016A0002B7DFBB1E06D0BF0C7FFE16D606C0CF0C2
:1016B0004DFB66B995F82131033B012BB5F8E430B9
:1016C0008CBF00202820184480B20CF019F8B5F81F
:1016D000E0000BF0DDFC00200CF050F8022384F851
:1016E000383070BD606C0BF0A7FF0CF0A9FBE0E791
:1016F000242A002008B5094B93F83820022A04D088
:1017000040F257312720FFF779F8DA7A42F00102E8
:10171000DA72BDE80840FFF729BF00BF242A002085
:1017200010B590F86A1086B0D1B9C2880B46059101
:101730000021CDE903110C4991F85840029400F1C1
:1017400090040194C96A91F8A810003918BF0121CA
:10175000009100F1800102200CF008FA06B010BDE3
:10176000D0E91E23E3E700BF242A00202DE9F04141
:10177000274C06460F4694F83830012B5FFA83F861
:1017800004D040F60C112720FFF738F8E56A2B79D2
:1017900053B1002104202971FFF7DAFEE36A93F8C0
:1017A000A8300BB185F8058094F860308BB92B7A9E
:1017B000052B0ED117490220FFF7CAFEE36A93F802
:1017C000A83033B1E36E1B789A1E5342534184F81C
:1017D00039301EB1BDE8F041FFF7C8BE002FF9D087
:1017E00031463046FFF7FCFE0028F3D12B7DE46A3A
:1017F00013B12846FFF794FF94F821210120B4F893
:10180000E21014F031FA0020BDE8F041FFF72EBFDE
:10181000242A0020902A00207FB590F86A10D1B9C0
:10182000C2880B4605910021CDE90311FB210291ED
:1018300000F1900101910949C96A91F8A810B1FA23
:1018400081F14909009100F1800104200CF08EF92A
:1018500007B05DF804FBD0E91C23E3E7242A00204D
:101860001E4A10B5546E41782378C90003F0F30383
:1018700001F008010B438178890001F004010B435A
:10188000C178090103F0EC0301F010010B4301786A
:1018900001F003010B432370B2F870306370022330
:1018A000516EA2F8683004790B786001012C23F0A6
:1018B000200300F0200043EA00030B700CD1D36A30
:1018C00093F8BA2093F8BB30032A03F01F0308BF34
:1018D000002243EA82138B7010BD00BF242A00202F
:1018E000F7B5184C0646656F0DB1E36C23B940F6A9
:1018F000C4012720FEF782FFB4F8503001F0030145
:101900002F466B702B7823F003030B4307F8033B40
:101910003846B4F85020E16C0EF0B4FD0DF102022F
:1019200001A9A06F6564E7640FF027FA01980FF032
:1019300012FA0122B4F850103060A06F0FF0B6F91F
:1019400003B0F0BD242A00202DE9F04FAC4C87B045
:10195000D4F82C8098F8201158B998F8142094F8ED
:10196000583003EB8203FF2B03D198F821318B42CF
:1019700002D0FF200BF0CCFB002304AA02A9A1484F
:1019800004938DF8143084F8603001AB10F051FAF4
:101990000746002845D0029ABDF8043022B940F22B
:1019A00013412720FEF72AFF6266A4F8703003B1C6
:1019B000D31CE366012384F860309DF8133004A83B
:1019C000003B18BF012384F8403098F81330002BF7
:1019D00000F01C81B4F87030002B00F01781FFF785
:1019E0003FFFE06D0BF028FE9DF81420E16D003AFA
:1019F000606E18BF01220BF0BFFF18B9616EE06D79
:101A00000CF02EF9B8F8E2000BF042FB01200BF0CD
:101A1000B5FE012384F8883084F8383007B0BDE87B
:101A2000F08FE66A8DF80300337AADF80600062BD6
:101A300000F2CA80DFE803F004CBA1A1C8B8B80067
:101A400094F87F300DF1060103A8A6F81031ADF827
:101A5000063004F0FFF938B1039D2DB1012384F85D
:101A60008030052333729CE0E36A93F85130002BF9
:101A70006BD10DF103020DF10601D4F884000FF0D3
:101A80007CF80546002860D09DF80370FFB1014640
:101A9000D4F884000FF05BF90FF05DF9D0F800B0D6
:101AA000D0F804A081465BEA0A0348D1002389F8F4
:101AB000003089F8013089F8023089F8033089F85C
:101AC000043089F8053089F8063089F80730BDF808
:101AD0000630002B40D1012333720123002784F804
:101AE0008030BDF806306566A4F8703003B1EB1C99
:101AF000E366727A357A8DF81120022DB27A8DF86C
:101B0000122004D0053D012D8CBF012503258DF841
:101B10001050002F5ED000209DF810308DF813007B
:101B2000032B6BD1E36E1B781B2B67D1012106F1D0
:101B3000BA000BF035FB01238DF814303DE714F0AB
:101B4000D9F983457AEB0101B0D2002301222E4D51
:101B5000ADF806303272C6E79DF803301BB92B8012
:101B6000AB700323B8E72B7803F00303012BF8D005
:101B7000022333720023B375AFE7B6F810310DF1CD
:101B800003020DF10601D4F88400ADF806300EF022
:101B9000F4FF054610B940F2C35102E7012384F86F
:101BA0008030BDF806309EE70DF1060103A804F071
:101BB00051F908B1039D15B940F2D251F1E6012364
:101BC00084F8803006234DE740F2DC51E9E60E4D03
:101BD000002388E7032D02D11B78022B9BD0D4F879
:101BE00084000FF022F838B9032D94D004F04EF998
:101BF00080F00100C0B28FE701208DE700239BE752
:101C0000242A0020502A0020A02A0020FFF728FEC6
:101C1000606E0BF011FD0CF013F99DF81410606E5E
:101C2000003918BF012114F02CF8EBE62DE9F04F34
:101C3000B04C87B00027804694F83830E56A022B14
:101C4000019105F1A80ACDE9027704D040F6AD1163
:101C50002720FEF7D3FD616C03200B784A780144FE
:101C6000A4F84800E16403EA0001A4F850208DF8CC
:101C70001010C3F3C0018DF81110C3F380018DF86B
:101C80001210C3F30011C3F340138DF813108DF835
:101C90001430B8F1000F00F00C8104A904F12C00FD
:101CA00010F0C9F8064630B9B4F8501009B3A06F67
:101CB0000EF0DCFF0746238D9DF8121043F40073ED
:101CC000676723856B7A0133DAB203F00103994227
:101CD0004AD12B7A33B3032B6A720CD8012B21D053
:101CE00002A9D4F884000EF06AFFA0B940F2D471C2
:101CF000AEE70746DFE7053B012B02D940F2B3719F
:101D0000A6E704F0B5F810B940F2DE71A0E70021B3
:101D10000820FFF71DFCD5E91C32013342F1000217
:101D2000C5E91C320021E36A297293F8A8302BB16F
:101D30006B791BB110206971FFF70AFC238D4FF0FE
:101D4000000B43F4006323852B7DDBB1B4F85030E6
:101D5000C3B10CF093F80328FBD0022806D1FFF79B
:101D600005FC07B0BDE8F08FC346EDE750B9AB7A8C
:101D70009DF8112003F001039A4203D1012384F856
:101D80003130ECE7B4F85070E6B19DF81330591ECD
:101D90004B424B4184F84130002F40F0B780002780
:101DA000B946019B002B00F0B8800BF01DFDB9F186
:101DB000000F00F01E819DF8101003A8FFF790FDA2
:101DC0000127C9E0AB7A9DF8112003F001039A4284
:101DD00023D19DF810307FB35A1E012A2CD8238DB1
:101DE00095F8149043F4805323850BF067F903288A
:101DF00094F8893007D1B9F1000F0CBF1F221B22C4
:101E0000934228BF1346B4F850209A4208D994F858
:101E1000303043F0100384F830304FF000091EE0FA
:101E2000636F002BF9D094F88A301BB12020FFF7A4
:101E300097FBF2E79DF81030AA7A032B02F101021A
:101E4000AA722CD05A1E012A1DD8002FE5D0C146F7
:101E5000D5E91E32013342F10002C5E91E32626F3C
:101E60009DF81310002A56D1B4F85020B2FA82F22D
:101E70005209012914BF002202F001023746002650
:101E800084F841208DE7002FC7D0002BC5D1D5E9BC
:101E90001E32013342F10002C5E91E32BDE7238D37
:101EA0000120154943F4805328712385FFF750FB27
:101EB000EDE72B7D0BB10BF0FBFF94F88B3001337A
:101EC00084F88B30238D43F48063238595F821318A
:101ED000033B012B12D80BF0F1F8032812D1B4F810
:101EE00050604FF000091B2ECB4694BF0026012600
:101EF000B5E700BF242A0020702A002004F04EFE1F
:101F00000028E8D10026B146B346A8E7238D43F464
:101F10008053238543E70122ABE794F88B1001201F
:101F2000FFF75EFB00287FF440AFEA7C12B1284641
:101F3000FFF772FC002095F82021B5F8E01013F0AF
:101F400093FE0020FFF700FDB9F1000F5AD09DF875
:101F5000101003A8FFF7C4FC238D5A0606D44020B6
:101F6000FFF7FEFA238D43F040032385BBF1000FFA
:101F700010D0EB884BB9E36A93F8A8302BB1B4F8D2
:101F80000530B4F80720134304D0B4F80930013306
:101F9000A4F80930B8F1000F3CD0B4F80530013393
:101FA000A4F80530002384F88B301D4805F056FC5A
:101FB000029830B10EF0CFFE00220272514604F0BA
:101FC000B5FD039B33B100221A720C2251460398CF
:101FD00004F07AFD002F7FF4C2AE238D1B063FF57F
:101FE000C0AE8020FFF7BCFA238D43F08003238529
:101FF000B7E6002E3FF4E4AE0A49A1F120000FF04D
:102000001CFFDDE6002EA7D00649A1F120000FF04D
:1020100014FFA1E7B4F807300133A4F80730C4E790
:10202000502A0020702A0020064B10B593F8382063
:1020300002F0FF0422B91C7605F0BAFD204610BD5F
:102040000C24FBE7242A0020094B0A4A10B51A6029
:10205000FFF7EAFF20B14FF4B1712720FEF7CEFB66
:10206000054C03F0B9FC606503F0BAFCE06510BDF7
:1020700058360020B4220000242A0020F8B5794CFC
:10208000054694F8386006F0FF0016B909B102B1B0
:1020900023B94FF420712720FEF7B0FB63639DF84E
:1020A0001830616284F88A30E26384F8300084F882
:1020B0008B0084F8310084F888006084208584F8DF
:1020C000400084F8410084F8800084F8390060669C
:1020D000E066A4F870006064E064A4F85000E56273
:1020E0000BF080F80BF0ACFE95F928010BF0DEF850
:1020F000D5F8D460D5F8CC000BF0DEF830460BF004
:102100007FFA95F825000BF0E1F8B5F8E030622B86
:1021100003D9B5F8E230622B01D80AF0BFFFE36AB9
:1021200093F8A860002E40F0858012F0C6FC95F868
:1021300020214D4B4FF47A7153F8223003F5FA7396
:10214000B3FBF1F35233191830460BF0CDF8474B7F
:1021500018680BF05BFAD5F8C030C4F88430D5F8B5
:10216000C430A367AB7B243B072B6BD9EB7B243BB1
:10217000072B67D9B5F8F230B5F8F80095F82011BB
:10218000984228BF1846042908BF032111F053F9CB
:10219000034695F8F400984228BF184695F8F030A9
:1021A00080B2984200D3C3B295F8211105F1E8003E
:1021B00084F87F3011F0A1FE95F821112F7D0329BD
:1021C000B5F8FC6008BF042111F035F90FB90430EF
:1021D00080B2864228BF0646F6B284F8896004F0D1
:1021E000DDFC28B104F0E0FC864238BF0646F6B2BA
:1021F00084F858600FF024FEE36A93F8A8301BBB04
:10220000EB7C13B12846FFF707FB0120FFF79CFB8F
:10221000002323606360A360EB886380B5F8AA3075
:10222000238095F825302371D5F824310BB1012294
:102230001A60F8BD12F041FC95F8212100F17101FE
:10224000012082E71B23AFE72B7D13B12846FFF760
:1022500067FA0120FFF70AFAE36AD3F8F0010BF0FE
:102260001DFAD5E7242A002008ED03005836002087
:10227000014B93F888007047242A0020054A138DEB
:1022800092F8800003F4805110B113F4C06F00D1B4
:10229000080B7047242A0020024B93F82900C0F352
:1022A000C0007047242A0020014B93F88B00704730
:1022B000242A0020F51600002D1C00006D170000D8
:1022C000CD1500000D4B0321186830B50D4690F870
:1022D000A52090F849400132B2FBF5F303EB43032C
:1022E000D31ADAB244FA03F3DB0703D4013911F04D
:1022F000FF01F0D180F8A52030BD00BFB02A00203A
:10230000014B18680EF0D4BFB02A002008B50AF0BF
:102310001FFA014B187008BD70000020054B10B467
:102320001C68827C836804F1420194F8410010BC6F
:1023300010F0B8BFB02A0020024B18686C3001F0D2
:10234000DFBA00BFB02A002038B50F4CFFF7F4FF0A
:10235000656801F08FFA63682860186820B940F258
:10236000F5413220FEF74AFA0FF06FF910B940F24A
:10237000F741F6E70BF060F900200BF0C1F9636854
:1023800004221A7138BD00BFB02A002038B5194D9B
:1023900004466B681B79022B04D940F6FC013220FD
:1023A000FEF72CFA2B68027C83F8A4201A44C1683B
:1023B000996692F87C2183F878214268C3F88820D6
:1023C000037A022B0ED00AF00DFF0BF0BDF90AF0D4
:1023D00061FA09480BF01AF908480BF011F908489E
:1023E0000AF06AFF637C23B12B685B6E0BB101229C
:1023F0001A6038BDB02A002034330000555555000E
:10240000D6BE898E2DE9F341494D002307460E467D
:102410002C686372236DB3F8AA2093F82911D3F8BE
:10242000C800628111F059F82B6820841A6DB2F847
:10243000D010B2F8D22059849A844FF47F42DA84C3
:102440004FF6FF721A8517B30121304611F0E5FAF5
:1024500033780146D8092C6894F8483004F1140206
:10246000FBB10EF068FEE0B10B6863618B88287BDE
:10247000938004F10E0208284BD004F10D0103F003
:1024800085FF88B941F213413220FEF7B7F969465A
:10249000A86811F0BAF9AB6869461878C0F38010E3
:1024A000D9E700236361E2E72C68637B04F11A0833
:1024B00043F0020363734FB30021304611F0ADFACD
:1024C0000368C4F81A308388A8F804302B68186DA4
:1024D00093F95810A83004F0CBF82868154911F08A
:1024E00082FC28681449036D2A30B3F8AA20A0F8AA
:1024F0000920DB7DC37211F07FFC0221286801F006
:10250000F3FCFFF719FF02B0BDE8F08104F1780099
:10251000D6E794F87E306373A36FC4F80E30B4F836
:102520007C3093800023C4F81A30E383CEE700BFE9
:10253000B02A0020931101004F11010008B5074B8C
:1025400093F900207F2A04D140F29B313220FEF71C
:1025500055F902707F221A7008BD00BF700000207C
:1025600010B504788EB004F00F0404A922460FF0D1
:1025700093F8FFF7CBFE042C33D11B4C059A23684C
:10258000107893F8781088422BD1507893F879100E
:10259000884226D1907893F87A10884221D1D07859
:1025A00093F87B1088421CD1107993F87C108842F4
:1025B00017D1517993F87D20914212D19DF82120B5
:1025C00093F87E309A420CD10DF10F00FFF7B6FF61
:1025D0009DF90F3004A90093237C227B60680FF0E3
:1025E00046F803200EB010BDB02A00200D4A5368F3
:1025F00010B51979022904D841F2BC413220FEF706
:10260000FDF81979082902D941F2BD41F6E71B7995
:10261000526903F180439268033BBDE8104052F8D1
:1026200023301847B02A002010B5054C637B2BB12E
:102630000BF08AF80AF02EF90023637310BD00BF77
:10264000B02A002010B5054C23792BB10BF07CF893
:102650000AF020F90023237110BD00BFE8310020EB
:1026600010B5094CFFF7E0FF012263681A710023DF
:102670002268A2F8793182F87B31FFF75DFE20688D
:10268000BDE810400FF09ABBB02A002008B5FFF754
:10269000CBFF044B00209968FFF7B4FEBDE808406B
:1026A000FFF72EBEB02A0020062938B51D469DF83A
:1026B000104019D908291BD802B18CB143689BB9C5
:1026C00012B94378DB0615D40B4B5B6818680EF023
:1026D000DDFF00B134B92DB903F088FD00F001042D
:1026E000204638BD0120F9E79DF814402C43F7E758
:1026F0000024F5E70124F3E7B02A002038B50D1EC9
:1027000004460CBF05200320104403F085FE094B4E
:10271000587370B15DB9033C012C8CBF5024552413
:102720000AF092F82046BDE838400BF001B840248A
:10273000F6E738BDB02A0020F8B53D4CFFF7FCFDA8
:10274000656801F097F863682860186820B940F25E
:1027500052413220FEF752F80EF077FF054610B9CD
:1027600040F25441F5E7236893F8A6306BB1236833
:102770001A6D93F8A710C3F8102193F854200A4358
:1027800083F85420002283F8A620206890F8A43013
:10279000034493F87C71636880F878711A7952B1B8
:1027A0001B79012B07D000210FF051F918B9BDE8B2
:1027B000F840FFF755BF23681E4A93F8A530D05C58
:1027C0000AF084FD236893F8A420134493F87C61F5
:1027D000022E2BD004D8012E05D040F2F771B8E7B5
:1027E000F31E012BF9D801F03FF831460AF090FCB6
:1027F00028460AF021FF314601200AF089FD7B1EA0
:102800002A46384659425941FFF778FF6268082145
:102810000023517121732168D3801372E37381F80F
:102820009530A373237403231371F8BD0D20DCE7E7
:10283000B02A00201FEA0300124A10B5536800B9FD
:1028400031B9184601F0AEF8BDE81040FFF708BFF7
:102850001979082904D841F28C413220FDF7CEFFC6
:1028600019790C2902D941F28D41F6E71B79526999
:1028700003F180435268093BBDE8104052F8233011
:10288000184700BFB02A0020054B1A6892F8542060
:10289000920703D05B68186801F016B89868704713
:1028A000B02A002070B5304D06466B681A79032AAD
:1028B0000BD01A79042A08D0FFF7E6FF044640B986
:1028C00041F2C4313220FDF799FF18680EF0BDFEC9
:1028D000F4E72B6893F8543013B941F2CA31F1E7A9
:1028E00076B111F046F930B16B681A79022A0ED828
:1028F00041F24A31E6E7204611F056F90028F3D1BB
:102900006B681A79022A17D841F2AA31DAE71A79E4
:10291000082A02D941F24B31D4E71B7920466A6973
:1029200003F180431269033B52F8233098470C2887
:1029300012D941F2DD31C5E71A79082A02D941F2EC
:10294000AB31BFE71B796A6903F180435269033BEE
:1029500052F823309847EAE76B69DB68BDE87040BE
:1029600053F82030184700BFB02A002007292DE96E
:10297000F043064687B00F4690464568634C23D126
:102980001DBB002A49D1D4E9001091F8543013F04E
:10299000030218BF012213F00403827103D03378BD
:1029A0005A1E53425341C37191F894304BB123687E
:1029B000D3F89000503012F03FF810B9636801224C
:1029C0001A7207B0BDE8F0833DB32946707C0EF063
:1029D000B2FB072F814661D1637B63B158B1B8F177
:1029E000000F52D0656810F0A1FC636868715B79D4
:1029F00023730123A37363685879082855D171683C
:102A0000707C12F00FF86268054671680532707CC0
:102A100003F0F2FB6368002859D0236893F8540050
:102A200010F003000AD093F84A3039460195304639
:102A30006268927900924246FFF736FE6268236828
:102A4000907193F8540010F0040009D093F84B30C3
:102A5000394601953046D27900924246FFF724FE6E
:102A60002B4B65681B68E8711BB14146304698479F
:102A7000287272686AB3717C236883F87E101168CB
:102A800099679288A3F87C2023E0236893F8781153
:102A90000129A7D1284603F091FC6073637B002BCA
:102AA000A9D0B9F1000FA6D09CE704AA0DF10F013F
:102AB00003F06CFC20B940F6A5313220FDF79EFEF4
:102AC00004A99DF80F0011F0ADFF0546A5E7D880D9
:102AD00018726268137AB3B9D388003B18BF012318
:102AE000B06800283FF46DAF072F7FF46AAF5179CB
:102AF00008293FF466AF002B3FF463AF03F07CFC82
:102B00000123E3735DE70123EAE700BFB02A002059
:102B10005C3600202DE9F04F044689B0062900F20A
:102B2000C580DFE811F06000E7000700C300C300C4
:102B3000C30026006E4D0AF073FC2F6897F85430DE
:102B4000980714D06E68B3798BB10DF11F00FFF7B1
:102B5000F5FC9DF91F3002222146029330462B7B63
:102B60000193FF23009307F142030EF070FD032051
:102B70001FE05F4D6E68B379002B00F097802F68DF
:102B800097F85420910717D50DF11F00FFF7D6FCD9
:102B90009DF91F3030460622029321462B7B01937C
:102BA000FF23009307F142030EF051FD002309209B
:102BB0002B7409B0BDE8F08FD30777D5570701D53F
:102BC0000AF02EFC0DF11F00FFF7B8FC9DF91F2045
:102BD0002B6802922A7B42330192FF220092062246
:102BE00021466868C1E7424D2B6893F85420560788
:102BF00037D56968CA79002A33D0426893F85B00F8
:102C00001678864255D1567893F85C00864250D1AA
:102C1000967893F85D0086424BD1D67893F85E00A3
:102C2000864246D1167993F85F00864241D15079A9
:102C300093F8602090423CD1627C93F85A00101ABD
:102C40004242424193F8560001284ED0002A4CD10E
:102C500093F84C30082B02D04A799A4245D00AF0BA
:102C6000DFFB6E68B379002B3DD02F6897F85420B6
:102C7000930720D50DF11F00FFF760FC9DF91F3071
:102C800030460022029321462B7B0193FF230093C1
:102C900007F142030EF0DBFC012309202B746B6863
:102CA000DA79002A85D19B79002B82D10AF0B8FB12
:102CB0005DE70022C6E7D60715D5500701D50AF013
:102CC000AFFB0DF11F00FFF739FC9DF91F202B68AA
:102CD000214602922A7B42330192FF220092002277
:102CE00068680EF0B4FC0320D9E70A20D7E700BFDC
:102CF000B02A0020644D81682A68807C0EF01BFA9F
:102D000092F854306E68074692F84890590796F842
:102D100006A096F807B089F0010940F18E8092F87C
:102D20004B30002B00F0898092F84C60082E00F0A8
:102D30008680304603F03EFA49EA00005FFA80F9E7
:102D4000002F7ED03046A16803F010FC06462B68A9
:102D500093F8542093F84180520749D5626893F85C
:102D60005B10107888426ED1507893F85C108842DE
:102D700069D1907893F85D10884264D1D07893F847
:102D80005E1088425FD1107993F85F1088425AD163
:102D9000517993F86020914255D1627C93F85A1092
:102DA000501A424242416968497908294DD093F846
:102DB0004C30591A4B424B41002E48D1B9F1000F0B
:102DC00047D02046CDE90423FFF7A8FADDE9042324
:102DD000BBF1000F0AD0296891F8561001294ED096
:102DE00021B9002A4BD108B1002B4AD10AF018FBB7
:102DF0002B6893F854309B073FF4B9AE0AF010FBF0
:102E0000BAF1000F3FF4B3AE2046FFF787FAD5F8CA
:102E1000009000B9FEB10DF11F0048EA4608FFF727
:102E20008DFB9DF91F3002932B7B01935FFA88F392
:102E30000093012209F14203D2E6767976E7002673
:102E400085E73E4683E70022ADE70023B4E7012093
:102E5000BEE73046BCE799F85530023B012B3FF600
:102E600086AE002F3FF483AE0DF11F00FFF766FB27
:102E70009DF91F3002932B7B0193FE23D8E7002896
:102E8000B4D00A2095E600BFB02A002030B58BB040
:102E90000546FFF73BFA114B1B6893F8543013F0CB
:102EA000060F04D001229621002012F0DDFE2C78BE
:102EB0006946284604F00F0422460EF0EDFB00227E
:102EC00021466846FFF752FD21466846FFF722FE7D
:102ED0000446FFF7A9FB20460BB030BDB02A002006
:102EE00038B5154D2C6894F84830F3B16FF00043B5
:102EF000D4E920129A4208BFB1F1FF3F15D012F079
:102F00004DFFD4E92023904299410ED32B6893F8CA
:102F100048305BB92D6803F033FA044612F03EFFE7
:102F2000064BE4FB0301C5E9200138BD012003F095
:102F3000E9FA0028F9D0EDE7B02A002040420F005E
:102F400010B50446FFF722FA237A032B04D140F68A
:102F50002E113220FDF752FC0BB9FFF7B3F9064BE7
:102F60001B6893F958000AF0A1F9FFF7E5FBBDE8EB
:102F70001040FFF7B5BF00BFB02A00202DE9F8438D
:102F80006A4D002307468946A868D5F8008003707B
:102F900043700AF06DFB064630B90026032003F0AB
:102FA000B3FD3046BDE8F883AC68032F237833D1F6
:102FB00023F00F0343F0030323700C236370D8F84E
:102FC0007830A868C0F80930B8F87C30A0F80D3027
:102FD00098F87E1010F029FC0021A86812F051FE2C
:102FE0002B6893F8482003F1420993F84180002AA6
:102FF00077D14C4623684146A868C0F80330A388BF
:10300000A0F8073010F008FC494BD3F80C32002B25
:103010007CD00AF005FAC0E723F02F03222243EA0E
:103020004913627043F0050323702B681A6DD2F8C0
:10303000CC20C4F80F201A6DD2F8D430190AE374EA
:103040001B0C2175637592F82A11B2F8DC30002947
:1030500041D06420B3FBF0F3A375D2F8D830002937
:103060003CD06421B3FBF1F3E375C3F3072323766C
:1030700092F82911D2F8C80010F02FFA296860766A
:10308000000AA0760B6DAC68B3F8D020E276120A85
:103090002277B3F8D2206277120AA2779A69C4F82D
:1030A0001F201B7F94F8242084F823300B6D22F01E
:1030B0001F0293F8233003F01F03134384F82430D6
:1030C00002F006FD94F8243003F01F0343EA401396
:1030D00084F8243073E740F2E240BBE740F2E2417B
:1030E000C0E793F8542052070DD593F84B2052B106
:1030F00093F84C0003F074FA044600283FF479AFCB
:103100004FF0010876E76B685879F3E7052F7FF4F5
:1031100048AF2B6821681A6DC2F8B410A188A2F8D4
:10312000B8101B6D83F8B3803BE700BFB02A0020C6
:1031300000A0085010B500210320FFF71FFF18B9A9
:10314000BDE81040FFF78CBA074C032120680EF051
:103150007EFC0028F4D0012108460AF029FB6368B0
:1031600009221A7110BD00BFB02A002070B5164C9C
:10317000636818680EF069FA064620B940F261519A
:103180003220FDF73BFB63680A22002120681A7198
:1031900000F0AAFE236805201B6DDD7D3378C3F3A4
:1031A00040131D402946FFF7E9FE18B9BDE87040FD
:1031B000FFF756BA042120680EF049FC0028F5D02C
:1031C00023681B6DDD7570BDB02A0020036D10B53E
:1031D000044623B940F261313220FDF70FFB022291
:1031E00007494272B3F8AA304381FF2380F82730A1
:1031F0004FF6FF73038510F0F6FD0023236510BD25
:1032000093110100F8B5194F064602F0E5FB0121C4
:10321000B8600020FDF7F2FE054620B940F68501B2
:103220003220FDF7EBFA4FF4C072002113F00FFAD1
:1032300001210846FDF7E2FE044620B14FF4C072BA
:10324000002113F004FA7B6913B940F68F01E7E718
:1032500030460EF064F828460EF0EAFB24B1204612
:10326000BDE8F8400EF0E4BBF8BD00BFB02A002076
:10327000014B024A5A617047B02A0020983300007F
:10328000036810B523B940F677113220FDF7B6FA7E
:10329000044A13606C3353605369BDE810401B68E7
:1032A000184700BFB02A002008B5044B586800F04A
:1032B00079FBBDE80840FFF7D3B900BFB02A002072
:1032C00038B5044690F8400000F0FD0004F14201DA
:1032D000003818BF012084F8410002F0F9FD94F88D
:1032E0004030023BDBB2012B94BF0123002384F862
:1032F000483015D803F044F8054612F04FFD094B4D
:10330000E5FB030194F84830C4E9200143B10020F3
:1033100003F0F8F820B940F621213220FDF76EFACB
:1033200038BD00BF40420F000149363010F05EBD8D
:1033300071110100ED250000A528000039280000CA
:103340004B130100492300008D260000D312010019
:10335000C112010001230000612600006511010077
:103360003927000065110100651101006511010098
:103370006511010065110100353100006D3100005B
:1033800065110100651101008D2E0000612500000E
:10339000F7120100E9120100412F00004433000040
:1033A0004C33000054330000883300009033000099
:1033B00008B5431EDBB231B1032B08D94FF4EA71D3
:1033C0003320FDF71BFA032B02D8034AD05C08BD5B
:1033D0004FF43F710620F4E722EA030008B50DF030
:1033E0009BFD054AD2E84F3F0133DBB2C2E8413FC3
:1033F0000029F7D108BD00BFC82A0020024BA0F168
:1034000008015868FFF7EABFC82A00202DE9F84FE5
:103410001E463C4B0D46934600211A7804689DF8E1
:1034200028709DF82C809DF930909DF834A00160A3
:1034300032B9A4F108015868BDE8F84FFFF7CEBFD4
:103440001A2204F1090013F002F90123A372BBF15F
:10345000060F4FD8DFE80BF00433394E434E3D00E2
:10346000E37A23F0130343F01303E372012304F11F
:103470000E0241462846237547F6FF7384F81890DC
:10348000E38204F10D030EF0B4F8E37A5B0736D55E
:10349000BA1E04F11C03012A8BBFAA6832681168A6
:1034A000E2618ABFE161B28892889A80E776002360
:1034B000237215492046BDE8F84F10F097BCE37A17
:1034C00023F0150343F01503CFE7E37A43F010032D
:1034D000CBE7E37A23F0120343F01203C5E7E27A65
:1034E0004AF01A0A22F01B020AF01B0A42EA0A02F8
:1034F000E272BBE740F246413320FDF77FF9FF233C
:10350000E376D4E7C82A00200D3500002DE9F04FFE
:1035100005468DB00C4600200121FDF7ABFD0646A7
:1035200020B94FF4F1713320FDF768F9A8300EF09F
:1035300081FA18B196F85430042B2ED130460DF094
:10354000E3FE50BBB84C04F1080604F10C07AB6A6B
:1035500093B92846FFF752FF4FF40073ADF80430DB
:103560009DF80430002063F307009DF8053063F3F5
:103570000F200DB0BDE8F08FA96A0B68B142AB62B5
:103580004FF000030B704B708B70CB70DFD0B942E3
:10359000DDD06068FFF722FFD9E7AF6A37B3A34BEE
:1035A0009F4226D0043B9F4223D007F13B0A4FF0B5
:1035B000000802F01FFA8146B8F1000F40F00581C3
:1035C00002A950460EF0FBF8B9F1000F16D004F135
:1035D0000D00EE7A16F0100613D09DF818600599CC
:1035E00032460CF04FFF4FF0010828E005F1330A96
:1035F000DDE74FF001084FF0000ADAE704F11C00A4
:10360000E7E7002FEFD09DF80830022BEBD0014602
:1036100095F83230E522504610F042FA95F83230F3
:1036200006460344504685F8323010F031FA95F8DA
:103630003280A8EB0000D0F1000848EB0008B9F197
:10364000000F00F0C680EB7AD90604D45B216AE74C
:10365000C8460026F7E713F0040FAA7A95F80DC0C4
:103660004FF03E0304F1060105F10E0033D095F84A
:103670001BE0BEF1FE0F2ED123700B23E270A3706E
:10368000130184F805C00233637001232371D5F858
:103690000E30C4F8063083888B8084F80CE0EB6928
:1036A000C4F80D302B8CA4F811302B7EE3745E4EE1
:1036B00006F1080A57453BD12379022205F128007B
:1036C00062F3461323710DF0B0FF02272846FFF77F
:1036D00095FE04263FE023700223E270A37006F1FA
:1036E0000A0384F805C0534302336370D5F80E30E3
:1036F000C4F8063083888B80267326442B7E737330
:10370000EA7A12F0080102D004232371CFE702F015
:103710000303032B01D12171C9E7520701D501230E
:10372000F3E7022BF1D00BB90323EEE7A421FAE66D
:1037300006F10C094F4515D105F128000DF075FF74
:103740006A7D6AB92379042662F34613237102273E
:103750002846FFF753FE8DF804608DF80570FFE6EC
:103760000026F4E747B3B8F1000F20D005F1280890
:1037700040460DF05AFF39467068FFF72FFEAB6ADE
:103780000022534585F8322096D04B4505D1237948
:10379000404662F34613237195E79DF80830022BEB
:1037A00005D1237923F068030127237191E7237959
:1037B000012262F34613F7E7EE7A16F01006CAD03C
:1037C000237967F3461323717FE700287FF440AF26
:1037D00006468E2305F12301237006F11803AA7A09
:1037E0005343E270221D0233637005F10B0353F85B
:1037F000040B8B4242F8040BF9D195F814A095F80C
:1038000015B002F035F9C1F3402950464946FFF79B
:10381000CFFD6073BBF1000F04D049465846FFF757
:10382000C7FDA073E67642E7C82A0020D42A00200C
:10383000343270B5054692B20C461E460DF034FB8C
:1038400025B1034A556014745674147070BD00BFDE
:10385000C82A002010B5034C60680DF047FB237C9C
:10386000237010BDC82A0020014B587C704700BF50
:10387000C82A002038B5134D68680DF03DFB04469A
:1038800020B940F257113320FCF7B8FFD5E84F3F7D
:10389000013BDBB2C5E8413F0029F7D104F1080341
:1038A0003422184612F0D3FE47F6FF720121E4627B
:1038B000E283FF22627584F82320E27C61F34612E2
:1038C000E27438BDC82A002038B5436A044693B96B
:1038D0000A4D68680DF010FB606220B94FF4B871B2
:1038E0003320FCF78BFFD5E84F3F013BDBB2C5E847
:1038F000423F002AF7D1606A3B3038BDC82A002019
:10390000036810B504468BB19A6A22B140F28D115A
:103910003320FCF773FF596A41B101F1080083427B
:10392000074B08BF22605868FFF758FD216831B186
:10393000034B08395868FFF751FD0023236010BD81
:10394000C82A002038B5046805469CB113492046B2
:1039500010F055FA124B00221A735A739A73DA73E5
:10396000EFF3108272B6A16A0C3399B9A362E362D5
:1039700002B962B62C68616A49B101F108039C4240
:1039800003D0074B5868FFF729FD0023636200232B
:103990002B6038BDE16A0B60E9E700BF0D35000020
:1039A000C82A002070B50668044656B3716A154DE2
:1039B00041B101F108039E4202D06868FFF70EFD95
:1039C0000023736221684E7DB6B100232B726B72A7
:1039D000AB72EB72EFF3108272B6886A0A4B40B991
:1039E0008B62CB6202B962B62046BDE87040FFF739
:1039F000A9BFC86A0360F4E708396868FFF7EEFCFE
:103A0000266070BDC82A0020D02A002010B50446C8
:103A10000246064900F58C7012F0E9FA224604F5D8
:103A2000A4700249BDE8104012F0E1BA3D1B01004C
:103A30007FB590F8142102F0FF0322B140F2A521D6
:103A40002120FCF7DBFE0C78039314F0010218BF71
:103A50008D68CDE9013318BF019514F0040529D014
:103A600004ADCE6805EB820545F80C6C154680F870
:103A700045514A68124DC0F8C820C0F8F82040F2FD
:103A80007122A0F8FC20032215F8011B0C420BD078
:103A900004A900EB830601EB8301013351F80C1CF0
:103AA000DBB21639C6F8CC10013A12F0FF02EBD1A6
:103AB00004B070BD002ADAD140F2BE21C0E700BFD9
:103AC00032EA03002DE9F04F04468FB09B46924640
:103AD000BDF86070039112F061F9804620460491B0
:103AE0000DF0BAFED4F8CC900546BBF1000F00F003
:103AF000D781BAF1000F00F0E480834618F5FA632D
:103B00000593049B43F10003069303F09FFF0646D1
:103B100004F1E8003146079003F06AFFD4F8101171
:103B200011B107980DF0DAFFBDB1D4F8F050BEB175
:103B3000B0682A46D6E90031C018059B009341F1D0
:103B40000001069B019310F08FFF8542034608D2C7
:103B500040F24D312120FCF751FED4F8C850E6E781
:103B60003346059AD4F8C8009D18069A42F100061B
:103B7000002F00F0A180BFB242F2107C29463246ED
:103B8000E7FB0C1200F2CF773B44B3FBF0F3434367
:103B9000EB1A66F10000C4E92A12C4E93A300027A2
:103BA000E319204693F87C110DF03BFED4F8A830C1
:103BB000D4F8AC105A1B0590069361EB0600012A5D
:103BC00070F100034FF00003C0F259819145834129
:103BD00000DB914604EB8707D7F8CC704F4528BF30
:103BE0004F46C4F8DC70BAF1000F05D0D4E93A238F
:103BF000C4E92C56C4E93023059B2046039AC4F837
:103C0000D83004230791C4E92E5653722A4633460E
:103C10000DF038FE039B059A18725A60BBF1000F35
:103C200000F038810123039A07991370069B049AC8
:103C3000B3EB080361EB0202012B72F100004FF0BD
:103C40000000C0F21E81A74E9E42904100DB1E463E
:103C5000D4F81031D4F8C890002B40F01781072514
:103C60002046A9FB055A0DF0F7FD002800F00B8156
:103C7000D4E92C32ED184AEB0203A845049A9A4184
:103C80000FD2B5EB0805049A63EB02036FF0010253
:103C9000AA424FF000029A4102D3AE4228BF2E46FC
:103CA000B146039BC3F81090059B9F4234BF002090
:103CB00001200FB0BDE8F08F4FF0FF316FF00042F0
:103CC00060E7002838D06FF00043D4E92A129A4206
:103CD00008BFB1F1FF3F2AD094F844312046234475
:103CE00093F87C110DF09DFD18F19802049B054698
:103CF000099008A843F100038DF820A0CDE90C231A
:103D000040F20243ADF8283012F077F910B940F2D2
:103D100096411FE7D4E92A320C995B1A0D9962EBA0
:103D200001025B1B62F10002002AC0F2A28045463C
:103D3000049E4FF0010B32E7D4E93A26D4F8C8507C
:103D4000A8EB0203AA18B3FBF5F305FB03F346F156
:103D500000069B18A3EB080246F10006972A05D837
:103D6000ED1846F10006D346574619E794F87C1142
:103D700020460DF056FD0423D4F8B8208DF82930E4
:103D8000D4F8C850099020468DF820A0D4E93A1301
:103D9000521AB2FBF5F26A43521843F10003CDE91F
:103DA0000C230DF06FFD29468DF8280008A80FF0B0
:103DB000E9FADDE90C56D6E751F8042F013302F198
:103DC000160CCC459FBF821A01379144FFB2DAB27C
:103DD0009645F1D8E319204693F87C110DF021FDAA
:103DE000484404EB8703D3F8CC30834209D3A3EBD8
:103DF0000909B9F1000F22DA40F24E41AAE6A946BC
:103E000067E094F84511D4F8C820B9420FD90137BA
:103E10009542FFB208D204EB8703D3F8CC3003F10C
:103E2000160299461546E4E74FF4856192E69542FD
:103E3000F7D352009542F4D340F245418AE6AD19DA
:103E40002046D4E92C234BF100060DF0C1FCD4F838
:103E5000C8304FF0000B5843D4E93A321B182046C3
:103E600042F10002C4E93A322A4633460DF0B0FC72
:103E700096E64546049E4FF0010BD14674E79946FD
:103E8000A8E60646E4E6D4E93032F3E64FF0FF3523
:103E90002B46F2E6039B83F800B0C3E9045603E720
:103EA000BAF1000F7FF42AAED4F8C82008F19805C3
:103EB000D4E93A13A8EB0106B6FBF2F6564376189E
:103EC000A5EB060543F10003AA429B4697D8A5EB54
:103ED0000209002394F845E104F1C8016FF01500D0
:103EE0001F4674E70040420F01292DE9F3470646BB
:103EF00005D9022900F099804FF4046150E001F0E7
:103F00000104D0E92CA709F0DFF896F87881814602
:103F1000204641460FF0B0FA0546404609F024FD20
:103F20000246002C3FD0A8F10203DBB2022B3AD8A4
:103F3000534901EB43031B8A15EB09052CBF0121F3
:103F4000002115EB0A0547EB01074E4951F82800FF
:103F500000F2E73010444FF47A72B0FBF2F02D1A01
:103F600067F10007ED1847F1000710F0A6FD523089
:103F7000D6F810812C1A67F10005D8F8C87003F044
:103F80005FFD06F1E803834210D03A46CDE90045D3
:103F9000D8E9780110F068FD874211D240F2613112
:103FA0002120FCF72BFC4FF4FC73C5E798F829019E
:103FB00030B13A46CDE90045D6E93A0110F054FD5A
:103FC000314B1A68D6F81031824293F82A110ED973
:103FD000D3F8C8603218C3F8D86089B941F66A01CD
:103FE0008842A3F8DC1018D34FF4FA61D8E751B136
:103FF0006422B0FBF2F151430246401AC3F8D810D4
:104000004FF4FA71ECE740F2E242B0FBF2F15143B7
:104010000246C3F8D810401AE0E7121945F100052E
:10402000C3E9782502B0BDE8F087D0F8103113B9A4
:1040300040F2DB71B4E700255D7390F8781183F8E6
:10404000201183F82111FF2483F822410339D0F88D
:104050001001012900F1E8008CBF002101210FF0BF
:1040600086FFD6F8100111F06FFCC6F8105186F8E3
:10407000164109F031FA02B0BDE8F0470BF0C8BBB9
:1040800026EA030008ED0300DC2A002008B50B4BEC
:1040900030B101280DD040F653012120FCF7AEFBD2
:1040A00018601A6841F669039A4206D940F65C0125
:1040B000F3E740F6C4121A60F3E708BDDC2A0020DB
:1040C0000138C0B2032808B504D94FF43F71062067
:1040D000FCF794FB014B185C08BD00BF3CEA0300F1
:1040E0000138C0B2032808B504D94FF43F71062047
:1040F000FCF784FB014B185C08BD00BF59EA0300C4
:104100000138C0B2032808B504D94FF43F71062026
:10411000FCF774FB014B185C08BD00BFBCEA030050
:104120000138C0B2032808B504D94FF43F71062006
:10413000FCF764FB014B185C08BD00BFB5EB030046
:10414000014B1868704700BF942B002008B5034648
:1041500010465A1E032A10D84A1E032A0DD8084AB0
:10416000012951700CBF00210A21107193709172C6
:104170001946FDF789F9002008BD6FF01500FBE72F
:104180001E010020074A537A40B143F0040300297E
:1041900053720CBF002307235371704703F0FB03D6
:1041A000F5E700BF1E01002040EA4100014BD87036
:1041B000704700BF1E01002010B504460DF048FEF8
:1041C00008B9002010BDE0430DF042FE0028F8D0F1
:1041D000E31683EAA4635A1E1A42F2D0E3B25A1ECF
:1041E00013405A1E1342ECD0A0B20FF0FDFF0B2873
:1041F000E7D820460FF0F4FF1828E2D8A3B2B3EBBB
:10420000144F04D184EA142313F0FF1FD9D0044BB8
:104210006340581E1840003818BF0120D2E700BF85
:10422000D6BE898EF0B5070C164BA7F5AA4203EA55
:104230009023543A012A20D927F4004042F6AA22BA
:10424000801A18BF0120002216211F24164687EA73
:10425000060562EA0505013511D0DD0301394FEA93
:104260005303ADB245EA56064FEAC4354FEA54044B
:10427000ADB245EA5202EAD1F0BD0020E3E70020EA
:10428000FAE700BFE0FF3F0070B50D46BDF81840EB
:104290000646BDF81410AC421046BDF810201BD8DD
:1042A000B5F5486F18D8844216D8B0F5486F8CBF62
:1042B0000024012496B91A4E367C96B19CB96FF44D
:1042C000506C05EB0C06062E04D86FF45066861968
:1042D000062E08D9204670BD0024EBE796F88160D1
:1042E000EBE7002CF6D0854217D803FB0111B1F59E
:1042F000FA7F12DCA2F10A0340F676449BB2A34295
:104300000BD80DF0ACFE42F2107341435A43B2EBAE
:10431000410F8CBF01240024DCE70024DAE700BF52
:10432000A02B0020304BF0B5B0F86C700C46114655
:10433000DA88B0F86A6085B097421D8928BF1746B1
:10434000964228BF16461B2E2ED0B5F5A47F2DD041
:1043500040F6480301AA9D4228BF1D460DF093FE7A
:10436000BDF80A30BB4228BF3B46E380BDF80C30A5
:10437000AB4228BF2B462381BDF80630B34228BF8D
:1043800033466380BDF80830AB4228BF2B46A3807C
:10439000FF232370E3881B3B9BB2E02B08D940F23C
:1043A00009513920FCF72AFA1B2FCED105B0F0BDF8
:1043B00063881B3B9BB2E02B02D940F20B51F0E724
:1043C000238940F64812A3F5A4739BB2934202D905
:1043D00040F20D51E5E7A388A3F5A4739BB2934285
:1043E000E4D940F20F51DCE7A02B0020F7B5002301
:1043F00004460E461746CDE900336846FCF774FEC6
:1044000008B100201AE0009DA542F6D0304605F123
:10441000AD030DF004FE394695F8AC200EF042FFD6
:104420000028EAD005F1B40395F8B32004F1B401F3
:1044300094F8B3000EF036FF0028DED003B0F0BDD4
:10444000054A516A02F11D03127F11F8030BC0F3F4
:1044500080100EF027BF00BF10310020012817D8B0
:104460000D48824216D8012B0DD140F252739A4268
:1044700010D9A1F6C410094B98420BD88A428CBFC0
:10448000122000207047042BF3D140F6C313EEE74F
:1044900012207047302070478FFD7002CBF37002FE
:1044A00010B504460A480DF060F80A492046FFF7A7
:1044B000BFFA20460CF089FF38B12046FEF700FF16
:1044C00020460DF04FF8002010BD1220FCE700BF81
:1044D000D82B0020E02B00202DE9F04F994687B023
:1044E0007F4B04460DF110087E4D18680F461B796E
:1044F0001646049088F8043095F86A3013B14046A7
:1045000002F0FAF8394620460FF02CF8AB69C4F8EF
:10451000E83096F84A2006EB4202B2F82AA050464C
:104520000DF09DFD01466FF4506000238244BAF106
:10453000060F7BD9908C4FF0961284F82A31A4F89C
:10454000E430C4F8E02040F2E2420DF088FD03F0D0
:10455000C3FA40F2E243014604F1A80AA4F8F43198
:10456000C4F8C810C4F8F011504611F0C3F98346DE
:1045700001F07EFA8306A97B53BF1B236B88AA88B0
:104580001A46A4F81231584BA4F814211B6884F879
:10459000F010A4F8F2B01BB194F9281138469847EE
:1045A0002B7C03A80394003B18BF012384F8293116
:1045B0000DF04CFC4D4B1B681BB14D49B4F8AA00E3
:1045C00098470123A4F8DE304A4B1B681BB14A49C7
:1045D000B4F8AA009847494B1B681BB14849B4F886
:1045E000AA009847474B1B6813B1B4F8AA00984734
:1045F000454B1B6813B1B4F8AA009847AB8804F187
:10460000C0006A8869780333033201919BB229782C
:1046100092B2009104F1C401FCF79EFDD4F8C030C1
:1046200083B940F6F4713920FCF7E8F84FF04D12E9
:10463000A4F8E4300123C4F8E02084F82A314FF4D0
:104640007A7389E7D4F8C43013B940F6F571EAE714
:104650000DF0C5FCC4F8CC00B9F1000F05D002F094
:10466000C1FA20F07F40C4F8D40096F84A302046C2
:10467000E96906EB4306338EA4F8D030F38EA4F834
:10468000D23011F034F9414604F117000FF01AF856
:1046900095F86A3013B9FF2384F83D32EB6E23B1ED
:1046A000012204F5977150469847184950460EF07C
:1046B000B5FB02F097FA0C23B0FBF3F202FB1300F8
:1046C000C0B2431DDBB2082B9CBF0D30C3B22046E5
:1046D00084F823300EF075FF07B0BDE8F08F00BFFF
:1046E000B6240400A02B002070360020683600207D
:1046F000C82B002080360020FE2B002074360020BE
:10470000F02B0020783600207C360020AA2B0020D9
:1047100010B503210020FCF7ADFC044670B903215D
:10472000FCF76CFC044620B940F225313920FCF737
:1047300065F8034B93F9701010F02CFD204610BD66
:10474000A02B0020014B5888704700BFA02B0020F1
:10475000044BD87BC0F3400080F0010000F0010062
:10476000704700BFA02B002038B50EF09AFD002541
:1047700001F02CFD214C01F093F90FF015FB03F033
:10478000DBF801F0D9FF08F005F8012001F02CF961
:104790001B4B1C4A29461D604FF01B13A4F86850A0
:1047A000A58184F83650E573C4E900234FF4A4735F
:1047B0001022A3604FF479432361134B58681B897F
:1047C000A06304F14000A38711F041FF012342F2EE
:1047D000107204F15E0084F840306375C4E9112260
:1047E00011F0E5F904F1500011F007FA002200235E
:1047F00084F88050C4E91E2338BD00BFA02B0020E0
:104800006036002003021B0059EA0300064B41F604
:104810004C521B211A629973C3E9062241F2883275
:104820005A62FFF7A1BF00BFA02B0020F0B53D4D9D
:1048300085B000F1A8070446AB69C0F8E8302B7CCE
:10484000003B18BF012380F82931374BC0F8C8302E
:10485000384610F0ABFA064601F00AF98306A97B48
:1048600053BF1B236B88AA881A46A4F812312F4B1A
:10487000A4F814211B6884F8F010A4F8F26023B1A6
:1048800094F92811B4F8AA00984703A803940DF0EE
:10489000DDFA274B1B681BB12649B4F8AA009847DC
:1048A000254938460EF0BAFA0123A4F8DE30234B2E
:1048B0001B681BB10021B4F8AA009847204B1B6865
:1048C0001BB10021B4F8AA0098471E4B1B6813B116
:1048D000B4F8AA0098471C4B1B6813B1B4F8AA009F
:1048E0009847AB8804F1C0006A88697803330332C3
:1048F00001919BB2297892B2009104F1C401FCF7B6
:104900002BFCD4F8C03023B940F2E2413920FBF748
:1049100075FFD4F8C43013B940F2E341F6E705B0AF
:10492000F0BD00BFA02B002000093D007036002024
:1049300068360020C82B0020AA2B002080360020DB
:1049400074360020783600207C3600202DE9F341B3
:1049500004460E4610F05FFC002800F096802046CA
:1049600010F091FD40B1B6F80130013B7F2B03D927
:10497000122002B0BDE8F081204610F088FD08B991
:104980000C20F6E7204610F0C8FA0028F8D120469F
:1049900010F0EAFB80460028F2D1204604F0CEFD5C
:1049A0000028E5D042F21073B6F80170F178204685
:1049B0005F4310F053FD04213078FCF75BFB0546A4
:1049C00006213078FCF756FB2DB140B141F6762137
:1049D0003920FBF713FF18B3054690F8E5802C4EFD
:1049E0003368EBB14035284610F035F8C0B12846A1
:1049F00010F022F8A0B9B8F1000F07D0254B2846D7
:104A00001B68984760B141F68A21E1E72249424696
:104A100033682846096A984710B141F68F21D7E7D5
:104A2000204610F028FD014638B93A46204603F0EA
:104A30007FFD40B341F69821CAE702210DF106003F
:104A4000FCF7A4FA054608B90D2092E7BDF8061058
:104A50000EF0C6FD2946204610F049FD2846FFF716
:104A6000E5FE3A462946204603F062FD024610B1B3
:104A700041F6B421ACE7084BDB6E23B105F5977125
:104A800005F1A8009847002073E7422071E700BFB6
:104A9000643600206C360020A02B0020024B1B68DF
:104AA00003B118470C20704760360020014B93F982
:104AB00070007047A02B0020034B5A8802801B789F
:104AC00083700020704700BFA02B002073B583784F
:104AD00006461A2B08D8042B04D9334A22FA03F3CA
:104AE000DB0705D412251AE0292B01D03B2BF9D185
:104AF0003088B0F5706FF5D269460EF002FD88B9C6
:104B0000009B93F82C2102F0FF05C2B9B27883F81C
:104B10002D21FF2283F82C2168460DF04FFC2846FA
:104B200002B070BD09213088FCF7A4FA04460028C1
:104B300037D001A9B0F8AC010EF0E3FC08B10C25A8
:104B4000EDE70821B4F8AE01FCF794FA20B94FF470
:104B500004613920FBF752FE03781BB994F8C83181
:104B6000032BECD1019B93F84221002AE7D194F862
:104B7000F02102F0FF05002AE1D1B4F8B021A3F83A
:104B8000442194F8B82183F84621027D83F8472117
:104B9000B27883F8482184F8F021FF2283F842217B
:104BA000BDE70225BBE700BF200038040188A1F162
:104BB0001B039BB2E02B0CD8428844F24810A2F5AC
:104BC000A4739BB2834204D8034B0020D9801A817E
:104BD00070471220704700BFA02B002038B5027824
:104BE000447802F0010302F0020254EA030101D109
:104BF000112038BDBAB98578002DF9D0002B18BF27
:104C0000002400E01D4620460DF0DDFA0028EFD01C
:104C100028460DF0D8FA0028EAD0054B00209C72F7
:104C2000DD729881E5E7002BECD000242546EAE709
:104C3000A02B002013B5008801A90EF084FC0446C7
:104C400020B9019890F83E311BB13A24204602B0B9
:104C500010BD90F85C3003F0FF04002BF5D190F804
:104C600053309B0706D1FF2380F83E3101A80DF099
:104C7000A5FBEBE7024954300FF0BEF8E6E700BFB2
:104C80009B4901002DE9F04703780446032B03D923
:104C900012252846BDE8F0874378032BF8D8437ED9
:104CA0008578002B4FD1012DF2D100F0EBFE85432A
:104CB00040F0928094F8028018F0010506D001239C
:104CC0002269A168E078FFF7C9FB054618F0020FDA
:104CD00007D002232269A168E078FFF7BFFB2843D1
:104CE000C5B218F0040F7BD094F803A00423D4F8C5
:104CF0000890226950464946FFF7B0FB284310F060
:104D0000FF05C6D1B8F1050F0ED194F80480042335
:104D1000E16862694046FFF7A1FB05460028B8D16B
:104D2000C24559D1894557D1237E013B062BAFD8C7
:104D300001210020FCF79EF9054650B940F642419A
:104D40003920FBF75BFD6B1E062BA1D8AA079FD469
:104D5000ABE7A8300CF06EFE18B195F854309B0705
:104D60003CD1657EE278003DA078A16818BF01259E
:104D7000012AB4F800E000F0040314BFB2FA82F292
:104D8000022294F818C018BF520910F0010F1FD06A
:104D900026695BB16769F319994207D24B089E42B5
:104DA00028BF1E468B1B9F4228BF1F460E4B83F811
:104DB0003D50002583F8380083F83920A3F83AE005
:104DC00083F83CC083F84000DF64C3E9111660E754
:104DD000002BEBD02769E9E711255AE70C2558E7A6
:104DE000002DA1D055E700BFA02B002000B589B051
:104DF000437940F271218DF8043083798DF80530C4
:104E000001238DF8063003788DF80730B0F80130B3
:104E10004B430393B0F803204A430D4991F83C10EB
:104E20000592A2F6C4128DF81C1000218DF81D10F9
:104E300008498A4209D8A3F6C4138B4205D801A8B1
:104E4000FFF720FF09B05DF804FB3020FAE700BF50
:104E5000A02B00203C369C002DE9FF41064600783F
:104E6000012813D17378012B03D9022B0CD1B388FD
:104E700053B17288B2B1B388A3B10A214A434FF447
:104E8000A0614B439A420DDB12247AE00028FBD14B
:104E90000121FCF7EFF80546002840F08E8040F62F
:104EA0009A5107E001210020FCF7E4F8054620B9FB
:104EB00040F63F513920FBF7A1FCB388002B76D197
:104EC0000CF022FA002874D195F81431002B72D11D
:104ED0002846FFF7E5FA04460028D5D10121DFF87E
:104EE00030810846FCF7C6F898F81410074619B147
:104EF00010B940F65B51DDE798F838200023CDE982
:104F0000023312F001031CBFD8F848000290520788
:104F100041BF04AA02EB8303D8F84C2043F8082CC5
:104F2000002941D097F81431002B3DD07388DBBBAA
:104F300098F838303846009302ABD8F8442098F8F7
:104F40003A100CF0B9FA78B338460CF079FD07F155
:104F50004003064605F14002683753F8041BBB4284
:104F600042F8041BF9D12846FFF79AFA024610B11D
:104F700040F682519EE70C2E07D1014628460CF0E0
:104F800012FF204604B0BDE8F08116B140F68B5107
:104F900090E798F839302846296D43F0040385F8E6
:104FA00054300CF0DFFEECE7B2887188E6E711249C
:104FB000E7E73A24E5E70C24E3E70CF0ECFC0446D1
:104FC0000028DED195F8543095F8A62022B195F846
:104FD000A720134385F8A600053B012BD1D82B6DE4
:104FE00013B940F6AA5165E701210846FCF742F8DB
:104FF0004FF4C072294606460BF044FA002386F8A7
:1050000094300423316D304686F85430C9E700BF30
:10501000A02B00202DE9F04F457A04468FB0A80759
:1050200018D545F001056572072D15D800F02AFD49
:1050300035EA000040F0588194F848308BB9012DD2
:105040000AD1A369A94AA3F25373934200F24A8199
:10505000012609E06907E7D1122420460FB0BDE818
:10506000F08F15F00106ECD1AA0745BF731CB146BD
:105070004FF0FF09DEB26B070AD5B31D9C4A54F806
:105080002330A3F6C413934200F22C810136F6B20A
:1050900004F1080704F122054FF000085FFA88F3D5
:1050A0009E422BD823789A1E022A40F21D81012BA2
:1050B000D2D813B9A378012BCED86378032BCBD8E1
:1050C00094F84930013B062BC6D88A4F01210020B5
:1050D000FBF7D0FF3B7D0546002B4CD10121084654
:1050E000FBF7C8FF002818BF054605F1A8000CF023
:1050F000A1FC0646002858D00C24AEE7994535D0CF
:10510000D7F804A03B695345A6D86A8B2B8C9A42EA
:10511000A2D8B5F814B001204FF0060C69882A898E
:10512000EB89CDF800B00591CDE9010C0020CDE967
:105130000623FFF7A9F8002800F0D480B8F1000F8B
:1051400014D028880599884286D1E988069A914228
:1051500082D1AA89079B9A427FF47EAF6B8A5B4516
:105160007FF47AAF3B689A4540F0BE8008F10108B1
:105170000437023592E7A8300CF05CFC0028ADD073
:105180006FF00043D5E92A129A4208BFB1F1FF3F00
:10519000A4D1637A2846009304F11803E268617889
:1051A0000CF08AF90646002898D028460CF0B2F890
:1051B00008B13A2451E728460CF0A6F80028F8D1A7
:1051C000FB7C4BB90AAF0A937B6006238DF82E3027
:1051D0003846FBF789FF68B300210DF12600FBF785
:1051E000D5FE074600287BD001232246BDF82610B5
:1051F000FFF772F9384610F092FB1EB96178284625
:105200000CF015F904F10308A278217828464346EA
:105210000CF0BAF800286FD112240021B7F8AA00C8
:10522000FBF73EFF00283FF418AF41F288213920F8
:10523000FBF7E4FA0A9B93F8CD20802AC8D093F8B4
:10524000E530002BC4D057E7637A8DF8286013F05F
:105250000102E16818BFA0690B911EBF0C900120EC
:105260008DF828009E0744BF0132D2B258071BD5E3
:105270009DF82800063203F0050354F8222040F080
:105280000400052B0D928DF828000DD10C981318F1
:10529000994209D24B08834228BF0346C91A0C938E
:1052A000914294BF0D910D920AA92846FEF7C0FBCA
:1052B00094F848102846003918BF01210CF061F815
:1052C00094F8491028460CF042F828460CF04AF9A8
:1052D000394628460CF046FD0024BEE60B249CE728
:1052E0000D24BAE63024B8E61124B6E63CF6700286
:1052F000CBF37002A02B002016B92846FDF7E0FF83
:1053000021784346A27828460CF09EF894F809903C
:1053100000F0B8FB09EA0001284601F005010CF095
:1053200019F816B9042385F854302F654246A07841
:105330000CF075FE014628460CF0A1F8237833B92D
:105340004246A1783846FFF751F80028C6D1002E12
:105350003FF47AAF042128460CF040F80028BBD176
:105360000C245AE710B5437994B0032B57D823F097
:105370000203027940F271218DF80630D0F8063030
:105380008DF80420CDF807304389027BADF80B304F
:1053900001238DF805208DF80D3003884B430493CD
:1053A00042884A430792A2F6C412847B417B41EAB9
:1053B0000421ADF82810047CC17B41EA0421ADF83A
:1053C0002E10847C417C41EA0421ADF83410047D28
:1053D000C17C41EA0421ADF83A10417D847D41EA67
:1053E0000421ADF84010C17D007E41EA00210E4845
:1053F000ADF8461000218DF84C108DF84E100B4979
:1054000090F83C008A428DF84D000AD8A3F6C413E8
:105410008B4206D801A8FFF7FDFD14B010BD122085
:10542000FBE73020F9E700BFA02B00203C369C00B2
:1054300073B506230025CDE900558DF80630684682
:10544000FBF752FE08B1002610E0009D95F8CD3024
:10545000802BF4D095F8E560002EF0D095F831312E
:10546000002BECD195F8CC30002BE8D101210020A5
:10547000FBF700FE044620B941F2BB213920FBF7BF
:10548000BDF9A8300CF0D6FA224B1B7D73B3E0B106
:1054900094F85430053B012B17D820460CF0D0FA75
:1054A000054610B141F2C621E8E72046FDF78EFE21
:1054B00094F854302A46294623F00403204684F801
:1054C00054300CF070FC00250DE001210846FBF77C
:1054D000D1FD044610B941F2D221CFE7A8300CF03B
:1054E000A9FA60B90C25284602B070BD28B9002E73
:1054F000F8D0FF2385F8CC30E5E7002EF9D120461F
:105500000CF09EFA05460028EDD12046FDF75EFE20
:10551000E9E700BFA02B0020F7B5067804460F4648
:10552000EF2E03D91226304603B0F0BD90F90120CA
:105530004378002AF6DB82789207F3D113F010004B
:105540001DD19D0603F0030216D5002AEAD11907E2
:10555000E8D42179E278E57942EA0122617942EAE8
:105560000142A17941EA0521257A41EA05418A42B1
:10557000D8D81F2A12D8D5E7032AE8D1D2E713F0EA
:10558000600FCFD103F00702052A05D003F00F0109
:105590000D22CA40D207C5D51D07DAD5627A013A75
:1055A000062ABFD8A27A032ABCD813F0040302D17A
:1055B000023A012A03D8E27A012AB3D813B9A37CAC
:1055C000032BAFD8237DF8B1012BABD1237E012B68
:1055D000A8D818B36378D90702D500F0A5F920B38D
:1055E0006378227D03F01803082B2ED1022A1CD1E8
:1055F00003213046FBF73EFD054660B30FF08DFCFE
:10560000002834D00C268EE7022B8BD0A37D013BE3
:10561000022B87D8E37D0F2BD8D983E700F032FA2D
:10562000820707D4237D022B01D111267BE7A37DBE
:10563000022BFAD000F026FA4307CBD4237D032BAC
:10564000F3D0A37D032BC5D1EFE7022AD0D0237F6F
:10565000002BCDD0E9E703213046FBF7CFFC054610
:10566000002843D0224B93F970100FF093FD0021D6
:10567000304610F076FA28BB28460FF0F9FE214696
:105680003870E07428460FF0F4FDE37E0646002BE8
:105690003FF449AF00287FF446AF0246E96C684604
:1056A000FBF73AFE3246E86C01210BF071FCE96C25
:1056B00068460422FBF730FE32463146E86C0BF0B8
:1056C00067FC30E740300FF0C6F90028D4D063788B
:1056D00013F0330F7FF426AFA67D2846296A0FF01A
:1056E000E5FEFEF7FDFC8642C6D08BE707261AE7EB
:1056F000A02B002030B502798BB00346042A4FD886
:105700004088B0F5804F4BD8264900241144ADF8AD
:1057100000408DF808408A7C4D7B42F010028DF8E5
:10572000244042EA4502CD7D097F42EA850242EAF1
:10573000C102694602F01F028DF80020BDF800206A
:10574000ADF809201A888DF80E00000A8DF80B209C
:10575000120A8DF80D408DF80C208DF80F008DF891
:1057600010405A7BD3F807008DF811205A79059024
:1057700002A88DF812209A798DF81320B3F80B2027
:105780009B7BADF818208DF81A307F238DF81B30E5
:105790004FF00113CDE90734FFF7BEFE0BB030BD6B
:1057A0001220FBE759EA03000278034672B14278FF
:1057B00062B142881A2A09D982881A2A06D9006851
:1057C000034A106000209B88938070471220704726
:1057D000A02B002002680020014B9A61704700BF97
:1057E000A02B002002680020014BDA61704700BF47
:1057F000A02B00200378A3F10A02112A9BBF024AC2
:105800000020122093737047A02B00200378FF2BF9
:1058100015D14378FF2B12D18378FF2B0FD1C3789A
:10582000FF2B0CD1037923F0E0021F2A07D11F2B95
:1058300005D05B09034A002082F83C3070471220F3
:10584000704700BFA02B0020014B58740020704708
:10585000A02B0020014B987400207047A02B002043
:10586000024B1B6803B11847112070478436002093
:1058700008B5052000F0C4F810F03BF9014B024ACE
:10588000DA6608BDA02B00202543000008B50520DE
:1058900000F0B6F805F0C6FA014B024ADA6608BD18
:1058A000A02B00202543000008B50122054B1A71EA
:1058B00003F02EFE04F056FC0DF071FABDE808402E
:1058C00001F02AB8242C002010B5064C064904F13A
:1058D00008000DF0F7F904F10C000449BDE8104090
:1058E0000DF0F0B9242C0020D0000020D8000020BA
:1058F00010B5094C094904F108000DF0E3F904F171
:105900000C0007490DF0DEF904F110000549BDE86F
:1059100010400DF0D7B900BF242C0020E00000207B
:10592000E8000020F0000020014B1879704700BF0C
:10593000242C002010B50A4C072000F061F809491A
:1059400004F108000DF0BEF904F10C0006490DF059
:10595000B9F904F110000549BDE810400DF0B2B9E5
:10596000242C0020F8000020000100200801002065
:1059700038B5074C0D4600F0A3FFA06825600DF078
:1059800099F9FEF743FF01F045F90123237538BD6E
:10599000242C0020014B187D704700BF242C0020D0
:1059A00010B50C4CE0680DF085F920690DF082F916
:1059B000FEF7DAFE202000F037F82F2000F034F850
:1059C000262000F031F8292000F02EF8002323755E
:1059D00010BD00BF242C002000487047392C002047
:1059E000004870473B2D0020014B83F81902704797
:1059F000242C0020014B93F819027047242C00201E
:105A0000C208074900F0070001238340885C034374
:105A10008B5404490B78934238BF13460B70704780
:105A2000780000203E2E00200F4B012110B503EB23
:105A3000D002C40800F0070001FA00F0195D21EA65
:105A40000001195509490B78A34205D1002012F82D
:105A5000014914B100B10B7010BD002BFAD0013B0D
:105A60000120DBB2F3E700BF780000203E2E0020CB
:105A7000014BD3E9000170477800002000487047CF
:105A800080000020054B1868C0F3C022C0F300203E
:105A9000400040EA820040F001007047780000209A
:105AA00008B508F06DFF0023074A32F82310814241
:105AB00005D302EB83029378044A137008BD0133C7
:105AC0000C2BF2D10023F7E78CEA03003F2E0020D5
:105AD000024B1878072828BF072070473F2E002068
:105AE0002DE9F04F046898460F4685B094F863306E
:105AF000164604F1A80994F80FA043EAD303D90786
:105B000002D4BAF1260F5FD194F8A850002F55D1D6
:105B1000FFF7B8FF8DF80B00002E51D1FFF7B2FF51
:105B20002B4B8DF80C00D3F800B0BBF1000F0CD05C
:105B3000AAF1260228464946534253410DF10B0271
:105B4000009303ABD847054630B99DF80B3013B12D
:105B50009DF80C0028B90925BAF1260F2AD100209A
:105B6000034694F8292132B19B0700F002002DD59D
:105B700060B302200346FF2284F8392194F83821CB
:105B800002F0FF05F2B99DF8382003A984F83B0123
:105B9000484684F8382184F83A31A4F83C818DF8DD
:105BA0000C708DF80D60ADF80E800DF037F9002304
:105BB00084F83931284605B0BDE8F08F3846A9E7AA
:105BC0003046ADE73A25F2E71A25F3E70925F1E774
:105BD0008836002010B50468B4F8AA3084F884111F
:105BE000A4F8853194F82001FEF78AFA84F8870139
:105BF00094F82101FEF784FA044984F8880104F23C
:105C00007B10BDE810400EF0F7B800BFE32D010097
:105C100030B5C1F30722CCB2164985B0C5B2C0F386
:105C200007230978019049B9114620460DF0E4F8A0
:105C300020B9194628460DF0DFF8B0B12B402340BB
:105C400002EA030001460CF0FDF9044608460CF098
:105C5000F9F9032C04D1BDF80630012B08BF042448
:105C6000E4B244EA002005B030BD05EA020003EAD0
:105C70000401E8E7402E00202DE9FF47046889462B
:105C8000054694F80EA0AAF1250359425941052A68
:105C900035D1E37B272B37D104F10F0799F8018029
:105CA00099F8026008F0070806F0070608F1FF33CC
:105CB000721E03EA0803324013431FD130460DF031
:105CC00045F960B394F82031984228D094F83A21ED
:105CD000164213D0BAF1250F21D094F8192116429B
:105CE0001DD10138013B474AC0B2DBB21044032B3F
:105CF00000790FD81A441379834210D9284604B08A
:105D0000BDE8F0470DF0EAB8BAF1250F77D104F1FC
:105D10000E07C3E74FF4DD710620FAF76FFD40462A
:105D20000DF014F940B194F82131834204D094F875
:105D30003B3118EA030FE1D0B9F8039003AB2046DA
:105D40003246009341464B460DF00DF92C6878BB66
:105D500094F83831012B28D1E38804F5367294F891
:105D60002011B4F83C010DF05FF90646D0B90146A8
:105D70002846FFF72FFF2B6883F838613E702B68A9
:105D800003F10F02974201D10022DA732B6803F16D
:105D90000F0297422FD128460EF097FA002004B048
:105DA000BDE8F0872C23A373E9E784F83801E6E720
:105DB000E388A4F8D89209F1FF39A9EB030947F663
:105DC000FD731FFA89F9994506D92823284684F8D6
:105DD000313001F0BFFAD9E7E37B0D2B02D00A3B4B
:105DE000012B01D82A23F1E7BDF80C30A4F8DA32F0
:105DF00029233B70CAE7002283F84A20CEE702201D
:105E0000CDE700BFBCEA0300034B002283F850201B
:105E1000A3F85220704700BF422E0020044B93F895
:105E20005020012A1ABF036001200020704700BFE4
:105E3000422E0020064B024693F8501001291BBF4A
:105E40000120A3F85220002083F85000704700BFC3
:105E5000422E0020054B024693F8500028B11360F3
:105E600011B1B3F852300B8001207047422E002050
:105E7000054B002293F85000A3F8522010B10120E6
:105E800083F85020704700BF422E0020034B93F848
:105E90005000B0FA80F04009704700BF422E002049
:105EA00050B90A4A0120134603F8010B0868C2F8EA
:105EB00001008A889A807047012805D1034B0A683F
:105EC000D8719A608A889A81704700BF962E002008
:105ED00050B90B4B187888B1D3F80120B3F80530CE
:105EE0000A6001208B807047012806D1044BD879C5
:105EF00020B19A689B890A60F3E70020704700BFD1
:105F0000962E002010B9044B18787047012806BF60
:105F1000014BD87900207047962E0020F7B58A886B
:105F200000238DF80600ADF8042008680B4A8DF8B0
:105F300007300146147802F5A872019DD8B2844258
:105F400001D8082007E052F8087F01335668AE42B6
:105F500008BF8F42F2D103B0F0BD00BFA82E0020D1
:105F6000084B0146002230B55C7803F20113D0B231
:105F7000844201D8082004E013F8015F01328D4209
:105F8000F5D130BDA82E0020F8B52D4C637822182D
:105F9000013B92F80251DBB28342637030D01A01A8
:105FA0000101961C8F1C2644274406F1100C56F85C
:105FB00004EB664547F804EBF9D182328231224482
:105FC000214402F1100652F8047BB24241F8047BEE
:105FD000F9D1E118221891F8026182F802610626CF
:105FE0007343704303F5857300F58570E618E35835
:105FF00027182350B388BB8091F83A3182F83A31A0
:106000002846FFF7ADFF082818D12378013BDBB203
:106010009D42237012D02B3305F12B0204EBC303F6
:1060200004EBC20293E8030082E803002078FFF744
:1060300097FF08281CBF241884F80251F8BD00BF40
:10604000A82E0020F0B5254D89B095F8984105F2AD
:106050009911684622460AF015FA214668460DF065
:106060003FF90446B8B300EB400102A8C9B2FBF700
:1060700051FA631E95F8A1610124DBB295F89811DD
:1060800005E0721CB2FBF1F001FB1022D6B206F162
:1060900020020DEB020010F8202C002AF1D103EBB6
:1060A000430100F8204C06EB460220312A446944A3
:1060B00011F8187C82F8A27111F8177C11F8161CDF
:1060C00082F8A37182F8A411013BAA19DBB282F80D
:1060D0009941FF2BD2D109B0F0BD00BFA82E0020FE
:1060E00070B5064688B00C46002A4ED0294A92F870
:1060F000A131D01890F8991119B9FF212820FAF789
:106100007DFB03EB43010133114491F8A251E5708B
:1061100091F8A35191F8A41125716171002180F8C3
:10612000991192F89811B3FBF1F001FB103382F84A
:10613000A13192F8C23123B9174902F5DD700DF093
:1061400058FE65790D220021684605F03F0545F0AF
:106150004005657110F07BFAE37804AA69468DF872
:106160000F30304623798DF80D508DF80E30042312
:1061700010F0A4F99DF81F3023709DF81E30637055
:106180009DF81D30A37008B070BD03216018FBF7A7
:10619000C1F9D6E7A82E002045600000044B5A78CC
:1061A000824286BF1B1893F84A010020704700BF47
:1061B000A82E0020044B5A78824286BF1B1893F801
:1061C00042010020704700BFA82E0020064B00228D
:1061D0004FF461711A8083F8C32183F8C421A3F8B6
:1061E000C61183F8C2217047A82E0020014B93F8F6
:1061F000C4017047A82E002010B51446FFF78EFE8C
:10620000082813D0FFF7ACFE094B5A7882420DD90B
:1062100004B12070184490F83A3190F84A01012BEB
:1062200008BF40F0010000F0010010BD0120FAE7B6
:10623000A82E00202DE9F047824689461746984649
:10624000FFF76CFE08280546064603D0FFF788FED8
:10625000082860D1324C6378072B5ED8082D15D101
:106260002678731C072E237003D96C212820FAF797
:10627000C5FA06F12B02D9F8000004EBC20344F87A
:106280003200B9F8042083F806A09A80657807F1F7
:1062900010026B1C290163704B1C234412F8010D82
:1062A000BA4203F8010FF9D1813108F110032144FA
:1062B00013F8012D984501F8012FF9D1254410213B
:1062C00040460DF053F8102185F8420138460DF094
:1062D0004DF885F802616678002385F84A01314659
:1062E000104885F83A310CF0FBFF0128054607D825
:1062F00031460D480CF0F4FF002818BF0135EDB20F
:1063000084F898510025284684F8A151FFF79AFE99
:106310002846BDE8F0871220FBE70720F9E700BF19
:10632000A82E0020EA2F0020F22F0020064B10B5E7
:106330005878013840B2002800DA10BDC4B22046B7
:10634000FFF722FE601EF5E7A82E0020014B83F820
:10635000C3017047A82E0020014B93F8C30170477A
:10636000A82E0020431E4AF2B7129BB293429DBF53
:10637000024BA3F8C601012000207047A82E002080
:10638000014BB3F8C6017047A82E00200A4B30B568
:106390005C7884420ED9184490F802012B3003EB4C
:1063A000C004A5790D7053F8300010600120A38857
:1063B000938030BD0020FCE7A82E002070B5064673
:1063C0000D4607F0C1F906F065FA0A4890F8C34196
:1063D00064B1417861B100F1820302303246002D90
:1063E00008BF184606F0FEF906F086FA204670BD92
:1063F0000C46FBE7A82E002008B5064B024603EB2F
:106400000113012103F1820006F0ECF9BDE8084018
:1064100006F072BAA82E00200246074810B590F880
:10642000C34124B1417821B1023006F0DBF92046A6
:1064300010BD0C46FBE700BFA82E00202DE9F74F4A
:106440002F4C9A46804689466378834256D9231852
:1064500093F8425185F00105F9B193F84A31E3B957
:1064600045F002070135BAF1000F18D1FA070AD535
:10647000062104EB0810524601FB0841823001F569
:106480008571FFF72DFEBB0734D504EB081052468B
:1064900049460230FFF724FE2CE02F46E3E794F84C
:1064A000A1614FF0010B002DE0D0A31993F89911D1
:1064B000019399B90092DAB100F07CFB019B06EBE5
:1064C0004601009A4FEA102C83F899B1214481F8D3
:1064D000A201000C81F8A3C181F8A401013694F84F
:1064E0009831013DB6FBF3F103FB1166F6B2DAE732
:1064F00047F00407384603B0BDE8F08F0027F9E7FE
:10650000A82E0020F8B50646174C48B3617804F56C
:10651000A1700CF0E5FE94F89851074604F299102A
:1065200029460CF0DDFE2D1AEDB2AF421AD8002537
:106530006278EBB29A4201D80120F8BDE21892F8D5
:1065400042215AB90621324601FB034104EB0313F1
:1065500001F5857103F18200FFF7C2FD0135E7E720
:106560000546E5E70020E8E7A82E0020F0B51B4E21
:1065700089B007460D46737883422CD9331893F8B7
:10658000424144BB0D222146684610F060F8EB788A
:1065900006EB071004AA8DF80F3069462B7982307C
:1065A0008DF80E306B798DF80D3004230FF086FFD7
:1065B0002A789DF81F309A420AD16A789DF81E30D9
:1065C0009A4205D1AC789DF81D30E31A5C425C41DB
:1065D000204609B0F0BD0020FBE700BFA82E002038
:1065E000074B5A78824209D91A1892F842212AB9DF
:1065F000062202FB003000F58570704700207047CE
:10660000A82E0020064B5A78824281BF1B1893F8AF
:106610003A01B0FA80F0400998BF0020704700BFEF
:10662000A82E0020F8B50E4607460621154630462E
:106630000CF09CFE044670B10C4B0022587803F21B
:106640003913D1B2884202D801242046F8BD013264
:1066500003F8015FF5E7314638460CF05DFE082887
:10666000F3D0024B034483F83A51EDE7A82E002003
:10667000034B80F880101B680BB1408818477047A7
:106680008C3600200B2808B504D940F229112920A6
:10669000FAF7B4F8014B33F8100008BDC4EA030060
:1066A000036830B50024D3F8C80042F21075A3F88F
:1066B0004040B3F844404443B4FBF1F4A3F84440F1
:1066C0004C1E05FB0242B2FBF1F2A3F84220094A3C
:1066D000B2FBF1F20132A3F848209A8F05FB024485
:1066E0005A6B5043B4FBF1F4B0FBF1F09C63586378
:1066F00030BD00BF005A6202054B1B7833B9054B11
:106700001A681B79026003710120704700207047EE
:106710007030002088000020054BFF221A70054AC7
:10672000016811600179117100221A70704700BF71
:10673000703000208800002007B5064A10681279E2
:10674000009068468DF80420FFF7E6FF03B05DF87F
:1067500004FB00BFB62404000346084671B13F2B7A
:106760000BD8074AD35C03F07F02914205D08CBF5F
:106770000120002000EAD31070470120704700BFBD
:10678000DCEA0300FF230B7002234B7083238B7022
:10679000014B1B78CB707047743000202DE9F84F07
:1067A000D0F804800C46D8F81C6030460AF0BDFAD8
:1067B000054620B94FF4AA711020FAF71FF80146D8
:1067C00030460AF0C0FAB5F800B082461FFA8BF7DF
:1067D00017B94FF4AC71EFE7224B00F103091B68C6
:1067E000D3B998F8023098F803202370637802F048
:1067F0000F02A4F802B023F00F03134323F0C003E9
:1068000063709AF8003003F00303012B0FD0022BC2
:106810000DD04FF4BB71CFE73A464946B8F80200B5
:10682000984705460028DCD12846BDE8F88F6278F5
:10683000304663F3051262700AF08FFA054610B90C
:106840004FF4C071B8E7FB2F02D940F28F11B3E7C4
:106850003A464946201D09F015FE30460AF0D4F9A3
:10686000E2E700BF9036002038B5134C102200211B
:10687000201D0FF0ECFE0125257404F10803102201
:10688000002104F11400C4E901330FF0E0FE84F8A4
:10689000205004F11803094AC4E905330023636258
:1068A000A36284F82C30C4F82D30C4F8313084F859
:1068B00035301360A36338BD74300020903600205B
:1068C00010B5084C2378FF2B04D040F2991110200A
:1068D000F9F794FF09F042FD2070BDE81040FFF782
:1068E000C3BF00BF8D00002010B5034C207809F015
:1068F0004FFDFF23237010BD8D000020014B187841
:1069000009F056BD8D000020014B024A1A60704705
:10691000983600209D670000014B024A1A607047BC
:10692000983600209D6700002DE9F341DFF888814B
:10693000054608F11407D8F80830D8F81840227A2C
:10694000012A22D1D8F8382052B1137A1BB9BF21BD
:106950001020F9F753FFD8F83840C4B9002093E06D
:106960001A7A012AFAD01C46544AEFF3108172B603
:1069700050680068506001B962B6A34208BFC8F809
:106980003840237A1BB9EE21E2E73A46EDE7267A52
:10699000F6B205232372731E0B2B7ED8DFE803F0BB
:1069A0007A062336773F4E3F3F3F3F6B636813B90C
:1069B0004FF40371CCE72046294698470420EFF3B3
:1069C000108272B6237A052BD9B24FF0000369D139
:1069D0002372D8F83810A14201D1C8F83830002A03
:1069E00045D162B643E0636813B940F21521AFE7C1
:1069F0002946204698470346ADF80400C0B2C3F3C9
:106A00000723012B3ED0022BD9D129E0636813B9AB
:106A100040F21D219CE7204698470020CFE7284BF5
:106A20001B68002BF9D03246606829469847A6F1CA
:106A30000A020420534253415B00E4E763680BB948
:106A4000FE2185E786222A7001225988AA706A7180
:106A500000229869A5F80310AA710AF0D5F804205D
:106A6000D8F83830A34202D10023C8F838300028C3
:106A70003FF461AF08E0134B294620461B68984756
:106A8000034668B9267298B102B0BDE8F0814FF4B0
:106A900015715DE740F257215AE740F25A2157E756
:106AA0000220DDE711B940F27B2151E7184696E755
:106AB000002B7FF440AF51E7743000207830002085
:106AC0009436002098360020134610B5027A22B181
:106AD00040F202311020F9F791FE0A4601460248C1
:106AE000BDE810400DF062B978300020044890F8FD
:106AF0002C301BB9034924300DF075B9704700BF25
:106B0000743000209D3D01000346064890F83C206B
:106B10003AB190F8352022B9034900F82D3B0DF029
:106B200062B9704774300020856700000A4610B5CE
:106B3000037A23B140F20A311020F9F75FFE0146D3
:106B400007230248BDE810400DF030B9883000201E
:106B50001346027A0AB1037270470A460146014899
:106B60000DF024B97830002001490DF045B900BF7F
:106B7000053E01000B8BA2F809001046A2F80B306D
:106B80004B8BA2F80D308B8BA2F80F30CB8B0249C8
:106B9000A2F811300DF02AB9633E0100014B1878BC
:106BA000704700BFB1300020014B1878704700BF1C
:106BB0008E000020094AD2E90003434083EAB01165
:106BC00081EA43214FEAF34311605360044B584379
:106BD0004FEAF06000EB8000704700BFB430002047
:106BE000BB79379E094AD2E90003434083EAB011DA
:106BF00081EA43214FEAF34311605360044B584349
:106C00004FEAF06000EB8000704700BF900000206A
:106C1000BB79379E10B50A4C08210948FAF77AFC6F
:106C2000D4E900321343F7D0064CFFF7DBFF2060B6
:106C3000FFF7D8FF236860601843F6D010BD00BF8F
:106C400090000020B430002038B5A0F10B031446AA
:106C50000D46DBB22046432B96BF0C4AFE21D15C89
:106C60000DF0D9FA88B985B12978342909D03F299E
:106C700009D0272908BF26212046BDE838400DF05D
:106C8000CABA3221F8E73E21F6E738BD1CEB030013
:106C9000174B184A9A60184ADA62184A1A61184A59
:106CA0005A61184A9A61184A1A63184A5A62184A6D
:106CB000DA64184A9A64184A9A63184B184A9A6018
:106CC000184A1A62184A5A60184A1A60184A9A6290
:106CD000184ADA62184ADA60184A9A61184A1A633E
:106CE000184A9A64184ADA64184A5A62704700BF10
:106CF0009C3600209143010011470100E34601004A
:106D0000AD4601007D740000B97700006D7600008B
:106D1000F148010017490100117600009C3700205E
:106D2000A7430100A1480100FD430100D345010034
:106D30002748010027470100454801000D48010090
:106D4000BD4901005B49010047490100B748010006
:106D5000174B184A9A60184A5A60184A1A60184A1B
:106D60009A62184ADA62184ADA60184A9A61184A2E
:106D70001A63184A1A62184ADA64184A9A64184A56
:106D80005A62184B184A9A60184A5A62184ADA62CC
:106D9000184A1A61184A5A61184A9A61184A1A63BD
:106DA000184A9A64184ADA64184A9A63704700BF0E
:106DB0009C38002091430100B7430100F9440100D1
:106DC00047470100A3470100F1740000B5470100E7
:106DD000B977000011760000F14801001749010061
:106DE0006D7600009C390020A7430100B7480100E0
:106DF000D347010083470100F3470100A17500005C
:106E0000BD4901005B49010047490100A14801005B
:106E1000054B064A1A65064A5A65064B064A1A6524
:106E2000064A5A65704700BF9C3600206D4B010032
:106E3000434B01009C3700202D4B0100FF4B01000C
:106E4000044B054A5A65054B054A1A65054A5A65B9
:106E5000704700BF9C3800201D4C01009C39002069
:106E60002D4B0100474C0100054B064A9A65064A26
:106E7000DA65064B064A9A65064A1A66704700BFED
:106E80009C36002013310100C93101009C370020DD
:106E9000352F01001B320100054B064A9A65064A50
:106EA0001A66064B064A9A65064ADA65704700BFBD
:106EB0009C38002087310100795C00009C3900205B
:106EC000352F010083320100F7B5044601A80F46B3
:106ED000FEF7A4FF20B94FF4AA615120F9F78EFC08
:106EE0005022002101980FF0B2FB019D3F2F2E464A
:106EF00006F8037F43D83F2F44D8DFE817F0460059
:106F00004C006C0075008D00740174019A00B30090
:106F10009E0074017401A300AF00B300430043005E
:106F2000B70074017401CC00CC00E300E300EA0078
:106F3000430043007401EF00FC00000104010B0159
:106F40000D010F0111011B012501540156014300E0
:106F500043002D015E015C0146013C013E01400100
:106F6000420148014C014A015001740143004E01A5
:106F70004401520160016201430058015A01FF2F90
:106F800000F0258140F24451A7E7214630460DF03C
:106F90002BFBC0B9BBE02668D6F838326B6096F898
:106FA0003C322B72206890F89F3033B90DF0DDF938
:106FB0002368DB881844A6F83E02B6F83E32082063
:106FC0006B721B0AAB72FEF735FF002840F00D8193
:106FD00040F2575181E7236893F8A82052BB93F8F9
:106FE0002D3102202B71EEE723681720D3F8802281
:106FF0006A60D3F88422AA60B3F88822AA81D3F801
:107000006022C5F80E20D3F86422C5F81220D3F808
:107010009030C5F81630D6E722680D20D2F8FE3140
:107020006B60D2F80232AB602368D3F89430EB6027
:10703000C9E7236893F8A030D3E73146204600F033
:1070400081FBA6E7112306202B7159236B710023C6
:10705000AB713923EB7130232B72B4E7236893F8BB
:107060009A30BEE7304600F05BFB92E7236893F866
:10707000A82052B993F8A0203AB193F89D202A7124
:1070800093F89C3003206B719DE793F89B202A7145
:1070900093F89A30F6E723680920B3F80C212A7197
:1070A000120A6A71B3F8A220AA71120AEA71B3F83F
:1070B00008212A72120A6A72B3F8A030AB721B0A56
:1070C000EB7280E7236893F83A212A7193F83B31F9
:1070D000D8E7214630460BF0DFFF5AE7236811213D
:1070E000B3F8AA00F9F7C6FF00F15B0130460CF0D7
:1070F000A8FD232067E730460EF047FD49E73046FC
:107100000EF04CFD45E73A4B1B68002B5BD140F27B
:107110004951E2E6374BF7E7374BF5E7374BF3E7F3
:10712000374B1B68002BF2D023202246314698476C
:10713000042048E7324B1B68002BE8D0224631463A
:107140002420984705203EE72D4B1B68002BDED0FE
:10715000224631462520F4E723681121B3F8AA001E
:10716000F9F788FF00F17D0200F15B0130460CF079
:1071700074FD2B2027E7234BC6E7234BC4E7234BA3
:10718000C2E7234BC0E7234BBEE7234BBCE7234BAF
:10719000BAE7234BB8E7234BB6E7234BB4E7234BBF
:1071A000B2E7234BB0E7234BAEE7234BACE7234BCF
:1071B000AAE7234BA8E7234BA6E7234BA4E7234BDF
:1071C000A2E7234BA0E7214630469847E1E6236833
:1071D000304693F8CF22D3F8D0120CF0FFFC23688E
:1071E00093F8CF02D5E60120EDE603B0F0BD00BF75
:1071F0009C3A0020A43A0020A03A0020A83A00209F
:10720000AC3A0020B03A0020B43A0020B83A00204E
:10721000BC3A0020D03A0020D83A0020C03A0020E2
:10722000D43A0020DC3A0020C43A0020C83A0020BA
:10723000CC3A0020E83A0020EC3A0020F03A002056
:10724000F43A0020E03A0020E43A0020F83A002026
:10725000FC3A00203F289ABF024B53F82000002040
:10726000704700BF9C3600203F289ABF024B53F85E
:1072700020000020704700BF9C3800203F289ABFA4
:10728000024B53F820000020704700BF9C370020BD
:107290003F289ABF024B53F820000020704700BFE0
:1072A0009C39002030F8023CF7B504460E46B0F891
:1072B000825073B101226846ADF801508DF800206C
:1072C000ADF80330FDF7EAFB18B195216320F9F71B
:1072D00095FA1C4B1B6813B1A4F1280098471A4B70
:1072E0001B680BB128469847184B1B680BB1284602
:1072F000984783230027A6F803503370B770637A4A
:10730000D4F89C00737109F089FC08B9BA21DDE753
:1073100039462846F9F7C4FE02212846F9F7C0FE8F
:1073200018B90B4B1B6803B198474FF40173002049
:1073300003F004021B0A62F3070063F30F2003B09B
:10734000F0BD00BF003B0020043B00200C3B0020B0
:10735000083B0020F7B5056804464FF6FF77D5F8DF
:10736000C0600DF102010DF101023046ADF802706E
:1073700009F003FC01A9304609F021FC48B101984D
:1073800009F0E9FC2168A83100220272FFF7CEFB68
:10739000E7E7044905F1280003B0BDE8F0400CF030
:1073A00025BD00BFA5720000F0B5044685B00D46AE
:1073B000FF2600F8E96C10F8EA3CF3B1174F3B7870
:1073C0001BB162211F20F9F719FA0C21381DFAF7B9
:1073D000A1F83E70002304F8E93C8A232A4602F80B
:1073E000033BD4F80930C5F80330D4F80D305360AE
:1073F000D4F81130936005B0F0BD01A80C21FAF764
:1074000089F8A4F51773039A1A6001AB03CB44F80B
:10741000F20C44F8EE1C04F8EA6CDBE7BC30002008
:1074200010B5054C23782BB90C21201DFAF772F802
:10743000FF23237010BD00BFBC300020024690F82F
:107440000632BBB990F8073203F0FF010BB1002000
:107450007047094B18780028F9D01970D96804339F
:10746000C2F8941003CBC2F8FE01C2F80212FF2347
:1074700082F8063201207047BC300020036810B546
:107480009A7B04461F2A2CD1002283F8512083F8CE
:107490004A2083F88A22036893F85210B3F8AA00AE
:1074A00081B1C3F8C9211049A3F8CA0103F5E070FE
:1074B00083F85220A3F8CD210CF095FC236800201E
:1074C000987310BD0122A3F8B90183F8B81103F233
:1074D000AF1083F8BF11A3F8BC1183F8BB21034997
:1074E000EAE70220EDE700BF954601007D46010076
:1074F000026870B5D37B04460D463BB1132B05D013
:10750000113B0F2B8CBF0120082070BDD2F8A43096
:10751000002B3BD192F8523013B920460CF0C3FE39
:10752000D5F80B302268C2F8F631D5F80F30C2F822
:10753000FA312368D5F81320C3F89020B3F8AA20B5
:10754000A3F8F922D5F80120C3F8FB22D5F80520CD
:10755000C3F8FF222368B5F809200025A3F8032308
:10756000236883F8BE5183F8065220680B4900F562
:107570003C700CF038FC266820460AF05FFC1622AE
:1075800086F86A0028462368DA73BEE720460C2294
:107590000321BDE870400CF0ACBE00BFA973000031
:1075A000036810B5DA7B0446202A04D040F29D21FE
:1075B0001F20F9F723F9002193F85220B3F8AA000D
:1075C00083F8511082B1C3F8C91183F85210A3F89F
:1075D000CD11A3F8CA0103F5E0700B490CF003FCD0
:1075E00023680022DA7310BD0121A3F8B90183F8E2
:1075F000B82103F2AF1083F8BB1183F8BF21034910
:10760000A3F8BC21EAE700BF954601007D460100D2
:1076100038B5046894F8A8501DB9E37B23B1012064
:107620001AE02368DB07FAD4D1F801200D4BD1F81A
:10763000051013400C4AC4F86230C3F307630A40D4
:1076400043F00803C4F8662084F865300CF02BFE84
:107650001DB90423E373002038BD236843F0010300
:107660002360F8E72FC904F76FDB008038B50368A3
:107670009A7B042A34D1D1F801204C1CD1F8055052
:10768000C3F86220C2F30762C3F8665042F00802F2
:1076900083F86520002283F84A209A73026892F8E2
:1076A000A8200AB983F83F2193F84021B2B993F892
:1076B000912102F0FF008AB9B3F8AA2083F8920161
:1076C00003F28910A3F89321D1F801200549C3F8EA
:1076D00095216268C3F899210CF085FB002038BD24
:1076E0000120FCE777480100036893F8402112B1BC
:1076F000094B1B68184793F891215AB9B3F8AA208F
:1077000003F289100549A3F893211A2283F89221E4
:107710000CF069BB704700BF103B002077480100A8
:1077200010B50446FEF7A4F9044A054B02400920AF
:107730000B40C4F80120C4F8053010BD2FC904F770
:107740006FDB008037B50C460568FEF791F90A4BF0
:107750000A4A03400A4095F8621000930B400192D8
:107760008DF800306B4603CBC4F801000920C4F843
:10777000051003B030BD00BF2FC904F76FDB0080D8
:1077800038B5DB04154604D5037D13B100234363EC
:1077900038BD446B013444630DF0EFF8836B9C42B9
:1077A000F6D30023034943632846BDE838400CF074
:1077B00023BB00BFE548010070B504680546A37B04
:1077C00094F8A860012B07D01EB9E37B23B10120F8
:1077D00038E023689807FAD494F853309A0713D402
:1077E0004A78D80784F85D204A88A4F85E208A8801
:1077F000A4F8602043F0020284F853200FD5164904
:1078000004F154000CF0F8FA94F85330D90710D46E
:10781000CEB9E37B43B153214020F8F7EFFF94F852
:107820003E31002BEBD1EFE70123E37328460CF048
:107830003AFDA37B0020012B4FF0000304BFA3738C
:1078400084F84A3070BD23689A0701D55821E3E7D0
:1078500043F002032360E9E79B49010070B5056826
:10786000044604F075FF054B0146E8721B681BB126
:107870002046BDE87040184770BD00BF183B00208F
:10788000024B1B6803B11847704700BF143B002030
:10789000F0B51F4D00242B7814709BB1013B6D682F
:1078A000DBB21E1B012E0FDC05EBC40655F834704D
:1078B00076688E4208BF874227D0B84271EB060631
:1078C00012D214700020F0BD1E197710C6F34706BF
:1078D00055F837C005EBC70E8445DEF804708F41BC
:1078E0002CBF33463446DCE705EBC30455F8335070
:1078F00064688C4208BF854206D0A84271EB04043C
:1079000028BF01331370DDE71C4601201470DAE74D
:10791000DC30002010F0070208B503D063214820B6
:10792000F8F76CFF18B1034B197258601A70C80051
:1079300008BD00BFDC300020014B00221A707047E8
:10794000DC300020014B00221A607047EC30002030
:1079500008B5044B186810B9FFF7F4FF08BD0C20F8
:10796000FCE700BFEC300020024B1879003818BF4C
:1079700001207047EC30002013B5CDE90012054B13
:10798000FF225A7100F11003DDE9000183E80300D2
:1079900002B010BDEC300020C3693BB983692BB93C
:1079A000034B1B681B1A584258417047012070470F
:1079B000EC30002030B50D4AFF231371D0E9065397
:1079C00073B1D0E902149D610C44D9682144D96097
:1079D000816939B1CB610023C0E90633137130BD31
:1079E0001560F5E7002BF6D0D960F4E7EC30002005
:1079F00010B5124AFF231371C16189B913688361FD
:107A000003B1D86110600023C169C36099B1CB682C
:107A10007BB18468A3420AD230213720F8F7EEFE0A
:107A20008B6988618361002BEDD0D861EBE71B1B6C
:107A3000C3600023CB600023137110BDEC30002025
:107A4000014B1868704700BFEC300020034B00204A
:107A50001B6803B9704718469B69FAE7EC300020B1
:107A60000B4B002230B51B6804464FF0FF35104623
:107A700023B911B9002808BF104630BDDA68A24208
:107A800003D3AA423CBF154618461A469B69EFE746
:107A9000EC30002070B50F4CFF232371036A1BB13B
:107AA00081689D68A94203D2E5213720F8F7A6FE38
:107AB000C2698669DA619E6152B193619A691AB1AD
:107AC000D361C26811444A1BDA600023237170BD80
:107AD0002360F3E7EC300020F8B54FF0000C0446CB
:107AE000284E084686F805C0002135680B4685B942
:107AF0007579002DF6D15BB1984225D3013CB0FBDE
:107B0000F3F11C4403FB01F5B4FBF3F48C420ED9F2
:107B1000F8BD2F690BB19F4207D23B4627B94FF4FE
:107B2000A3713720F8F76AFEA98AAD69DFE7B5FBD4
:107B3000F3F603FB165626B9B5FBF2F602FB165612
:107B4000DEB10139ED1AE1E7451E1D44B3FBF4F443
:107B5000B5FBF0F5AC42DBD3B3FBF5F605FB16370E
:107B60004FB9B6FBF2F702FB176727B9B6FBF1F77F
:107B700001FB17671FB10135ECE72846C8E730461F
:107B8000C6E700BFEC300020FF23084A0B700D232E
:107B90004B7082238B701368C1F803305368C1F8AF
:107BA00007309368C1F80B30704700BFF2300020F7
:107BB0001622002101480EF04ABD00BFF23000201D
:107BC000F8B51C4D04466B7D9BB390F8A83023BBE1
:107BD000D0E978760CF071FF94F82021164B5230E2
:107BE00053F822304FF47A7203F2E733B3FBF2F327
:107BF000DB19B4F8AA2046F100061B182A8046F1CA
:107C000000066B60AE60E38805F10C0002220B49B0
:107C10006B80BDE8F840FEF79BBF4B0609D5B0F876
:107C2000AA302B80D0F880326B60D0F88432AB6001
:107C3000E9E7F8BDF230002008ED0300897B000081
:107C4000094B53F8203003F5224370B5B133164683
:107C50004FF47A720C46B3FBF2F5344405F07CFE27
:107C60002C44204470BD00BFF4EC03002DE9F04F1C
:107C700098468BB0002304460F460392069390F873
:107C800021B10BF0ACF8064694F82B01FEF7FAFC94
:107C900006440CF012FFE37B00F14805B6B2472B17
:107CA00047D00D2B45D094F80E90A9F14701D1F1A2
:107CB000000949EB0109039B002B40F08580637BA1
:107CC000032B40F08180B9F1000F6AD0B4F8D832AC
:107CD000BB4266D1D4F820322046B4F8F421C4F86F
:107CE0001032D4F8C830C4F81432B4F892321344C5
:107CF000C4F8183203F022F894F829A1BAF1000F61
:107D000009D0D4F8E02241F64B539A428CBF4FF091
:107D1000000A4FF0010A94F8EC326BB9D4F8C8208D
:107D2000D4F8E0329A4221D0B4F8AA000DF04CFF0A
:107D30001CE04FF00109BEE7B4F8AA000DF041FFC6
:107D400020B940F242713020F8F758FDB4F8E8321B
:107D50004FF0000AA4F8DE30B4F8EA328381B4F8B8
:107D6000D832A0F80EA04381013B038294F82A3157
:107D7000002B4ED1BAF1000F4ED1D4F8DC3284F88A
:107D80002AA1C4F8D830B4F8DA32A4F8DC30D4F838
:107D9000E032C4F8C830D4F8E432C4F8D03002235A
:107DA0006373A17B292946D0A1F12C025142514194
:107DB000E27B292A00D039B1B4F8D832FB1A1B046F
:107DC00002D4204602F074F9B4F890A204F51873B6
:107DD00094F82101A7EB0A0A0293E3880FFA8AFAC2
:107DE000FB1ABAF1000F0FFA83FC26DAE246D4E957
:107DF0009E23C4E9A223002384F833320123627B4B
:107E0000032A00F2B581DFE812F01A002A0170009F
:107E10004E01BAF1000F07D04FF04D13C4F8E03017
:107E20000023A4F8E430A8E74FF09613A4F8E4A0E8
:107E3000C4F8E030A1E70121BAE74346DFE7014695
:107E400094F8ED010BF018FB8246D4F8D8003146C7
:107E5000504406F049FD3146C4F81C02D4F8C8006D
:107E600006F042FD07A9C4F8200208A805F0CCFCE2
:107E7000079B0093DDE90823D4E9A2010DF096FFEA
:107E8000064604F1A8000CF00EFFD4F8943294F8E2
:107E90002101D4F8D8B0069305F066FD069B00F5E5
:107EA0002240D4F81C124FF47A72203BB1305B446C
:107EB0005B1A30315B1BB0FBF2F053442A469B1B2C
:107EC0001B1A94F821010693B4F8DC3003EB41014E
:107ED000FFF7B6FED4F89422069BC4F824029B1A3E
:107EE000B92B5CD840F2C7412DE7D4F8D8303146E1
:107EF000D4F81402184406F0F7FC3146C4F81C020A
:107F0000D4F8C80006F0F0FCC4F8200204F1A80080
:107F10000CF0C9FED4F8D830D4F814621E44B4F87A
:107F2000F431002B40F09780B8F1000F00F09380FF
:107F300094F8210105F018FDD4F81C12D4F8803211
:107F400000F52240761A94F82121B130203E1E44DB
:107F5000A44B53F822204FF47A7302F2E732D4E9AB
:107F60009EABB2FBF3F2A6EB0A06B0FBF3F01644AD
:107F7000761B361AD4F81032D4F8182294F821015E
:107F800002FB0311B4F8DC302A460696303103EBCD
:107F90004101FFF755FE0123C4F824026373D4F8AE
:107FA000C83004F1E800D4F82022723B06999B1AED
:107FB0005D1BD4F824329D4228BF1D46002384F85F
:107FC0006032C4F8F051D4E9A2325B1842F10002E9
:107FD000C4E99C320BF08FFF04232844A4F890726C
:107FE00084F86932C4F86402D4E99C23C4E9A2236A
:107FF00002F074F920B1D4F864321E33C4F864324C
:10800000B4F8E031DB1B18B20028D4BF00230123F1
:108010005B0084F86832B9F1000F40F0AC80B8F131
:10802000000F40F0AB80637B002B00F0C380D4F8DE
:10803000C81004F51870D4F82032C91A0BF0A2F950
:1080400080B2002800F0B680149B03B11880012094
:108050000BB0BDE8F08FD4F81C12761A8AE7D4F87A
:108060002022D4F8C830D4F818129B1AD4F8106221
:108070000AFB03F30693B4F8F4319C44D4F81C32A1
:10808000ACEB010C30330CF1FF3C06FB0133B4F8D0
:10809000DC1002FB0C332A4601EB4301FFF7D0FD55
:1080A000C4F824027BE7D4F8C82002FB0AF2069247
:1080B000B8F1000F1CD0B4F8F411C9B984F8331228
:1080C000D4F8201201FB1A2EB4F8F4A10291CDF8D5
:1080D00018E06BB3BAF1000F2AD1D4E9A061D4E95A
:1080E0009E23B24273EB010108D340F20E512AE6FF
:1080F00094F8331200297FF452AFE1E7394B203E68
:1081000053F82B104FF47A7BD4E99E23CDE9042356
:1081100001F2E73301F52241049AB131B61AB3FBFB
:10812000FBF3B1FBFBF11E44761A761B76440696F0
:10813000029BE2442A4603FB0AFA0AF1300A4FEA9C
:108140004A0A5146FFF77CFD41F64B53C4F824021E
:10815000D4F8C80098423FF622AF06AB2A465146F3
:10816000009304F509730BF0A3F984F8330216E7C2
:1081700040F22651E7E5B8F1000F1BD0B4F8081221
:1081800039B3B4F80A2294F80C32551CA4F80A2228
:1081900002FB033399420DDD00280BDD0023A4F818
:1081A0000A5284F86832FEF705FD00F0070001303E
:1081B00084F80C02394608A8089409F044FE04F536
:1081C000187104F50E7007F037FB20B940F27651B4
:1081D000B9E50A46D7E7039B83F0010384F8303200
:1081E000002035E7F4EC0300F0B5044685B018B97B
:1081F000A5213020F8F702FB052900F2DA80DFE83C
:1082000011F00600D30038003300D800CE0090F8FB
:108210003032C288FBB1B0F82E32934208BFB0F8BA
:10822000E4319A1AA0F8E621E3802046D4E99C23A1
:10823000C4E99E2301F0A4FF94F84C30002B00F019
:10824000AC805D4B1B68002B00F0A780204605B07A
:10825000BDE8F0401847B0F82C329B1AA0F8E63180
:10826000B0F82C329BB2DFE705B0BDE8F04005F076
:10827000D7BA0DF093FDD4E99E23801A61EB030178
:10828000012871F1000302DA40F20161B1E76FF0F9
:10829000010383424FF000038B4102DA40F2026196
:1082A000A7E7D4F8C8300BB1B0FBF3F3E07BB4F828
:1082B0002E2247280ED0A17B463901290AD90D2844
:1082C00008D0E1880B449BB2D11A0D0443D5013389
:1082D0009BB242E00132A4F82E22B4F8923203AEEF
:1082E000E5880133354FA4F89232B4F842301D448A
:1082F000B4F84030013DED1AADB23B685BB1B4F863
:108300002E1200222046013989B29847B4F82E3245
:108310001844A4F82E02B4F82E126B1A18042CD4A8
:108320000023204600961A46FFF7A0FC012834D10E
:10833000B4F82E22B4F8E011BDF80C301344521AF0
:1083400012049BB204D5EA1A12F4004F18BF0B4670
:10835000A4F82E32D1E7013293B2A4F82E3294F869
:108360003132002BB9D1B4F8E431B4F82E22934263
:1083700004BF0133A4F82E32AFE7A37C3046039448
:10838000002B14BF08233E2384F83130FEF7E2FFB0
:1083900020460DF05EFA0023637305B0F0BD05B012
:1083A000BDE8F04008F0C5BE437B042BF3D0C621E6
:1083B0001FE7CB211DE700BF1C3B0020243B002012
:1083C0002DE9F8430E46044618B9D3213020F8F7BA
:1083D00015FA052900F2A780DFE801F00376413D98
:1083E000A52E0DF087FDC4E95001204601F05AFA90
:1083F000D4F83401A4380DF0D3FC20460DF043F836
:10840000054600BB014620460CF00AFF00F1AE060F
:10841000D4F83401B04209D2301A0321192838BFE8
:1084200019200DF039FD60B10DF0BCFCC4F83461C9
:1084300020460DF06AF845B12046BDE8F8430DF03E
:1084400065B80125F2E70025F2E7D4E95023C4E935
:108450004A23BDE8F883BDE8F84305F0E1B90CF024
:1084600005FF04238146884684F839310DF096FCD7
:1084700007220F46A9FB023102FB0811D4E94A5238
:108480005B1941EB0205D4F810213AB159EA080210
:1084900004D0984277EB050228BF012684F83861A2
:1084A000D4E95226121A66EB070694F8581139B926
:1084B000012A76F100010BDA204601F0FBF903E016
:1084C000012A76F10006F7DB002384F85031C0E77B
:1084D000984277EB05010FD259EA08080CD01B1A15
:1084E00065EB07019A4276EB010005DB012B71F188
:1084F0000000A4BF1A460E460C49012304F1E8000F
:10850000914284F851314FF0000384F83031B34187
:10851000B8BF0A4604F5987107F006FA002898D10A
:1085200040F2B26152E7EF2150E700BF0040420F36
:108530002DE9F84304460E46154690F8503103F0F5
:10854000FF07002B40F0948000F1E80839467822BC
:1085500040460EF07CF82246464940460DF047FD65
:10856000C4F81061FF2384F8503166B1FEF73AFB7E
:1085700000F0070032464049013086F80C0206F54B
:108580000E700DF034FD40F202434FF00009A4F8E4
:10859000383184F8309106F0FDF900F149062046A3
:1085A0000CF071FF0146B6B2C0B30AF018FC00F13E
:1085B0002801284689B206F097F92844AE3DC4F850
:1085C00034010DF0EBFB3018A4F8269041F10001C6
:1085D000C4E95001012084F814010DF02EF82D1A81
:1085E000C4F818514FF0FF356FF000414046D4E910
:1085F0005023C4E95251002504F59871C4E9482379
:10860000C4E94A2384F8515142F2107207F08CF900
:1086100038BB40F2B9113020F8F7F0F82046DFF807
:108620005C900CF0FDFDAE30C4F83401B9F80000E8
:1086300048B1E08C38B1FEF7D5FAB9F80030B0FB9C
:10864000F3F202FB130006440DF0A8FB361841F1CB
:108650000001C4E95061002DC4D0AD1941F1000101
:10866000C4E7294620460CF053FF3846BDE8F8839E
:108670000C27FAE7C1830000E981000008310020DF
:10868000F0B5002385B0CDE9003303238DF8063023
:108690006846F8F729FD88B10123114EB370002315
:1086A000CDE9023302238DF80E3002A8F8F71CFD45
:1086B000044638B10023B37005B0F0BD00980CF04B
:1086C00048FBE5E7029D6B7B002BEED005F50E77AE
:1086D00038460DF088FB38460DF091FB6C73E4E7EB
:1086E00008310020044B0022DA709A7042F21072B6
:1086F0001A80FFF7C5BF00BF08310020014BD870BA
:10870000704700BF0831002008B504F0DDFC044BC1
:108710005A6882422ABF9878002080F0010008BD84
:1087200008310020F0B5044685B090F84C3003F0D5
:10873000FF05002B68D1437B032B65D10DF02EFB89
:10874000D4E99E23801A61EB0301012871F1000333
:108750005ADB6FF00103834275EB010104DA40F24A
:10876000AA513020F8F74AF8D4F8C820E3880AB1B3
:10877000B0FBF2F2013313449BB2A4F82C32B4F8EC
:10878000E431B4F82C229B1A1BB2002B3CDD04F51B
:108790000E700DF028FB002836D0FF2384F831320C
:1087A000B4F842300DF10E07E588184E1D44B4F8B8
:1087B0004030013DED1AADB2336863B1B4F82C120C
:1087C00000222046013989B29847B4F82C32184467
:1087D00080B2A4F82C02B4F82C32EB1A1B0413D488
:1087E000B4F82C1200230122204689B20097FFF72B
:1087F0003DFA012808D1B4F82C32BDF80E201344FC
:108800009BB2A4F82C32D7E705B0F0BD243B002082
:108810002DE9F7430446062900F2A980DFE801F0BC
:1088200004251422282DA100524B9B7803F0FF024F
:1088300053B900920123B0F8E411FFF717FA28B1F9
:1088400040F2CE61302031E00423637304F044FE33
:1088500006F0DEFF0023E288A4F89232A4F82E226C
:1088600084F8313203B0BDE8F08303234373F9E7A2
:108870000DF0F0F9C4E9A001F4E73F4B00F1A808BE
:108880001B681BB14246D0E9A00198471321B4F8F8
:10889000AA00F8F7EFFB002861D094F82131022BF1
:1088A0005BD005D8012B08D0DC21B420F7F7A6FF58
:1088B000033B012BF8D81E3000E00A30858894F87D
:1088C0002101DFF8B090C31E012B8CBF00272827A1
:1088D0000CF0D2F96430D4F82022373FA842FFB21E
:1088E00034BF2B1A0023D4F8C85099188D428ABF80
:1088F000AD1A0025ED1A99F8033023B9D4F8E83001
:108900009D4228BF1D46D4F8F06104F1E8000BF049
:10891000F2FA064402200DF095FA0221AD1B25EA79
:10892000E575854228BF054628460DF0B5FA10B119
:108930002E440DF037FA01233A46314640460BF0FB
:10894000E6FBD4F8F031C9F80400D4F8C8001844A4
:1089500003B0BDE8F0430DF023BA1430AEE796251E
:10896000ADE7A83003B0BDE8F0430CF09CB940F28D
:108970009C7167E708310020203B0020014B1880E4
:10898000704700BF08310020044B1A78012AD0B28A
:1089900003D01878831E5842584170471031002088
:1089A0000C4B4FF47A7253F82130023903F2E7335B
:1089B000C9B2B3FBF2F3022900F1FF3210B54FEA5E
:1089C000C21296BF044CF02134F81110134400FB7E
:1089D000013010BD08ED030060EB0300D928F0B5AD
:1089E000054628BFD925BDF814600446303501F589
:1089F000A57006F00207ADB2FF2D28BFFF2516F0C7
:108A0000010621D10FBB002B00F0C580911EC9B219
:108A1000022996BF7B4D40F6480135F811100844F5
:108A2000D92C7FD9D93C951EF721A4B2EDB2002BE9
:108A300000F0CF80F634022DB4FBF1F400F2C680D2
:108A4000714B33F815306BE0EFB1911EC9B20229BA
:108A500097BF6E4D4FF4147105EB4101C988014475
:108A6000D01E012837D801F614409830002E3BD094
:108A7000023AD2B2022A97BF644BC02303EB4203EF
:108A80005B8A18444EE053B1911EC9B2022997BFC8
:108A90005E4D40F6480105EB41018989DFE7032A75
:108AA00005D1691D89B2890101F5C871D7E7042A8A
:108AB00005D1691D89B2090101F5BF71CFE7022A0D
:108AC0000BBF05F10B0105F10A0189B289B20CBF98
:108AD0008900C900C3E7022A01F19C0114BF4FF4C9
:108AE000B070B4200844C0E7EBB1911EC9B20229AE
:108AF00096BF474D40F6480135F81110D92C08446F
:108B000010D9D93C951EF721A4B2EDB24BB3F6347F
:108B1000022DB4FBF1F459D83C4B03EB45031B8BFE
:108B200003FB0400F0BDF12C214628BFF121032AEC
:108B300005D1133189B2890101F5C871DEE7042A34
:108B400005D1133189B2090101F5BF71D6E7022AB7
:108B50000BBF1931183189B289B20CBF8900C90025
:108B6000CCE7B4FBF1F3022DDBB239D8294931F857
:108B7000151001FB0300C3EB4311C3EBC103E41A5F
:108B8000A3B2002BCED00833032A9BB22BD19B017A
:108B900003F21A4375E7032A06D10535ADB2AD01DC
:108BA00005F5C87528443BE7042A05D10535ADB263
:108BB0002D0105F5BF75F5E7022A0BBF0B350A3508
:108BC000ADB2ADB20CBFAD00ED00EBE740F69213D5
:108BD000A6E7B4FBF1F3022DDBB201D80E49C6E7DC
:108BE00040F69211C5E7042A03D11B0103F5467331
:108BF00047E7022A0BBF9B00DB0003F5BB7303F5BD
:108C0000CD733EE76CEB030078EB030060EB0300F1
:108C10006CEB030078EB030078EB0300294B5A6AF6
:108C200010B5D2F80F30C0F8CC30537D117D1B0445
:108C300043EA0123D17C0B436FF45061C0F8D43078
:108C4000B2F81930591806298DBF40F2E241A3F558
:108C500050634FF47A714B438EBF00214B43012187
:108C6000C0F8C83080F82A11937DF9B103EB830373
:108C700003EB83039B00A0F8DC30B2F81730F1B1AE
:108C800064214B43C0F8D830B2F81B30A0F8D03084
:108C9000B2F81D30A0F8D23092F8243003F01F0251
:108CA0005B0980F8232080F82B3110BDC3EB4314FF
:108CB00003EB840303EB83035B009BB2DBE740F22F
:108CC000E241DEE7103100200346074A506AD3F83C
:108CD0006920C0F80320B3F86D20A0F8072093F8AE
:108CE00068100AF099BD00BF10310020D0F8803024
:108CF00073B50BB101221A604388DB0727D5002327
:108D0000144E056ACDE9003302238DF80630FF23A7
:108D100033776846F8F7E8F9C8B9009CA542F8D05F
:108D200005F1B40395F8B32004F1B40194F8B3004D
:108D30000AF0B8FA0028ECD094F8AC30B4F8B120BE
:108D40003377D4F8AD30C6F81D30034B9A8002B0AB
:108D500070BD00BF103100202D31002038B5084D06
:108D6000044600F169010623686A00220AF036FE13
:108D700094F86810686ABDE838400AF04DBD00BF3D
:108D80001031002070B504460E461346407F6588BA
:108D9000324615F0040118BF04F17701FDF74EFBD0
:108DA0004107054621D4C2070BD50123607F84F813
:108DB0006830FDF715FC0368C4F869308388A4F8AF
:108DC0006D30AB0701D4012070BD094B0121586AF9
:108DD000D4F8773084F87610C0F80930B4F87B30D6
:108DE000A0F80D300AF021FDEDE70020ECE700BF10
:108DF0001031002010B50446084694F8D8306BBBFB
:108E00002378082904F1DB0284F8D93016D004F164
:108E1000DA01FDF7BBFA20B94FF477612D20F7F79F
:108E2000EDFC94F8DA3043F0020384F8DA3004F110
:108E3000D0000B49BDE810400AF0D5BF094B586A75
:108E4000034613F8031BC1F3801184F8DA10D0F83D
:108E50000310C4F8DB109B889380E8E710BD00BFC7
:108E60003D4F01001031002070B504460E461546F6
:108E7000FCF7C0FD98B92378A4F8C16084F8C0302D
:108E8000637C84F8BF500BB194F8483004F1B6000D
:108E900084F8C3300249BDE870400AF0A4BF70BD39
:108EA0001951010038B5B0F8483004461A4D013365
:108EB000C3F30E03A0F848302B7B2BB104F044FC25
:108EC00003F0E8FC00232B7300232B7094F8893007
:108ED0002BB101212046BDE838400BF09CBF637CDC
:108EE000BBB1B4F848209A4213D3012120460BF0BD
:108EF00092FF63882046DB0747BF236A4322432251
:108F00004FF6FF7148BFB3F8AA10BDE83840FFF72D
:108F1000ABBF0021DEE700BF1031002010B5FFF726
:108F200033FD064C28B1237B1BB104F00DFC03F08C
:108F3000B1FCA06ABDE81040FFF7B4BF10310020BB
:108F40002DE9F0410746FFF71FFD054620B940F621
:108F500082412D20F7F752FC214CA26A166A0EB10D
:108F600096F829611FB3616A02F1690392F86820DB
:108F700011F8097BF8090AF095F9C0B13146606A29
:108F80000AF07BFC98B1A56AFFF7FEFC10B940F629
:108F90005C41DEE723782846E26A07F00F0103F11F
:108FA00080435269013B52F8233098470546237BA2
:108FB0001BB104F0C9FB03F06DFC7DB1A06A0BF09E
:108FC000E3FE30B104F02CFAE36ABDE8F0419B689F
:108FD0001847A06ABDE8F041FFF764BFBDE8F08123
:108FE000103100200346074A906A03B909B9FFF718
:108FF00059BF1378D26A03F180431269033B52F8D8
:10900000233018471031002003292DE9F04305468D
:1090100085B0174607D14388980723D400242046FB
:1090200005B0BDE8F083428890F88830D107DBB204
:10903000F4D5002BF2D14FF00108DFF8D49099F865
:109040000C60C6B10AF072F90828387016D002AA6E
:109050000DF10701FDF79AF938B940F6F7612D20B7
:10906000F7F7CCFB4FF00208E7E702A99DF80700ED
:109070000BF0D8FC06463B78082B08D1D9F8241011
:1090800011F8030BC0F380100BF0CCFC0646D9F8A6
:10909000241005F1700395F86F2011F8030BC0F34D
:1090A00080100AF0FFF8D9F82410044611F8030BD9
:1090B000C0F380100AF030F98146FDF7A3FA40B101
:1090C000B9F1080F1BD04846FDF768F880F001039E
:1090D000D8B23A78082A14D01CB96C7FA21A54422C
:1090E00054416A8853079AD4002897D176B9EC7C0A
:1090F000444518BF002C0CBF012400248FE700203A
:10910000E7E780F001022240D4B2EAE7344686E77E
:10911000103100202DE9FF4108230DF10702052140
:1091200004468DF80730FFF76FFF054620B900258C
:10913000284604B0BDE8F081FBF782F90646002816
:10914000F5D1344F0DF10808216A7A6A91F817C0F9
:10915000104610F8033BC3F3401303EA0C03CB752E
:10916000D2F80330C1F8AD308388A1F8B130114690
:10917000D4F820C011F81F3BC3F380138CF8AC3037
:10918000D2F81F000B79029060468DF80C30FFF783
:1091900045FD434694F912200121206A0BF032FF6D
:1091A000216A84F895602046B1F8AA309DF807201E
:1091B000A4F89630FF2384F8B3304FF6FF73A4F879
:1091C000B4300BF04AFF144904F18C000AF00BFE96
:1091D000FCF710FC60B9236A04F1C4000F49B3F82E
:1091E000AA20A4F8CD20DB7D84F8CF300AF0FBFD67
:1091F000236A00222046B3F8AA10FFF735FE084B79
:1092000000221B683A70002B92D02146206A9847B2
:109210008EE700BF10310020A74F0100274F01004B
:109220002C3B0020032973B5044604D005292BD01C
:10923000012002B070BD08230DF107028DF8073040
:10924000FFF7E2FE0028F3D0237C23B19DF807103E
:109250002046FFF7CFFD114D0622042620466B6AFB
:109260005A701E70FFF730FDA16D94F85C20686A9B
:109270000AF0F4FA686A2E7004F0DEF90021686AD8
:109280000CF0FFFC0020D4E7054B1B68002BF9D045
:10929000984780F00100C0B2CBE700BF103100203A
:1092A000283B0020F8B504460F4619B300F13005FD
:1092B00028460CF09FF9A0B963881A072ED52846D6
:1092C0000CF0ADF9064628460CF094F9301AC0B2FD
:1092D0000CF0B3F9494A53680344284653600CF034
:1092E00068F928460CF06AF903F0F0FF217925208F
:1092F00003F00EFF414E002394F87620706A03704D
:1093000043706388103B0D2B68D8DFE803F0636778
:109310005F0C674467676767676767442046BDE817
:10932000F840FFF7BFBD062343702023037020469B
:10933000FFF7CAFC638823F008039BB2152B05D006
:1093400094F85420216D706A0AF079FA706A04F07A
:1093500073F90021706A0CF094FC0323217900203A
:10936000337003F0D5FF054607B9B06063881B076B
:1093700004D50CF05FF90544C4F81C516388103B18
:109380000D2B36D8DFE803F038352F2F352F353544
:1093900035353535352F0C2321214370034603F82D
:1093A000091B52B1D4F877200121C0F80920B4F884
:1093B0007B209A800AF039FAB9E7226FC0F80920B9
:1093C000B4F874209A8094F86F10F3E706230370C2
:1093D0004370ACE7022303700623F9E740F25961BA
:1093E0002D20F7F70BFA21790120BDE8F84004F0B1
:1093F000DFB940F6F541F3E7F8BD00BF10310020BA
:1094000038B543880446102B04D10121BDE838400B
:10941000FFF748BF0B4D2B7B23B103F015FA40201B
:1094200004F086F9686A04F007F9608810F0040017
:1094300002D1217904F0BCF9002004F061F9012384
:109440002B7038BD10310020024B0121986AFFF7C4
:1094500029BF00BF1031002010B5144C237B1BB175
:1094600004F072F903F016FAA06A0BF08DFCA16A01
:1094700018B14B8803F0180323B90846BDE8104023
:10948000FFF710BDFFF780FA20B940F686312D2096
:10949000F7F7B4F923780846E26A03F18043D2680B
:1094A000013BBDE8104052F823301847103100202E
:1094B000064810B5037803F0FF042BB92422214697
:1094C0000DF0C5F8204610BD0C24FBE7103100203C
:1094D00010B50023094C2370FCF77EFA6062FFF799
:1094E000E7FF20B14FF442712D20F7F787F9E36AC7
:1094F00013B940F20B31F7E710BD00BF1031002067
:10950000014B024ADA6270471031002018990000BE
:10951000044B054A1A60054B054A1A60054B064A7A
:109520001A607047283B0020159100002C3B00205A
:10953000D74D0100303B0020019600002DE9F0419D
:10954000067D0446B31E06F0FD06DBB2012B8CBF80
:109550004FF000084FF00108371E18BF0127012BFC
:109560001AD800F1700190F86F0009F0D5FE054699
:1095700063889B0617D4082D10D186B3FCF73AFAFE
:10958000B8BBE37E93B3D4F81530C4F86930B4F8AF
:109590001930A4F86D3006E00825E9E72846FCF705
:1095A00009FE0028E9D1657784F81C8084F868708A
:1095B000FCF7E6FE05460CF0F1FB00220F4B84F8A9
:1095C0007620E5FB0301C4E9180111462046FFF7A8
:1095D000D9FB60B940F2A3412D20F7F70FF904F150
:1095E00069013046FCF774FC0028DCD10020BDE89E
:1095F000F08104F169010120F4E700BF40420F004F
:109600002DE9F04385B00823052104460DF107023A
:109610008DF80730FFF7F8FC00287DD0FAF710FF2F
:10962000002879D13E4D02AF206AFFF7F7FA6B6A46
:10963000D3F81F0093F8232002903A71226AD3F8DE
:109640000310C2F8AD10B3F80710A2F8B1101B78E0
:10965000206AC3F3801380F8AC30324B1B6813B11F
:10966000012221469847D4F820800E23686A0826F4
:1096700098F8AC90002243704FF00301C378067055
:1096800003F03F03C3700AF0CFF92046FFF766FBF3
:109690004946686A0AF0C9F80623012208F1AD01BB
:1096A000686A0AF09BF96179FF2003F031FD686A6E
:1096B00003F0C2FF0021686A0CF0E3FAD4F82080BE
:1096C000204641460BF0F2FE3B46014694F912203B
:1096D00040460BF097FC216A00239DF807202046A6
:1096E00084F89530B1F8AA30A4F89630FF2384F8B6
:1096F000B3304FF6FF73A4F8B4300BF0AEFC236A1E
:109700002E70B3F8AA20A4F8CD20DB7D84F8CF30EA
:10971000012005B0BDE8F0832046FFF7C3FBF7E763
:10972000103100202C3B00202DE9FF41564F04460C
:109730003A7802F0FF0312B90278FF2A04D140F60A
:10974000DD112D20F7F75AF87B60FB817B7380F8E1
:1097500089304E4B684604F1300500934C4B019321
:109760004C4B0293FB6A5B68039303F04FFF03F0DB
:1097700039FD03F0E9FF03F08DF8474803F09CFD45
:10978000464803F03DFF28460BF013FF28460BF038
:1097900015FF03F09BFD2179252003F0B9FC94F916
:1097A000120003F083FD04F15001E06C07F00EFCA1
:1097B000064604F15801E06C07F02FFC8046002EAD
:1097C0003AD094F82430BBB3B4F94850ED43ED0FD0
:1097D000237F13B963885B0709D56FF00043D4E991
:1097E00018129A4208BFB1F1FF3F2FD1ADBB94F8D8
:1097F0008B301BB946EA0806F6B2AEB1638813F0A7
:10980000100511D1606CC0F30B200BF05AFE94F8D8
:10981000463084F84500C0F3032023F00F030343D0
:1098200084F8463084F88B50786A0330FCF7F4FDF6
:10983000387304B0BDE8F081B8F1000F04D094F89B
:109840002550002DC0D1C3E74546C1E70CF0A6FA6C
:10985000D4E9182390429941C8D3012229462046D1
:10986000FFF790FA50B1FCF78BFD05460CF096FA25
:109870000B4BE5FB0301C4E91801B8E7002DB6D096
:1098800040F61C215DE700BF103100205994000014
:10989000418F0000E58F0000D6BE898E55555500DA
:1098A00040420F00024B9862DB6A1B68184700BFFA
:1098B0001031002043881A0710B504460FD5036AFB
:1098C0003C2210498C304272B3F8AA304381FF2306
:1098D00080F827304FF6FF7303850AF084FA638817
:1098E0002046DB0747BF236A3C223C224FF6FF712C
:1098F00048BFB3F8AA10FFF7B7FAFF2384F88930FE
:1099000010BD00BFA74F01005F510100019400008E
:109910006551010025920000D55401001D8F000003
:1099200049940000089900000C9900001499000067
:109930000138022808B503D9C4212F20F6F75EFFAD
:1099400013290A4B05D811290CD8102907D0D22188
:10995000F3E71529FBD103EB4003D88801E033F886
:10996000100008BD03EB40039889FAE782EB03007F
:109970002C4A38B50346948810681C43402B9480C9
:1099800004D10421BDE83840FEF742BF802B01D14D
:109990000521F7E703F00304032C04D140F6A431BA
:1099A0003120F6F72BFFDD0706D50C68916024788F
:1099B000062C1AD00B2C22D09C0711D50C682178CC
:1099C0000729117329D00B2922D0052908D1C17B81
:1099D000182905D1002400250121C0E91E45017583
:1099E0009B0644BF0823537338BDC47B1C2CE3D1B2
:1099F00000240025C0E91C450124C474DCE7C47BB5
:109A0000122C01BF0024C474012480F85240D3E713
:109A1000C17B1129E4D10021E1E7617880F8A01031
:109A2000DEE700BF403100200C4A0346517B89B974
:109A300010683BB9B0F81011B0F8F420914209D881
:109A4000FEF762BE93881B0706D5007C083818BF56
:109A500001207047002070470120704740310020EE
:109A600073B5044600680D46036813F0300F49D102
:109A7000B1F805101A2904D9B5F80730B3F5A47F59
:109A800006D22978204602B0BDE870400AF04DBCED
:109A9000B5F801201A2AF4D9B5F80360B6F5A47F09
:109AA000EFD3E83000960AF05BFA174B9A889207DA
:109AB0000DD51B7B142B0AD12268136843F01003C9
:109AC000136020460AF0EFFB002002B070BD23684F
:109AD0009A7B212AF0D093F82F31002BECD1236808
:109AE00093F82E31002BE7D123681A6803F1E801BF
:109AF000B3F8AA0042F020021A6003F5B472FDF731
:109B000039F8DEE70120E0E7403100202DE9F84395
:109B1000894D06462C68002840F0CC80AB88190798
:109B20004FD594F89E302A2B16D00CD81C2B13D06E
:109B3000222B18D094F89E30FE2B20D140F2FB51FE
:109B40003120F6F75BFE3C2BF4D17C4B1B68002BDD
:109B5000F0D028469847EDE7002384F84131764855
:109B60000AF099FBE6E784F84201754B1B68002B6D
:109B7000F5D004F5A17104F1A4009847EFE7FE23A6
:109B800084F89E30E37B1E2B06D100276A4884F8B8
:109B900051700AF09AFBE773A37B372B33D0432B2A
:109BA00039D0242B06D1E37B243B072B94BF2B23F6
:109BB0002523A373237C082B02BF0223AB7384F8F5
:109BC0009E30AB88DA074ED5D5F80080A96898F8A2
:109BD0000F30D1F80090113B99F800700F2B0BD883
:109BE000BB1EDBB2092B00F2A58040F2333222FA11
:109BF00003F3DB0740F19E8009793846FCF7ACFDA2
:109C000080B939467FE0012384F8CD320023A37365
:109C100084F84A30CEE7002384F8503146480AF0F1
:109C20003AFBC7E7012F01D9162F4ED198F80E0045
:109C30000AF06BFB40B198F80E30242B04D0252B92
:109C400034D12B2388F80E303846FDF70DFB034640
:109C5000002849D1FF2FD4D12B69002B51D02B687C
:109C6000012283F8CE22AB88580704D5227C072A2C
:109C700004BF0122AA7399074CD5287B01222B68C7
:109C80000D2883F89F2042D011284CD007284CD0B3
:109C9000FDF7FEFA034600283AD12A7BFF2A46D177
:109CA0002A68372182F8CC02917333E0162F14BF53
:109CB000022620266B7B1B0704D5E37B113B0F2B71
:109CC00098BF08263046BDE8F883112F15D005D877
:109CD000072F14D00D2FB7D11A4B05E0142FB3D195
:109CE000194B1B68002B8CD0AA6849461248127980
:109CF00098470028B7D00646DCE7144BF4E7144B2E
:109D0000F2E799F800100C480AF00FFBF1E7114B4D
:109D100009489847AB88DA06CCD5E37B0A2BC9D132
:109D20000B23E373C6E70C4BF2E70C4BF0E740F272
:109D3000EE5105E70826BDE740310020943B0020A6
:109D4000583B00204D9E0000383B0020E3570100A7
:109D5000A59E0000435601008F560100FD560100EC
:109D60000029034608BF1F21252870B514461AD8BC
:109D7000222846D81D2812D80D2801D8002070BDF1
:109D8000A0F10E060125F6B2B54040F2512635404D
:109D90001CD116281FD01D28F0D1254A32E02028DA
:109DA000ECD1244A2EE0262836D0A0F12E02D2B2E1
:109DB000102AE3D8012040F295159040284233D173
:109DC0000D2A33D0102AD9D11B4B26E00021BDE843
:109DD00070400BF0BABC1668B37B252B09D1204626
:109DE000FBF7F8FE86F838510023B37386F84A3043
:109DF000C4E72B2BC2D1F37B243B072BF4D92A21B8
:109E0000EDE70E4A1568002DB8D00A4620461946DF
:109E10002B46BDE870401847094B1B68002BADD09E
:109E20002046BDE870401847064AEBE7064BF4E7CA
:109E3000483B0020503B0020803B00203C3B002062
:109E40005C3B0020683B00209C3B002002460068F1
:109E50004978837B212B17D00ED8042B16D00F2BDB
:109E600016D0C07B272817D0333BDBB21C2B15D86C
:109E70000B48C05CFFF774BF2B2B03D02D2B09D0F0
:109E8000252BEED11620F5E71420F3E70E20F1E79D
:109E90001220EFE72320EDE71720EBE7FE20E9E7AC
:109EA00094EB030013B54C7802683E2C937B6DD87D
:109EB000222C07D8A4F10E02D1B20F2940D90020DC
:109EC00002B010BD233C1B2CF9D801A252F824F09B
:109ED000F79F0000BF9E0000BF9E000015A000007D
:109EE000BF9E0000BF9E0000BF9E0000BF9E0000FE
:109EF00087A00000BF9E0000BF9E00001DA00000C4
:109F0000BF9E00004BA00000BF9E00005FA00000AD
:109F1000BF9E0000BF9E000073A0000037A000009D
:109F2000BF9E0000BF9E0000BF9E0000BF9E0000BD
:109F30008BA00000BF9E0000BF9E000019A0000083
:109F40000F2ABCD801A151F822F000BFA19F000048
:109F5000BF9E0000BF9E0000BF9E0000A19F0000AA
:109F6000BF9E0000A19F0000BF9E0000B19F0000A7
:109F7000A19F0000BF9E0000BF9E0000BF9E00008A
:109F8000BF9E0000BF9E00000BA00000FF2C96D1DA
:109F90003F4B1B69002B92D0012382F8CE328EE713
:109FA00002460121204602B0BDE810400BF0CDBBB7
:109FB000252B01D02B2B82D101900AF06CF901984E
:109FC0000368DA7B262A3FF47AAF93F863201A21DC
:109FD00022F0010283F86320026892F8633023F0D4
:109FE000080382F86330FBF7F5FD0198002203684F
:109FF00083F8382163E72D2B7FF461AF254B1B6875
:10A00000002B3FF45CAF984759E7362B7FF457AFEE
:10A01000214BF4E7214BF2E7214BF0E7382B02D03C
:10A020004F2B7FF44CAF1F4B1B68002B3FF447AF07
:10A030002E21984743E7392B7FF441AF194B1B681A
:10A04000002B3FF43CAF3621F3E73A2B7FF437AFD8
:10A05000144B1B68002B3FF432AF3021E9E73E2B55
:10A060007FF42DAF0F4B1B68002B3FF428AF32213C
:10A07000DFE7442B7FF423AF0A4B1B68002B3FF430
:10A080001EAF3521D5E7084BB9E7084BB7E700BF4E
:10A0900040310020403B00204C3B0020603B002032
:10A0A000843B00206C3B00208C3B0020A03B002028
:10A0B0002DE9F34790F8DA8204460D4690F8DB620A
:10A0C000B8F1000F3BD190F82071002E39D194F8EF
:10A0D00021A184F8207184F821A1FF2384F8223182
:10A0E0001A4B04F1A8091B6813B139464846984732
:10A0F000174B1B6823B13A46514601A80194984773
:10A1000094F83831012B02D058EA060603D0237B9D
:10A1100043F001032373484609F041FF18B1237B44
:10A1200043F00203237306212046FEF771FB002350
:10A1300084F838313DB1A37302B0BDE8F0874746DB
:10A14000C3E7B246C5E7E573F6E700BF443B00202E
:10A15000903B0020024B0020C3E90400704700BF81
:10A160004031002008B50022044BC3E90422FCF76B
:10A17000EFFDBDE80840FDF753B900BF40310020B6
:10A1800073B5514D002604462860AE806E73AE73E1
:10A19000FF2380F84C30B0F8E231002B00F08280D1
:10A1A00090F89E30FE2B7DD190F82C31002B79D089
:10A1B000037C073B012B75D990F82D310221A0F8C3
:10A1C0004460012280F8A0300BF048FA02212846B2
:10A1D00084F8EA61FCF778FEB4F8E6112046B4F89A
:10A1E000DE300139B4F8E82189B2B1FBF3F313444E
:10A1F000A4F8E831B4F840300B44A4F840300BF038
:10A200005BFA10B1636B0B446363B4F8E231002670
:10A21000012B9CBF0133A4F8E23109B184F8EE614F
:10A22000E37B84F8EA610A3B012B0FD8E388B4F89A
:10A23000D8229B1A190409D404F2DA2104F1170078
:10A2400009F040FAE673FF2384F84B30B4F8E621B6
:10A2500004F1A801204609F07CFAE37B1B49113B7D
:10A260001B4A0F2B8CBF002301230093194B286836
:10A27000F7F704FF696911B100200BF001FD2C68AC
:10A28000237BDA0703D500210F48FBF7A3FC237BD0
:10A290009B0703D504F25F10FCF766FC00232373D1
:10A2A00002B070BD94F89E10FE2901D0064891E7D7
:10A2B000094B1E68002E8FD00BF01CFE02460B4689
:10A2C0000148B04788E700BF403100207199000085
:10A2D000299A0000EDA20000A43B0020024B18695F
:10A2E000003818BF01207047403100202DE9F04FA1
:10A2F000DFF8E4810F4687B08146B8F80410D8F83B
:10A3000000408D05204655BFB4F84020002301329F
:10A31000A4F840304CBF84F8EE31A4F840200BF094
:10A32000CBF938B10B4604F5AB7204F1A801204615
:10A33000FDF726FAB8F8043003F4C06333B1A37C08
:10A34000002B00F0A080032B00F0A380A27CB8F8C3
:10A350000430012A03D1180544BF0222A274B9F1C6
:10A36000000F40F00381590657BFB4F808224A464F
:10A37000013292B2A4F8082203F00A020A2A0FD18D
:10A3800098F80C20022A0BD123F008033846A8F8CD
:10A390000430FFF7BBFB38430823C7B2A8F80430EA
:10A3A0003846FFF7B3FBD8F810303843C7B2002B5C
:10A3B00050D01422002101A80CF049F994F8210191
:10A3C00003F0D2FA054694F8210103F0C5FA05F529
:10A3D000FA754FF47A7394F82911B5FBF3F5B4F8D4
:10A3E000AA300544D4F8C800ADF80430E388ADF8CD
:10A3F0000A50ADF8083009F070F894F8CE32ADF894
:10A40000060033B1D8F808301A689B8804928DF89A
:10A41000143094F8CD2201A89DF80C3062F30003AB
:10A420008DF80C30D8F8103098470023049A84F83F
:10A43000CE3284F8CD326AB194F8CC3253B9A37BD2
:10A44000372B07D09DF8143023B11178FF2924D180
:10A450001B2B29D9D8F8006096F89E30FE2B4BD1E3
:10A46000002F49D1337C073B012B45D996F82C317D
:10A4700013B396F82D3101220221A6F8447086F814
:10A48000A030304680E10121A1742046FEF7C0F9DA
:10A490005CE702230121A374F7E70729DAD1022B35
:10A4A000D8D15178FF29D5D10121C4F8D02284F820
:10A4B000CF3284F8CC12CDE796F80FA0AAF1100A9B
:10A4C0005FFA8AFABAF1100F40F21B813368DA079B
:10A4D00004D53A460921D4E7403100209D0740F1D8
:10A4E000A3803A460C2130460BF0B8F896F853306A
:10A4F00043F0010386F85330B4F8E83194F8EB5197
:10A500000133A4F8E831002D00F02283F7F7C4FEF0
:10A5100010B10023A4F8E831B4F8AA000BF051FB05
:10A52000A37C8246012B40F25483237C082B40F00D
:10A530002783B4F84030022B40F24B83B4F84250EA
:10A540000135ADB2E38801A920462B44A4F8E031DF
:10A550000123ADF8043007F074FC002800F03D83BF
:10A56000BDF80430E2881344A4F8E431B8F80430AC
:10A57000D8F800505E0657BFB5F8F4310023B5F89F
:10A58000E6219B1858BF9BB2A5F8F43195F82C3101
:10A590001BB92B7C073B012B06D8B5F84430B5F826
:10A5A000E6211344A5F8443095F84A1031B1B5F8C6
:10A5B0004630B5F8E6211344A5F8463095F9502009
:10A5C000002AC1BFB5F84E30B5F8E6011B18A5F852
:10A5D0004E3095F831306BB9B9F1000F40F0A483DB
:10A5E00098F80E30022B40F05B8395F8A030062BD4
:10A5F00018BF162395F8302022B9AB4885F83130C2
:10A60000FCF7A8FE28460BF024F9A84B1B681BB1E9
:10A61000A74A204611689847002384F84C3007B0B9
:10A62000BDE8F04FFBF724BC580702D53A4613218A
:10A6300027E7190706D596F898303A4686F8A030ED
:10A6400007211EE71A0602D500221B2119E713F085
:10A65000300138D096F82F31002B72D196F82E3178
:10A66000C3B1F37B06F1A80006F5977106F2DA2272
:10A67000292B26D0B37BA3F129056B426B4109F04E
:10A6800043FC336823F0200343F0100333600023BE
:10A6900086F82E313368DA0653D506F1A80009F0A2
:10A6A0007EFC18B106F25F10FCF75EFAB6F80A31CC
:10A6B00000221521A6F8A030B6F80E31A6F8A23077
:10A6C000DFE60123DBE713F0400202D00A46242133
:10A6D000D7E613F4807101D01E21D2E613F4007284
:10A6E00002D00A462F21CCE613F40051FAD113F41C
:10A6F000806202D00A463121C3E6DB0421D52C2139
:10A70000BFE6D8F80050EB7B182B49D014D8112B9A
:10A7100037D0162B3BD0B37B002B40F08880F37BE7
:10A72000103B102B40F28B8096F83E30002B00F04F
:10A73000868001221221A4E6202BECD13A46062184
:10A7400021E0D8F80050EB7B3D2B64D00CD82F2BA8
:10A7500067D0352B53D0262BDDD195F83831022B1D
:10A7600050D1002217210EE0452B57D04E2B5BD045
:10A77000402BD0D14F4B4C481B68984700223321C7
:10A7800001E03A460B2128460AF068FFB4E6284665
:10A79000FCF754FE00283FF4AFAE00220421F2E79C
:10A7A00095F8C832012B07D13A46052128460AF010
:10A7B00055FF85F8C8729FE695F8C832022BD9B2CA
:10A7C0007FF49AAE95F8523053B106233A4685F895
:10A7D000A03028460AF042FF002385F8C832EAE795
:10A7E000D8F8003040F20632A3F89A203A4695F89D
:10A7F000623013F0040F0CBF0D211121E9E7002294
:10A800001121C0E795F83831012B84D195F8393101
:10A81000002BA6D07FE700222D21B4E700223A21A9
:10A82000B1E700222021AEE700223C21ABE7092B53
:10A8300005D196F89930012286F8A03000E7BAF1E8
:10A84000100F7FF659AED8F8005095F80EA0BAF167
:10A85000000F40F0C28095F83F313BB101220E213C
:10A8600028460AF0FBFE85F83FA1A4E795F83E31A3
:10A8700083B195F853A01AF0030B0BD14AF0010AEB
:10A8800001220C2128460AF0E9FE85F853A085F83C
:10A890003EB190E795F84031B3B195F86930DB09E6
:10A8A0000AD001222B216EE740310020543B0020CA
:10A8B000980000207C3B00209D4B1B68002B00F083
:10A8C0008C809C48984788E095F82E312BB395F8FA
:10A8D0002F3113BBEB7B05F1A80005F5977105F24D
:10A8E000DA22292B17D0AB7BA3F1290673427341DF
:10A8F00009F00AFB002385F82E3101221421284695
:10A900000AF0ACFEB5F80A31A5F8A030B5F80E3162
:10A91000A5F8A230F0E50123EAE795F83831012BDC
:10A920006FD195F83931002B6BD1E87BA0F124036E
:10A93000072B66D995F820114B1EDBB2032B0AD8E2
:10A94000DFF8F4C1634493F81DE095F82131013B31
:10A95000DBB2032B04D94FF43F710620F5F74EFF0D
:10A96000BEF1020F95F83A2114D0BEF1030F13D0B7
:10A97000BEF1010F04D1012A14BF002201226AB9DD
:10A98000A0F14703012B28D90A38042825D9012230
:10A990001621F8E6022AEFE7042AF1D163445A7F30
:10A9A00095F83B31022A24D0032A24D0012AE7D18A
:10A9B000012B14BF00230123002BE1D0EB8805F508
:10A9C0003672B5F83C0108F02FFB8246B0B901465B
:10A9D0005848FBF7FFF885F838A1B37B002B7FF4CC
:10A9E0008BAD96F8CC32002B3FF486AD0122FF21CF
:10A9F00047E5022BDDE7042BE0D0C1E72C23AB7346
:10AA00007AE595F8423113B101222221BBE695F88F
:10AA1000413143B1494B47481B689847FE280146DE
:10AA2000DBD00122AFE695F84A3113B101221D2196
:10AA3000A9E695F84B316BB195F86730DB0902D088
:10AA400001222E219FE63E4B01220C2139481B6832
:10AA5000984751E595F84C3113B10122362192E621
:10AA600095F84D3113B1012230218CE695F8503123
:10AA700013B10122382186E695F84E3133B1314BBE
:10AA80002C481B689847012232217CE695F84F310B
:10AA900013B10122352176E695F8513113B1012227
:10AAA000262170E695F8D43213B101223E216AE6E0
:10AAB00095F85231B3B1DFF87CA01221DAF80030FA
:10AAC000B3F8AA00F6F7D6FA03699B0706D51E4B22
:10AAD00050461B68984701223B2154E61B4B5046C9
:10AAE0001B68EFE695F854318BB195F8393173B99D
:10AAF000EB7BA3F12402072A09D9AA7B3E3A042A58
:10AB000005D93E3B042B02D9012223213BE695F8CF
:10AB10005331012B05D1002385F853310122252122
:10AB200031E695F85331022B7FF457AFF3E700BFBE
:10AB30008C3B00204031002094EB0300343B00208C
:10AB4000703B0020783B0020983B0020A03B002079
:10AB5000F7F78EFB08B1A4F8E851F7F7A5FB00283A
:10AB60003FF4DAAC94F8EE310133DBB2022B84F817
:10AB7000EE3182BF0023A4F8E83184F8EE31CBE453
:10AB800094F83E3013B1A37B0F2B22D1B4F842507E
:10AB90002046B4F840200135B4F8DE30AD1A9900F3
:10ABA000A5EB83050AF088FDA8B1A36B626B0133A6
:10ABB0009B1A5B1A9D42A8BF1D46BAF1000F05D033
:10ABC000BAF80E30043B9D42B8BF1D46012D3FF739
:10ABD000B8AC0125B6E42B46ECE7DFF858B1B4F881
:10ABE000DE60DBF8003073B1012E0CD9F7F746FBBD
:10ABF000DBF800300246E18820469847BDF8043073
:10AC00001844ADF8040094F8EC31002B3CD1012D30
:10AC10003AD9E37B0BB10B2B36D1A37BA3BB237CAF
:10AC200093BBA37C022B2FD194F8EE3163BBD4F8F5
:10AC3000C00005F0F3FF38B394F89E30FE2B23D10B
:10AC4000B4F8E231012B1FD9B4F8E821B4F8D030C0
:10AC50009A4219D2BAF1000F02D0BAF80E1099B97F
:10AC6000013D9B1AADB29BB2B5FBF6F59D4228BFE4
:10AC70001D46BDF8043005FB0633003D18BF012515
:10AC8000ADF8043084F8EA512B4B1B68002B3FF4DD
:10AC900067ACBDF8041020469847ADF804005FE4A7
:10ACA000012B08D16B7C002B7FF4A4AC002128463B
:10ACB000FDF7AEFDA9E45FB1F80633D4390733D40C
:10ACC000BA0633D4BB0733D14FF43161312045E6A6
:10ACD00039B1B5F84610B5F84830994201D322236E
:10ACE00088E4002A05DDB5F84E20B5F848309A42D0
:10ACF000F5D2B5F84420B5F842309A4209D2AA7C80
:10AD0000B5F8403052B1B5F842209A42CED8082367
:10AD100070E495F82C31002BE1D1F0E7052BC5D973
:10AD20003E2367E41E2365E43D2363E4232361E4BB
:10AD30002A235FE4643B0020743B002073B5044683
:10AD40000190D0F8E002D4F8C830984214D1D4F879
:10AD5000E462D4F8D030F61A18BF012694F8EC3229
:10AD6000002B3ED0B4F8AA000AF02BFF30B940F611
:10AD700068513120F5F742FD0126EFE7B4F8E822EB
:10AD8000B4F8DE309A421AD1B4F8EA3282899B1ABA
:10AD900018BF0123A57B472D15D0E27B472A10D091
:10ADA0000025B4F8E62201A8D4F8E012FBF778FCFD
:10ADB0008DB30023A3730323A37402B070BD0123DA
:10ADC000E8E73343ECD0154B1B6813B940F67351D9
:10ADD000CFE7A5F14702002101A855425541984708
:10ADE000DFE7002EDCD0B4F8AA3094F82911A4F8DB
:10ADF000A73108F072FBB4F8E432A4F8A90104F218
:10AE00009D10A4F8AB31B4F8E6320549A4F8AD3191
:10AE100008F0F2FFC4E7E573CDE700BF883B0020F0
:10AE2000D944010008B5FCF70BF8024B024A1A603E
:10AE300008BD00BF383B0020619A000038B50D4BBB
:10AE40000D4653F82040084602F08EFD4FF47A7309
:10AE500004F58564033D0444012DB4FBF3F404F1CF
:10AE6000B4048CBF0025282509F027FE204428447F
:10AE700038BD00BF08ED03002DE9F74F99466C4B34
:10AE800005460C46C3601646437D23F0070343F096
:10AE9000010343750023036191F80EA0AAF1470353
:10AEA000012B19D991F80F80A8F14708B8F1010FCB
:10AEB0008CBF4FF000084FF00108B9F1000F04D02B
:10AEC00000220121204601F0E1FB637B032B7ED8A9
:10AED000DFE803F0057970794FF00108EDE726B956
:10AEE00040F217213520F5F789FC0027012304F1F2
:10AEF000A800BB4663730AF0E9FC4E4B1A6822B106
:10AF000049462046904707FB00BBD4E978211BEB5C
:10AF1000020241F10001C4E97821C5E90021A17BC9
:10AF2000A1F10B02D2B21E2A54D8434ED64006F0ED
:10AF30000106E27B472A08BF46F0010620460AF0D8
:10AF4000DCFD28B1002E4BD1607B012818BF022008
:10AF500004F1E80328751846019308F0CCFFA860B7
:10AF6000B9F1000F61D0AAF10D0ABAF1010F8CBF3F
:10AF7000424648F00102002A57D13946284608F0D7
:10AF80002FFA1FFA80F920460AF0B7FD804686BBEB
:10AF900081452ED30BFB00F02E75D4E978211218D1
:10AFA00041F10001C5E90021BBF1000F1AD140F2C7
:10AFB0009D2197E7D4F830720322D4F848326273A7
:10AFC00007EB030B99E7D4F8C8B05F4695E74FF459
:10AFD000147187E7472901D00026AAE70126ADE7CB
:10AFE0000020B5E73946284608F0FAF980441FFAF0
:10AFF00088F901224946204601F048FB0D4B1B68A9
:10B0000053B10121204698477843D5E900321B18F7
:10B0100042F10002C5E9003204F1E80008F06BFFDC
:10B02000A860D5E90023C4E9782303B0BDE8F08F18
:10B0300085B00000A83B002005000040F7B50123C3
:10B040000F4E33700023CDE900336846F6F74CF815
:10B05000044618B10023337003B0F0BD009D6B7B34
:10B06000002BF2D005F5027738460AF0BCFE3846D0
:10B070000AF0C5FE05F5F0706C73FCF79BFCE4E785
:10B08000583100202DE9F041804688B00D46A0F5EA
:10B090000274052900F29780DFE801F0038F7195B3
:10B0A000958A637B13B9EA2135201BE0204601F025
:10B0B0005BFA002879D0454B1B680BB120469847B6
:10B0C000A8F5B07613217088F5F7D4FF034696F8FB
:10B0D0007800002B51D002284DD005D8012808D087
:10B0E000DC21B420F5F78AFBC21E012AF8D81E33F2
:10B0F00000E00A339C8896F87910354FCB1E012B5F
:10B1000098BF2825FFF79AFE16307A787935844261
:10B11000EDB28CBF231A0023346AE41A1AB9336CD7
:10B120009C4228BF1C46A8F5907008F0E4FE00F190
:10B1300016080220A4EB08040AF084FE022124EA87
:10B14000E474844228BF044620460AF0A5FE10B1EC
:10B15000A0440AF027FE00232A464146304608F064
:10B16000D6FF7860306A0AF01BFE1A4808B0BDE8C6
:10B17000F04104F08FBA1433BCE79624BBE72146B4
:10B1800002A801230022FFF777FE02A940460AF039
:10B1900013FE10B94FF4347186E7E18801A80194D9
:10B1A000013189B2E18006F04EFE08B0BDE8F081C1
:10B1B00008B0BDE8F04105F0BCBF637B042BF4D0C0
:10B1C0004FF4837170E74FF485716DE7AC3B00205D
:10B1D0005831002021D80000024B0022C3E9002290
:10B1E000FFF72CBF58310020014B5870704700BF4B
:10B1F0005831002008B501F067FF044B5A688242BD
:10B200002ABF1878002080F0010008BD58310020C6
:10B2100030B5044689B0042900F2A880DFE801F0C7
:10B22000032A272EA000534B1A7802F0FF03F2B92D
:10B230000146012202A8FFF71FFE02A904F50270D1
:10B2400003F088FC20B94FF435713520F5F7D6FAB4
:10B25000E18801A80194013189B2E18006F0F3FD93
:10B2600002F03AF909B0BDE8304003F09BBC04237A
:10B270006373F5E70323637309B030BDD0F8C830BA
:10B2800090F82951C0F830323DB1D0F84C5241F617
:10B290004B5295428CBF0025012540F2E242ADF8A9
:10B2A0000C2094F8582242B9D4F84C2293421DD075
:10B2B000B4F8AA000AF088FC18E0B4F8AA000AF072
:10B2C00080FC10B94FF44471BFE7B4F85432002544
:10B2D000A4F8DE30B4F856328381B4F84432C58124
:10B2E0004381013B03827D23ADF80C3094F82A3171
:10B2F00013BB15BBD4F8483204F5F070D4F84C22D7
:10B30000C4F8D830B4F84632C4F8C820A4F8DC3009
:10B31000D4F8503284F82A51C4F8D030B4F8DE3072
:10B320005343039A19460293FCF726FB04F1A80045
:10B330000AF0CCFA02239EE75DB14FF04D13C4F83A
:10B34000E0300023A4F8E4304FF47A73ADF80C3009
:10B35000D0E74FF09613A4F8E450C4F8E030C9E702
:10B36000A83009B0BDE830400AF0B0BA40F265310B
:10B370006BE700BF583100200D4A0146107890B9A4
:10B380000129536807D1B3F81021B3F8F4309A4279
:10B390000CD8FFF72FBF1289520706D5187C073843
:10B3A00018BF01207047002070470120704700BF80
:10B3B0006031002038B5174B1C895A6804431C8142
:10B3C00000F00304032C04D140F6DF213620F5F70A
:10B3D00015FAC50748BFD960840706D509680978FA
:10B3E0000629197406D00B290ED0820644BF082204
:10B3F0001A7038BD917B1D29F7D100240025012149
:10B40000C2E91E451175F0E7917B1329EDD10021AA
:10B41000F8E700BF603100202DE9F743837B044645
:10B420000090A3F14702012A20D9C27BA3F10D01AC
:10B43000473A0129D2B216D8012A8CBF0022012234
:10B44000E188B4F84402013189B2884240F0A78013
:10B4500094F85852002D00F081804AB940F25E21E4
:10B460003620F5F7CBF9012A00F299800122E7E7AF
:10B47000524B1B6813B940F25F21F1E70021684687
:10B480009847002584F85A52B4F852226846D4F8F6
:10B490004C12FBF705F903212046FFF7B9FEA37B09
:10B4A000A3F14702012A03D9A3F10D02012A71D8A1
:10B4B0000023A373E27B292A77D1A3F12C02554202
:10B4C0005541E388B4F8402201339B1A1B046ED423
:10B4D00094F8428294F8203194F84362B8F1000F56
:10B4E00008BF98460EB994F82161984562D194F846
:10B4F00021319B1B18BF012343EA050984F82081F1
:10B5000084F82161FF2384F822312D4B04F1A80730
:10B510001B6813B14146384698472A4B1B6823B134
:10B520004246314601A801949847B9F1000F03D073
:10B53000237B43F001032373384608F030FD18B134
:10B54000237B43F00203237304212046FFF760FEB0
:10B55000002384F838317DB3A37328E0B4F8AA300F
:10B5600094F82911A4F8A731D4F84C0207F0B5FFDC
:10B57000B4F85032A4F8A90104F29D10A4F8AB313C
:10B58000B4F852321049A4F8AD3184F8A65108F04D
:10B5900033FC76E7E27B473A012A98BFE573A3F1D3
:10B5A0002902012A86D801258BE72C2BFBD003B07A
:10B5B000BDE8F08301239FE7E573F8E7F83B00203F
:10B5C000BC3B0020043C0020D944010010B54C785D
:10B5D0000268162C937B0FD8112C01D8002010BDC7
:10B5E0004FF4A803E340DB07F8D5024601212046CB
:10B5F000BDE810400AF0F2B91D3CE1B22229EDD8B5
:10B60000222CEBD801A151F824F000BFA5B6000010
:10B61000DDB50000ADB60000DDB50000DDB5000011
:10B62000DDB5000099B60000DDB50000DDB5000015
:10B63000DDB50000DDB50000DDB50000DDB50000C2
:10B64000DDB500003BB70000DDB50000DDB5000052
:10B65000BFB60000DDB50000E7B60000DDB50000B4
:10B660000FB70000DDB50000DDB5000023B7000016
:10B67000D5B60000DDB50000DDB50000FBB600006A
:10B68000DDB500003FB70000DDB50000DDB500000E
:10B69000DDB5000037B700002D2B9FD1294B1B686B
:10B6A0005BB99BE7362B99D1274BF8E7312B95D126
:10B6B000264B1B68002B91D0104698478EE7382BFD
:10B6C00001D04F2B8AD1224B1B68002B86D02E2114
:10B6D000984783E7392B81D11D4B1B68002B3FF422
:10B6E0007DAF3621F4E73A2B7FF478AF184B1B6817
:10B6F000002B3FF473AF3021EAE73B2B7FF46EAFB2
:10B70000134B1B68002B3FF469AF3921E0E73E2B58
:10B710007FF464AF0E4B1B68002B3FF45FAF322108
:10B72000D6E7442B7FF45AAF094B1B68002B3FF43C
:10B7300055AF3521CCE7074BB1E7074BAFE7074BD8
:10B74000ADE700BFB83B0020C43B0020CC3B00204D
:10B75000E83B0020FC3B0020003C0020143C002083
:10B76000034610460A1E08BF1F221F2B70B529D89A
:10B77000112B03D8032B4AD0002040E0A3F1120183
:10B780000D29F9D801A454F821F000BF01B8000038
:10B7900079B7000001B8000079B7000001B80000D7
:10B7A00079B7000079B7000079B7000079B70000D9
:10B7B00079B7000079B7000073B8000079B70000CE
:10B7C00085B800003B2B15D8222BD5D9A3F1230433
:10B7D0000121E4B2A140314C21425BD1490741D162
:10B7E0003B2BC9D12E4B1B68002BC5D01146BDE8A1
:10B7F00070401847A3F1FE0253425341580070BDF8
:10B80000024600211846BDE870400AF0E7B8046817
:10B81000A37B1A2B01D0142B3ED194F85230002B6D
:10B820003AD184F8513084F84A3094F8B73103F0B3
:10B83000FF0523B14FF481613620F4F7DFFFB4F840
:10B84000AA3084F8B821A4F8B93184F8BB51C4F8FF
:10B85000BC5184F88A52134904F2AF1008F0C3FABD
:10B86000A57389E710490C68002C85D0194623463A
:10B8700005E00E4B1B68002B3FF47EAF1D21BDE899
:10B88000704018470A4B1B68002B3FF475AF1F210F
:10B890000068F4E70749E6E70220B0E700A84C009B
:10B8A000103C00207D460100B43B0020C03B00203E
:10B8B000C83B0020E43B00200368024649789B7B9C
:10B8C000053BDBB24A2B96BF0248FE20C05CFFF767
:10B8D00047BF00BFBCEB03002DE9F3479B4F8046F9
:10B8E0000E467C68002284F84C20398920468D055C
:10B8F0005EBFB4F84020013292B2A4F8402009F0B3
:10B90000ECFE38B10B4604F5AB7204F1A8012046F9
:10B91000FBF736FF3B8903F4C06333B1A37C23B943
:10B9200001212046A174FFF773FCB8F1000F40F02D
:10B93000DF81002E40F0DC813B897D685C0705D506
:10B940002A7C072A02BF01222E747A74980713D525
:10B95000387C0123072885F89F300AD0112824D08D
:10B96000FBF78CFC034628B94FF4C3613620F4F78B
:10B9700045FF774B774898473B89190740F1B280DC
:10B980007C6894F89E302A2B36D81B2B0FD8012BBD
:10B9900056D0032B5DD0002B42D094F89E30FE2B66
:10B9A00040F0898040F22561E0E76B4BE2E71C3B09
:10B9B0000E2BF2D801A252F823F000BF71BA00009A
:10B9C0009BB900009BB900009BB900009BB9000027
:10B9D00079BA000087BA00009BB900009BB900004B
:10B9E0009BB900009BB90000A5BA00009BB90000FC
:10B9F0009BB9000071BA00003C2B5AD03F2BCCD130
:10BA0000E388B4F844229B1A1B0402D4002384F870
:10BA10005A32A37B472B0CD1002384F84A30BCE771
:10BA2000E288B4F84412521A1204B6D484F85A3296
:10BA3000B3E7E37B472BB0D1464808F046FCACE7C0
:10BA4000E388B4F83E229B1A1804A6D40023A373FB
:10BA5000A3E7A37B143BDBB2092B05D840F24122BC
:10BA600022FA03F3D90798D4002384F88A32DFE757
:10BA7000002384F84131D0E7384B1B68002B8CD071
:10BA80002046984789E7002384F84231344B1B68ED
:10BA900023B104F5A17104F1A40098472D4808F0E2
:10BAA000FAFB7AE72F4B1B68002B3FF476AF29484F
:10BAB000E7E72D4BF7E7FE2384F89E30A37B292B85
:10BAC0003AD02ED80B2B32D00D2B33D0E37B472B23
:10BAD00004BF4823E373237C082B01BF02237B743C
:10BAE000002323743B89DA0754D5FA687B6816680B
:10BAF000997B93F85200347809F05DFF28B1112C3E
:10BB000073D81A4BE340DB076FD511792046FAF75B
:10BB100023FE68BBFB6831460E481A7908F016FC14
:10BB200037E0432B0AD0472BD0D1482300E00C2329
:10BB3000A373CBE70E23FBE72A23F9E7002384F85E
:10BB40005031044808F0A7FBC0E700BF6031002077
:10BB5000A15901006431002089590100D03B002027
:10BB6000D43B0020D83B0020083C00207428020071
:10BB70000D2C34D0112C34D0072C34D02046FBF7B8
:10BB800069FB03460028C5D0FA683146C0481279DF
:10BB9000984706463B781C0707D5A97B95F85200C5
:10BBA00009F009FF002818BF08262846FFF734FCD3
:10BBB0007D6895F89E30FE2B40F09A802B7C073BE9
:10BBC000012B40F2958095F82C3103F0FF0273B100
:10BBD0000023A5F844300223A5F89E3088E0AD4B41
:10BBE000D2E7AD4BD0E7AD4BCEE70826D2E7AB7B33
:10BBF00043B995F83E2022B31222A5F89E20A5F85D
:10BC0000463072E0282B00F0B08010D8132B67D09C
:10BC100009D8032B00F0A380122B00F09780103B73
:10BC2000102B65D90DE01D2BF9D1062359E0352BDA
:10BC300000F0A3804CD8322B00F09D80342B00F014
:10BC4000A680EB7B362B00F2E780212B00F2A1804F
:10BC5000013BDAB2052A40F2CD8095F89E30FE2BEA
:10BC600046D17C6894F89E30FE2B40F02882A37B5E
:10BC7000002B40F0248294F85A32002B00F0AF8160
:10BC800094F85832002B40F0A581E07B08F03DFB92
:10BC90008246002840F0A381E37B342B00F09F8193
:10BCA00094F858328BB11221B4F8AA00F5F7E2F9F2
:10BCB000036913F4007900F09E814723A4F846A09D
:10BCC000A373012384F84A303F23A4F89E30F6E1A1
:10BCD000412BB6D1724B6E481B68984734237BE7E3
:10BCE0000B23A5F89E30A5F84620012385F84A309D
:10BCF0007C6894F82C311BB9237C073B012B04D8BA
:10BD0000B4F844300133A4F8443094F84A1021B117
:10BD1000B4F846300133A4F8463094F9502022B1EB
:10BD2000B4F84E300133A4F84E30B8F1000F40F0B3
:10BD300015847B7C022B00F00D84012B40F0A7833F
:10BD4000637C002B40F0B8830021BEE3D5F85C3261
:10BD5000C5F890300323A5F89E3000234FE795F8EF
:10BD6000993085F8A030072336E71823A5F8462038
:10BD7000A5F89E30BCE72123B3E71123A5F84620A0
:10BD8000AA73A5F89E30012385F8A030B0E72723D9
:10BD900022E7223B142B3FF660AF01A252F823F0BA
:10BDA000E3BE0000E3BE00005BBC00005BBC000023
:10BDB0005BBF00005BBC00005BBC00005BBC000024
:10BDC0005BBC00005BBC00005BBC0000A5BF0000CA
:10BDD0005BBC00005BBC00005BBC00005BBC000007
:10BDE0005BBC00005BBC0000C5BF00008FBF000053
:10BDF000A9BF0000052B3FF630AF01A252F823F097
:10BE0000B7BE0000D3BE0000A5BE00009DBF00006D
:10BE10005BBC0000A1BF0000383BDAB2172A3FF636
:10BE20001CAF172B3FF619AF01A252F823F000BF49
:10BE3000ADBF00005BBC0000B1BF00005BBC0000F8
:10BE40005BBC00005BBC00005BBC00005BBC000096
:10BE5000B5BF00005BBC00005BBC00005BBC000029
:10BE60005BBC0000C1BF00005BBC0000C9BF00009C
:10BE70005BBC00005BBC00005BBC0000CDBF0000F1
:10BE80005BBC00005BBC0000D1BF0000ADBF000088
:10BE900064310020B9B80000695A0100CDB5000036
:10BEA000F43B002095F8983085F8A0300723A5F8DA
:10BEB0009E30002313E00C230022A5F89E3095F855
:10BEC0005330A5F84E2043F00103EA7385F8533050
:10BED000C3E61323A5F89E300023A5F84E30EB737C
:10BEE000BBE695F82F31002B7FF4B7AE95F82E31D5
:10BEF000ABB1EB7B05F1A80005F5977105F2422285
:10BF0000292B28D0AB7B293B012B8CBF002301239D
:10BF100007F0FAFF2323EB73002385F82E31EB7B28
:10BF2000232B7FF49AAE05F1A80008F038F818B179
:10BF300005F25F10FAF718FEB5F80A31A5F8A0303F
:10BF4000B5F80E31A5F8A2301523A5F89E300023D0
:10BF5000A5F84E3081E60123DAE795F83831012B58
:10BF600010D095F83831022B7FF477AE0023D5F846
:10BF70001821D5F83A11A74807F072F81823A5F848
:10BF80009E306AE695F83931002BEAD1EEE71123AD
:10BF9000A5F89E30002385F8A0309EE70923EEE740
:10BFA0001B2384E72423EAE71E2380E72F237EE771
:10BFB00031237CE7984B97481B6898473423DEE78A
:10BFC0003A23DCE72723DAE73F23D8E72C23D6E719
:10BFD0003C23D4E794F84031002B3FF456AE94F85C
:10BFE0008A3203F0FF01F3B1E37CA3B1237D73B97F
:10BFF00040F21771BAE4894B1B6813B94FF4E16141
:10C00000B4E41A218348984784F85A9257E00A23E7
:10C01000A4F89E304AE1D4F85C22C4F890200322B0
:10C02000A4F89E2043E194F83F3103F0FF022BB1C6
:10C030000823A4F89E30A4F846100DE094F840318F
:10C0400003F0FF018BB194F86930DB0908D02B2392
:10C05000A4F89E30A4F84620012384F84A302EE04C
:10C060006F4B1B685BB36B4861E0D4F88C32002BDC
:10C070005FD01F22E07BFAF7E7FD002859D1D4F802
:10C080008C3233B113F8512C012A05D040F247719C
:10C090006CE440F2437169E413F8283C03F0FF01BB
:10C0A00013B14FF4E96161E494F8653098063BD52B
:10C0B0001F23A4F8461084F84A20A4F89E3095F86F
:10C0C0009E30FE2B7FF414AEAB7B002B7FF410AEC2
:10C0D00095F83D32002B3FF40BAEE87B08F015F9E4
:10C0E000044600287FF404AEEB880A2B7FF600AEEE
:10C0F0006846FAF701FB00283FF4FAAD052205F186
:10C10000180168460AF07CFA002800F0BD819DF80D
:10C110000430009885F83C320123C5F83802A5F8B0
:10C120009E3085F83D42E3E53E4B20461B6898472C
:10C13000C5E794F83E3173B194F8533013F003021D
:10C14000BDD10C2143F00103A4F89E1084F85330B4
:10C1500084F83E215AE794F82E3113B394F82F3126
:10C16000FBB9E37B04F1A80004F5977104F24222C5
:10C17000292B14D0A37B293B012B8CBF0023012347
:10C1800007F0C2FE002384F82E31B4F80A21A4F887
:10C19000A020B4F80E21A4F8A220142240E7012325
:10C1A000EEE794F83831012B64D194F83931002B43
:10C1B00060D1E07B08F0A9F800285BD194F8201149
:10C1C0004B1EDBB2032B09D81748034493F84BC02E
:10C1D00094F82131013BDBB2032B04D94FF43F71BA
:10C1E0000620FFF7C4BBBCF1020F94F83A210CD033
:10C1F000BCF1030F0BD0BCF1010F04D1012A14BF15
:10C200000022012292B9162302E7022AF7E7042A44
:10C21000F5E700BF64310020F43B0020F83B00202C
:10C22000003C0020CC3B0020BCEB0300034493F80F
:10C230004B2094F83B31022A15D0032A15D0012A4D
:10C24000E1D1012BDFD1E38804F51072B4F83C0191
:10C2500006F0EAFE814650B90146A048F9F7BAFC5B
:10C2600084F838912BE7022BECE7042BEAE72C2328
:10C27000A37324E794F8413103F0FF028BB3984B8A
:10C2800096481B689847FE283FF419AF00231E28E4
:10C2900084F89E0084F89F300CD92438C0B21B2843
:10C2A00004D8904BC340D9073FF509AF0023A4F849
:10C2B0004630D1E601228C4B82401340002B7FF4A4
:10C2C000FEAE15280AD01128F0D194F8A02012B1A2
:10C2D000A4F84630F3E6A4F84E20F0E6A4F84E3079
:10C2E000EDE694F84A3103F0FF090BB11D23AFE6E8
:10C2F00094F8423103F0FF026BB30921B4F8440112
:10C30000F4F7B8FE10B984F842017FE690F8F031F6
:10C3100003F0FF0213B984F8422177E690F8C831A0
:10C32000032B14D8DFE803F00202050D84F84291D4
:10C330006CE694F8483180F8F131002384F84231FA
:10C3400064E62223A4F89E30A4F8469084E640F2E6
:10C35000DB61FFF70BBB94F84B3103F0FF0163B1D6
:10C3600094F86730DB0901D02E2371E65F4B012280
:10C370000C215A481B689847A1E694F84C3103F009
:10C38000FF020BB1362354E694F84D310BB1302344
:10C390005EE694F891325BB10D21B4F8AA00F4F78F
:10C3A00069FE08B9392333E690F86232002BF9D0E0
:10C3B00094F8503103F0FF090BB1382328E694F8C4
:10C3C0004E3103F0FF022BB1494B44481B6898479C
:10C3D0003223B7E794F84F310BB1352338E694F8A0
:10C3E00051318BB194F85A3273B994F866305A06C9
:10C3F00008D5404B1B68002B3FF461AE3748984787
:10C40000272362E43C4B2CE694F85231BBB13B222B
:10C410000021E07BFAF718FC814680B91221B4F8BC
:10C42000AA00F4F727FE03699B0705D5334B2B4879
:10C430001B6898473B2385E7314B1B6813E694F84C
:10C44000543193B194F8393103F0FF016BB9E37BB8
:10C45000A3F12402072A08D9A27B3E3A042A04D970
:10C460003E3B042B01D92323E3E594F85331012B00
:10C4700004D1002384F853312522D1E594F85331B7
:10C48000022B7FF41CAEF4E785F83D024BE65EB16B
:10C49000F00661D4310761D4B20761D1B30661D42B
:10C4A00040F66331FFF762BA61B3B4F84610B4F8EE
:10C4B0004830994226D9222384F831300748FAF7C8
:10C4C00049FF00230221E381A3742046FEF7A0FE6A
:10C4D00002B0BDE8F047F9F7CBBC00BF64310020E3
:10C4E000B03B00200929490987120849EC3B00208C
:10C4F000F03B0020DC3B0020E03B00200C3C002017
:10C50000143C00202AB1B4F84E20B4F848309A42C6
:10C51000D1D8B4F84420B4F842309A420ED2B4F8DC
:10C520004420B4F848309A42C5D2A27CB4F84030D6
:10C530004AB9052B7FF608AC3E23BDE794F82C31B1
:10C54000002BB8D1EBE7B4F842209A423FF6FCAB9F
:10C550000823B1E71623AFE71E23ADE73D23ABE782
:10C560002A23A9E72323A7E773B5424D00260446F3
:10C5700068602E812E706E74FF2380F84C30837BB0
:10C580000B3B012B11D8C388B0F83E229B1A19042B
:10C590000BD400F50E71173007F094F8A37B0C2B29
:10C5A00008BFA673FF2384F84B30B4F8282204F1A7
:10C5B000A8012046013292B207F0CBF80023A4F87C
:10C5C000283294F84A302BB1B4F84620B4F84830F9
:10C5D0009A4214D294F950302BB1B4F84E20B4F8EA
:10C5E00048309A420BD2B4F84220B4F84430934217
:10C5F00005D2A17CB4F8403039B9052B07D9002108
:10C600000846FFF769F9002027E09A42F7D994F825
:10C610009E10FE2923D01848FAF756FC6C68174A7A
:10C62000A17B94F8520009F0C6F9154B0090204602
:10C630001449F5F723FD6C68237BDA0703D5002145
:10C640000D48F9F7C7FA237B9B0703D504F25F1067
:10C65000FAF78AFA00230120237302B070BD0A4B57
:10C660001C68002CDAD009F045FC02460B46024853
:10C67000A047D3E7603100206431002079B3000087
:10C68000D9B80000B5B30000183C0020B0F828323B
:10C690000B4470B5A0F828320446B0F840300D467F
:10C6A00016460B44A0F8403009F017F890B1636BC0
:10C6B00020460B4404F1A801636308F05EF9D4E955
:10C6C0000D239A4206D30023144904F5AB7063632B
:10C6D00007F092FB94F84A3023B1B4F846302B446B
:10C6E000A4F8463094F9503023B1B4F84E302B44BE
:10C6F000A4F84E3094F82C311BB9237C073B012B56
:10C7000004D8B4F844302B44A4F844302046FEF753
:10C7100083FE16B1E3881D44E58070BDE548010045
:10C72000014B1874704700BFE8310020074B93F9A4
:10C7300000301844142804DC10F17F0F03DB40B2F2
:10C740007047142070476FF07E007047563200200B
:10C750007F2307B50DF107008DF8073001F002F8CF
:10C7600003469DF9070053B1094B5B785B425BB20E
:10C770001844142806DC10F17F0F05DB40B203B02B
:10C780005DF804FB1420FAE76FF07E00F7E700BFC6
:10C7900056320020024B00221A705A70704700BFB8
:10C7A00056320020014B1870704700BF58320020ED
:10C7B000064BD3F8000138B1D3F8040120B1D3F807
:10C7C0000801B0FA80F04009704700BF00600450D3
:10C7D000034B00221A705A7010229A70704700BFE3
:10C7E0005C320020F8B50646022014460D4600F0E3
:10C7F000E1F8114B114A01275C60191D9A6002F1A2
:10C80000807203342D011F70DC601D83C3E9042690
:10C810000022243303F80A2C0D2203F8092C084ABD
:10C82000C2F83015074903C983E80300C2F8087548
:10C83000C2F83835F8BD00BF5C3200200300000BA1
:10C840000060045058EC030008B5022000F0B2F874
:10C850000D4B01221A7000220C4BC3F80021C3F8C3
:10C860000421C3F808210A4AC3F8802003F5743371
:10C87000C3F88C20A3F58023C3F88C21A3F5805343
:10C880000822C3F8042508BD5C3200200060045073
:10C8900003000080154A08B51378FBB10023144942
:10C8A000C1F8803001F57431C1F88C30A1F58021D8
:10C8B000C1F88C3108210F4BC3F80815FFF778FF3A
:10C8C00088B101235370938EFF2B03D9BC213B20E9
:10C8D000F3F794FFDBB29370002313700020BDE8E0
:10C8E000084000F067B810235070F4E75C32002075
:10C8F000006004500020045008B5022000F05AF8EF
:10C900000121064B00221970054BC3F80021C3F822
:10C910000421C3F80821196008BD00BF5C32002063
:10C9200000600450094B1A7862B1094BD3F800211A
:10C9300052B1D3F8040140B1D3F80801B0FA80F045
:10C940004009704758787047022070475C320020D9
:10C9500000600450064A08B513782BB1FFF728FF92
:10C9600020B192F8340008BD9078FCE71020FAE777
:10C970005C32002038B5084C0025D4F80035032B74
:10C9800004BF01236360C4F80055C4F8005501F0EA
:10C9900057FAC4F8805038BD00600450044B402260
:10C9A000C3F88820BFF34F8FBFF36F8FFFF7E2BF4D
:10C9B00000E100E010B50446FFF7DCFF012C06D0D3
:10C9C000022C09D03CB18C213D20F3F717FF074B17
:10C9D0000222C3F8002510BD044B0322C3F8002532
:10C9E00002F10042C3F88020F5E700BF0060045068
:10C9F000024BD3F8A00300F00100704700C0FF0015
:10CA0000084BD3F8A423D3F8A833511C9BB203D10D
:10CA10004FF6FF718B4203D0026083800120704784
:10CA20000020704700C0FF000B4B30B5D3F8905387
:10CA3000D3F89443D3F89813D3F89C2305EA04035E
:10CA40000B401340013317BF056000204460816034
:10CA50001CBFC260012030BD00C0FF000B4B30B5D1
:10CA6000D3F88053D3F88443D3F88813D3F88C23B6
:10CA700005EA04030B401340013317BF0560002093
:10CA8000446081601CBFC260012030BD00C0FF0057
:10CA9000074B0022C3F80022C3F81822C3F8202253
:10CAA000C3F80C22C3F81422C3F81C22704700BF3D
:10CAB00000A0085010B50D4C01F03F01D4F8203E05
:10CAC00041F40C3123F4702341F4207143EA024312
:10CAD000074AC4F8203E536823F00303184350600C
:10CAE000C4F8000DC4F8101D10BD00BF00A0085010
:10CAF00098320020064B10B50024C3F8704322463C
:10CB000021462046FFF7D6FF024B83F83C4010BD7C
:10CB100000A0085098320020094B0022C3F8482595
:10CB2000C3F84425C3F84025C3F84C25C3F8502565
:10CB3000C3F850214FF48012C3F80823704700BF98
:10CB400000500850EFF3108272B60D4B93F83D1071
:10CB500021B15B78012B04D0022B0ED002B962B652
:10CB6000704710F0040FF9D1064B0021C3F84015AF
:10CB700003F5A04301211961F0E710F0020FF2E77D
:10CB8000983200200050085008B5104B1872013838
:10CB90000F4B072815D8DFE800F004080C0A140E24
:10CBA00010120322C3F8002508BD0422FAE706226A
:10CBB000F8E70522F6E70022F4E70122F2E70F2268
:10CBC000F0E740F645513E20F3F718FE983200207A
:10CBD00000A00850002814BF0223042307B58DF8D5
:10CBE000043000238DF8063009F088F901284FF051
:10CBF000FF3088BF00208DF8050001A803F0C8FCB5
:10CC000020B140F65C313E20F3F7F8FD03F0D8FC8C
:10CC100058B15723ADF80230BDF802309BB25A1E0E
:10CC200092B2ADF80220002BF6D1034B012283F81B
:10CC30003D2003B05DF804FB9832002070B5134D21
:10CC4000034608466E7F26B940F6C1013E20F3F741
:10CC5000D5FD63B9012EAC69297F05D100F03AFFFB
:10CC600020442B69C01A70BD09F011F8F8E7012BB8
:10CC700009D1012EAC69297F02D100F015FFEFE741
:10CC800009F010F8ECE70020EBE700BF9832002035
:10CC9000124B93F82900F8B193F82820EAB193F8E1
:10CCA0002A200F4B52B10F4AC3F80821A3F5A04325
:10CCB000D3F84001B0FA80F040097047D3F800245F
:10CCC00042F00102C3F80024D3F8200500F0F6007A
:10CCD000023818BF012070470120704798320020A9
:10CCE00000A008500B00008013B50B4C01AB94F969
:10CCF000092001F0F1F89DF8050001F075F920B167
:10CD000040F2E3513E20F3F779FD21469DF90400FE
:10CD100000F066FE02B010BD9832002008B5134B3B
:10CD2000DB89952B21D970B9114B28311846D96070
:10CD3000104901F041F90130012816D940F2C261D1
:10CD40003E20F3F75BFD01280CD1094B2931184631
:10CD5000D960084901F036F90130012805D940F2BF
:10CD6000CC61EDE74FF4DA61EAE708BD98320020C4
:10CD7000A400002060EC0300074BD3F8502110B54D
:10CD800032B10022054CC3F85021D4F8203203B14F
:10CD900010BD09F09DFBF8E70050085000A00850B6
:10CDA00008B50E4BDA89952A16D95B78012B09D183
:10CDB00001F00EF9013001280ED940F611113E2084
:10CDC000F3F71CFD022B07D101F008F9013001280F
:10CDD00002D940F61711F2E708BD00BF98320020D3
:10CDE0000A4B40F409000A4A9B8940F04000B3F521
:10CDF000166F36BFA3F63813A3F5166343F480739A
:10CE0000C2F80837C2F84005704700BF98320020CA
:10CE100000A0085010B50C46FFF7B6FE2046FFF7FD
:10CE2000DFFF0D4BD3F8002442F01002C3F80024BA
:10CE30000A4A127A082A0BBF40F2022240F2031279
:10CE4000C3F8442EC3F8442E14BF40F25B62044A78
:10CE5000C3F8482E10BD00BF00A008509832002033
:10CE60002110010007B50DF1070003F09DFB20B173
:10CE700040F69F313E20F3F7C1FC0D4A9DF8073084
:10CE80005278012A04D0022A0ED003B05DF804FBC8
:10CE900013F0040FF9D1074B0022C3F8402503F526
:10CEA000A04301221A61F0E713F0020FF2E700BF7E
:10CEB000983200200050085038B50C460546FFF760
:10CEC00063FE20462146FFF78BFF2846FFF70CFF45
:10CED000094B1B7A082B094B0BBF40F2022240F290
:10CEE0000312C3F8442EC3F8442E14BF40F25B6211
:10CEF000034AC3F8482E38BD9832002000A00850DD
:10CF0000211001002DE9F04106460C461746FFF7B7
:10CF100061FE08F04FFF0028FBD0524D002E56D185
:10CF20004FF0010895F8283085F80180002B3BD19F
:10CF3000A97A3846FFF7C0FF95F82A30002B37D082
:10CF4000494BC3F80080494B4FF47A7233F81730DD
:10CF500003F5FA73B3FBF2F3E41A012385F82830E2
:10CF60002B691C44424BC3F8404595F83E302BB129
:10CF7000032B57D0022B51D1002E53D03D4B3C49AF
:10CF8000C1F8C031FFF784FE0546002865D00123B3
:10CF9000CB64D1F84C35A3425FDA21463046FFF727
:10CFA000BDFEFFF75FFF59E095F82A30002BCAD18C
:10CFB000314B4FF47A7253F8273003F5FA73B3FB11
:10CFC000F2F32C4AE41A284BC3F80021C5E7012EDE
:10CFD0001FD102236B7095F8283083B9A97A38469F
:10CFE000FFF718FF95F82A306BB11F4B5E601E4AA1
:10CFF000D2F8003443F01003C2F80034ADE795F8DE
:10D000002A30002BF3D1184B293C1A4AC3F80421CB
:10D01000A3E740F634013E20F3F7F0FB012BADD13E
:10D02000002EABD02F6C4FF48013114D4FF0000841
:10D03000E71B1248C5F85081C5F85075C5F8043390
:10D0400002F036FB0123EB64D5F84C359F4295D8AE
:10D050000720C5F85085F9F757FD00252846BDE89B
:10D06000F08100BF9832002000A008502CED030092
:10D07000005008500B00008008ED030079CD00003F
:10D0800048220021014809F0E2BA00BF983200208E
:10D09000014BD881704700BF98320020024B01221B
:10D0A00083F82A20704700BF98320020024B0344C7
:10D0B000187D00F51660704760EC0300014B187F87
:10D0C000704700BF98320020024B98691B69C01A54
:10D0D000704700BF983200200A4B1A7FD3E9043012
:10D0E000C01A094B03EB8203DB6BC01A074B53F8E2
:10D0F00022304FF47A7203F2F313B3FBF2F3C01A47
:10D10000704700BF9832002060EC0300F4EC03008D
:10D11000FF2810B504D940F2CB213E20F3F76EFB77
:10D12000013907292AD8DFE801F02C310404292C21
:10D130002C220024032201214FF0C743234340EA5D
:10D14000024043EA015340F0007043EA01231349CF
:10D1500043F00803C1F8203EC1F8280ED1F820356D
:10D1600003F0F703032B17D140F25631D5E7002225
:10D170004FF080644FF000731146DFE74FF44F71BA
:10D18000CBE70024032201212346D7E70024032212
:10D1900001214FF08073D1E710BD00BF00A00850FF
:10D1A00008B50A4603460C490C48C1F870031878C4
:10D1B000032804D040F2AB313E20F3F71FFB012AD5
:10D1C00059780CBF08220022FFF774FC044B01229F
:10D1D00083F83C2008BD00BF00A008500600008076
:10D1E00098320020F8B5284E4FF48067C6F890704A
:10D1F000BFF34F8FBFF36F8F08F0D6FD0546234C6A
:10D2000008F078FE0121401B214D2061C5F8A410D3
:10D21000FFF73EFC4FF40023C5F8401EC5F800346C
:10D220001C4B187C00F0F2FE03F002F91A4B1B4A6B
:10D23000C5F838331A4BC3F8C820013AC3F8C420E4
:10D2400040F6FE72174BC5F81433174BC3F804258C
:10D2500000239622A383A361238584F82A30E281E8
:10D26000D5F8002D84F83C304FF480736260C6F826
:10D270009071C5F88834A36C376103B19847BDE855
:10D28000F84000F08DBE00BF00E100E098320020C1
:10D2900000A00850A40000200300008006000080C9
:10D2A000005008500100008000200850014B5872C7
:10D2B000704700BF98320020020E034B0002C3F8F3
:10D2C000342EC3F82C0E704700A00850044B054ABA
:10D2D000034490721B7D03F516639381704700BF72
:10D2E00060EC03009832002008B5FFF70BFE58B938
:10D2F000064B0122C3F8400503F5A04302201A6142
:10D30000BDE80840F9F700BC08BD00BF0050085058
:10D31000F8B53F4F05460E4697F8293023B940F23D
:10D3200006713E20F3F76AFA97F83E40FCB108F028
:10D3300041FD0028FBD0374B0122DA64D3F84C457D
:10D340009DB9354B4FF47A72323453F8263003F5D9
:10D35000FA73B3FBF2F31C443B6932462846E41AE5
:10D360002146FFF7C1FF2046F8BD5B34F4E7FFF725
:10D3700031FC0123294A87F82830D2F8003443F0E1
:10D380000103C2F8003487F82A4008F013FD002892
:10D39000FBD03DBB0123B97A30467B70FFF78CFD93
:10D3A0007B78012B02D04FF4E961BAE7194AD364C4
:10D3B00002F5A0421360174B2846D3F84C4521468E
:10D3C000FFF7ACFCFFF74EFD3B69E41AF5B9124BD1
:10D3D0004FF47A7253F8263003F5FA73B3FBF2F385
:10D3E0001C44C0E7012DE6D10223B97A30467B7098
:10D3F000FFF710FD7B78022B02D040F2517190E7CD
:10D40000044BDD6403F5A0435D60D4E72934AAE74B
:10D41000983200200050085008ED030000A008508A
:10D4200073B5294B4FF48061284A4FF0FF30D3F891
:10D430008854C3F89004C2F890114FF40022244C91
:10D4400005F48075C3F8002400222249228584F85F
:10D450002A20C1F84025C3F80821C3F80021C3F8E9
:10D460000421D3F82015C9B2D1B18DF80700C3F853
:10D47000202201221A619DF8072012B1D3F8202240
:10D480003AB19DF807305BB940F6FF013E20F3F753
:10D49000B5F99DF80720013AD2B28DF80720EAE7E6
:10D4A000FFF77EFC084E0023C6F82032238094F854
:10D4B0003C300BB1FFF71EFB1DB14FF48073C6F873
:10D4C000883402B070BD00BF00A0085000E100E049
:10D4D0009832002000500850F8B52A4FFFF71CFB87
:10D4E000FFF79EFF00F062FD97F83D304BB103F06F
:10D4F00055F820B140F2AE413E20F3F77FF987F8AE
:10D500003D00002003F056F8044610B140F2B1414E
:10D51000F2E71D4D1D4EC5F8C401C6F80801C6F856
:10D520000001C6F80401C5F8C800C5F8C400C6F873
:10D530000401C6F8000102F093FF154B40F6FE729D
:10D54000C6F83843C6F81443C5F8C041C3F80825E7
:10D55000FC70C7E90544FFF7DFFA0E4B4FF4806219
:10D56000C5F84841C5F84441C5F84041C5F84C41AB
:10D57000C3F89020BFF34F8FBFF36F8FC3F8902194
:10D58000F8BD00BF983200200050085000A008509D
:10D590000020085000E100E070B5174C06462578E1
:10D5A00065B994F82A206570E5701AB1134AC2F87B
:10D5B000405170BD228584F82A20FAE718B1BDE8F1
:10D5C0007040FFF72DBF013DE189A27818BF01250A
:10D5D0002846FFF733FB94F82A300146268043B1F2
:10D5E000064BC3F84061A2782846BDE87040FFF7BB
:10D5F0007BBE84F82830F6E79832002000500850AF
:10D60000014BC3F84C0E704700A0085038B50446D3
:10D61000074802F0CFFF20B140F668113E20F3F733
:10D62000EDF8044D94E80F0085E80F0038BD00BF09
:10D6300045CB0000E43200200A490B4B10B5012411
:10D64000C1F8D00E586283F82940FFF721FB40B99A
:10D65000064BC3F8400503200C61BDE81040F9F704
:10D6600053BA10BD00A00850983200200050085056
:10D67000084B012210B5C3F8D00E074B83F82920C0
:10D680005862FFF705FB044608B9FFF7C9FE2046BC
:10D6900010BD00BF00A0085098320020144A136942
:10D6A00018449369834210B5124C09D30220F9F74C
:10D6B0002BFA00230122C4F840350F4B1A6110BD2C
:10D6C0000123D3706364D4F844250532824206D323
:10D6D000094AD2F80C120029F1D11361EFE70023B7
:10D6E000C4F84431054BC4F84405C4F8C431E6E736
:10D6F000983200200050085000A008500900008017
:10D7000038B50A4C0346657F217F012D227AE089D6
:10D7100009D100F0EDF9A36922699B1A1844BDE80C
:10D720003840FFF7BBBF00F0FDF9F4E79832002066
:10D73000044BC3F8940ED3F8002442F04002C3F81F
:10D740000024704700A00850054BD3F8002422F0B5
:10D750004002C3F800240022C3F8942E704700BF93
:10D7600000A00850044BD3F8183703F07F035B4246
:10D7700003700120704700BF00A00850094B93F8C8
:10D780002A206AB10128084A084902D1C2F80411C6
:10D790007047C2F8001118B9997A187AFFF7A4BA3D
:10D7A000704700BF9832002000A00850070000809A
:10D7B000002808B518BF02220A4B08BF0122997041
:10D7C0001A7093F82A205AB11B7A8B4204D040F683
:10D7D000C7213E20F3F712F8BDE80840FFF7CEBF9F
:10D7E00008BD00BF98320020054B0022C3F8402539
:10D7F000044AD2F82035DBB20BB101231361704724
:10D800000050085000A00850044B30B5D3E90C4537
:10D810009B6BC0E900450B6030BD00BF9832002013
:10D820002DE9F04108F0BAFA484C494D0123C4E90A
:10D830000C01EB64D5F84C35A363FFF7B1FA454B07
:10D840000022C3F80821C3F80021C3F80421C3F85B
:10D850000421C3F80021D3F8001421F01D01C3F8FE
:10D86000001494F83C3084F829200BB1FFF742F9FA
:10D87000D5F84835A361D5F844356361637863779B
:10D88000344BD3F81872D3F82002FFF701F9667809
:10D89000022E40D1E3784BB1D5F8443133B10120A9
:10D8A000FFF77AFEE36CBDE8F0411847002F45D042
:10D8B000237A23B940F24D213E20F2F79FFFDA1E72
:10D8C000012A24D8234BD3F81C3E13F006031DD0A5
:10D8D000022B1ED00323002500202377FFF75CFED8
:10D8E0001C4B85F00101D3F80C2ED2074CBFD3F8A6
:10D8F0001C0E0120236D44BF00F00100084300F01E
:10D90000010080F00100BDE8F04118470323012524
:10D91000E2E70423FBE7012E10D1237A237737B106
:10D920000020FFF739FE636D31460020EBE758B168
:10D930003046FFF731FE636D3946F6E720B101202E
:10D94000FFF72AFEA36DAEE7BDE8F0819832002014
:10D950000050085000A00850024B03EB8003D86B26
:10D96000704700BF60EC0300024B03EB8003186DAF
:10D97000704700BF60EC0300F7B501230D46477800
:10D980000146437004462846164600F069F94FF4F4
:10D990007A73124AADF80630BDF806309BB243B92F
:10D9A000BDF806309BB27BB940F65F513E20F2F7DE
:10D9B00025FFD2F80431002BF2D1BDF80630013B2F
:10D9C0009BB2ADF80630E7E7677016B9EB78A37045
:10D9D000AB707B1E5842584103B0F0BD006004504C
:10D9E0002E3008B5362854D8DFE800F05053535392
:10D9F00053534D53535353535353535353534B5305
:10DA00005353535358535853495347534553435310
:10DA1000413F3D3B39373533312F2D2B29272523E6
:10DA2000215A1C003F231F4AC2F8103708BD332378
:10DA3000F9E72D23F7E72823F5E72323F3E71F234F
:10DA4000F1E71B23EFE71823EDE71523EBE713239B
:10DA5000E9E71123E7E70F23E5E70D23E3E70B23CE
:10DA6000E1E70A23DFE70923DDE70823DBE70723F4
:10DA7000D9E70623D7E70523D5E70423D3E7032314
:10DA8000D1E70123CFE74FF49873CCE74FF48873C5
:10DA9000C9E74FF48E713F20F2F7B0FE0223C2E7D0
:10DAA0003923C0E700A008504FF47A73033A584373
:10DAB000012A10B5064C00F2E73034F91110084481
:10DAC000B0FBF3F08CBF02230A23C01A10BD00BFC5
:10DAD000E0EC03004FF47A73044A00FB033032F9A0
:10DAE00011201044B0FBF3F0704700BFE0EC0300DE
:10DAF00038B51D460A4B33F9114003EB8203053557
:10DB00005B691C444FF47A7304F6B73403FB00449A
:10DB10001046B4FBF3F42544FFF71EFF284438BD3C
:10DB2000E0EC030070B5064608461546FFF71CFFFB
:10DB3000094B03EB85035C694FF47A7304F6B73441
:10DB400003FB0644241A2846B4FBF3F4FFF704FF52
:10DB50000530204470BD00BFE0EC0300024B002202
:10DB60001A705A709A707047F43200202DE9F0470D
:10DB70000746012015469DF834400E469846DDF8CC
:10DB800024A09DF83090FEF715FF314AD47014B9E7
:10DB90003B1F5C425C4107F00303002143EA04633E
:10DBA0002C4CC4F804352C4BC4F88010C3F88410F6
:10DBB000A3F58023C3F88411A3F580530221C3F891
:10DBC0000815BDF8283031689380F36809BA93FAD4
:10DBD00083FCB36818BA7368C4F810C51BBAC4F8DC
:10DBE0001405C4F818352B0AC4F81C152D069DF829
:10DBF000206043EA0863DAF804102DBA003E23F0EF
:10DC00000043DAF8000009BA18BF0126B9F1020F83
:10DC100000BAC4F8201543EAC673C4F824051BBA39
:10DC2000C4F82835C4F82C550CD80C4B022F13F827
:10DC30000930C4F848354FF00103537000D1137018
:10DC4000BDE8F0874FF49B716C20F2F7D7FD00BF61
:10DC5000F4320020006004500030085040ED030012
:10DC60002DE9F84F334B04460D465A7822B94FF44C
:10DC7000A8716C20F2F7C2FD4A7893F803801A81EC
:10DC8000B8F1000F51D14A7803F1060B42702A4ACD
:10DC90004FF0000C294E4FF00E09DFF8A4A006F15A
:10DCA000080706F1300EC3F844B006F1400BDD6101
:10DCB000C3F820A083F82AC083F82B9092E80300D1
:10DCC000C3E90BCC86E80300D2E90201C3E9154A97
:10DCD00087E80300E91C1F8959621F85D2E9040106
:10DCE0008EE8030017499964D2E90601E21CDA655F
:10DCF00007EB0802A3F86020C2F307428BE8030099
:10DD000083F86220012183F86390C3E919CCAA78D3
:10DD1000A2700D4AC2F83065C2F838E599701970E2
:10DD2000C2F804C11160BDE8F88F00F1010B4FF09B
:10DD30000408ACE7F432002044ED03000033002077
:10DD40000100000D0100000C00600450334B5A78B4
:10DD50002DE9F04105460E4622B94FF4BD716C2005
:10DD6000F2F74CFD2E4A03F13C0C03F14C0403F195
:10DD70000C07DFF8B080DFF8B0E0C3F848805E65DC
:10DD8000C3F858E092E80300C3E9095E8CE8030099
:10DD9000711C5964D2E9080184E80300F11C0024D5
:10DDA000D96522499C6683F83240C3E91814D2E948
:10DDB000040187E80300691CC3E90518D2E90601DC
:10DDC000EA1C03F11C08DA629A881A860E2288E897
:10DDD000030083F833200121C3E90D44B278AA700F
:10DDE000134AC2F830C5C2F8387599701B780BB960
:10DDF000A921B4E70F4BC2F80441C2F80841C2F8A8
:10DE000080300D4AC2F88430A2F58022C2F88431F5
:10DE100002220A4BC3F80425BDE8F081F432002049
:10DE200044ED03000100000C0100000DE803000EAA
:10DE300000600450010000800030085000200450B1
:10DE40000C4B1A788AB100220B490220C1F88020BD
:10DE500001F57431C1F88420A1F58021C1F8842135
:10DE6000A1F58051C1F808051A7000225A709A7005
:10DE7000704700BFF43200200060045008B50B4B1F
:10DE8000D3F8082122B10420F8F73EFE022008BD95
:10DE9000D3F8042122B90520F8F736FE0320F6E76F
:10DEA000D3F80004003818BF0120F0E700600450E8
:10DEB000014B01225A60704700600450014B18600A
:10DEC000704700BF64330020024B1868003818BF49
:10DED00001207047643300202DE9F04F254C85B0B8
:10DEE000054698460F46164600F0CEF82378814640
:10DEF000AB4211D16378BB420ED194F90230B342E8
:10DF00000AD1E378834207D1A388A8F8003094F9B6
:10DF1000060005B0BDE8F08F082D1CD18DF80F600C
:10DF200028469DF90FB007F0D2FE82463846FFF72B
:10DF3000BDF800220346414600925846524600F082
:10DF400059F8B8F80030A071A38025706770A670EA
:10DF500084F80390DBE7284607F0B9FE0DF10F03C4
:10DF60003246394600F096F80028D9D04621A9203B
:10DF7000F2F744FCBA000020014B1860998070470A
:10DF800088330020024BD86019745A82704700BF52
:10DF9000B4330020014B1B681B6818471001002098
:10DFA000014B1B685B68184710010020014B1B6880
:10DFB0009B68184710010020014B1B681B6918471C
:10DFC00010010020014B1B685B69184710010020FD
:10DFD000014B1B689B69184710010020014B1B680F
:10DFE000DB69184710010020014B1B689B6A18472A
:10DFF0001001002030B4044C9DF8085024680295AC
:10E00000E468A44630BC60471001002000220D499E
:10E01000134610B540FA02F4E40744BFCA545C1C2E
:10E0200002F1010248BFE3B2042AF3D1054AFF24FA
:10E03000D118032B01D9107110BD013301F8014B28
:10E04000DBB2F6E7283C0020255D01002B5D0100D6
:10E050002D5D0100535D0100315D01005D5D01003A
:10E06000375D0100675D01003D5D0100735D0100EA
:10E07000495D01004D5D01003F5D0100455D01000E
:10E08000635D01006D5D0100014B187D704700BFAD
:10E0900018340020042810B511D883B104280CBF0F
:10E0A00010242824A1420AD2064C54F8200018B1AA
:10E0B00041568A42A8BF0A4600201A7010BD6FF070
:10E0C0001500FBE7183400200728034611DC10F187
:10E0D0002D0F10DB094A101890F82E0002EBC00239
:10E0E00092F93C209A4207D0002918BF0130C0B2F3
:10E0F00070471B2070470020704700BFC4ED03002D
:10E10000072808B507DCFFF7DFFF044B03EBC0036C
:10E1100093F93C0008BD0820FCE700BFC4ED0300F4
:10E12000C0B208B520B9044B01229A601A6008BD3C
:10E130004D21B52001F0AAFF00E0105010F0FF00C3
:10E1400008B513D10B4B01225A60DA600A4AC3F8B2
:10E1500000011070D3F8082412F0010205D1C3F8B1
:10E160001021C3F81821C3F8142108BD7C21B52063
:10E1700001F08CFF00E010502D340020014B0122F3
:10E180001A7070472D34002008B540B9064BD3F8FB
:10E19000103113B9054B187808BD0120FCE7C221E6
:10E1A000B52001F073FF00BF00E010502D340020B7
:10E1B000024BD3F8080400F00100704700E0105053
:10E1C000024BD3F8480400F00100704700E0105003
:10E1D000024BD3F84004C0B2704700BF00E01050BB
:10E1E00007490246D1F84C04D1F84C1410F48030A1
:10E1F00005D0D0B201F003031B1A584258417047B2
:10E2000000E0105038B51A4BD3F80C34DA0304D4BC
:10E2100040F279116D2001F039FF164A0124164BA6
:10E22000106A536620F03F0094645464136CDB035F
:10E23000FCD4136A116C03F03F03C1F30A01C1F56A
:10E24000806181EAE1750B29A5EBE17509DD3F2BC2
:10E2500004D0013303431362172DE6DC00239364DB
:10E2600038BD0B31F8DA002BF8D0013BF2E700BFE4
:10E2700000E01050000812500100008038B50B4C2F
:10E2800023781BB100232370FFF7BCFFEFF3108549
:10E2900072B6637803F0FF000BB9FFF74FFF05B9C3
:10E2A00062B6034B00225A6638BD00BF30340020EE
:10E2B00000081250F8B5104E012704460D463318D9
:10E2C000DF7007F058FD60B934B90C4B112277713B
:10E2D000B560C3F80423F8BD40F225116D2001F0AC
:10E2E000D5FE002DF7D01CB90220A847B460F2E794
:10E2F0004FF4A071F2E700BF3034002000E010506E
:10E30000044B0022191803EB80034A719A60CA700B
:10E31000704700BF30340020014B1882704700BFA7
:10E3200030340020014B588A704700BF3034002041
:10E33000014B188A704700BF3034002010B5EFF34E
:10E34000108472B6064B03445A780132D2B25A7026
:10E350005B78012B01D1FFF7E3FE04B962B610BD73
:10E3600030340020034610B5EFF3108472B6114923
:10E370000B445A7822B940F257216D2001F086FEF5
:10E380005A78013AD2B25A705B7883B90B7D43B1A7
:10E39000094BD3F80C34DB0306D44B7803F0FF00B1
:10E3A0002BB9FFF7CBFE02E0487D02F001F804B97B
:10E3B00062B610BD3034002000E0105010B507F0F8
:10E3C000DDFC0C4C07F0D7FC60B1A37D3BB90A4BD8
:10E3D00001229A610423E3750023237610BD07F020
:10E3E000D0FCF9E703230122E375034BC3F80423B0
:10E3F000F2E700BF3034002000E01050014B012252
:10E400001A62704700E01050044B587E28B1044B4C
:10E41000D3F81001B0FA80F0400970473034002082
:10E4200000E0105038B50C4B5D7E5DB901245C7680
:10E4300007F0A4FC094B1022C3F81051C3F80423C1
:10E44000DC6138BDFFF7E0FF0028FAD040F29321ED
:10E450006D2001F01BFE00BF3034002000E01050A2
:10E46000024BD87D003818BF01207047303400209F
:10E4700038B5174C237D23B940F206316D2001F0E9
:10E4800005FE01232370A37DC3B9A37EB3B1227E11
:10E49000013B9A4212DA07F06EFC054601F022FFBA
:10E4A000A37E012B82BF237E0133237655B1E3691E
:10E4B000C31A0133022B09D935B1E061BDE83840F8
:10E4C000FFF77CBF236AF3E72062F7E738BD00BFA0
:10E4D0003034002037B5184CA37D63B9606A00F072
:10E4E0000300FFF77DFE30B1EFF3108372B6E27DDB
:10E4F0001AB103B962B603B030BD0122E27503B9A7
:10E5000062B608230D4DC5F808334FF42073ADF8FB
:10E510000630BDF806309BB25A1E92B2ADF8062006
:10E52000002BF6D1C5F80C3184F82830FFF746FFF0
:10E530000823C5F80433DEE73034002000E0105033
:10E540002DE9F74F4E4C237D002B00F096800323DE
:10E55000ADF804304B4BD3F80051D3F80891D3F801
:10E56000142112B9D3F818216AB10026C3F8146136
:10E57000C3F81861C3F81061637E0BB107F001FCAA
:10E58000667607F05AFD3F4BD3F81031002B59D077
:10E59000637E1BB107F0F5FB00236376637913B14B
:10E5A00002238DF80430003D18BF012545F0100509
:10E5B000354E0DF1040A334B4FF00008F71EC3F837
:10E5C00008531AF8010B03280AD03B7843B14FF0E7
:10E5D000000B336887F800B013B19847C6F800B055
:10E5E00008F10103043601374FF00108022BE8D18E
:10E5F000B9F1000F08D0234B0022C3F808210422F0
:10E60000C3F80823FFF766FF94F82860EA071D4B5C
:10E61000F6B2D3F80C7108D5E27D032A05D1A27DAC
:10E62000A2B90422E27501229A61C7B1154B0022FA
:10E63000C3F80C21E37D042B0DD040F269316D202D
:10E6400001F024FD002DD3D00125B1E707F099FB9F
:10E650000223E375E9E70223E37507F092FB66B155
:10E66000002384F82830E37D022B01D1FFF7A6FEBA
:10E6700003B0BDE8F04F07F084BB03B0BDE8F08FF6
:10E680003034002000E010503834002010B5054C24
:10E69000606A00F00300FFF7A3FD0028F8D0002017
:10E6A00010BD00BF30340020F8B5054650B10278E7
:10E6B000022A07D8437842B9013B1F2B02D883783E
:10E6C000212B07D96FF0150088E0002BFAD1837851
:10E6D000002BF7D1634B2022C3F8A020BFF34F8F4C
:10E6E000BFF36F8F604EC3F8A0217D235F4CC6F847
:10E6F00008330023C6F80031C6F80831C6F80C31DB
:10E700006370A370AB886382FFF752FD10B10123E1
:10E71000E3706370D6F80C0440F2563310F4803086
:10E7200023821BD0FFF72AFD514801F017FE4E4E01
:10E73000602360750022C6F804332B78A978012B7A
:10E7400062766262A375A176227620D0022B17D062
:10E75000F3B140F21E516D2001F098FCC6F8100193
:10E76000FFF7DEFC404AD2F81031002BFBD0FFF758
:10E7700049FD0020FFF7E2FC3E4B00225A66D3E73A
:10E7800007F0FCFAD6F80C34D903FBD502236362F8
:10E79000FFF716FD40B3FFF71BFD636A03F00303A9
:10E7A000984221D1AB79D3B9FFF770FFA37E63B153
:10E7B0002B7853B907F0DFFA054601F093FD6FF0AF
:10E7C0000043002D4BD0C4E9070301232022002081
:10E7D0002375244BE075C3F8A0211A62F8BD224BC3
:10E7E0000422C3F80423E1E71F4B012200215A61F0
:10E7F000C3F8081194F82410C3F840141A610422D5
:10E80000C3F80423AA79002AD0D1D3F804235207ED
:10E8100002D440F2D1419EE7174A1769116907F007
:10E82000100741F010011161D3F808310BB907F05E
:10E8300051FE0D4ED6F8083173B1FFF727FF27B907
:10E840000D4A136923F0100313610423C6F808333B
:10E850000023C6F80831A9E707F03AFEEAE7C4E961
:10E860000730B2E700E100E000E010503034002053
:10E870007DE200000008125000ED00E038B50C4BBE
:10E880000C46197919B183216F2001F0FFFB60B9A3
:10E890005D790DB1002038BD01225A71FFF74EFDA0
:10E8A00021462846FFF706FDF4E76FF01500F2E772
:10E8B0005C34002038B50B4D04462B791BB19A21EE
:10E8C0006F2001F0E3FB50B96B790BB9002038BD24
:10E8D000FFF716FD20466C71FFF744FDF6E76FF079
:10E8E0001500F4E75C34002010B501B3F0B14FF02F
:10E8F000FF33104A1C46E0FB0134944203D9DB216C
:10E900006F2001F0C3FB1A0DC3F30F100A4B42EA4C
:10E9100004324FF22444B2FBF4F100EB024003FB5B
:10E920001100B0FBF4F040EA0140013010BD084690
:10E93000FCE700BF3F420F00000024F4014B9B683E
:10E94000184700BF5C340020014BDB68184700BF4C
:10E950005C340020014B1B69184700BF5C34002069
:10E9600008B5064B1B7923B140F237116F2001F037
:10E970008DFBBDE80840FFF77BBD00BF5C34002085
:10E98000034B1A790AB9FFF7CDBC988D704700BFC9
:10E990005C340020034B1A790AB9FFF7C9BC988A86
:10E9A000704700BF5C340020024B1B790BB9FFF7A6
:10E9B00091BD70475C340020014B9B69184700BF34
:10E9C0005C34002038B51D4C237933B3FFF7C2FF08
:10E9D00050B91B4DC5F81001FFF7B0FFD5F8103145
:10E9E000002BFBD0FFF7B0FF154B6022C3F80423C8
:10E9F000636A9847002806DB94F82E3023B1012380
:10EA0000002084F8303038BDFFF7D6FF0028F6DA52
:10EA100040F28D116F2001F039FB0A4BA3610A4BC4
:10EA2000E3610A4B23620A4BA3600A4BE3600A4B83
:10EA30002361FFF739FE0028E1D0E4E75C340020D1
:10EA400000E010508DE600008F5D010061E40000E1
:10EA50007D5D0100835D0100895D010038B5084BD3
:10EA600004461D7925B140F2E1116F2001F00EFB43
:10EA700000F0C6FD2046FFF74FFC284638BD00BF1A
:10EA80005C34002008B5074800F0A8FD054800F0F8
:10EA900019F801F0CBF800F0E9FF00F0E5F90120EA
:10EAA00008BD00BF9034002008B5054B1A781AB194
:10EAB0002721032001F0EAFA5860197008BD00BF51
:10EAC00098340020024B986000221A705A607047F8
:10EAD00098340020F7B51E4C2378012BDAB204D00D
:10EAE000022A2ED0012003B0F0BD0DF107016068AD
:10EAF00000F0D8F965686B7DDB071CD5AB7F042B74
:10EB000019D000F0FFFD0646A8B100F001FE2B6908
:10EB1000D5E900279A18B36847F100070A332CBFDC
:10EB2000012500251B1845EB01059342BD4102D389
:10EB3000606800F0BBFA0023636023709DF8070053
:10EB4000D1E70DF10701606800F0B6F9F3E700BF07
:10EB50009834002073B505460C4600F0D3FD0646F8
:10EB6000AB7F012B1AD021462B4604F1180251F835
:10EB7000040B914243F8040BF9D101230DF1070175
:10EB80002846AB7700F08EF916B1012002B070BDB7
:10EB9000034B0421986807F009FCF6E70020F5E72D
:10EBA00098340020024B0621986807F0FFBB00BF95
:10EBB00098340020174B1868F0B560B150F8102C4D
:10EBC00050E9063418380A3344F100049B1882696E
:10EBD00044F1000402B9F0BD52E90615994275EB03
:10EBE0000406F8D2077D12F8046CB7420BD00FD997
:10EBF0000A3152F8103CA2F1180045F100055B18EB
:10EC000045F1000404E09688878BF61B3604EFD4A8
:10EC10001268DFE7A4340020F8B5244C00232371E8
:10EC20006371A371E371EFF3108272B6A168E360C0
:10EC30006160A36002B962B600261D4D636803B926
:10EC4000F8BD9A79A3F11800032A07D11A680121A7
:10EC50009E7153F80C3C62609847EFE71B6863B104
:10EC6000183B07462A46997F04290ED09B7F032B29
:10EC700004D063219F2001F009FA2A46136802217B
:10EC80001B681360C3688677E6E7B0F81CC0998BF1
:10EC9000A1EB0C010904996944BF07F11802184659
:10ECA0000029EBD01F46A1F11803DCE7A4340020B3
:10ECB000A8340020042300F1180283770023037690
:10ECC00043768376C376044B996811B99A60DA600B
:10ECD0007047D9680A60FAE7A43400202DE9F041B2
:10ECE000134C06460F460020236833B9E8B1114B98
:10ECF000BDE8F041187801F05BBB53E9061553F805
:10ED0000082CD3F80080521845F10005B242BD41ED
:10ED100009D22268A3F1180012682260FFF7CAFF27
:10ED200001204346E1E71C46FBE7BDE8F08100BF58
:10ED3000A434002014010020494B1B682DE9F74F33
:10ED4000044682838B46D0E9002003B1183B94F837
:10ED500015C0DFF80CE10CF0010C002B3BD0D3E91F
:10ED60000056AA4270EB060135D3BCF1000F2CD03F
:10ED7000277D197D8F4228D399684D1946F10006E9
:10ED800015F10A0846F1000E424570EB0E0119D24A
:10ED90002169891840F1000788457EEB070901D2F7
:10EDA00041467746A942B7410FD22046FFF782FF7E
:10EDB0002C4B187801F0FCFA00238BF8003003B0DC
:10EDC000BDE8F08F11460746ECE703F1180E9B698A
:10EDD0000BB1183BC3E7BCF1000F34D0A168891810
:10EDE00040F10009019173B30199D3E9007611F163
:10EDF0000A0549F10001AF4276EB010123D2257DDE
:10EE0000197D8D4218D39D68ED1946F1000615F164
:10EE10000A0A46F10008524570EB080110D2216938
:10EE2000891840F100078A4578EB070C01D251465A
:10EE30004746A942B741B8D39B6923B1183BD3E7F2
:10EE400011460746F5E7DEF80020234643F8182F61
:10EE5000CEF80030FFF7AEFE8442ADD10123ACE71F
:10EE6000A43400201401002010B50B4C2378FF2B94
:10EE700004D04FF48D719F2001F008F9074801F08C
:10EE80006DFA074B002220701A705A709A70DA706F
:10EE90009A60DA601A8210BD1401002019EC00009B
:10EEA000A4340020034B1A8A10B4541C1C8210BCDA
:10EEB000FFF742BFA434002038B504460D46FFF7E3
:10EEC00079FE231A04F11801584258412870044869
:10EED00007F092FA10B100230120A37738BD00BFDC
:10EEE000A434002038B5114B044600F118019A688B
:10EEF000B2B19A6800209AB191420ED108B1A569C9
:10EF000005609D68A94204BF12689A60DA68914260
:10EF100000D1D8600023A37707E010461268EAE723
:10EF2000034807F069FA0028F4D138BDA434002062
:10EF3000A83400202DE9F041264E04460D46FFF787
:10EF4000CDFE3068002843D0A0F1180C50E90631FE
:10EF5000A34271EB050250F8102C3CBF2346294612
:10EF60000A322CBF012700279B1841EB07020768D4
:10EF7000604627B900F118037361BDE8F08157E9D5
:10EF800006EC9E457CEB0201F4D290F8148017F851
:10EF9000041C884513D019D9744523462A46A7F185
:10EFA000180075EB0C0157F8101C3CBF7346624605
:10EFB0005B1842F100020A3342F1000206E0B98810
:10EFC000B0F81C80A1EB08010904E5D43F68D0E744
:10EFD0000346D1E7A434002010B5054C61692046F2
:10EFE00007F00AFA18B1606900231838636110BD90
:10EFF000A43400209C46144BF0B51D68FDB115F8F3
:10F00000043C183D834218D812F10A04D5E90036B1
:10F010004CF10001A34276EB01070BD22F69FF18D8
:10F0200046F10006A7428E4107D3B4F10A0041F130
:10F03000FF31F0BD1C463146F7E7AD69DEE74FF022
:10F04000FF300146F5E700BFA434002008B5837FF8
:10F05000022B1CD1437D13F0020302D000238377DF
:10F0600008BD0322037643768376C3760D4B827701
:10F0700000F11802996839B99A60DA600A4B187879
:10F08000BDE8084001F094B9D9680A60F5E7837FCC
:10F09000012BE5D0837F042BE2D04FF4FF719F203A
:10F0A00000F0F4FFA43400201401002010B500F19A
:10F0B00018010446084807F09FF920B94FF402717F
:10F0C0009F2000F0E3FF2046FFF7F4FD034BBDE86F
:10F0D0001040187801F06CB9A4340020140100200D
:10F0E0002DE9F74FD0F810E0BEF1000F04D040F248
:10F0F00027219F2000F0CAFF836890F814800193B5
:10F10000D0E90014EFF3108972B6274BB3F810C0A2
:10F110001B686BB1019D183B0A35D3E900264EF1FF
:10F12000000A6D1844EB0A0A95427AEB060707D2EB
:10F13000B9F1000F35D0C0E9001403B0BDE8F08F7D
:10F140008A4276EB04070CD31F69BF1846F1000B07
:10F15000AF427BEB0A0B34BF0125002575B99B69D3
:10F16000D7E712F10A0A9D6846F1000715EB0A0578
:10F1700047F10007A94274EB0707ECE71D7DA8459E
:10F1800009D0ECD912F10A019D6846F10004691812
:10F1900044F10004E3E79D8BA5EB0C052D04DED5BF
:10F1A000F0E762B6C7E700BFA4340020024B052198
:10F1B000186807F0FBB800BFC0340020064B586841
:10F1C00010B520B94FF41B71B02000F05FFFC36889
:10F1D0000521BDE810401847C03400202DE9F84F44
:10F1E000274C8146237BA668A3BB94F80D8018F0BA
:10F1F000010803D0E3899E4238BF1E4600F054FD4B
:10F2000010EB060B05460F4641F1000A58465146E1
:10F21000FFF790FE08B3D0E900329B457AEB02017C
:10F2200004D29D1B9B46924662F100070023154ABB
:10F23000284639462362C4E904BAC4E9065700F0F7
:10F2400007FDB8F1000F02D0E3899E4216D00223D9
:10F250000D4A0DE04FF00008D0E7237B2BB1637B14
:10F260009B0702D5636A012098470023074A23734E
:10F2700084F82830C9F80020BDE8F88F0123E7E7BB
:10F28000C0340020ADF100009DF30000C15F01001B
:10F290002DE9F04717463D4C002B67D0E289D3E9B2
:10F2A00000656432864275EB01034FF000033CBFFA
:10F2B00006460D462362B6EB000A65EB010952458E
:10F2C0001A4672EB0902C4E9046527DA237B3BB1D5
:10F2D000637B9A0702D5636A012098470023237352
:10F2E00094F80D8008F00108A36803F5E1739A45CE
:10F2F00079F100011DDAB8F1000F11D0E089244A3C
:10F30000301A65F10001C4E9060100F0A1FC0623F2
:10F31000204A84F828303A60BDE8F0879846E3E751
:10F320001B4A30462946C4E9066500F091FC0523D6
:10F33000EEE7FFF709FBE089A368B8F1000F0BD0F7
:10F34000984209D9301A124A65F10001C4E9060150
:10F3500000F07EFC0123DBE7F01A0D4A65F10001A5
:10F36000C4E9060100F074FC0223D1E7237B2BB132
:10F37000637B9B0702D5636A0120984700252573AC
:10F38000FFF7E2FA2B46044AC3E700BFC03400206F
:10F39000ADF100009DF30000C15F0100023970B5BE
:10F3A0000546032900F2D480DFE801F00602084098
:10F3B000694B002283F82920002024E0664C94F851
:10F3C0002830042B09D8022B28D8013B012B1BD94C
:10F3D0004FF4CD71B02000F059FE053B012BF7D85A
:10F3E000FFF778FB0028E7D000F04EFC00F05CFC53
:10F3F00006460C46FFF79EFD2A4603462146304648
:10F40000FFF746FF022070BDFFF764FB0028D3D052
:10F4100000F03AFC2846FFF7E1FEF3E7FFF75AFB5E
:10F420000028C9D0012384F82930C5E74A4C94F854
:10F4300028301A1F012A2AD8042B94F829600CD1ED
:10F4400000F062FB48B900200021FFF773FD08B10E
:10F45000FFF72CFEFFF778FADCE7002EC6D1FFF7A6
:10F46000BBFD0028C2D06060C4E90B6600F01CFB45
:10F470006068022331468377C3689847D4E9040162
:10F4800006F09CFD354B84F828602B60BAE700F04D
:10F490000BFCA369C01A236A9842ACBF20622362A6
:10F4A00094F82830022B19D1FFF748FA94F8283045
:10F4B000022BD4E904012CD1637BDB071BD5237B12
:10F4C000CBB9E389264AC01A61F10001C4E90601FB
:10F4D00000F0BEFB032384F828306DE7637BDA0776
:10F4E00001D5207B10B140F2B31173E7636A9847EE
:10F4F00001232373DAE73238236A194A41F1FF31D5
:10F50000C01841EBE371C4E9060100F0A1FB04233C
:10F51000E1E7012B0AD1A368114AC01A61F1000189
:10F52000C4E9060100F094FB0223D4E7236A3238D1
:10F530000B4A41F1FF31181841EBE371C4E90601B0
:10F5400000F086FB94F82830062BE0D10523C2E7B3
:10F5500040F2F1113EE700BFC034002065F5000025
:10F56000ADF1000002392DE9F041064604292ED8FC
:10F57000DFE801F003090B2D0E00174A537B003B17
:10F5800018BF0123137300201FE0FFF7A3FAFAE767
:10F59000DFF8448000F098FA00F086FB0C46054640
:10F5A000FFF7C8FC0746D8F80400FFF74FFD00231B
:10F5B00000222846C8F8043000232146C8E9042365
:10F5C0003B463246FFF764FE0220BDE8F08140F280
:10F5D0001721B02000F05AFDC0340020064A002355
:10F5E00010B5064C0260206084F828306373FFF782
:10F5F000D1F93230A06010BDC15F0100C0340020DD
:10F6000008B5074B1A681168064A914204D040F2C7
:10F610005121B02000F03AFD3230986008BD00BFA3
:10F62000C0340020C15F010010B5EFF3108472B642
:10F63000034B0421186806F0B9FE04B962B610BD88
:10F64000C034002008B5094B5A6822B940F2722133
:10F65000B02000F01BFDD3E90421BDE8084080186C
:10F66000034A41F1000100F0F3BA00BFC0340020AA
:10F67000BDF1000008B5064B5B6823B94FF41E715D
:10F68000B02000F003FDBDE8084000F0FDBA00BF67
:10F69000C034002008B5054B5A6822B940F27E21DB
:10F6A000B02000F0F3FCD86208BD00BFC0340020D9
:10F6B00008B5054B5A6822B94FF42171B02000F00B
:10F6C000E5FC186308BD00BFC0340020054B1B6B70
:10F6D00010B523B940F28A21B02000F0D7FCBDE874
:10F6E00010401847C0340020054BDB6A10B523B921
:10F6F0004FF42471B02000F0C9FCBDE81040184759
:10F70000C0340020014B5868704700BFC03400204F
:10F7100008B5054B5A6822B940F29B21B02000F091
:10F72000B5FCD3E9040108BDC0340020034B587B6D
:10F7300010F0010018BFD889704700BFC034002006
:10F740000028ADBF00F1604000F00F00044B00F551
:10F750006140B4BF185C90F800034009704700BFD7
:10F7600014ED00E02DE9F04105460E46E1B9114FD8
:10F770003B681BB18621452000F088FC38600E48AC
:10F78000FFF788FF0D48FFF793FF06F0B3FB6B7D93
:10F7900004465B0708D506F007FB0A34241A7C6090
:10F7A00000F094FA0028FBD02B6A3146686ABDE865
:10F7B000F0411847F8340020E1F70000C1F70000DD
:10F7C000064B1B6810B51BB97221452000F05EFC8A
:10F7D0001A6A0421586ABDE810401047F834002026
:10F7E000064B1B6810B51BB96C21452000F04EFC80
:10F7F0001A6A0321586ABDE810401047F834002007
:10F80000024B00221A601A81704700BFF8340020B2
:10F8100008B5074B1A681AB9B921452000F036FC23
:10F820000449D16000221A60BDE80840FFF7BAB968
:10F83000F834002065F7000030B587B00C46182278
:10F8400000210546684606F002FF637A4FF0000289
:10F850006168C3F38003029183F0010363F38202C2
:10F86000237A8DF81430224B8DF8152003932378DA
:10F870005BBB9DF81500D4E904324007CDE90032A6
:10F8800007D50A3B01F10A0142F1FF320291CDE9AD
:10F890000032637A69469DF81520C3F3400322F0D5
:10F8A00003025B0043F0010313438DF81530114B45
:10F8B0005868C0F30800B8B11038FFF741FF98B995
:10F8C0002846FFF747F907B030BD2369049306F0D7
:10F8D00065FA9DF815305B0744BF029B0A33CDE9FA
:10F8E000000148BF0293D4E7284606F065FAEAE72C
:10F8F00065F7000000ED00E008B50A4B1B6823B96E
:10F900004FF4EE71452000F0C1FB5B7D5B0703D433
:10F91000BDE8084006F0EEBA06F0ECFA0A3041F114
:10F92000000108BDF834002070B50B7886B023B113
:10F9300040F21F21452000F0A9FB4C7A4FF0000651
:10F940000593C4F380034D6883F00103029563F3CC
:10F9500082060B7A8DF814300F4B8DF81560760700
:10F960000393D1E90431CDE9003107D50A3B05F114
:10F970000A0541F1FF310295CDE900319DF81530BE
:10F98000C4F340046946049264F341038DF81530D2
:10F9900006F012FA06B070BD65F700007FB506F0FC
:10F9A000FDF9002305930B4B039340F21E230293B2
:10F9B0004FF0FF33CDE90001694607480493FFF794
:10F9C000C9F818B99B21432000F060FB07B05DF82F
:10F9D00004FB00BF01FA00003035002010B5074CD1
:10F9E00094F820304BB9FEF7B5FF30B9012384F805
:10F9F0002030BDE81040FFF7D1BF10BD30350020EA
:10FA000008B505292DD8DFE801F0032E282C2C0D90
:10FA100006F0C0F9144806F06FFA1E38BDE8084039
:10FA200006F0BEB9FEF796FF38B10F4B002283F8FF
:10FA30002020BDE80840FFF7B5B806F0ADF908B9D9
:10FA400006F0A8F900214FF4007006F025FA00280E
:10FA5000E0D1B921432000F019FBBDE80840FFF7D1
:10FA60009DBFC521F6E708BD303500204FF00043AB
:10FA70000B4A0021C2F88030A2F58022C2F8803102
:10FA8000012302F57832C2F80435A2F58022C2F8CB
:10FA900004352022034B184683F8201006F0D7BD0A
:10FAA00000400C503035002008B51AF0C5F8054A62
:10FAB000D2F8583743F00103C2F85837BDE8084080
:10FAC000FFF78CBF00200E5008B51AF0C5F80B4A9E
:10FAD000D2F8583723F00103C2F858370122084BF7
:10FAE0005A604FF0FF32C3F808232022054BC3F8B9
:10FAF0009021BDE8084000F0C7B800BF00200E50BC
:10FB00000050085000E100E008B5FEF723FFB0B94F
:10FB10000D4BD3F800314BB90C4A536A0133312BEA
:10FB200053620BD96C21432000F0B0FA06F034F98F
:10FB300008B17021F7E706F02BF9012008BD034B4F
:10FB400000225A62F9E700BF00E010503035002073
:10FB500040F20251014808B500F08EFAD7240400A3
:10FB60001848202208B5C0F89020BFF34F8FBFF38C
:10FB70006F8F154BC0F89021D3F8041521F00301C5
:10FB8000C3F80415D3F8081541F00301C3F80815AC
:10FB900092FAA2F1B1FA81F1092904DD40F29F3114
:10FBA0000A4800F069FAC3F8101501215960D960BC
:10FBB0004FF00041C3F880104FF0FF31C3F8081335
:10FBC000026108BD00E100E000500850D7240400A5
:10FBD000134A4FF4E0632021C2F838330023C2F8FF
:10FBE000AC35C2F8BC35C2F8CC35C2F82031C2F809
:10FBF0002431C2F828310B4AC2F89C11C2F89C107B
:10FC0000BFF34F8FBFF36F8FC2F89010BFF34F8FCA
:10FC1000BFF36F8FC2F89011034A1360704700BFA3
:10FC200000200E5000E100E05835002008B5FFF735
:10FC3000CFFF054B4FF4A062C3F834232022034BBF
:10FC4000C3F89C21DA6108BD00200E5000E100E0FD
:10FC50000B4B10B51C681CB14C21042000F016FAA7
:10FC6000B1F5801F1A6001D3FFF772FF054B012227
:10FC7000C3F8A005C3F8A415C3F8AC2510BD00BF98
:10FC80005835002000200E50054A136833B1002378
:10FC90000449C1F8AC35C1F820311360704700BF8A
:10FCA0005835002000200E5030B54FF0FF30064C84
:10FCB0006FF04041D4E90023904271EB0305F9D382
:10FCC0001046C3F3130130BD40270E5008B5FFF7AF
:10FCD000EBFF044BD3E90223904299412CBF012052
:10FCE000002008BD5835002008B5FFF739FF024B4A
:10FCF00001221A6008BD00BF0050085010B5FFF780
:10FD00002FFF0F4C0023C4F8BC35C4F82431FFF793
:10FD1000CBFF0A3041F10001B1F5801F01D1FFF79F
:10FD200017FF4FF00043C4F8B005C4F8B415C4F889
:10FD3000A4310123C4F8BC35024BC3E9020110BD54
:10FD400000200E5058350020144BD3F8342312F401
:10FD5000A06F10B503D1FB21042000F097F9D3F870
:10FD6000202162B100220E49C3F8AC25C3F820213E
:10FD70000B6813B940F20311EEE70A609847074B8E
:10FD8000D3F828214AB10022C3F8CC25C3F8282192
:10FD9000034BBDE810401B69184710BD00200E50F2
:10FDA00058350020034610B3007888B91A79012A23
:10FDB0001ED85A79012A1BD89A680E49643A8A4299
:10FDC00016D8D8680C4B98422CBF002001207047F1
:10FDD00001280CD11A79012A09D85A79012A06D8A2
:10FDE000DA680449643A8A4201D89868EAE7002050
:10FDF000704700BF3C8601000040420F70B50446CA
:10FE000005F0CCFF40F2F966656AD4E90632963314
:10FE100042F100025B1905F5DF6542F10002B5FB16
:10FE2000F6F55B1942F1000283428A410ED294F842
:10FE30002A30052B03D0B3216A2000F027F90A21CC
:10FE4000236A94F858009847B621F5E7044C2368D4
:10FE500013B1984700232360BDE87040FFF7D8BC7A
:10FE60006C35002070B504460D4639B9012380F881
:10FE70005930FFF7C3FF0226304670BD0E78032EBF
:10FE800070D801A353F826F077FE000099FE000019
:10FE900003FF0000BBFE00004868C72801D8002609
:10FEA000EAE7042105F0F8FF0028F8D005F07AFF12
:10FEB0006968204606F0E5F8DEE790F8286006BBA2
:10FEC0004D682846FFF76EFF00284BD02B78D3B93A
:10FED000012121702B796A79003B18BF0123002A88
:10FEE00014BF0422022243F004032272AA68A5323E
:10FEF0006260EA6863720323226184F82A3084F81E
:10FF000029102046B5E794F82A30052B04D040F29A
:10FF100093116A2000F0BAF8267004F130002B79B2
:10FF20006A79003B18BF0123002A14BF0422022271
:10FF300043F004032272EA686372A532A968626022
:10FF4000D4E906325B1842EBE1722146C4E904327F
:10FF5000042384F82A30FFF76FFC0028D1D140F247
:10FF60009511D6E7012384F85930CAE72DE9F84303
:10FF70008846074658B300F02FF84FF000090446B2
:10FF80005FFA89F6B44203D86FF00B00BDE8F8833E
:10FF9000304609F1010900F025F890F82A50002DAB
:10FFA000EED1304600F01EF80A490446058580F877
:10FFB0002A50024680F85860303006F018F80123C5
:10FFC0002762284684F82A3088F80060DEE76FF060
:10FFD0001500DBE791600100014B1879704700BF05
:10FFE00070350020044B1A79824283BF1B6860225F
:10FFF00002FB003000207047703500200A4610F0E8
:020000021000EC
:10000000030110B50AD1074C2271206008B9002005
:1000100010BD60235A4306F01AFBF8E76FF00D009D
:10002000F6E700BF70350020BFF34F8F0549064B40
:10003000CA6802F4E0621343CB60BFF34F8F00BF86
:10004000FDE700BF00ED00E00400FA05084B0122C7
:100050005A604FF0FF32C3F808238022054BC3F8E3
:100060008820BFF34F8FBFF36F8FC3F8882170478D
:100070000070045000E100E008B572B6024B5B6806
:1000800003B19847FFF7D0FF783500201FB572B64F
:10009000144B5C6894B9FFF7C7FFB2FBF6F22B462E
:1000A0005D1C002AF9D1DBB203F110056D4405F89F
:1000B0000C2C0A2233B901A8A047ECE70246002322
:1000C0000A26EDE7013BDBB203F110050DEB050657
:1000D000B0FBF2F502FB1500303006F80C0C284698
:1000E000E8E700BF78350020F8B5234F05460C46F9
:1000F00016463B78002B3CD105F03CFE7E601F4B42
:1001000001263C814FF48062C3F8A4601C4BC3F805
:100110009020BFF34F8FBFF36F8FC3F89021FFF78D
:1001200095FF184B002D14BF28461846FEF74AFCD1
:100130000546E0B9FFF764FBFEF736FC06F085F8EC
:10014000FEF7A0FC18B9B8211120FFF79FFF002C83
:100150000BDB04F01F036409A4009E4004F160441B
:1001600004F56144C4F88061266001233B70284691
:10017000F8BD4FF0FF35FAE77835002000A00850B1
:1001800000E100E0DCEE0300074BB3F90830002B80
:1001900009DB5A09012103F01F03994002F14003D2
:1001A000024A42F8231070477835002000E100E051
:1001B000014B1878704700BF7835002050B1074BCD
:1001C00003F1140253F8041B934240F8041BF9D1C5
:1001D000002070476FF01500704700BF0525040030
:1001E0002DE9F84F0746894693469846374CDFF885
:1001F000E0A0384D2E780136F6B2D5E84F3F0133F6
:10020000DBB2C5E8403F0028F7D101216160C4F8A6
:100210000001C4F80401EFF3108072B62E4BC5F84C
:100220000490AB60C5E905B33B68C4F810357B6842
:10023000C4F81435BB68C4F81835FB68C4F81C351D
:10024000264BC4F830351033C4F83835216000B976
:1002500062B6D4F800312BB9D4F8043113B92B7835
:100260009E421CD0B8F1000F09D00A9B3BB1D4F8D4
:1002700040350A9AC8F80030D4F83C351360D4F8F9
:100280000431002BB5D12978B142B2D1C4F8003184
:10029000C4F804310323C4F80833BDE8F88FDAF852
:1002A0001030DB06D5D503238021C4F804330C4B72
:1002B000C3F88811D4F80031002BCAD1D4F8043126
:1002C000002BC6D106F004F9C3E700BF007004504C
:1002D00000ED00E0843500201000000B8835002080
:1002E00000E100E01A4B4FF4000270B5C3F898200B
:1002F000BFF34F8FBFF36F8F164C0021164DC4F81C
:100300000011C3F898212E692B6906F0100643F0FE
:1003100010032B610123C4F804332360D4F80031A7
:100320009BB11EB92B6923F010032B610123D4F874
:1003300008054FF400026360C4F808330023C4F8D2
:100340000031034BC3F8982170BD06F0C1F8E5E712
:1003500000E100E000700D5000ED00E038B50B4901
:10036000042301EBC302157905F0FF042DB1013B15
:10037000F7D240216920FFF789FE41F833000121BF
:100380005471D8B29471117138BD00BFA8350020E6
:10039000042808B503D947216920FFF777FE034BEE
:1003A000002203EBC0031A7108BD00BFA83500206E
:1003B000042808B503D950216920FFF767FE094BCF
:1003C00003EBC0000379012B01D05121F4E74379FD
:1003D00082790133DBB29A4218BF4371BDE808400D
:1003E000FFF7D2BEA835002038B505240F4D95F88B
:1003F000281005EBC1031A79012A09D158799A7995
:10040000904205D05A79D2B29A7155F83130984756
:1004100095F82830013C0133DBB2052B28BF0023BF
:1004200014F0FF0485F82830E1D138BDA83500204C
:10043000094B0A4AC3F800230132C3F80C230132E6
:10044000C3F818230132C3F820230132C3F81C2358
:100450000132C3F81021704700A00850040000804A
:10046000074B0022C3F80023C3F80C23C3F818235A
:10047000C3F82023C3F81C23C3F81021704700BF22
:1004800000A00850844641EA000313F0030359D149
:10049000403A33D3F0B4F0C9F0C0F0C9F0C0F0C9AD
:1004A000F0C0F0C9F0C0403AF5D2F0BC26E0403AC6
:1004B00024D300BF0B6803604B6843608B68836084
:1004C000CB68C3600B6903614B6943618B698361CE
:1004D000CB69C3610B6A03624B6A43628B6A8362B6
:1004E000CB6AC3620B6B03634B6B43638B6B83639E
:1004F000CB6BC36340304031403ADBD230320BD358
:100500000B6803604B6843608B688360CB68C36093
:1005100010301031103AF3D20C3205D351F8043BAD
:1005200040F8043B043AF9D2043208D0D2071CBF89
:1005300011F8013B00F8013B01D30B8803806046B2
:10054000704700BF082A13D38B07B0D010F0030305
:10055000ADD0C3F10403D21ADB071CBF11F8013B75
:1005600000F8013BA3D331F8023B20F8023B9EE7A1
:10057000043AD9D3013A11F8013B00F8013BF9D212
:100580000B7803704B7843708B78837060467047AC
:10059000014B1B681B68184718010020014B1B68A2
:1005A0005B68184718010020014B1B689B681847BF
:1005B00018010020014B1B681B6918471801002017
:1005C000034B1868034BC01A18BF0120704700BFC7
:1005D00018010020D805010095660100A166010000
:1005E000A5660100AD660100B166010053B94AB9C4
:1005F000002908BF00281CBF4FF0FF314FF0FF302B
:1006000000F00CB8ADF1080C6DE904CE06F064F80A
:10061000DDF804E0DDE9022304B07047704700BF55
:1006200008B5F0F719FBF5F7BBF9F0F723F900204F
:1006300008BDFFF7C3BDF5F729B9F5F719B902F001
:1006400032BB02F033BB02F033BB02F029BB10B562
:1006500086B0044601A8FFF7B1FD022300202370F5
:1006600005236070A3709DF80430E0706371BDF8DD
:1006700005302071E380DDF80730A36006B010BDBF
:1006800001F07BBF70B50446FCF7B2F901280546BE
:100690001AD1601CFCF7B4F9B0B1A3790020E61DB3
:1006A00063F03F03A371F5F72DFC38B11022002150
:1006B000304605F0CCFF0020257070BD3046FCF7B9
:1006C000B3F90028F2D0F6E70025F4E710B50446A8
:1006D0001022002105F0BBFF04F1100310220021BD
:1006E000184605F0B4FFFCF7B9F90020F5F70AFC4D
:1006F00020B12046FCF798F9002010BDFCF778F9EE
:100700000028F6D0F8E710B50446FFF7EBFDB0F58A
:10071000007F09DA10F5007F08DD031EB8BF033340
:100720009B100020237010BD7F23FAE76FF07E033B
:10073000F7E78178008802F06FBA0078003818BFB8
:10074000012001F0F7BE37B505460C4600880DF1D3
:10075000060102F00CF82B882380BDF80630638078
:1007600003B030BD38B505460C46F0F789FA30B114
:100770003E2D04D12046BDE83840F0F7C5BA38BD5B
:1007800037B504462046F6F7CFF8022805460FD0C5
:1007900004280DD123788A2B0DD0942B21D020460C
:1007A00000F038F8A1782078FFF7DCFF0028E9D0C6
:1007B000284603B030BD05213E20FFF7D3FF0028B7
:1007C000EDD1E37801A92279684643EA0223ADF826
:1007D000003002F0ADF90028D4D053210820F0F702
:1007E0000DF81A213E20FFF7BDFF0028D7D163790D
:1007F0006946A27901A843EA0223ADF80430112327
:100800008DF80630F5F72CF80028BBD06521E5E718
:1008100003F090BA10B503780446813B1B2B43D8F4
:10082000DFE813F0430049005500590063007B00E6
:1008300081001C0075004F008F0095006F0085003F
:1008400089009B00A900C300CE00DC00E20001018A
:1008500007010D0113014200FB00F5002920F0F70C
:1008600053FA30B13E232370222363702923A370EF
:100870001AE00A20F0F748FA3E23237018B11F232C
:1008800063700A23F3E70123A37013236370E379F2
:1008900003F00103E371D4F81A30C4F80E30E38B8F
:1008A000638294F82030237510BD3E230370042327
:1008B00043701423DBE73E2303700A2343700323B2
:1008C000D5E73E2303700D2343700523CFE70523AF
:1008D0002370042307E05A20F0F7D2F908230028F8
:1008E000F6D05A2222706370DEE75B20F0F7C8F979
:1008F00018B15B2323700623F5E73023237003230D
:10090000F1E73E2303700B2343700723AFE73E2339
:100910000370062343700C23A9E713230370837825
:100920009B000133DFE7572303700223DBE73E23FD
:1009300003700D239BE73E230370012343701123B3
:1009400095E73E2303700623437012238FE73E236F
:10095000037009234370132389E73E230370242087
:10096000F0F7D2F918B12423A3701423BBE70E23A8
:10097000A3701023B7E73E2303702520F0F7C4F9D6
:10098000227B20B125230B32A37062708CE70F23EA
:1009900004F10B0104F10800A37002F10803023214
:1009A0006370BDE8104005F03BBE3E230370262077
:1009B000F0F7AAF918230028D6D02622A27092E7D1
:1009C0003E2303702A20F0F79FF918B12B236370A0
:1009D0002A234CE71D236370192348E73E23037045
:1009E000072343701A2342E73E2303703820F0F7B1
:1009F0008BF918B13823A370262374E72C23A37036
:100A000020236370E38A03F00F03E3824CE7FF23A4
:100A100003700D234370802329E7FF2303702923EC
:100A20004370812323E73E2303700C234370232369
:100A30001DE73E2303700E234370372317E73E2341
:100A400003700A234370352311E73E230370FE230E
:100A500043702B230BE708B510B96FF0150008BDE4
:100A6000FFF7D6FE0028F8D00020F8E710B50C46B6
:100A700048B141B1FFF784FE002820700CBF6FF031
:100A80002200002010BD6FF01500FBE7F8B5941CA4
:100A90000E46054617460C446343B3F5004FA8BF06
:100AA0004FF0FF3310F003019CB203D0B0211420AB
:100AB000EFF7A4FEB4F5004F01D9B121F7E71422F6
:100AC000043005F0C4FDEF746C802E80F8BD38B59D
:100AD0000388C4888B420589C4F30E0203D2D12156
:100AE0001420EFF78BFE84EA0503C3F30E030BB962
:100AF000AC4206D102F118030122C152827418449B
:100B000038BD1846FCE7023101444A43B2F5004FB4
:100B1000A8BF4FF0FF3290B21B3020F00300B0F5B9
:100B2000004F34BF00B24FF0FF30704740881B3099
:100B300020F00300B0F5004F34BF00B24FF0FF309B
:100B400080B2704738B503888B4203D2F721142056
:100B5000EFF754FE857C65B1C388C3F30E031833E9
:100B6000C25A8A4207D3C152811DF0F7DDF8002333
:100B70008374284638BD0025FBE703461830F0B5DE
:100B80009E88DD88B4B2C6F30E06A54214D05F89F4
:100B9000DD7C845B3D44E41B0235A4B2354428442B
:100BA0000D88A54284BF0C8025465989B1FA81F190
:100BB00049091170DD81F0BD00252846FAE7F8B536
:100BC00082880026C38904460D4692B20E60CBB1DE
:100BD0004189C2F30E020B4418329BB28718825A25
:100BE0004381934204D94FF4A2711420EFF706FE1B
:100BF00004D1011DF0F798F846812F6000230120F1
:100C0000E381F8BD1846FCE78388014602899BB260
:100C10009A4202D00831F0F787B870478388C088BD
:100C20009BB2C31A584258417047828873B595B237
:100C3000C488C2F30E02AC4202F1180212D04189FC
:100C4000C689835A314499420EDB0DF10601ADF895
:100C50000650F0F769F8BDF80600001B18BF012028
:100C600002B070BD0020FBE70120F9E770B5C48831
:100C7000034606891830C4F30E0584EA0602C2F35F
:100C80000E020AB9B4420FD19C891A880CB1465B96
:100C9000921B914207DCDA7C2C440232224410443D
:100CA0000A461A8270BD00221046FAE7F8B5038A98
:100CB000002B38D08B4236D3C48800F118038589C5
:100CC000C4F30E041E1995B91D55757085891E5BF8
:100CD0000D443144ADB285811953D2B1811DF0F775
:100CE00023F800238381002303820120F8BD1E5BCB
:100CF000AE4204D04FF4F6711420EFF77FFDC57CAF
:100D00002644878A023535445E195F53857DB57068
:100D1000DCE7C27C254402322A4499189B5A83821C
:100D20008B788375DFE70020E0E78388C2889BB279
:100D30009A4206D0428922B9C3F30E0318331844ED
:100D4000704700207047C37C0233C8187047C37CCB
:100D50000233C81A70470230704738B58388C2889A
:100D60009BB29A4207D045892DB9011DEFF7DCFFF0
:100D7000C581012038BD0020FCE703881380C388AB
:100D8000C3F30E031833034480890B607047036874
:100D9000002223B9C0E90132031D0360704759687E
:100DA0001B680A44F5E70729034670B504D84FF4D9
:100DB000EC711520EFF722FD0068C0B144680646CB
:100DC0001A688C4210D0106860B901F10805AC4275
:100DD0000DD3546850501868651A5418006865603F
:100DE000505002E01346E9E7146830461C6070BDBD
:100DF0000023C1E9003203680B600160704730B521
:100E000090B18478B1FBF4F304FB131300EB4302BD
:100E100052898A4201D1D8B230BDC27822B900F1DC
:100E20000803D0B2844201D8FF20F5E733F8025F0F
:100E300001328D42F5D1EFE78278038805324B43CA
:100E400003EB42031844704737B500240546CDE94B
:100E500000448DF806006846ADF80440F0F744F908
:100E6000BDF8044008B103B030BD29462046F0F774
:100E700017F90028EFD040F235211720EFF7BEFC1C
:100E800070B51E460D460921FFF73DFE0446324669
:100E900009212846FFF737FE40EA04031B0454BF2C
:100EA00000194FF0FF3070BDD31D23F0070370B55C
:100EB000083390B110F0070403D058212220EFF737
:100EC0009DFC04604FF6FF75C28000F108040A46DD
:100ED0008180013A92B2AA4203D103FB01F00830AB
:100EE00070BD0668266004601C44F2E718B1C28831
:100EF0008188FFF7D9BF70470346EFF3108272B6BF
:100F0000006830B10168196000230370437083707A
:100F1000C37002B962B67047EFF3108372B602680D
:100F20000A60016003B962B670470123037070471D
:100F3000F8B50C46054611461E4684F001046400CF
:100F4000E4B2FF23837003191B7D012B05D001340C
:100F5000E4B203191B7D012B0AD105EB44073B8B3F
:100F60003A8C9819904205DD00232C443B8323756D
:100F70000020F8BD05EB8404324660681844FFF792
:100F800081FA3B8B1E443E830023AB700120F0E7C7
:100F900081F00101490010B5C9B2FF2383704318E5
:100FA0001C7D012C07D10C3120F8112002221A756A
:100FB0000023837010BD0131C9B243181C7D012C80
:100FC000F1D04FF499710920EFF718FC024630B5C3
:100FD000837803F0FF00F3B9137D022B19D0537D02
:100FE000022B15D10346012089B10024D5180C33FA
:100FF0002C7522F81340131803241C7502EB800390
:101000005B680B6000F10C0332F813308B80012019
:1010100030BD0123E8E70020FAE7034630B58278C7
:1010200002F0FF00E2B99A7D022A17D0DC7D022C83
:1010300013D1032281B11D1900200C34287523F827
:10104000140098180324047503EB82000C324068E6
:1010500033F8123008608B80012030BD0324E9E7AB
:101060000020FAE7037D012B01D1008B7047437DFF
:10107000012B0CBF408B00207047837D012B01D1D9
:10108000808B7047C37D012B0CBFC08B0020704745
:10109000838B23B9C08B003818BF01207047012013
:1010A0007047027D022A01D1008B7047437D022BDD
:1010B00001D1408B7047032AF6D0032BF9D00020D2
:1010C0007047827D022A01D1808B7047C37D022B3D
:1010D00001D1C08B7047032AF6D0032BF9D0002032
:1010E00070472DE9F0410646069898460D4643079D
:1010F00011469DF81C7002D010F0030003D025218A
:101100004C20EFF77BFB4FF48B72FFF7CDFE002FE7
:1011100006AB044600FB08F114BF00201846EFF7A9
:1011200025FE17B9069B33602C60BDE8F081F0F70F
:10113000C1B9F0F71BBA012807D1487900F0C00007
:10114000A0F14003584258417047002070470B46B9
:10115000812203F8032BB0F80920A1F80320C27AFA
:101160009A70704740F2BD21322008B5EFF746FB78
:1011700013B503460C4690F8DE2002F0FF0032B1B2
:10118000A3F1360000F007FC8F230420237002B087
:1011900010BDF8B50E46044620B940F206313220A3
:1011A000EFF72CFB437A4789002B46D1036DD0F82B
:1011B0000E20C3F8AD20428AA3F8B120437B026D14
:1011C00003F0FD03003B18BF012382F8AC3094F814
:1011D000545094F8A6302BB194F8A7301D43002347
:1011E00084F8A630204600F0D6FBAA0708D025F0E8
:1011F000040500222046114684F8545000F0D3FD27
:101200008822334604F1290103F8032B04F1090273
:1012100052F8040B8A4243F8040BF9D112781A7081
:101220000023B371637AD3B9F4F722FC4B0416D5CB
:101230003846BDE8F84000F0E4BD00213846EFF73D
:1012400019FF10B940F21231A9E70021B0F8AA0045
:10125000EFF726FF0028BAD040F215319FE7F8BD1E
:1012600038B504460D4600F0DDFB94F87030012BD4
:1012700003D094F87030002BF7D13F220021204694
:1012800005F0E5F90722002384F8585084F8492036
:1012900040F2011284F8543084F8A530A4F84A20B2
:1012A000636684F89430C4F8903084F8A63038BD72
:1012B0000023A0F8793180F87B3180F870307047D6
:1012C00008B5F1F723F8FCF7ABF8BDE80840F1F7F3
:1012D00033BA08B5F1F71AF8F1F7A6F9FCF7A0F858
:1012E000BDE80840F1F728BA08B5F1F70FF8FCF7A8
:1012F00097F8032008BD08B5F1F708F8F1F794F95D
:10130000FCF78EF8032008BD90F83E00003818BFA7
:1013100001207047007A003818BF0120704710B5CF
:10132000012104460020EFF7A5FE10B12146FFF78A
:1013300097FF01210846EFF79DFE10B12146FFF708
:101340008FFFBDE81040F2F785BAF1F7ADBF80F826
:101350004910704711F0010318BF012210B518BFE2
:1013600080F87C218C0705D55A1C0224034483F89D
:101370007C41D3B24A0742BFC018032380F87C31B6
:1013800010BD80F85710704710B50446084619463E
:1013900094F84030023B012B0AD994F8400000F049
:1013A000FD000038BDE8104018BF0120F4F7AABDC9
:1013B0000028F2D102F0FD02101E18BF012001F03A
:1013C000ABFF0828E9D0012010BD90F8400000F0E4
:1013D000FD00003818BF0120F4F794BD38B504466D
:1013E0000D4690F8A63003F0FF00F3B994F854309E
:1013F000013B012B18D8042916D1D4F8103123B1A0
:1014000040F6F8113220EFF7F9F9216D11B940F6E5
:10141000F911F7E704F1E80000F060FB84F8A75049
:10142000FF2384F8A630012038BD0020FCE780F8B7
:101430004010704701F0FD0380F85510B3FA83F3B4
:101440005B0980F84A30704710B5044608461946D3
:1014500000280CBF0123002384F8560084F84B3089
:101460004FF0080384F84C3008D102F0FD02101E42
:1014700018BF012001F050FF84F84C0010BD08B5E2
:1014800022B940F63F213220EFF7B8F980F85A1020
:101490001368C0F85B30938890F84120A0F85F3063
:1014A000036D83F8B320D0F84220C3F8B420B0F81D
:1014B0004620A3F8B82008BD2DE9F041D0F8C85067
:1014C0009DF81840954233D190F840208A422FD1A0
:1014D000002690F845C104F0020E32463146F5B2BE
:1014E000AC4506D204F00500431A58425841BDE805
:1014F000F081471997F87C71A7F10308B8F1010F43
:1015000011D841F00401BEF1000F0ED100EB8505AA
:1015100053F822700136D5F8CC501635BD4207D1AC
:101520000132D2B2DBE73943F0E70132D2B2EDE764
:101530000020DCE7012938B5044601D1F1F774F841
:1015400094F8543004F16C0513F0030F02D02846D0
:10155000F2F728FA2846F2F7D3F92046BDE83840DA
:10156000FFF7A6BEA03001F034BC10B5012104463F
:101570000020EFF77FFD20B940F6CB213220EFF7B6
:101580003DF9637880F85430227812F001031CBFD3
:10159000012180F87C11520742BF1B18032283F8F7
:1015A0007C21A37880F84030E178FFF743FF23796E
:1015B00080F84930637980F8573010BD10B5044683
:1015C0006C30F2F7EFF92046BDE81040FFF770BE2F
:1015D00008B501210020EFF74DFD20B940F64A3152
:1015E0003220EFF70BF990F89400003818BF012073
:1015F00008BD082970B50646154608461C460CD09D
:101600001946F4F7C3FE18B9C3213320EFF7F6F8F3
:10161000237843F00203237070BD737C23707368DA
:101620001A682A609B88AB80F6E7036863B1EFF322
:10163000108272B603681968016002B962B60022AE
:101640001A705A709A70DA707047333070471FB54D
:10165000002403949DF9204002949DF81C400194BD
:101660009DF818400094F1F7D1FE04B010BD1FB5ED
:1016700003939DF91830CDE90123FF230422009341
:101680000023F1F7C3FE05B05DF804FB18B1407B01
:10169000FF3818BF0120704770B5037816460C4616
:1016A0000546C3F380134B7402F0C6F8062EA074EF
:1016B00007D8012303FA06F212F0550F06D19E4215
:1016C00012D000236370C4E9013313E06370EB1C94
:1016D00063600023A3606B78063B13F0FF030AD01E
:1016E00009352374E56070BD03236370EB18093579
:1016F0006360A56000231D46F3E738B50D46C17849
:10170000044611F03F0105D128462822BDE83840A3
:1017100004F09DBF0378C3F380136B7402F08CF860
:10172000A87423796B70E078830900F03F002B7078
:10173000227912F001011ABF611D0B230523696094
:1017400012F002011CBFE1180633A96018BFDBB21A
:10175000510744BF0133DBB212F008011CBFE1188E
:101760000233696118BFDBB212F010011CBFE1182F
:101770000333A96118BFDBB212F020011EBFE118CC
:101780001233DBB212F04002E96100F104011EBF26
:10179000E2180133DBB22A62C91A11F0FF0114BF4B
:1017A000E2180A466A626278013A121AD2B22A74C0
:1017B0001AB10B441C44EC6038BDEA60FCE70278C7
:1017C00002F00F02072A01D1FFF797BFFFF764BFAE
:1017D00008B5D0F8E830D21A04D540F28A31212079
:1017E000EFF70CF8D0F8C800B2FBF0F008BD022803
:1017F00008B511D006D8012810D040F217119E204C
:10180000EEF7FCFFC31E012BF7D8032840F2BE20E1
:1018100008BF4FF4D26008BD6020FCE74FF4BC70F5
:10182000F9E770B50D4606460846FFF7E0FF0446A7
:101830002846FCF799F800F522434FF47A728C346D
:10184000B133A4B2B3FBF2F31819D6F8103113B1C7
:10185000012D08BF400070BD002110B50B4690F867
:101860004541CAB2944205D2D0F8C800C31A5842C2
:10187000584110BD00EB820216330131D2F8CC2062
:101880001344EEE72DE9F0411E46D0F810318046B2
:1018900017462BB1FFF7E0FF0130C0B2BDE8F08181
:1018A000D0F8C8400725A4FB0545FFF7D5FF50B188
:1018B000D8E92C23A41845EB0303A74276EB0303D6
:1018C0000AD20320EAE7D8E93032E41845EB0205F2
:1018D000A74276EB050501D20220DFE70120DDE714
:1018E0002DE9F041044604F059FA0746884620469F
:1018F000D4E92C23FFF7C6FF064604F0A3FA182804
:10190000034603D800263046BDE8F081421CD4E9E6
:10191000361513D04218AA42D4E92A2028BF6B1AE0
:10192000D21B60EB0800012A70F100054FF00005A2
:101930002FDB9342854100DB13465D186D1A41F29F
:1019400088339D4228BF1D4604F028FAC7F13203B0
:1019500003449D42D6D33146284604F09DFA0646FC
:101960000028CFD004F01EFAD4F8E020D4F8D83004
:10197000A818D4F8DC202B44C4F8E0009342C4F843
:10198000D83003D1D4E93A23C4E9302304F008FA6B
:10199000B9E72B46D1E738B5044690F8143103F087
:1019A000FF0083B3FF2384F8153104F58C752846B6
:1019B00004F019FA284604F5A47504F020FA284624
:1019C00004F011FA284604F01AFA00212046FFF725
:1019D000B1FD94F8163104F1E805ABB1D4F8083143
:1019E000E3B12846F6F756F8002384F8153194F849
:1019F000160110F0FF0018BF0C2084F81631C4F84F
:101A0000103184F8143138BDD4F8100130B1D4F855
:101A100008311BB900F5F070F5F7CCFF2846F5F753
:101A2000C9FFE1E790F814310BB1FFF7B4BF70477D
:101A3000FFF7F8BF90F86C00003818BF012070471E
:101A4000D0F810310BB1FFF7A6BF0C207047F8B5E6
:101A500006460F4690F8153103F0FF04002B39D1EC
:101A600004F09CF9054696F87801062F2AD8DFE89D
:101A700007F0043333222E333300FFF7B8FE00F1B2
:101A80009804A4B2D6F8B020D6F8D830AD1A8C3B62
:101A90002544AB428CBF012400240AD83046FFF70E
:101AA0001FFF30B1D6F8D8408C3CA5422CBF002493
:101AB00001242046F8BD0338012898BF282404F5E6
:101AC0005774DFE74FF44B712120EEF797FE40F299
:101AD0000124D7E70024ECE70124EAE7F8B50D4636
:101AE000064601F5F0770021D5F8E801F5F7B8FFD3
:101AF000B042044606D18268D5F8E8319A4213D242
:101B0000816989B121463846F5F772FF00233362B7
:101B10002CB194E80E005B1842F1000201E00023B2
:101B20001A46C5E97832F8BD9A422CBFB260B3605C
:101B3000F2693762002AF2D00ECAECE72DE9F041D3
:101B4000044688B0052900F2C980DFE801F0035B94
:101B5000716CC79090F8153103F0FF064BB101216D
:101B6000FFF7E8FCFBF7B8FC08B0BDE8F041FDF773
:101B70004FBE04F0BFF902460B4607468846C4E94B
:101B80002C012046FFF724FE94F845110294059697
:101B9000E1B1D4F8E850D4F8C8207B1BB3FBF2F3D2
:101BA00002FB035533467D1BDAB2013304EB82029C
:101BB000D2F8CC2002F1160CAC459EBF163D013682
:101BC000AD1ADAB298BFF6B29142EDD2B4F87A31DA
:101BD00084F84461C3F30C038DF81860ABB1D4F8FA
:101BE00040310020039303238DF810308DF8190045
:101BF00002A8F1F745FBD4F8D8008238C4F8E00019
:101C000004F0CEF808B0BDE8F081B0FA80F03A46B2
:101C1000434640098DF810002046FFF7D9FD0038F3
:101C200018BF0120E2E708B0BDE8F041FBF7F8BDBE
:101C3000B0F87A31C3F30C030BB1FFF7BFFC0022FD
:101C4000012302A920460092F1F73CFF58B102A9F6
:101C500004F58C70FDF7F0FD0028D3D140F27371CC
:101C60002120EEF7CBFD2046F1F75EFBCAE790F8A6
:101C7000153123B108B0BDE8F041F1F715BBB0F85C
:101C80007A31C3F30C0323B390F87831033B012B73
:101C9000F0D890F87031002BECD1012180F8701150
:101CA00044F2365004F0F8F80028E3D004F07AF853
:101CB000D4F8D83044F236500344C4F8D830D4F8BD
:101CC000E0301844C4F8E00008B0BDE8F04104F08A
:101CD00067B8FFF705FE002894D1CBE74FF4E57114
:101CE000BEE730B5044689B00D4690F8142102F0E5
:101CF000FF0322B140F267212120EEF77FFDFF2292
:101D000080F8142180F8153180F84431FFF7A4FDE4
:101D1000D0B994F845110346C2B291420CD2C4F82E
:101D2000F0300122002302A920460095F1F7CAFEF7
:101D300068B94FF41F71DFE704EB820216330130FC
:101D4000D2F8CC201344E7E741F28833E7E702A951
:101D500004F58C70FDF770FD10B940F27D21CBE7E2
:101D600009B030BD38B504460D4690F8143123B1A2
:101D70004FF423712120EEF741FD11B940F28D217E
:101D8000F8E7F1F743FEC4F810516B7B03F0FF0155
:101D900013B140F29321EDE784F816112046BDE817
:101DA0003840FFF79EBF38B504460D46F1F72EFECA
:101DB00029462046BDE83840FFF793BF10B50446DA
:101DC00088B090F8152102F0FF039AB91A4602A9CB
:101DD0000093F1F777FE50B102A904F58C70FDF77E
:101DE0002BFD38B940F25A712120EEF707FD20464D
:101DF000F1F79AFAFBF770FB08B0BDE81040FDF769
:101E000007BD10B50E21EFF7F9F8044618B95E21A9
:101E10005320EEF7F3FC4FF4BA72002104F017FCE4
:101E20000123142284F8F33084F8F42084F8173165
:101E300010BD002070470020704770470120704798
:101E40007047002070477047002070477047704708
:101E500000EA400000EA400000EA400000EA4000DA
:101E600000EA400000EA4000B0FA80F04009704704
:101E700008B5034610468B4209D03AB183EA010007
:101E800002F068F901288CBF0020012008BD012064
:101E9000FCE737B5002304460D46CDE9003368461C
:101EA000EFF722F930B10023CDE9003302238DF89A
:101EB000063014E0009B2A462046D3F8CC10FFF7EA
:101EC000D7FF0028EBD0012003B030BD009B2A468D
:101ED0002046D3F8CC10FFF7CBFF0028F3D168469B
:101EE000EFF702F90028F1D00023CDE900330423F5
:101EF0008DF8063007E0009B2A4620461968FFF758
:101F0000B7FF0028DFD16846EFF7EEF80028F2D0DF
:101F10000023CDE9003305238DF8063007E0009B50
:101F20002A4620461968FFF7A3FF0028CBD1684650
:101F3000EFF7DAF80028F2D00023CDE900330923C7
:101F40008DF8063008E0009B2A462046D3F8BC11E5
:101F5000FFF78EFF0028B6D16846EFF7C5F80028D6
:101F6000F1D00023CDE900330B238DF8063008E0D3
:101F7000009B2A462046D3F8E410FFF779FF00289B
:101F8000A1D16846EFF7B0F80028F1D000224FF455
:101F90004023CDE900236846EFF7A6F858B10023A7
:101FA000CDE900330A238DF806306846EFF79CF838
:101FB00058B1002088E7009B2A462046D3F8E41059
:101FC000FFF756FF0028E6D07DE7009B2A46204613
:101FD000D3F83C11FFF74CFF0028E6D074E770B54A
:101FE00023260025F4F7FEFD0446F2F7E5F820B1BC
:101FF00000212046FFF74DFF50B10020013E01D0E7
:102000000028EFD04DB940F215210F20EEF7F6FB76
:1020100020462546F2F706F9F0E7284670BD00F0A5
:10202000FD00003818BF012070478207034607D41F
:1020300010F0010005D113F0040018BF0320704711
:10204000022070478207034607D410F0010005D133
:1020500013F0040018BF03207047022070476FF48C
:102060005063C318062B8EBF40F2E243A0F55060C8
:102070004FF47A735843704720B190F862020038E9
:1020800018BF012070472DE9F0411646B0F86A707C
:10209000B0F86C5071B303F02DFC0446022101F03E
:1020A000CAF980460221204601F0C5F9474528BFFC
:1020B0004746BFB21B2F38BF1B27FB2F28BFFB276C
:1020C000854228BF05467780ADB21B2D38BF1B2542
:1020D000FB2D28BFFB25B4F5A47F38BF4FF4A474B3
:1020E000F580B4F5296F28BF4FF42964B48034819A
:1020F000BDE8F08102F05AFECFE7002307B5CDE935
:10210000003303238DF806306846EEF7EDFF08B183
:10211000002004E0009802F000FF0028F4D003B093
:102120005DF804FB13B501210020EEF7A3FFC0B951
:1021300001210846EEF79EFFF8B9FFF7DEFFA0B9D0
:1021400006236C46019000908DF806302046EEF78D
:10215000CBFFC0B100230093636007238DF80630E6
:102160001FE0A830FFF766FC10B1012002B010BDDF
:10217000FFF72EFA0028DBD0F7E7A830FFF75AFC6C
:102180000028DAD0F1E70098403002F055FC002832
:10219000DCD0EAE7009B586F503002F04DFC00287D
:1021A000E4D12046EEF7A0FF0028F3D00020DDE7C1
:1021B0001FB5002240F6881303A90092FBF71AFF0F
:1021C00005B05DF804FB10B5044638B1F3F75AFCCE
:1021D00024EA0000B0FA80F0400910BD0120FCE7BD
:1021E00038B5044603F017F8D8B1204602F095FE42
:1021F00008B9002038BD204602F0A8FD054620465B
:1022000002F0A7FD78B9002DF3D00221B5F8AA009D
:10221000EEF746FF0028ECD041F6D6213920EEF744
:10222000EDFA4220E6E70C20E4E7F0B587B005467A
:10223000008802A901F065F9044600287CD1029BC0
:1022400093F87021029ED11E4A424A418DF8062021
:1022500096F8A820002A72D1DA7B222A72D19DF842
:10226000062082F0010293F862308DF807209B0669
:1022700003D49DF80730002B68D0EB881B3B9BB242
:10228000E02B65D8298944F24810A1F5A4739BB2CC
:1022900083425DD86B881B3B9BB2E02B58D8AA8841
:1022A000A2F5A4739BB2834252D8B1F5296F51D8DD
:1022B000B2F5296F4ED8FF2786F82F719DF80630AA
:1022C000002B41D1029B03AA06F1A80093F8A810A5
:1022D000B1FA81F14909FFF7D6FE6A88BDF81230DC
:1022E00040F64800BDF814109342B5F806C028BF68
:1022F00013468142AA88A6F8343128BF0146BDF8AA
:102300000E30634528BF6346A6F83031BDF8103063
:10231000834228BF03462889834228BF03468A4256
:10232000A6F83231134628BF0B46A6F8363186F898
:102330002E71002386F82F31204607B0F0BD1A68B1
:1023400092068CD422468EE73A24F2E71A24F3E769
:102350001224F1E71124EFE710B50446FFF7CDFE94
:1023600058B901210020EEF785FED0B901210846B9
:10237000EEF780FED8B9012009E0F3F73BFB68B126
:10238000F2F7C6F9044603F07AF808B1002010BD50
:10239000204603F070F80028E3D0F7E7002CE0D1E6
:1023A000F4E7A830FFF746FB0028DFD0EEE7A830BF
:1023B000FFF740FB80F00100C0B2E8E7006890F84A
:1023C000A8303BB190F8EA3123B1002380F8EA311C
:1023D000F6F7A8B9704710B503780446012B01D968
:1023E000122010BDFFF79EFE60B92078FFF717FEA0
:1023F00001280DD004F11703E21D611CBDE8104057
:10240000F3F718BFF3F7A8FF0028EED00C20E8E799
:10241000A37903F0C003C02BE2D1EBE710B503783A
:102420000446012B0AD8FFF77DFE48B9214611F872
:10243000010BFFF7F4FD00F060FF38B9122010BD6A
:10244000F3F78AFF0028F1D00C20F8E70020F6E728
:1024500008B50088F3F786FF00280CBF3020002065
:1024600008BD38B50546FFF75DFE044638B9287843
:10247000003818BF0120F3F769FF204638BD0C2053
:10248000FCE708B5FFF74EFE18B9F3F74FFF002041
:1024900008BDF3F761FF0028F7D00C20F8E7082308
:1024A000037000207047112243F239030270C2709A
:1024B0005922A0F801308280C38000207047082193
:1024C00008B5EFF727F8002008BD73B50646008869
:1024D0000C46088001A980B201F013F8054640B906
:1024E000B3784BB9019B93F92801A070FAF71EF954
:1024F000A070284602B070BD7F20FFF759FEF4E7B8
:1025000010B504466FF07F00FFF752FEFAF70EF9A0
:1025100020707F20FFF74CFEFAF708F9607000206A
:1025200010BD0A4600F1100108B5072303F0C6FFED
:10253000002008BD012138B505460846EEF79AFD92
:1025400020B940F2EF713920EEF758F9A830FFF7C3
:1025500071FA044620B92846F1F798FD204638BDA7
:102560000C20FCE710B5014604460020F3F7B0FC50
:1025700008B92060A080002010BD10B50446F3F714
:1025800009FA28B900202146F3F78AFC002010BD83
:102590000020FFF7E1FE0028F4D10C20F7E710B58A
:1025A00004460120FFF7D8FE28B101202146F3F7A9
:1025B00077FC002010BD0C20FCE7FFF736BE1FB5EE
:1025C00002880A8044F2902183888B4215D8B3F5A3
:1025D000296FADF80420428801A828BF4FF4296371
:1025E000ADF80620ADF80830ADF80A20ADF80C3093
:1025F000FFF71BFE05B05DF804FB1220FAE737B5C4
:1026000008800D4601A900F07CFF044640B90198FE
:102610002A4610F8A81FB1FA81F14909FFF733FDE6
:10262000204603B030BD03466FF06F0100200A2240
:1026300010B56FF00404587099701C70DA701C713A
:1026400058719971DA7110BD10B50446FFF76AFD33
:1026500058B92078611CFFF7E2FCE279F3F7E2FF5A
:1026600080F001004000C0B210BDF3F775FE0028F5
:10267000EFD00C20F8E773B500880D46088001A95B
:1026800080B200F03EFF044680B9019E86F82241E8
:1026900096F82001F1F724FDA87096F82101F1F7D2
:1026A0001FFDE87096F82231002BEFD1204602B0D2
:1026B00070BD1FB5044603A9008800F022FF38B999
:1026C000A388022B14D8E078FFF77DFD10B9112004
:1026D00004B010BDA078FFF776FD0028F7D00123E5
:1026E00003A80093A388E278A178F3F7F9F9EFE75C
:1026F0001220EDE737B58378C17803F00104027941
:1027000003F0020351EA04051DD052EA03051AD072
:10271000002C18BF0021002B037818BF00228DF871
:1027200002108DF80320427843EA0223ADF800300E
:1027300043798279684643EA0223ADF80430FFF713
:10274000B8FF03B030BD1120FBE707B503788DF863
:102750000030437868468DF801300023ADF8023030
:10276000ADF80430F2F778FB03B05DF804FB13B565
:102770000C4601A900F0C5FE28B9019B93F8A820DA
:10278000DB8812B9238002B010BD0133FAE72DE9CE
:10279000F04186B00446008805A900F0D4FE064644
:1027A00020B9059D95F8A83023B11126304606B012
:1027B000BDE8F08106230DF1130105A805F1A80677
:1027C0008DF81330FFF743FBA2889DF813101046D5
:1027D000FFF745FCD5F8C83067899842A0890CBF3F
:1027E000B5F8DE300123874201D91226DEE7CDE9B4
:1027F0000131238930460093E3886188F1F744FD75
:102800008046002844D095F85A3203F0FF06002B8A
:1028100040D1A088FFF723FC074605F1E80001F04E
:102820006AFB16308742C0D30D21B5F8AA00EEF737
:1028300021FCFFF721FC78BBA3886FF4506213449E
:10284000062B8ABF40F2E2436423B046BB42CCD29F
:10285000B8F1000F05D0B5F8201140F202229142E4
:102860001AD1A5F84632C5F84C72E279A37943EA49
:102870000223A5F85032237A627A43EA0223A5F8AC
:102880005232002385F85832FF2385F85A328DE7FB
:1028900030268BE73A2689E70C2687E713B50446EE
:1028A00000F04EFD00284DD02046FF24F3F734FF02
:1028B0000023CDE900336846EEF716FC48B3002448
:1028C0004FF44033CDE90043FF246846EEF70CFC9B
:1028D00018B300204FF48023FF24CDE9000368469D
:1028E000EEF702FCE8B100214FF4C023FF24CDE94C
:1028F00000136846EEF7F8FBB8B100224FF420232E
:10290000CDE900236846EEF7EFFB90B1002002B05E
:1029100010BD009B83F83D42CDE7009B83F88A40C1
:10292000D3E7009B83F83440D9E7009B83F8344019
:10293000DFE7009B93F83820032AE3D1FF2283F8D6
:102940002220DFE71220E2E707B5008801A900F0A6
:10295000FAFD30B9019B93F83F2112B9FF2283F8A9
:102960003F2103B05DF804FB10B50446F3F780F88F
:1029700020600020616010BD73B5054601A9008884
:1029800000F0E1FD064620B9019C94F8A8301BB187
:102990000C26304602B070BD94F88A3203F0FF0670
:1029A00033BB94F86230DB0724D5D4F8A430002B75
:1029B000EED1D5F8023004F51C72C4F88032D5F897
:1029C0000630C4F884326B89A4F8883205F10C0310
:1029D0001C3553F8041BAB4242F8041BF9D10C21FF
:1029E00004F51770EEF796FDFF2384F88A32D0E7DE
:1029F0003A26CEE71A26CCE730B589B0034600F177
:102A000018056A461868083353F8041C1446AB428C
:102A100003C42246F6D11868022320606846ADF848
:102A20001C30FFF7A9FF04461E220021684603F070
:102A30002FFE204609B030BD37B50446F1F768FED9
:102A4000054623781F2B18D8C16C04226846EEF780
:102A500063FC22460021E86C12F8013BFEF768FA9D
:102A600068B1EC6C2046FEF708FB002102462046C8
:102A7000FEF78EFA002003B030BD1220FBE70720DE
:102A8000F9E737B50446F1F743FE054623781F2BD7
:102A900018D8C16C00226846EEF73EFC22460121A0
:102AA000E86C12F8013BFEF743FA68B1EC6C204683
:102AB000FEF7D8FA012102462046FEF769FA002007
:102AC00003B030BD1220FBE70720F9E773B50546D8
:102AD0000026F1F71DFE04468DF8046002F0D3FCD9
:102AE0002B78C0018DF80760012BADF8050005D1EA
:102AF00001A92046F1F72AFF02B070BD2BB920468C
:102B000002B0BDE87040FFF76BBB1220F4E710B5D0
:102B1000044634F8020B0880022180B2EEF7AAFACC
:102B200020B12146BDE8104002F09EBE022010BD3B
:102B3000008808B50880022180B2EEF79BFA20B128
:102B40000021BDE8084002F08FBE022008BD37B565
:102B5000044600880D460880092180B2EEF78AFA03
:102B600010B10C2003B030BD0B212088EEF782FAA3
:102B70000028F6D10C212088EEF77CFA0028F0D14D
:102B800001A9208800F0BDFC0028EBD1019B9B8FA0
:102B90006B80E7E737B5044600880880092180B2DA
:102BA000EEF768FA10B10C2003B030BD0B2120887D
:102BB000EEF760FA0028F6D10C212088EEF75AFAD9
:102BC0000028F0D163880BB91220EDE701A9208815
:102BD00000F097FC0028E7D1658842F21072019B53
:102BE000A9B2D3F8C8405143B3F8DE206243B3F82A
:102BF000D04004FB02229142E6D3D3F8C820D3F898
:102C0000C8409442F9D100229D875A63621E0A444B
:102C1000B2FBF4F29A63C7E710B50C460221EEF757
:102C200029FA90B1022C12D804F00102C4F3400436
:102C300080F8EC2180F8EB4112B190F8EA310BB941
:102C4000002010BDF5F76EFDFAE70220F9E712202B
:102C5000F7E710B504460078FF280AD00321EEF705
:102C600009FA58B16378A27843EA0223C3840020AA
:102C700010BDB4F80100F5F781FEF8E74220F7E750
:102C800010B504460078003818BF0120F8F7ACFAF8
:102C90002078003818BF0120F5F730FD002010BD66
:102CA0000620F2F7ADBE0820F2F7AABE02F023BF5D
:102CB00002F00ABE10B5044604B910BD2368984757
:102CC0006468F9E703680BB9016070471A465B68EE
:102CD00013B18A42FAD170478A4218BF51607047D7
:102CE00008B502F002FEF1F7E1FEFEF718FBBDE8C1
:102CF0000840F4F72DBE08B5F4F724FEF8F76CFA97
:102D0000F1F7D4FEBDE80840F0F77CBA08B5F5F756
:102D1000B7FCF6F7CDFB20B140F263119320EDF73D
:102D20006DFD0320BDE80840FEF78EB808B502200F
:102D3000FEF78AF80020FEF787F8EEF75FFAF3F760
:102D400063F8EFF771F920B140F243119320EDF7EA
:102D500055FD08BDFFF7EABF08B5FFF7D7FFF7F746
:102D6000F9F920B14FF4BC719320EDF747FD08BD90
:102D700008B5FFF7B5FF02F0B8FE20B14FF4E871D7
:102D80009320EDF73BFD08BDFFF7D0BF08B5F6F780
:102D9000B7FBF5F7A7FCBDE80840F6F799BB08B507
:102DA00000F07DFAEFF750F90220FEF74DF8002011
:102DB000BDE80840FEF748B808B5F0F759FAFFF744
:102DC0009AFFFFF7ECFF02F092FEBDE80840F3F730
:102DD0009BBD0123038040F2011343807047FBF742
:102DE000CFBD0B46892203F8032BD0F80920C1F888
:102DF0000320427B1A717047012804D1012914BFB6
:102E0000002001207047022801D10229F7E7042998
:102E100008BF04280CBF01200020704738B50D46BC
:102E20000446F2F72FFE2B78002B08BF034684F8E8
:102E300074306B78002B08BF034684F875306B88BC
:102E4000A4F8763038BD37B58B780546046803F0B2
:102E5000070384F819314B7803F0070384F818311D
:102E60002623E37394F8393113BB94F83831012BDE
:102E70001ED094F8213194F81821D91E012998BF49
:102E800004239A42B4F81E3118D194F8202194F802
:102E90001901D11E0129B4F81C1198BF04229042D7
:102EA0000CD10222A4F83A11A4F83C3184F838215C
:102EB000284603B0BDE8304001F0F5B9022094F88F
:102EC0001D2194F81C1100902846F2F709FE0028F5
:102ED000EED04FF46671AE20EDF790FC38B5036884
:102EE00004460D4693F83831012B02D11E21F2F72A
:102EF00071FE2368002083F8380165B1182283F839
:102F0000992009229A7393F84A3093B940F25B41B1
:102F1000AE20EDF773FCDA7B243A072A03D820466B
:102F2000DD7301F0D2F920461821BDE8384001F0E8
:102F3000FCB938BD08B503689A7B22B14FF4E6713D
:102F4000AE20EDF75BFC24229A7308BD034610F017
:102F5000010007D19A0704D413F0040018BF03201E
:102F60007047022070472DE9F34B16460546104680
:102F70001F4646EA0104FFF7E9FF83460846FFF7CC
:102F8000E5FF89464BEA0404DDF8288001900443FC
:102F9000E4B2003C18BF0124F2F774FD064018BFEC
:102FA0005E46F2F76FFD95F8202110EA0901019BBA
:102FB00018BF1946B24214BF3346002388F80030C8
:102FC00095F821218A4208BF00210B4388F801109F
:102FD0000AD1EB88013FFF1A47F6FD73BFB29F424B
:102FE0008CBF002404F00104C6B995F82001F1F764
:102FF00087F803280ED195F83831012B0AD1B5F89E
:103000003C2195F82031012A0AD1042B0AD004234F
:1030100088F80030204602B0BDE8F08B032EE9E7C7
:10302000032BF7D00323F3E7032906D101280AD1A4
:1030300004210120518013807047042903D1012805
:1030400001D00321F5E700207047012807D00228AE
:1030500005D0033801288CBF002001208000704774
:103060007FB50B460468CDE9002118461146F2F7FA
:10307000CFFD94F8206194F82151C3B2C0F307202A
:10308000B34208BF0023854208BF002084F84232C3
:1030900084F8430204B070BD2DE9F0410C68054688
:1030A0000F4694F84222D31E012B2DD894F82031DC
:1030B000D91E012928D8D31A18BF012394F8430236
:1030C000FFF7C3FF06460BBB1046FFF7BEFF804667
:1030D00094F89F306BB948EA060313F0FF0306D05B
:1030E000204601F042F93B68DB8803449BB2A4F818
:1030F0004032B4F840320520AE70EB701B0A85F800
:1031000001802B71BDE8F0810023D7E74FF0000864
:10311000DEE7F7B504680E4605461746E17B71BB4E
:10312000A37B283B022B2CD901A8F2F793FE014682
:1031300028B1019B0DF10301DB788DF80330A07BF2
:103140001622F3F781FD044630B1024616212846C7
:1031500001F0CFF8044609E073785A0709D0B37834
:103160005B0706D031462846FFF76DFE204603B0C8
:10317000F0BD3A463146284601F0E8F8EAE7012476
:10318000F4E72024F2E770B5056802460B46EC7BB5
:10319000A4F12406072E15D994B9AD7B292D11D0A1
:1031A0004D786E0706D08D786D0703D0FFF74BFE84
:1031B000204670BD19781046BDE8704001F0B5B8E2
:1031C0000124F5E72024F3E737B50468A37B242B1B
:1031D00021D14B7813F0070519D08B7813F0070233
:1031E00015D000238DF804508DF80520ADF8063079
:1031F000019AD4F83A11FFF733FF0123002084F835
:103200004A302823A4F84600A37303B030BD00233E
:10321000A4F84232F1E70120F7E738B50368054624
:10322000DA7BB3F84242262A14D184B9DC7393F8CE
:103230003831012B02D12146F2F7CCFC2B68002259
:1032400083F838212846BDE8384001F03EB82922ED
:10325000DA73F7E79A7B282A0ED154B99C7321467A
:10326000F2F7B8FC2B6883F83841002283F84A2033
:1032700038BD29229A73F8E740F2CC51AE20EDF721
:10328000BDFA08B50368DA7B262A05D022B140F2E0
:10329000D351AE20EDF7B2FA2722DA7308BDF2F768
:1032A000B3BD704730B542401C7808785D78604007
:1032B0004C786C409D7820448C786C40DD782044BC
:1032C000CC786C401D795B7920440C7949796C404D
:1032D0004B40204418441044B0FA80F0400930BDFF
:1032E000024600200139C9B2FF2900D17047535C62
:1032F00083F001030344D8B2F4E708B5F2F70EFEF9
:10330000082807D0F2F72CFE082803D0F2F73CFE7D
:10331000012008BD0020FCE708B5F2F7FFFD0828F2
:1033200003D0BDE80840F2F71BBE08BD08B502F0A7
:103330007EFC18B1BDE80840F9F70CBB082008BDB9
:1033400070B503791F2B0FD8461E051D002416F8F3
:10335000010F00F034FF0444AE42E4B2F7D1012C77
:1033600094BF0020012070BD0020FCE70144002331
:10337000884203D1B3FA83F04009704710F8012B5B
:103380001343F5E7F8B505460C46D0E9047602F09C
:1033900034FE18B952212920EDF730FAE4B1D5E90D
:1033A0000423D21B63EB0603012A73F100014FF0E3
:1033B000000113DB6FF001009042994101DA5C21BA
:1033C000E9E7631E1344B3FBF4F35C43E41946F1ED
:1033D0000006C5E904461C462046F8BD0C46FBE73E
:1033E000F8B50C460546D0E9007602F092FDF4B13E
:1033F000D5E90023D21B63EB0603012A73F1000118
:103400004FF0000115DB6FF001009042994103DAA3
:1034100076212920EDF7F2F9631E1344B3FBF4F390
:103420005C43E41946F10006C5E900461C46204607
:10343000F8BD0C46FBE7022905D13C281AD98010BB
:103440000F3880B27047CB1E012B0ED804290BBF5A
:1034500096234FF416731022402203F5BC73984252
:1034600008D9C01A90FBF2F0EBE7702802D9C0101F
:103470000E38E6E700207047022908B5034614D04D
:1034800005D8012909D0E7212920EDF7B7F903393B
:103490000129F8D840F6A66008BD40F6C41040F2F5
:1034A000E242002B08BF1046F6E740F6C410F3E7EF
:1034B000801A723810B58842029C94BF091A491AC2
:1034C0002268012902EB510294BF002001202260F2
:1034D0001A68A2EB51021A6010BD69B1A0F57A72A8
:1034E00041F270739A4207D84FF47A73B0FBF3F04D
:1034F00000F5506080B2704740F2E243B0FBF3F059
:10350000F8E738B50C4600210546EDF7B3FD20601D
:1035100048B902212846EDF7ADFD2060B0FA80F0F1
:103520004009400038BD0020FCE70368587BC0B26A
:1035300093F830302BB900F0FB00003818BF0120A1
:1035400070470020704710B50C46FFF7DAFF38B916
:103550002046FFF7EAFF80F001004000C0B210BD36
:103560000220FCE738B54FF426720D4600210446D0
:1035700003F06DF86FF036020123A4F8AA5084F826
:1035800063200422E37584F864206FF03B0284F822
:103590006A3084F865206F2284F86620032284F85C
:1035A0006720002284F868206FF07F0284F8692089
:1035B0002B2284F86220FE2284F89E207F22E27271
:1035C00038BD40F6B83307B5B0F8D220D0F8C810EF
:1035D0000190838701A8F3F763F803B05DF804FB5B
:1035E00038B54FF444720D460021044603F02FF81D
:1035F0006FF036020123A4F8AA5084F86320042255
:10360000E37584F864206FF03B0284F86A3084F834
:1036100065206F2284F8A83084F86620032284F89D
:103620006720002284F868206FF07F0284F8692008
:103630002B2284F86220FE2284F89E207F22E272F0
:1036400038BD40F6B83307B5B0F8D220D0F8C8106E
:103650000190838701A8F3F723F803B05DF804FB1A
:10366000C2B292FAA2F2030A93FAA3F31B0E100E4F
:1036700040EA03207047013105300022C9B270B51D
:1036800010F8013F8B4216D310F8054C002301259A
:1036900005FA03F626421CBF01F1FF31C9B269B138
:1036A0000133082BF4D10132D2B2052AE8D19B2193
:1036B0004620EDF7A3F8C91AC9B2F4E703EBC2003C
:1036C000C0B270BD0B6870B5C0F8013004460B790C
:1036D0000546461D03F01F0343710023C37215F80E
:1036E000010F00F06CFD6871B542E37A1844E07296
:1036F000F5D170BD81EA114170B58CB20546C17A31
:10370000032682EA0400FFF7ABFF013E00EB001046
:1037100016F0FF0604EB000290B2F4D144402522DB
:10372000B4FBF2F302FB1343C3F3C402D8B203F0B9
:1037300007032A445678012202FA03F31E4207D1F6
:1037400061432846C1F30741BDE87040FFF793BFCE
:1037500070BDF8B590F8225004466B1E242B03D997
:10376000E1214620EDF74AF8DAB1C07D002843D1C7
:1037700094F8243094F8231002FB01322523B2FB85
:10378000F3F103FB1123DBB204EBD30203F00706D2
:1037900084F82430117E0122B240114202D084F814
:1037A0002530F8BDB3FBF5F205FB123304F11C0123
:1037B000013303F0FF0311F8012F9A4219D311F8D6
:1037C000055C0022012606FA02F72F4208D0013BD1
:1037D00013F0FF0304D102EBC00284F82520E0E7D8
:1037E0000132082AEFD10130C0B20528E3D1D72138
:1037F000B7E79B1ADBB2F6E7E28804F11700496AE3
:10380000FFF778FF84F82500CBE7D0F803300B6092
:10381000B0F807308B8070470378890123F04003AC
:1038200001F040010B4303707047037803F07F03FE
:1038300043EAC113037070470078C00970471F2A1C
:1038400038B50546144603D9A8212A20ECF7D6FF3F
:1038500006340930FCF716FE6C7038BD1F2A38B5E7
:103860000546144603D9CA212A20ECF7C7FF0634BF
:103870000930FCF707FE6C7038BD0378024603F090
:103880000F03032B3ED0052B42D1C37F90F82000BD
:10389000034392F82100034392F82200034392F875
:1038A000230000F01F00184333D05378222B2FD170
:1038B000B2F81930B1B1B3F5506F13D940F60751D2
:1038C0008B4225D8B2F81B30B3F5FA7F20D2B2F87C
:1038D0001D0040F676430A3880B298428CBF002023
:1038E00001207047991F40F67A4089B281420FD873
:1038F000917D481E07280BD8994209D2B2F81710BB
:103900009942DEE74078A0F10C03584258417047D5
:1039100000207047C37813F03F035DD007295BD8C0
:10392000DFE801F0040B1E29343F4A55037913F0F8
:10393000010F0CBF002005207047027912F0020031
:103940004BD0052002F00102072902EB420200EBF6
:103950004200C0B241D1021F9A42C8BF0020704746
:10396000027912F0040038D0052012F0020F1CBFBB
:103970000630C0B2E6E7027912F008002DD005202B
:1039800012F0040F1CBF0130C0B2EEE7027912F052
:10399000100022D0052012F0080F1CBF0230C0B268
:1039A000EEE7027912F0200017D0084612F0100F4F
:1039B0001CBF0330C0B2EEE7027912F040000CD019
:1039C000052012F0200F1CBF1230C0B2EEE70279C2
:1039D0005006F5D50620F4E70020704770B50C4678
:1039E000064611461D4624B94FF41F712A20ECF7F4
:1039F00005FFFFF78FFF10B940F27D21F6E7031FA7
:103A00002B443F2B02DD40F27E21EFE72A46214680
:103A10003044BDE87040FCF735BD10B50446FFF7F3
:103A200079FF00B1204410BD30B5C1F38003C1F36C
:103A30008014C1F340052344C1F3001404EB440493
:103A40002344C1F3401404EBC40403EB4403C1F367
:103A500000042C44C1F3C005134404EB44042C447B
:103A600003EB440313F0FF031CBF01330171C17862
:103A700018BFDBB221F03F0103F03F042143C170C6
:103A8000591C41701AB104339B1A013AC25430BD1B
:103A90004378C278013B02F03F02981AC0B27047E7
:103AA000F8B50D46194617460646FFF7F1FF441ACA
:103AB000E4B2BC4228BF3C464DB1F278284602F041
:103AC0003F020432114422463144FCF7DBFC20461D
:103AD000F8BDC378024613F03F0022D0137913F0EB
:103AE000200FC3F3C001C3F3400014BF092200221A
:103AF00013F0100F114403F001020244C3F38000DD
:103B000002EB42020A44C3F3801114BF03230023D3
:103B10000844184400EB420010F0FF001CBF0130C5
:103B2000C0B2704738B5C5780446AB09032B1ED028
:103B300005F03F054378AB4219D9FFF7CAFFA84209
:103B400015D895B12379DB060FD504212046FFF760
:103B500064FF48B1037803F03F03242B07D8807833
:103B60005F288CBF0020012038BD0120FCE7002029
:103B7000FAE70278437802F00F02072A12D8DFE84A
:103B800002F0080408111111080E0C3B584258416C
:103B90007047063B1F2B8CBF0020012070470BB1E4
:103BA000FFF7C0BF00207047027802F00F02072A1B
:103BB0000AD0082A0AD0042A0ED1407806381F28D5
:103BC0008CBF002001207047FFF7ACBF4078A0F108
:103BD0000E03584258417047002070471B2A08B511
:103BE00004D940F299312A20ECF708FEBDE80840DC
:103BF000FCF748BC8388A1B1B3F5506F11D940F6EA
:103C0000075293421BD8C388B3F5FA7F17D20089B5
:103C100040F676430A3880B298428CBF00200120DB
:103C200070479A420BD8B3F5486F08D84278511EB6
:103C3000072904D89A4202D242889A42E2E7002039
:103C40007047013001F1200351F8042B994240F8EC
:103C5000042BF9D10B880380704738B5154604460C
:103C6000FFF7EFFF2B68C4F823306B68C4F82730E8
:103C700038BD2DE9F04F85B08846154603A99DF85B
:103C800038400193FFF73DFC814618B9039E2DB9DA
:103C900001237375012005B0BDE8F08FD6F8C0A0F0
:103CA00029465046FCF713FF074608B90020F2E703
:103CB000F0F748FD8542F9D839465046FDF743F8FC
:103CC000727D8346A0F80190002A18BF4FF00208C9
:103CD00080F800803846FDF73EF80746DCB1B6F8BC
:103CE000E640C4B102F05AF840F27122544324185D
:103CF00041F1000179602A4601990BF103003C6013
:103D0000FCF7C0FB29465046FCF71CFF28B983216D
:103D10002B20ECF773FD2146ECE7039B93F8A830CA
:103D200033B103A8FEF74AFB039B0022A3F8E2216C
:103D30000023AEE7437837B5C3F301120446032AE4
:103D400003D8DFE802F0050E1D05002003B030BDEA
:103D5000057803F00F00002300930221231D6288E1
:103D600007E0057803F00F00002301210093231DD5
:103D7000628845EA0020FFF77CFF60B10120E5E79B
:103D8000F1F77CFE03685B05DFD5607801232578B9
:103D900000F00F00E0E7F2F7A9FEEFE71A230B703F
:103DA00001234B708B707047F2F75EBD10B521B9DF
:103DB00040F2A9211020ECF721FD4A600B72EFF3CD
:103DC000108472B6031D0B6042681AB1127A012A80
:103DD00008BF036003681960016004B962B6BDE8FA
:103DE0001040F2F78BBD0222F2F76EBE0322F2F70B
:103DF0006BBE0422F2F768BE0222F2F7A9BE0322CC
:103E0000F2F7A6BE8D230B7030F8B53CA1F8033055
:103E100030F86B3CA1F8053030F8673CA1F807306A
:103E200030F8693CA1F8093030F8653CA1F80B3056
:103E3000704708B5CB1E012B04D8800100F57470C3
:103E400080B208BD012902D10E30C000F8E7022976
:103E500002D10F308000F3E74FF40C710620ECF72D
:103E6000CDFC30B587B004460D46F0F771FC80B349
:103E700034F8BE4C69462046FEF7C1FB18B1FB2161
:103E80002C20ECF7BBFCBDF8063003A8ADF80C40C5
:103E9000ADF80E30BDF80830ADF81030BDF8023086
:103EA000ADF81230BDF80430ADF81430FEF785FBE4
:103EB00010B14FF48271E3E7ADF80C009DF80C30BF
:103EC000002063F307009DF80D3063F30F2007B067
:103ED00030BD2B469A2203F8032BD4F80920C5F8ED
:103EE0000320D4F80D205A60B4F811201A8104235D
:103EF000ADF80C30E2E740687047033901298CBF08
:103F0000C08A4FF42960704770B590F878608D884A
:103F1000033E0C89012E04D943B11678033E012ECD
:103F200004D8B5F5296F38BF4FF4296590F879604A
:103F3000033E012E04D943B15378033B012B04D82F
:103F4000B4F5296F38BF4FF42964CB884A88A0F8AC
:103F50006430A0F86020A0F86250A0F8664070BD00
:103F60008383BDF8003001834283C38370471B22E3
:103F700000294FF01B110CBF4FF4A4734FF42963B9
:103F800082840284028502F1A472C160C3844384E6
:103F9000C383838343820382C0E9052170470346BC
:103FA000B3F85810B3F86420F0B5914293F8794013
:103FB000B3F85C5028BF1146033CB3F86620E4B266
:103FC000B0F84E70AA42B0F85200A3F84E1028BFC5
:103FD0002A46012CB3F8544087BFB3F85660154603
:103FE0004FF429664FF429658C42A3F8525038BF2C
:103FF0000C46B24238BF32468F42A3F85440A3F871
:10400000562026D1401B18BF0120B3F86020B3F81A
:104010005A10B3F84C509142B3F8504028BF1146A3
:1040200093F87820033A012A15D9B3F85E20B3F843
:104030006260B24228BF32468D42A3F84C10A3F80A
:1040400050200BD1944218BF40F0010000F0010055
:10405000F0BD0120D9E74FF42962EDE70120F5E733
:1040600038B5CB1E0446012B10D9C58B438C9D421D
:1040700028BF1D46207AFFF7DCFE6389AB4228BFCC
:104080002B46984238BF184680B238BD4FF4296598
:10409000F0E72DE9F843994607460D468089194611
:1040A0001446FFF7C6FE06469DF82080494638466E
:1040B000FFF7D6FF86424146A8F1030828BF06460F
:1040C000B88AFFF7B6FEB8F1010F0346B6B28CBF4F
:1040D000FA8A4FF42962904204F1060028BF134681
:1040E00028449BB233441844BDE8F8830346828FCA
:1040F00013B5403049B9598F93F87940009493F83B
:104100007830FFF7C6FF02B010BD198FF4E770B525
:104110000C46154619464BB9068FFFF7E7FF2844B2
:104120003044A04294BF201A002070BD468FF4E7AF
:1041300038B50D4611460446FFF7D8FF28446064A1
:1041400038BD01F19C0383423DBF9C38401A4008B2
:104150000020704700F05533400800F0553003440C
:1041600003F033329B0803F033331A4402F00F3369
:10417000120902F00F32134403F0FF101B0A03F080
:10418000FF13184400EB1040C0B2704745F255527F
:1041900000EA020302EA5002981843F2333300EABD
:1041A000030203EA90031A4440F60F7302EA030085
:1041B00003EA1213184400EB1020C0B2704700F05D
:1041C0005503400800F05500034403F033009B08FA
:1041D00003F03303034403F00F0000EB13107047A8
:1041E00080EA6000FFF7B6BF40F34E039BB2584031
:1041F000FFF7CCBF32280CD006D8162818BF0128EC
:1042000094BF012000207047A0F13E03584258415E
:1042100070470120704708B50246FFF7EBFF40B139
:104220000846FFF7E7FF20B18A420CBF23202A206F
:1042300008BD8A420AD1A2F13003DBB20B2B0FD8A2
:1042400040F6210020FA03F3DB071ED4322901D106
:10425000262A03D0322A03D1262918D12A20E7E7BB
:104260003E2907D1262AF9D03E2A12D03B2A10D166
:104270001F2902E03E2A04D126290CBF2A20002053
:10428000D6E73B29F2D11F2AF7E72320D0E73E29C2
:10429000F7D10020CCE7036800229A7383F84A2004
:1042A000A3F846207047026892F8A8302BB9A2F80C
:1042B0004E30012382F8503070470023A2F84E3070
:1042C00092F8503001335BB2F4E7026808B592F817
:1042D000A83013B982F8503008BD92F85030013B35
:1042E0005BB2002B82F85030F6DA52214A20ECF70C
:1042F00085FA08B5036883F89B1083F89A20352265
:10430000DA73FFF7D0FF002008BDA0F10A03042BE9
:1043100009D9A0F14703012B05D9243807288CBF00
:10432000002001207047012070470268136810B513
:1043300013F0080408D143F0080382F898101360C2
:10434000FFF7B1FF204610BD0120FCE7036810B560
:10435000DC7B44B90A7883F898200322DA73FFF7EC
:10436000A2FF204610BD0124FBE7D0F8C82041F68B
:104370004B539A4296BF4AF6C8730623B3FBF2F337
:10438000B0F8D020B0F8DE001344584380B2704734
:10439000036800201A7C073A012A81BF4A785A74C0
:1043A00007221A7470470268137C073B012B84BFF5
:1043B000082313747047026870B5D57BE5B9CB88C4
:1043C000D688A2F8D832013B9B1B47F6FD769BB2FC
:1043D000B34206D9282382F83130F2F7BBFF2846D2
:1043E00070BDD1F80130C2F8DA324B7982F8DE3292
:1043F0000A220368DA73F2E70125F0E708B50368DB
:104400009A7B1AB13B215520ECF7F8F90B229A73ED
:1044100008BD2DE9F74F0646894690460193FFF700
:10442000A4FFD6F8FC71044657B90023C8F8003041
:10443000F38823449CB2019B1C8003B0BDE8F08F3D
:10444000F3F792FA0028F0D1D6F8C8C0D6E978324E
:104450000CFB04FE1EEB030ED7E9021342F100022F
:104460000B44D7E900155B1845F10005734575EB62
:10447000020114D2BEEB03016FF0010B62EB050ADF
:104480008B4570EB0A0A03D23D215620ECF7B6F9B2
:104490003869471E3944B1FBF0F1E0FB0135B3EB5D
:1044A0000E0365EB02056FF001029A424FF0000225
:1044B000AA4101D24821E8E7B3FBF9F209FB123324
:1044C000B3FBFCF291B20CFB1133C8F80030F38857
:1044D0001C441444A4B2AEE70B46822203F8032B1B
:1044E000D0F80920C1F80320D0F80D205A60427C92
:1044F0001A720023CB7070470368F7B5DD7B064660
:104500000C46002D63D193F8297106230DF10701A4
:104510008DF80730FDF79BFC9DF8072039462046B3
:10452000FFF768FB38B921783046FFF7FEFE0546F5
:10453000284603B0F0BD32686389D188A2F8D8322A
:10454000013B5B1A47F6FD719BB28B4206D92823CB
:10455000304682F83130F2F7FDFEE9E7A3886FF4C8
:1045600050615918062995BFA3F5506340F2E24106
:104570004FF47A7128468CBF4B434B43C2F8E0326C
:104580006378C0B103EB830303EB83039B00A2F8C2
:10459000DA326388C0B164214B43C2F8DC32E3886D
:1045A000A2F8E4322389A2F8E632002382F8EC3242
:1045B0000D23D373BCE7C3EB431103EB810303EB80
:1045C00083035B009BB2E2E740F2E241E4E70125AE
:1045D000AEE708B503689A7B1AB1A2215620ECF722
:1045E0000DF90D229A7308BDF8B50D6804460F4603
:1045F000D5F84C0295F82911FEF76FFF6FF4506261
:10460000B5F8463282182071000A92B26071062A0B
:104610008BBF40F2E2426422002601268CBFB3FB2E
:10462000F2F3B3FBF2F36370B5F85032A3711B0AD7
:10463000E371B5F8523223721B0A6372386890F83E
:104640009F303BB905F5117305F51272D5F84C1280
:10465000FFF7DFFEB5F84432A3721B0AE372D5F808
:10466000483246B164220C20B3FBF2F3A370C3F3CB
:104670000723E370F8BD40F2E242F4E70B468422E0
:1046800003F8022BD0F80920C1F80220D0F80D2041
:104690005A6070470B46852203F8022BD0F8092098
:1046A000C1F80220B0F80D209A80704710B504467A
:1046B0000068837B1A2B12D100F1800200F518717B
:1046C000052300F51C7001F0F9FE2368012200208B
:1046D0000021DA741D22C3E91C019A7310BD022067
:1046E000FCE703689A7B142A10D1D1F80120C3F8A3
:1046F0006822D1F80520C3F86C2203680020D1F8A5
:104700000920C3F894201A229A7370470220704738
:1047100003689A7B102A05BF002013220220D87458
:1047200008BF9A73704708B503689A7B132A04D0B0
:1047300040F277111F20ECF761F8012283F8522034
:1047400012229A7308BD38B503680546DC7B34B184
:10475000113C0F2C8CBF01240824204638BD1A7D43
:10476000002AFAD0D3F8A4302BB9FFF79CFD2B68B0
:104770001122DA73F1E70C220A21BDE83840FFF775
:10478000B8BD08B50368DA7B162A04D040F253217D
:104790001F20ECF733F8012283F851201822DA7336
:1047A00008BD0368DA7B122A05BF1322002002200D
:1047B000DA737047036810B5DB7B04461C2B06D107
:1047C000FFF783FD236820220020DA7310BD02204A
:1047D000FCE708B50368DA7B112A04D040F27E2199
:1047E0001F20ECF70BF8012283F851201222DA7314
:1047F00008BD08B50368DA7B182A04D040F28A2184
:104800001F20EBF7FBFF1C22DA7308BD08B5036815
:104810009A7B1D2A04D040F2FE211F20EBF7EEFF09
:104820001F229A7308BD08B503689A7B22B14FF422
:1048300041711F20EBF7E2FF012283F85120102283
:104840009A7308BD10B50468A37B3BB194F852304D
:1048500023B940F20B311F20EBF7D0FF012384F87E
:1048600051301423A373002384F8BE31FDF7E6FA18
:1048700084F86A0010BD3E230B700C234B70042398
:104880008B70D0F80930C1F80330D0F80D30C1F882
:104890000730B0F81130A1F80B30C37C4B73704770
:1048A00008B503689A7B1AB1CF211C20EBF7A6FF4D
:1048B00004229A7308BD08B5036893F8A82032B99A
:1048C000DA73A3F84E20BDE80840FFF7FEBC1A6873
:1048D000D10703D4DD211C20EBF790FF22F0010269
:1048E0001A60F0E787230B7030F8AC3C4B807047C0
:1048F000036893F8A8109A7B59B9052A08BF0022CB
:104900004FF0000002BF83F83E2083F84A209A73DC
:1049100070470F2AF2E738B5046894F8A85045B9F3
:10492000E37B4BB9FFF7BFFC45B90223E3730020DB
:1049300038BD23685B07F5D50120F9E7236843F00C
:1049400004032360F3E7036893F8A8201AB11A68F8
:1049500022F004021A60FFF7B8BC08B503689A7B1E
:104960001AB172214B20EBF749FF93F8A820002AD7
:1049700014BF0F2205229A7308BD10B5D0E90D426D
:10498000A24206D30B8D121BC98E05334B439342B3
:1049900002D3012380F83E3010BD0C230B70082396
:1049A0004B7000238B70B0F85630A1F80330437A77
:1049B0004B714389CB8083890B81704710B50468A4
:1049C00094F853309A070CD4A37B1BB17721402075
:1049D000EBF714FF0122A4F84630A27384F84A20B2
:1049E00010BD94F8A8303BB9E37B0BB9FFF76DFC21
:1049F000002384F83E31F3E723689B07F8D5FFF7DF
:104A000064FC236823F002032360F1E710B50B79FF
:104A100001284C790A6843EA0421104608BF41F492
:104A2000803110BD07B5FFF7F1FF0DF10702F2F776
:104A30002FFF03B05DF804FB90F838300BB900206D
:104A4000704790F83830012BF9D090F838000738CB
:104A500018BF0120704790F83830012BDAB201D02E
:104A6000FFF7EABF1046704730B585B01546089B82
:104A7000C01A099B61EB0304002C214602DA404274
:104A800064EB440103AB2A46009302AB01F063FDE3
:104A9000002C039801DA00B1281A05B030BD0023BC
:104AA00007B501A80193F9F775FA019810F0030012
:104AB00018BF012003B05DF804FB10B5FFF7EFFF4E
:104AC000002814BF14240024FBF77AFD404200F0B4
:104AD0001400204410BD73B50C46B1F8051005460E
:104AE0001A2921D9B4F80730B3F5A47F1CD3B4F840
:104AF00001201A2A18D9B4F80340B4F5A47F13D3BF
:104B00000068009400F1A806E830FFF729FA2C6845
:104B10003046FFF744FA10B9012002B070BD04F22C
:104B20005F10F2F721F8F7E70020F6E708B5036811
:104B30009A7B1AB12621A320EBF760FE21229A73FB
:104B400008BD38B505680446AB7B213B022B0BD86A
:104B5000FFF7C1FF18B104212068F6F759FB0020C8
:104B600085F84A00A87338BD0120FCE7F7B5044674
:104B70000068C57B002D40D1B1F805601A2E04D91C
:104B8000B1F80730B3F5A47F05D2204603B0BDE8E5
:104B9000F040FFF7DBBBB1F801701A2FF5D9B1F87F
:104BA00003C0BCF5A47FF0D33A463146E830CDF8D7
:104BB00000C0FFF7D5F923689A7B212A08D1236822
:104BC0002322DA732046FFF76EFB284603B0F0BDC0
:104BD00093F82F31002BF2D1236893F82E31002B5C
:104BE000EDD12368222203F1E801DA73B3F8AA00B9
:104BF00003F5B472F1F7BEFFE4E70125E5E70368CA
:104C0000002210B50446DA73A3F84E20FFF75DFBCF
:104C100020680421BDE81040F6F7FABA38B50568F7
:104C20000446AB7B213B022B0BD8FFF754FF18B196
:104C300006212068F3F7ECFD002085F84A00A873F0
:104C400038BD0120FCE702681368D90610B5044698
:104C500003D4B821A320EBF7D1FD990601D5B921E2
:104C6000F8E723F010031360FFF72FFB20680621FD
:104C7000BDE81040F3F7CCBD38B50546F8F774FE33
:104C800000F544434FF47A72033D4933B3FBF2F429
:104C9000FFF713FF012D00F1A4038CBF0020282093
:104CA0002344184438BD10B5044690F87900FFF746
:104CB000E3FF012201462046BDE81040FFF738BA65
:104CC000002313B51A464373A0F890321946009397
:104CD0000446F2F7CBFF20B140F2E7113020EBF7AA
:104CE0008DFD0123C4F81802C4F810026373A4F800
:104CF0002E02A4F82C0284F83102E388A4F8920270
:104D0000013BE38002B010BDF8B50D460023D0F89A
:104D10001011044680F81431D0E9506781F8ED2174
:104D200080F85031D0F81001FEF78BFCD4F8100158
:104D3000C0E99E67C0F89452C0E9A267FFF7C0FFC0
:104D4000F8F7CAFBBDE8F840FAF762BDD0F81001E9
:104D5000704738B5044690F850319BB1FF2380F876
:104D60005831012100F0D4FB94F8503153B104F1D3
:104D7000E805284601F037F8284601F040F80023FE
:104D800084F85031002038BD08B590F8582142B958
:104D900090F8142142B1D0E94631994202D9F4F792
:104DA00089FD0022104608BD0122FBE710B504462C
:104DB000FFF783FE00F25911226A236C9A4228BF42
:104DC0001A461046FFF7BDF9B0F5296F28BF4FF41A
:104DD000296080B210BD012A70B506460D46144602
:104DE0000BD0022A0ED08AB9F8F76EF92246014696
:104DF0002846BDE87040FFF787BFF8F765F9C6F8A9
:104E0000940270BD0122D0F89412F1E740F2C37110
:104E10003020EBF7F3FC70B5044621B1012978D0BE
:104E200040F2D37172E000F021FA94F85131054656
:104E30000E46DBB150EA010318D0D4E94832D4E978
:104E40005001C01A334661EB02012A4601F08FFB84
:104E500005FB01F300FB0633A5FB00021344D4E974
:104E60004821121843EB0103C4E94823E08C30B118
:104E7000F1F7A0FEE38CB0FBF3F202FB1300D4E9E0
:104E80004832ED184FF0000346EB02062D1840F2B1
:104E9000024284F8303146F1000684F85131A4F81A
:104EA0003821C4E94856C4E9505694F8583103F003
:104EB000FF01DBB96FF00043D4E952029A4208BF08
:104EC000B0F1FF3F18D02046D4E9505600F0A8F9C1
:104ED000AE30D4E952325B1B62EB06021B1A62F160
:104EE0000002002A08DA2046F4F7E4FCF8F7F4FAA6
:104EF000BDE87040FAF78CBC04F5987104F1E80045
:104F0000FAF79AFC0028F1D14FF4E0613020EBF77A
:104F100075FC002380F81431E8E790F85001003860
:104F200018BF012070470B46812203F8032BB0F80D
:104F30000920A1F80320C27A9A7070470B468C2290
:104F400003F8032BD0F80920C1F80320D0F80D2076
:104F50005A6070478B88F7B513F0180506460C4663
:104F60001FD1086820B940F2EA312D20EBF746FC4A
:104F700000F055FB217CF3F713FD677CA388014605
:104F80003A46304600932B46F3F728FDA430D4E987
:104F90000223824273F100032CBF0120002003B0E2
:104FA000F0BD0120FBE738B588220B460C4603F81C
:104FB000032B00F10902293052F8041B824243F806
:104FC000041BF9D1127802211A700123A588A3715C
:104FD0002846ECF74FF8A0B1E3784BB10221284600
:104FE000ECF75EF868B140F233212D20EBF706FCB8
:104FF000F0F73EFD4B0404D52846BDE83840FCF7E9
:1050000000BF38BD70B504460D4617301946164628
:10501000FEF758FB84F8205184F82151FF2384F8CF
:105020002231E91E04F1E80001298CBF0021012191
:10503000FEF79DFF314604F1A800F1F719FB94F843
:105040002A31002B14BF4D239623A4F8E230A4F894
:10505000E0300023A4F8E43070BD70B50D4604467E
:1050600091F829111646D5F8C800FEF736FAB5F8BA
:10507000D030A4F8AC0004F1A002A4F8AE30B5F82A
:10508000D230A4F8B03095F82B3184F8B230237FB9
:1050900073B394F86830012B2AD194F86E3003F082
:1050A000C003402B24D1D4F86930C4F8A030B4F840
:1050B0006D309380082E236A04F1A60193F8AC208A
:1050C00003F1AD0084F8992004F19A02D3F8AD30D1
:1050D00019D0C4F8A630838830468B8004F199013A
:1050E000F1F754F940B940F6E2312D20EBF786FB99
:1050F0000023C4F8A030DCE794F8993043F00203B1
:1051000084F8993070BDC4F89A3083889380002366
:10511000C4F8A6308B80F5E70B468B2210B503F858
:10512000032BD0F80920C1F80320427B1A71CB78F9
:10513000A3B130F8B43C1B0710D4B1F805400221EC
:105140002046EBF797FF48B102212046EBF7A8FF76
:1051500020B140F276212D20EBF750FB10BD01214C
:10516000F4F7A0B8FFF7FBBF08B590F894300BB187
:10517000012008BD90F8CC30002BF9D190F8BE305A
:1051800003F0FF00002BF4D0F0F734FC80F00100B6
:10519000C0B2EEE730B54FF4B07285B00D460021D5
:1051A000044601F054FAFF2323701323638042F274
:1051B0001073E384ECF76AF800220146E064684665
:1051C000ECF7AAF800220121E06CFBF7E1FE0422D3
:1051D000E16C6846ECF7A0F80022E06C1146FBF7A2
:1051E000D7FE04F13000A57400F0C9F902A8F1F768
:1051F00083FA20B94FF449712D20EBF7FFFA02A989
:1052000004F13600FEF75EFA05B030BDFF23C86C2E
:105210000B70FBF78ABE0078FF3818BF012070477B
:10522000F7B5044630300E4600F0F9F961880746BC
:10523000CA0605D52822F4F77BFB6D3003B0F0BD1C
:105240008B07E06C0FD5FBF73CFF2179054638460C
:10525000F3F7A6FB6388014628460093334662793C
:10526000F3F7BCFBE9E7FBF71CFFEEE7D0E902012F
:1052700070472DE9F04F07469DB00C46054610AE2D
:105280000DF120080FCF0FC60FCF0FC697E80F0004
:1052900086E80F0040466E7900F071F9A37A277D09
:1052A000039323787A1E0493022A637803F07F0A1B
:1052B000D14600F28380D90603D4A67D731E022B4B
:1052C0007CD8637E03F0FD03012B02D1032F08BFBE
:1052D0000427A37E03F0FD03012B02D1032E08BF98
:1052E0000426617A404600F051F9237D227F404632
:1052F000022B02F101020CBF617D0121D2B204BF79
:105300000131C9B200F044F91AF0080F6CD14046DF
:1053100000F085F963788346DA0654D4EBF7E4FFAE
:10532000824639465846F3F73BFB01230146324695
:105330005046CDF80090F3F751FB40F271222179ED
:1053400000F28620E378B0FBF2F043EA01236179B2
:10535000504343EA01435343984239D84FF0000B7E
:1053600094F818A00793A37CE86C05930AF1FF3327
:10537000D3F1000A4AEB030AFBF793FE0690E86CB0
:10538000FBF79FFE0699079B814238BF014688B212
:1053900068B308A90C9306930A910AA9ADF82C905A
:1053A000CDF834B08DF838708DF83960FFF7D2FD44
:1053B000069BE0B945201DB0BDE8F08F40F21231E8
:1053C0000620EBF71BFA28224946F4F7B1FAB4E7B6
:1053D000E179A37943EA0123217A43EA0143534364
:1053E000834228BF0346B9E700239B46B8E7CDE9CF
:1053F000123B059B049A8DF853308DF8447010AF22
:10540000039B8DF845602E468DF850A08DF85430E2
:105410008DF84020ADF842900FCF0FC60FCF0FC6CA
:1054200097E80F0086E80F0098E803002863002043
:10543000A986E37A03F0FD03003B18BF012385F83A
:105440006F30E3682B67238AA5F8743095F84630EF
:10545000E27D62F3071385F84630ACE74FF4004372
:10546000A0F8483043881D2B08BF002141747047C5
:1054700090F912007047408800F001007047807872
:10548000C0F3400070478078C0F3C000704710B58B
:105490004488C06CE30654BFC4F340040024FBF707
:1054A000F7FD84F001042043C0B210BD4079C31E53
:1054B000012B05D8B1F81E31012B14BF03200420A5
:1054C000704710B50446F1F775FBC0F30B00A0421E
:1054D000F9D010BD10B50446F4F726F90021204696
:1054E000F3F7E0FE2046BDE81040F3F7FFBB90F86D
:1054F0006830016281F8B330D0F86930C1F8B43057
:10550000B0F86D30A1F8B83070477047F3F7CABCF7
:1055100080F8881070478278034612F0010002D0AC
:10552000D978C90710D5900702D5D97889070AD547
:1055300012F0040008D0D878C0F3800080F0010099
:105540008000C0B2704702207047C0F34002C0F331
:10555000800300F00100134418447047022808B586
:1055600007D0042807D0012807D039212E20EBF7D7
:1055700045F9262008BD2720FCE72520FAE700236F
:10558000C0F8023001234370037070478170704788
:1055900010B54270144601708078FFF7D6FF48437B
:1055A00004FB00F2FE2A03DD5C212E20EBF726F936
:1055B00010BD0023C37043710371704710B50446DA
:1055C000FFF7A9FF637962780133DBB29A42637116
:1055D0000CD1E3780022A17803436271DBB29942D7
:1055E000E37001BF2379E27001332371BDE81040FD
:1055F000FFF7B4BF38B504468078FFF7A6FF014631
:10560000E078FFF7A2FF2378227965789B1A6B4335
:1056100059436379C91A00FB1510C0B238BD014661
:1056200008B58078FFF791FF4A780B7853435843C9
:10563000C0B208BD40F2EE20704740F25A335843E2
:10564000704708B50368DA7B182A04D040F27E510F
:105650003120EBF7D3F81E22DA7308BD08B590F8B5
:105660009E30FE2B04D040F66F113120EBF7C6F8C8
:10567000002380F89E1080F89F3012B9A0F84E20C9
:1056800008BDA0F84630012380F84A30F8E708B595
:105690000368DA7B352A05D10022DA73BDE80840B9
:1056A000FEF713BE182A02D11E22DA7308BD40F29B
:1056B00093513120EBF7A2F8037D63B9C37BA3F1CB
:1056C0001002032A07D990F8520028B1202B8CBF72
:1056D00000200120704701207047037D63B9837B60
:1056E000A3F11002032A07D990F8520028B1202B09
:1056F0008CBF00200120704701207047036810B55F
:105700009A7B93F8A010092A08D193F899208A422D
:1057100004D100229A7383F84A2010BD1A6812F04F
:10572000080406D022F00802BDE810401A60FEF717
:10573000CCBDFF2904D1372283F8CC429A73ECE721
:105740004FF4AF613120EBF759F838B50E381368D4
:1057500014460D469A7B09283ED8DFE800F0053D47
:105760003D3D0F3D183D3D27042A05D12046FEF75B
:1057700092FD2046F1F7B8FF002038BD0F2AFBD17B
:10578000002220461146BDE83840FFF7B1B8212A73
:10579000F2D12046FEF77FFD002DEDD0226892F871
:1057A000623023F0200382F86230E5E7DA7B272AB3
:1057B000E2D100252046DD73FEF787FD236893F8CC
:1057C0003831012B03D129462046F0F703FA23682C
:1057D000002283F83821CFE740F262213120EBF735
:1057E0000DF8024600680B4690F8621041F0040183
:1057F00080F8621099785878F4F7B2BA38B50C4648
:105800000546D1E93001EBF7E5FC637B3BB104F5DC
:105810000E74204600F0E7FA204600F0F0FA0F215F
:105820002846EBF73DFC10212846EBF739FC122106
:105830002846EBF735FC11212846EBF731FC132104
:105840002846EBF72DFC28461421BDE83840EBF73D
:1058500027BC0022C281827490F84C3013B102211F
:10586000F2F7D6BF0321FBE738B504460846E37BD1
:10587000162B09D0A3F118025342534194F8C822C1
:1058800022B10C25284638BD0123F7E7002BF8D0BC
:1058900094F8F83203F0FF05002BF2D190B194F8A0
:1058A000063223B940F66C313120EAF7A7FF052311
:1058B00004F1800204F5FB7100F000FE012384F87E
:1058C000C832DFE70223FAE7F1F7E6BA10B504467B
:1058D00090F8791090F87800F5F7B0FA00220146B8
:1058E0002046BDE81040FEF723BCF5F7A7BBC0F883
:1058F000E811704710B50446FFF7DFF800F58A712C
:10590000226A236C9A4228BF1A461046FEF719FCF9
:10591000B0F5296F28BF4FF4296080B210BD08B5DB
:1059200020B940F277113520EAF768FF437B03F096
:10593000FF0113B14FF4BC71F5E7202200F50270AE
:10594000BDE8084000F083BE10B5044686B020B91B
:105950004FF4BF713520EAF751FF427B02F0FF039D
:1059600012B140F27F11F5E7014601226846F5F7D2
:1059700083FA694604F50270F9F7ECF810B940F2C1
:105980008311E7E706B010BD036893F8A02022B1A9
:1059900000229A7383F84A207047DA73FEF795BCA9
:1059A00003689A7B032A04D1002283F84A209A7361
:1059B0007047FEF78ABCA1F11203012B0AD910B976
:1059C000192902D87047122906D91F298CBF002037
:1059D00001207047012070470020704738B5142817
:1059E00013680D4614469B7B0CD016281AD012283B
:1059F00035D1052B14D1002220461146BDE8384090
:105A0000FEF776BF213B022B0AD81046FEF743FC77
:105A100035B1226892F8623023F0200382F86230B8
:105A2000002038BD242BFBD11046FEF734FC6DB1AD
:105A3000226892F8633023F0010382F86330226811
:105A400092F8633023F0080382F863301A2120466D
:105A5000F0F7C0F82368002283F83821E0E740F22D
:105A6000AE413620EAF7CAFE024600680B4690F8BF
:105A7000621041F0040180F8621099785878F5F7C7
:105A80006FBE70B50C460546D1E93001EBF7A2FBBD
:105A9000637B3BB104F50276304600F0A4F9304652
:105AA00000F0ADF904F5F0742046F1F775FF10B180
:105AB0002046F1F77FFF0F212846EBF7F1FA10217E
:105AC0002846EBF7EDFA12212846EBF7E9FA112107
:105AD0002846EBF7E5FA13212846EBF7E1FA2846CA
:105AE0001421BDE87040EBF7DBBA00207047F1F7F6
:105AF000CFB8F1F78DB9F1F7B7B970B5B0F8DE608E
:105B00000146827CB600B0F840300ABBC3F1060300
:105B10009D1B91F83E3013B18B7B052B1DD10846A0
:105B2000FFF7DBFDD8B1D1E90D34E41AA41BAC4278
:105B3000B1F8AA00A8BF2C4600F043F820B1C389F1
:105B4000043B9C42B8BF1C4624EAE47080B270BD9E
:105B5000B0F84250ED1AAD1BDBE70024E7E72C4616
:105B6000E5E770B50D4604210646EBF783FA0446D7
:105B700048B906213046EBF77DFA20B115B190F80F
:105B8000E53003B90446204670BD1D2310B5044618
:105B90000370EFF79DFF6070022010BD1E2310B54B
:105BA00004460370EFF794FF6070022010BD0123DC
:105BB0004380038000238380C3804FF448630381C4
:105BC00070471021EBF756BA73B501A90546FDF7EA
:105BD00098FC044618B121215420EAF70FFE28460C
:105BE000019EFFF7EEFF30B10123A6F8DE3084817D
:105BF00044810482C48102B070BD3C2303804FF411
:105C0000FA4343800123C3808380002303814381BF
:105C10004FF448638381704708B5F7F731FAF6F718
:105C2000BDFEF6F7D5FDBDE80840F7F797BF10B504
:105C3000C824F6F777FE022808D1013C14F0FF04CF
:105C4000F7D10620F0F760FF204610BD431E5842F2
:105C50005841FAE710B5F7F73FFA044600F04AF961
:105C6000201841F1000110BD38B504461546F6F77D
:105C7000E5FF01462A462046BDE83840F7F734BB29
:105C8000704719B943780BB1C3788370704710B56A
:105C900004460846F7F768FE4FF47A73B0FBF3F05A
:105CA000201A10BD38B5044608461546F7F75CFEC5
:105CB0004FF47A7300F2E730033DB0FBF3F0012DAF
:105CC000A4EB00048CBF02200A20201A38BD013842
:105CD00008B507280BD8DFE800F00F1106040A0FFB
:105CE0000F08032008BD0220FCE70420FAE740F279
:105CF00089410620EAF782FD0020F3E70120F1E761
:105D000000F038B8801A00F3070038B50D46144685
:105D100059B240B2F8F7F4F90023287020446B70B0
:105D200040B238BD002303607047704700207047C1
:105D30004FF0FF3070474FF0FF30704770474FF023
:105D4000FF30704700207047002070470023037029
:105D500070479DF800300022FFF7D4BF4FF0FF30AE
:105D60007047002070474FF0FF3070474FF0FF3012
:105D70007047704770470020F8F706BA0020F8F720
:105D8000DDBA0020F8F7EEBA0020F8F7FDB9704749
:105D9000F8F734BBF8F746BBF8F736BBF9F784BF22
:105DA000F9F750BCF9F766BCF9F7A8BF00F047B99E
:105DB000F9F79ABFF9F78ABF10B5837F8BB903460D
:105DC00001F1180251F8044B914243F8044BF9D108
:105DD000012484772146F8F767FEF9F725FC204671
:105DE00010BD0020FCE710B504460221F8F75CFE68
:105DF000F9F71AFCA07FB0FA80F0400910BD38B561
:105E00000446A37F03B938BDA37F032B02D0A37F31
:105E1000042B0ED1EFF3108572B62046F9F762F825
:105E200005B962B6A37F002BEDD0FF210320FAF75E
:105E30002DF9A37F012B02D14FF48271F6E700F018
:105E400047FBDEE7F8B50746F9F75CFC044620B9E6
:105E500040F229110320FAF719F9F9F759FCA4685F
:105E600000252418384641F1000622463346F9F74A
:105E7000C1F8A04271EB060309D3001B6FF00103C8
:105E800061EB0601834275EB010102D3F8BD2846A0
:105E9000FCE74FF0FF30F9E72DE9F04104460F46EB
:105EA000F9F730FC064620B94FF4A3710320FAF746
:105EB000EDF88568002362195B4113B10020BDE84D
:105EC000F081F9F725FC2A18384641F1000314EB5C
:105ED000020843F10005F9F78DF84045A941EDD3DB
:105EE000F9F7E2FE00F06AF8B36801203775234441
:105EF000B360E4E7F9F70CBC8068704708B5F9F7C0
:105F000001FC20B940F29B110320FAF7BFF8007D95
:105F100008BDF8B50369044623B14FF4D1710320DD
:105F2000FAF7B4F8F9F7C0FE05460E46F8F712FD89
:105F300070B36435D4E9003246F10001AB4272EB34
:105F4000010001D22B460A46C4E90032EFF3108566
:105F500072B6F9F7D7FB064698B1F9F7D9FBB368E3
:105F60000B332CBF012200221B18D4E9006042EB46
:105F70000101B34271EB00023CBF33460146C4E964
:105F8000003105B962B62046BDE8F840F9F7A8B877
:105F9000F8F700FD0746F9F7C9FBB84238BF3846A5
:105FA000963546F100024319D4E9000142F100029E
:105FB000834272EB0105C7D20346C4E7F8F78EBEF1
:105FC000032910B5044606D801290ED840F25D1108
:105FD000B020FAF75BF80429F8D1F8F77BFD20B17F
:105FE0002046F9F7FBF8022010BD0020FCE7C0E9CD
:105FF00008122022002100F02ABB10B5037886B0D9
:10600000044623B14FF4AB714520FAF73FF80593EE
:10601000CDE90333D0E90423CDE90023436802939B
:10602000037A68468DF81430FFF773FF0120DDE92D
:106030000023C4E9042306B010BDF9F7CFBC10B5A6
:10604000029C241841F10001A01A61EB0301B0F198
:10605000004F71F1000103DBAA210420FAF716F8C2
:1060600010BD08B500230B8581F82A300B6A092181
:10607000984728B103781BB1E9216A20FAF706F89E
:1060800008BD436A19444162A1F19600FFF788BE3A
:10609000F8B5044620B940F2AD116A20F9F7F6FFD1
:1060A00090F85850052900F2C780DFE801F003801E
:1060B00043656F7990F82A30033B012B02D94FF4E6
:1060C000DC71EAE7052380F82A30002380F8593094
:1060D0000378EBB12378012B24D1F9F70DFC636829
:1060E00094F828606362C4E90601F6B9FFF760FE20
:1060F00031462046FFF7C5FF236A314628469847B8
:1061000001462046F9F7AEFE022840F09880F8BD1F
:10611000FFF744FE07460E46F9F7EEFB87428E4135
:10612000F6D3D7E7D4E90401D9E72046BDE8F84023
:10613000F9F764BE90F82A30DA1E012A02D940F23B
:10614000ED11AAE790F828202AB121462846BDE89B
:10615000F840FFF786BF042B036A18BF012180F8BF
:106160002A100521284698470028D0D00378002B14
:10617000CDD04FF4007190E790F82A30052B02D073
:1061800040F2062189E7036A0221B7E790F82A3036
:10619000052B02D04FF403717FE7036A0121ADE7BD
:1061A00090F82A30052BC0D040F2122175E790F804
:1061B0002A30052B07D090F829200AB1032B02D0F2
:1061C00040F2172169E794F82820002ABDD194F8FD
:1061D000593083B102230821284684F8592084F8D5
:1061E0002A30236A9847002891D00378002B8ED05C
:1061F00040F2232151E794F8292062B1214604F1AD
:10620000300084F82930F9F717FB00287FF47FAFBE
:106210004FF40A7141E702230721284684F82A3007
:10622000236A984700283FF472AF0378002B3FF4AD
:106230006EAF40F22F2130E74FF40D712DE70128AA
:10624000236A0CBF0421032158E770B50024F9F735
:10625000C3FE05462646E0B2854200D870BDF9F778
:10626000C1FE0134068580F82A60F4E7F8B50446DB
:106270000D460027F9F7B0FE0646F8B2864204D86C
:10628000082D0CD96FF0150008E0F9F7ABFE90F877
:106290002A300137002BF0D04FF0FF30F8BD2CB181
:1062A00029462046BDE8F840F9F7A8BE2146204619
:1062B000F8E710B50446F9F795FE014688B190F865
:1062C00028308BB990F82A3073B1013B012B04D8E8
:1062D0002046FFF7C6FE002010BD012380F82830BD
:1062E000F9E76FF00100F7E76FF02200F4E770B50F
:1062F0000D46F9F777FE044600284CD090F82A6046
:10630000731E012B4DD8002D48D02846F9F74AFDC1
:10631000002843D02B780BBB012323702B796A799B
:10632000003B18BF0123002A14BF0422022243F0BD
:1063300004032272AA68A5326260EA6863720323CA
:106340002261214604F1300084F82A30F9F774FA0A
:1063500050BB40F2C1216A20F9F798FE022E20D1ED
:10636000002323702B796A79003B18BF0123002A90
:1063700018BF042643F004032672EA686372A5324C
:10638000A9686260D4E906325B1842EBE172C4E9A5
:1063900004320423D5E76FF0010070BD6FF01500E3
:1063A000FBE76FF02200F8E70020F6E7F8B5037985
:1063B00004461BB11B219D20F9F768FE4679017147
:1063C00026B901234371217909B96171F8BD2768A4
:1063D00020462671B84702280546F4D103212046FD
:1063E000B84708B12F21E6E7236829462046984799
:1063F0000028E8D03021DEE70346006800B9704786
:106400008842F9D102681A60704701F1100301381F
:1064100013F8012D8B4200F8012FF9D170472DE9B7
:10642000F04713F0010F8EB004460D4617469A460A
:10643000DDE9168924D006A8FFF7E7FFA30735D0CA
:1064400002AA04F110052068083454F8041C13460D
:10645000AC4203C31A46F6D106AD02AC1AF0020FE5
:106460004346CDF8009023D0294620460AAAF9F7E2
:10647000B7FE0AA93846FFF7C8FF0EB0BDE8F0879F
:1064800013F0040F0DD106AB0E4601F1100C1D46A2
:106490003068083656F8041C1A46664503C213468F
:1064A000F6D1214602A8FFF7B0FFD6E706ADD5E743
:1064B0003A4629462046F9F793FEDEE713B5002455
:1064C000CDE90044FFF7ABFF02B010BDF9F78CBF78
:1064D00020BF704720BF70479142F8B503D37321A6
:1064E0009620F9F7D3FDB2FA82F33BB1C3F1200451
:1064F00099409A4020FA04F4984021434FEA124C04
:1065000093B2040C87B2B1FBFCF50CFB151E05FB26
:1065100003F64FEA0E4E0EEB1040864205D9361AAE
:10652000964294BF01260226AD1B04EB01412804CC
:1065300005FB1211B1FBFCF40CFB1411634307EBD8
:106540000147BB4205D9DB1B934294BF01230223C1
:10655000E41A2043F8BD70B5044615461E46FFF701
:10656000BBFF049B00FB154430601C6070BD2DE92F
:10657000F0411D4607460C46164652EA050303D174
:10658000A6219620F9F782FD85B9914204D2FFF742
:10659000A3FF2946BDE8F08108462946FFF79CFF86
:1065A00005463246384606FB1541F0E7B5FA85F850
:1065B0000123400803FA08F3C8F11F0840EAC47039
:1065C000A3FB0212610803FB0522FFF785FF30FAE7
:1065D00008F04FF0000102D0013861EB010100FB2F
:1065E00005F3A0FB062C06FB0133BF1A634464EBE2
:1065F0000304B742AC41CDD3013041F10001C9E7FA
:1066000062B1013910B5841810F8012B11F8013F5F
:10661000A04201D09A42F7D0D01A10BD1046704760
:10662000431A934200EB020310B508D30139024626
:106630009A420BD011F8014F02F8014BF8E70A44D7
:1066400012F8014D8A4203F8014DF9D110BDF0B5A1
:10665000C9B20446A30726460ED14FF0013522F0F9
:1066600003034D43E718BC420CD1334402F003024C
:106670001A44934209D1F0BD002AFCD0013A04F833
:10668000011BE7E744F8045BEDE703F8011BF0E7C3
:10669000FFF7DDBF00280CBF6FF01500002070472A
:1066A00000207047072303700020704700207047C8
:1066B0000020704710F8012B11F8013B012A28BF78
:1066C0009A42F7D0D01A7047034613F8012B002ADC
:1066D000FBD1181A013870472DE9F0478C468E46D9
:1066E000089E154604461946002B40F0D08072459E
:1066F00047D9B2FA82F74FB1C7F120030EFA07FC6F
:10670000BD40BC4020FA03F343EA0C0C4FEA154E9F
:10671000A8B2230CBCFBFEF80EFB18CC08FB00F95A
:1067200043EA0C43994528D9EB1808F1FF3204D20B
:10673000994502D9A8F102022B44A3EB0903A4B2A4
:10674000B3FBFEFC0EFB1C330CFB00F044EA0344DD
:10675000A04214D92C190CF1FF3304D2A04202D963
:10676000ACF102032C44241A43EA02401EB1FC405F
:10677000002334607360BDE8F0874246DDE763467E
:10678000F1E7002A79D0B2FA82F3002B3FD0194604
:10679000C1F1200302FA01F500FA01F42EFA03F226
:1067A0000EFA01FE20FA03F3AFB243EA0E034FEAFA
:1067B000154EB2FBFEFC0EFB1C201A0C0CFB07F85E
:1067C00042EA004290455AD9AA180CF1FF3004D28F
:1067D000904502D9ACF102002A44A2EB08029BB218
:1067E000B2FBFEFC0EFB1C220CFB07F743EA024344
:1067F0009F4246D9EB180CF1FF3204D29F4202D9D6
:10680000ACF102022B44DB1B42EA004202E0AEEB99
:10681000020301224FEA154EAFB2200CB3FBFEFC7F
:106820000EFB1C330CFB07F840EA034398452AD9BA
:10683000EB180CF1FF3004D2984502D9ACF10200FC
:106840002B44A3EB0803A4B2B3FBFEFC0EFB1C33EA
:106850000CFB07F744EA0344A74216D92C190CF1A4
:10686000FF3304D2A74202D9ACF102032C44E41B4B
:1068700043EA00400F46114678E71F2188E760464B
:10688000ABE76246BFE76046DBE76346EFE7734589
:1068900006D916B9002108466DE7C6E9000EF9E7EA
:1068A000B3FA83F787B9734501D3824207D8841AB4
:1068B0006EEB030301209C461EB900215BE73846BE
:1068C000FAE7C6E9004CF8E7C7F1200CBB4000FA34
:1068D00007F422FA0CF520FA0CF1BA401D432EFA07
:1068E0000CF30EFA07FE4FEA154941EA0E011FFAB2
:1068F00085FEB3FBF9F809FB18300B0C08FB0EFA08
:1069000043EA00439A4540D9EB1808F1FF3004D21E
:106910009A4502D9A8F102002B44A3EB0A0389B2DD
:10692000B3FBF9F809FB183308FB0EFE41EA0341FB
:106930008E452CD9691808F1FF3304D28E4502D94F
:10694000A8F10203294443EA0040A1EB0E01A0FB99
:1069500002984145CE46434602D306D14C4504D267
:106960000138B9EB020E68EB0503002EA5D0B4EB9D
:106970000E0261EB030101FA0CFC22FA07F3F94065
:106980004CEA0303C6E9003197E74046C5E74346B2
:10699000D9E7000000000000F7B5002240F60340F0
:1069A00011460AF033FA0446002853D10AF020F9C0
:1069B000214641F2030001AA0AF028FA0446002801
:1069C00048D1019A254DD16805F17803D1F801002D
:1069D000D1F8051003C3104609F040FB214641F2EF
:1069E000010001AA0AF012FA044698BB0198C36894
:1069F0005A7885F870205A88A5F872201A7985F897
:106A00007120B3F80720A5F87420B3F80530A5F875
:106A1000763009F023FB214641F2020001AA0AF078
:106A2000F5F90446B0B9019F05F18006FA68531CD8
:106A30004132344618685968083303C493422646E5
:106A4000F7D1384609F00AFB95F87C305F0607D489
:106A50006FF01204204603B0F0BD00BFE01100202B
:106A6000002142F2030001AA0AF0D0F904460028EE
:106A7000F0D1019BC04EDA68D2F80100D2F80510BF
:106A800003C6184609F0EAFA214642F2020001AABA
:106A90000AF0BCF904460028DCD1019CE368B3F895
:106AA000012091B249B1D97839B1A5F8FC20DA7842
:106AB000114606F1200024F05AFF204609F0CEFAD4
:106AC0001F2395F87C60A5F8103116F0200619D127
:106AD0004FF0FF304FF0FF310AF0AEF804460028C7
:106AE00000F0408102210C301EF0BDFE0123214642
:106AF00003704670324640F66D400AF087F904464E
:106B00000028A7D195F89C301E0712D5002142F22B
:106B10001C0001AA0AF07AF9044600289AD10198CB
:106B2000C368D3F80120D3F80530C5E9382309F04C
:106B300095FA95F8D8309C0625D568460DF10201E6
:106B40001FF0D3F90446002884D14FF0FF304FF0F6
:106B5000FF310AF071F80646002800F00381042195
:106B60000C301EF080FEBDF8003022460380BDF8D8
:106B700002303146438042F224000AF047F90446CD
:106B800000287FF467AF95F8D830580610D500215B
:106B900042F22A0001AA0AF039F9044600287FF4DB
:106BA00059AF0198C3685B7885F8123109F056FA3D
:106BB0004FF0FF304FF0FF310AF03EF80646002854
:106BC00000F0D08008210C301EF04DFE95F8D84022
:106BD00040F2022314F0400F08BF0323A10795F8E9
:106BE000D9104CBF43F02C0343F00C03A70648BF59
:106BF00043F0400311F0090F18BF43F4006304F0A1
:106C000001040246002143EA04101FF0A8F8002204
:106C1000314642F201000AF0F9F8044600287FF4F8
:106C200019AF95F87C30B5F8FC10980600F1828019
:106C3000C9B941F2050001AA0AF0E8F804460028A3
:106C40007FF408AFB5F8FC30019C4BB9E368B3F8AA
:106C50000120A5F8FC209A884848114624F087FEB8
:106C6000204609F0FBF94FF0FF304FF0FF3109F0FB
:106C7000E3FF0446002875D008210C301EF0F3FD18
:106C800095F8D8300246D90759D44FF000513C4806
:106C90001FF065F82146002240F601400AF0B6F8E0
:106CA000044600287FF4D6AE014601AA4FF6014003
:106CB0000AF0ACF8044620BB019809F0CFF9214650
:106CC0004FF6024001AA0AF0A1F80446C8B901989B
:106CD000C368B3F80130A5F8C13009F0BFF995F8E1
:106CE000C1305A070DD521464FF6034001AA0AF0DC
:106CF0008DF830B90198C3685B7885F8C03009F029
:106D0000ADF9EB79FBB91FF0B1FB044600287FF425
:106D1000A1AE0CF02BFD044600287FF49BAEEB796E
:106D2000002B3FF497AE082116481EF03EFF09F0F5
:106D3000E1FF8FE6002996D16FF004048AE60CA1EA
:106D4000D1E90001A4E72E78002EDCD195F8C130FE
:106D50009B062DD54FF0FF304FF0FF3109F06CFF4F
:106D6000044688B96FF0680474E600BFAFF3008092
:106D70009088000200800020B8120020E01200205D
:106D800010880002B412002006210C301EF06BFDAA
:106D9000D5F8013021460360074B32469B8883803B
:106DA0004FF606400AF032F804460028ABD051E610
:106DB0006FF085044EE600BFE111002000000000E6
:106DC00013B500246FF009034FF48062144915488D
:106DD000009414F053FD1449124824F00BFF13499A
:106DE000134824F04CFE224604211C2008F00AFD22
:106DF0000122104BD3E8EF1FC3E8E02F0028F9D1A0
:106E000005A3D3E900230C49064814F077FD20467A
:106E100002B010BDAFF30080389C1C0000000000E1
:106E2000B8010220B06000209B240400CBA5030021
:106E3000386E0120D06D01205813002000000000A2
:106E400010B50B4BD3E8AF3F53B1F7F789FD06A35D
:106E5000D3E90023BDE810400649074814F04EBDB1
:106E600010BD00BFAFF30080389C1C000000000084
:106E7000D06D012058130020B060002000000000F9
:106E800070B4174E0C46B042154608D00136B042D9
:106E90000FD0023EB04210D070BC17F0BFBC0AA3A6
:106EA000D3E90023C5E900230E4B0020236070BC0A
:106EB000704707A3D3E90023F4E707A3D3E900232E
:106EC000F0E700BFAFF3008002C0FF7F00000000CA
:106ED00003C0FF7F0000000001C0FF7F0000000032
:106EE00002C0FF7F03004E8010B50A4805F090FAFB
:106EF000094C102820600BD810220849054805F0DD
:106F000095FA23681B1A58425841054B187010BD5A
:106F10000020FAE7317601200C8100206473012003
:106F20006373012070B506460D46174B17491C6860
:106F3000204623F0EBFE7C21204623F0EBFE314679
:106F4000204623F0E3FE2046114923F0DFFE2046D1
:106F5000104923F0DBFE20460F4923F0D7FE2046E0
:106F60000E4923F0D3FE20460D4923F0CFFE2046E4
:106F70000C4923F0CBFE2946204623F0C7FE2046CD
:106F8000BDE8704013F064BCE8FA03002925040052
:106F9000CC120400D312040036170400EF73012052
:106FA000DB120400E212040010B5064C01462378FF
:106FB00013B90548FFF7B6FF0123044A2370137085
:106FC00010BD00BFDD7301200B130400D973012035
:106FD0002DE9F04F2F4BE7B01E682F4B149193F81B
:106FE00000802E4B2E4D1B6804460F932D4B2E48D0
:106FF0001B6810932D4B1B6811932D4B1B6812932C
:107000002C4B19682C4B15911B6813932B4BD3F801
:1070100000A02B4BD3F800B0D5E900231CF08CFD69
:10702000D5E90032074613432648D5E9002314BFAB
:107030004FF001094FF0000919F0C0FE139B15999C
:107040000793129BCDE90B900593119B0691049336
:10705000109B4FF4A07103930F9BCDE909B7CDE9C5
:107060000183194A149BCDF820A0009616A818F0A9
:107070003FFB20461549FFF71DFB28B916A8FFF76F
:1070800093FF67B0BDE8F08F204616A9FFF74AFFCF
:10709000F7E700BF3C810020DB730120388100202E
:1070A00028490020348100203176012030810020E1
:1070B0002C810020AC1B002028810020248100208E
:1070C000208100202D760120101304000B130400F2
:1070D000F0B50446B3B00F4806F02AFB05460D484C
:1070E00006F02EFB06460C4807F06AF907460A48E8
:1070F00007F06EF92346B421CDE90270074ACDE9C5
:10710000005605A818F0F4FA05A8FFF74DFF33B0B4
:10711000F0BD00BF3076012031760120D01304008D
:1071200070B5244B04461B7853B92349D1E900219B
:107130000A4305D1027A1AB1B0F83251AB4200D3FA
:1071400070BDE21892F833100029F9D0CE18AE4283
:10715000F6D213292CD192F83410FF2928D192F8B5
:1071600035104D2924D192F83620052A20D1234408
:107170001022124903F1370026F0ABFBC0B91048CA
:107180001049FFF7CFFE104802F0D6FB58B1214658
:10719000094A0E4802F0BEF928B1BDE870400C491A
:1071A0000748FFF7BFBE0B48BDE87040FFF7FCBEC5
:1071B000731CC3E7D973012028490020DF73012025
:1071C0003F1404002C1404002E7601202D7601209B
:1071D000481404006214040030B5224B04461B78A6
:1071E000B3B0002B3BD1204DD5E9002352EA030177
:1071F00014BF012100210291D0E90201994208BF88
:1072000090420CBF012300230193237CB4210093FF
:107210002378164A05A818F06BFA154805A9FFF758
:1072200081FE237853B9012300931248D4E9022345
:107230001BF085FD10B91048FFF7B6FED4E9020235
:10724000D5E900139A4208BF884208D123780E2B53
:1072500005D1237C012B82BF0122084B1A7033B069
:1072600030BD00BFD97301202849002079140400E3
:107270003F14040031760120C6140400DA730120A3
:1072800070B54B4B9CB01A7822BB01221A7024F0C7
:10729000C7F8484B1860484806F03AFA0446464892
:1072A00006F056F9B4B10BF02DF910F1780F18BFB4
:1072B00000280CBF01200020404C20700AF052FE34
:1072C000237833B110F1780F18BF00280CBF0123C9
:1072D0000023237000230120394902AA02930BF0F6
:1072E00007FD029B374C002B41D1374819F070FD48
:1072F00000283CD1344819F057FD002837D13348D5
:1073000019F07CFE002832D1314819F019FC002810
:107310002DD1294806F0FCF948BB284D2B7833B312
:10732000237843B92B4E3368002B14DA4FF0FF3328
:10733000336001232370284B1B7853B1274B1A78F5
:107340003AB90122264927481A70FFF7EBFD237846
:1073500083B11CB070BD244883685B6898470028DF
:10736000E4D00023214922482B70FFF7DBFD23786E
:10737000002BE0D11F4C2378002BEAD124F050F8E9
:107380000C4B1B68C01A41F287339842E1D90123A4
:1073900023700A4B64211B78174A009303A8029BB1
:1073A00018F0A6F9124803A9FFF7BCFDD1E700BF0A
:1073B000D873012010810020307601208C2200201B
:1073C000B5090300D77301202D7601202E76012008
:1073D0002F760120A81B0020D6730120D573012031
:1073E000F31404003515040020DE0300DD1404004E
:1073F0000B130400D47301203D150400F0B585B0D3
:10740000134D284624F0F7F80446B0B110220021AD
:10741000684626F04FFA4FF4FA5301930223AE6800
:107420008DF80C3069462846B3689847094F002804
:10743000386006DA4FF0FF333B600024204605B089
:10744000F0BD00212846336898470028F6D0F1E7C0
:1074500020DE0300A81B0020034B4FF4E131186825
:107460000368DB69184700BFE8FA03002DE9F04F15
:107470009D4B9E4FD3F80080C3B0D8F800304046F3
:107480001B69984700281DDC994805F0EDFF9948D5
:1074900006F004FF984B1968002906DB974B1B7810
:1074A0001BB997488368DB689847964B1B78002B7D
:1074B00000F08883FFF7E4FE012043B0BDE8F04F01
:1074C00023F0B0BFD8F8003040465B6998470A28DF
:1074D00040F0668300228C4D3B6828468B49EA5475
:1074E000FFF7E8F820B98A498A48FFF71BFDD4E185
:1074F00019222846884926F0FCF90646002840F063
:10750000358105F11900FFF7DFF80DF1400931462B
:1075100004467022484626F0CDF90996CDF827603A
:107520007E4E33781BB17E48FFF73EFDB5E13B2C24
:10753000F9D906227B4905F1390026F0DAF905F17F
:10754000390A0028EFD10822774905F14D0026F0CD
:10755000D0F90028E7D10E223C3CB4FBF2F302FB49
:107560001343002BDFD1ED2CDDD810226F49AAF197
:10757000200019F0FAF90028D5D0072209A90AF14C
:10758000060019F0F2F90028CDD00E23B4FBF3F376
:107590004D46002406930AF11C0B069BA3422AD1F8
:1075A000634B644A53F8041B534542F8041BF9D15A
:1075B0000123337023F034FF5F4B1860FFF71EFF89
:1075C00058B35E4A0BAB07CA83E80700194649481F
:1075D00006F062FD08B35A49454805F097FEE0B150
:1075E000FFF782FC574B1D78574BD3F800B0B5B965
:1075F0000026B2462BE007222946584619F0B5F975
:1076000048B1284609A919F0EBF907350BF10E0B23
:1076100008B90134C1E74D4886E74D4884E7651C49
:10762000A5EB0B035D425D41E2E74A4BC6EBC602A8
:10763000D318184609A9069319F0D2F9002240EA96
:107640000A035FFA83FA944222D1054001365E456F
:10765000EBD145B3BAF1000F25D0264809A91BF09C
:10766000A2F900B3FFF740FC364A374B16781B6887
:107670004FF0000A9C4214BF002606F00106354A6E
:10768000544523D00025CAEBCA0B2846CB4417E04B
:1076900038B9C2EBC20106984944079219F0A0F923
:1076A000079A0132CFE72C483EE740B9C5EBC50049
:1076B00010445946069319F093F9069B254A013563
:1076C0009D42F2D106400AF1010AD9E70EB92348DA
:1076D0002AE723492348FFF725FC0123094A1370B1
:1076E000214A1370D9E000BFE8FA0300448100206A
:1076F0003076012031760120A81B0020D4730120B0
:1077000020DE0300D97301201074012076150400D7
:10771000D01D0400891504008F150400DE730120BC
:10772000A9150400C7150400CE150400DF7301205D
:1077300029740120EF73012040810020F0E803004C
:10774000F8150400637301200C810020D715040094
:107750000416040064730120191604003B1604008B
:107760006216040082160400D673012017222846F0
:10777000894926F0BEF8002836D1884905F117005E
:10778000FEF798FF00282FD1854B1B78002B2BD0BC
:10779000844B1B7843BB844BD3E88F3FDBB2EBB108
:1077A000824B8348D3E900231CF0B2F9012815D19C
:1077B000804C8148D4E9002319F000FB70B17C486B
:1077C00004F026FED4E9002379481CF0A1F9012138
:1077D0007A481BF070FF7A497A4886E601227A4B94
:1077E0007A497B481A7080E61E227A497A4826F048
:1077F00080F8002854D169497848FEF75BFF0028DB
:107800004ED1DFF8DC91D9F80030062B48D1754C09
:107810002378032B44D1634A1178002940D10D22EB
:1078200011A8109326F046F86F4B0DF1410203F1B9
:10783000100153F8040B8B4242F8040BF9D10423D6
:1078400001266A495B4D2370D5E90023C1E9002375
:10785000674B1E7023F0E4FD664B1860664B197F82
:1078600009B1664860E62278D9F80000D5E90045FC
:10787000C3E902026FF07F02C3E90045C3E90412C5
:107880009E8399771123019310AB009322462B46D8
:107890005B481AF00AFB0028E3D000233B60ECE5CC
:1078A0001C2258494C4826F024F818B94D4B1B7837
:1078B000042B09D01C225449474826F01AF8F8B97D
:1078C000484B1B78032B1BD134495048FEF7F2FE7E
:1078D000B0B9434B1A68062A12D1324A117879B9E5
:1078E000404A1278042A4A4A03D101231360494AC4
:1078F000F7E6116007221A600122474B1A70CCE7A5
:1079000018224649344825F0F4FF254C26780028F3
:1079100040F09480E6B94248FEF7D6FE202817D101
:107920001823EA5CA2F13001092904D9613A052A39
:1079300001D93C48F8E50133382BF2D1384B174ACE
:1079400003F1200153F8040B8B4242F8040BF9D1E8
:1079500012493348FEF7AEFE044608B13248E3E56B
:1079600016481BF0A5FE184B304A1B78A021CDE924
:107970000343CDE901402346009410A817F0B8FE58
:107980002B4810A9FFF7CEFA0123064A1370294AA3
:107990001370294AA5E600BF8A160400EF73012080
:1079A000DE730120D97301206273012048EF0300C8
:1079B00031760120284900202D760120F86300202F
:1079C000A2160400AB16040061730120B516040072
:1079D000DA160400E6160400107401202E7401204B
:1079E0003C810020DB730120DF730120E048002090
:1079F0005F730120FC800020E84800200517040088
:107A000010760120211704003E1704002C74012079
:107A10000881002060730120DA7301205B170400E5
:107A200028740120741704008F170400AB1704009A
:107A30000E180400D6730120DC730120984B10AAA5
:107A400003F1180C154618685968083303C56345D7
:107A50002A46F7D11B882B80002E4ED1192291483F
:107A600010A925F046FF002847D18F48FEF72CFECD
:107A70004E2842D106228D498D4825F03AFF8C4D83
:107A800000283AD18B49A81DFEF714FE002834D1F6
:107A90008948A5F1210111F8012FA2F13003DBB2D1
:107AA000092B05D9A2F16103052B26D8573AD3B289
:107AB00016F0010F4FEA560214BF10F802C01B0166
:107AC00006F101060CBFDBB243EA0C03202E8354FF
:107AD000E1D1754B794A53F8041BAB4242F8041BC1
:107AE000F9D10123237023F09BFC754B1860FFF73D
:107AF00085FC48B97348FFF757FA734B1B78002B86
:107B00007FF4CBAE71480FE50024714B0BAD93E8C9
:107B1000070085E8070022466E496F488DF834401B
:107B200006F042FC22466D496D4805F0FBFD2246F9
:107B30006C496D4803F074FA6C496D48224619F09F
:107B400067FA2946644806F0A7FA30B169496448E3
:107B500005F0DCFB28B9684800E06848FFF7B8FA90
:107B6000CBE7FFF7C1F9664800F0EAFD48B1102302
:107B700040F24E51504A624800F026FE18B9614862
:107B8000ECE76148EAE75E4800F052FE08B95F485A
:107B9000E4E75F495F48FFF7C5F95F495F48A4E440
:107BA0000D283FF46AAC3B685A1CB2F5007F05D340
:107BB00000235B483B60FFF7F7F95EE43A60394A1F
:107BC000D0545AE4574C2378002B3FF475AC23F083
:107BD00027FC3B4B1B68C01A534B984208D95349AA
:107BE0005348FFF7F5F943B0BDE8F04FFFF748BB46
:107BF0002378002B3FF460AC334B1B78002B7FF4D1
:107C00005BAC4C4E3378002B7FF456AC344805F017
:107C10009DFD28B1484843B0BDE8F04FFFF7C4B917
:107C200023F0FEFB454C0146204618F0E9FE08B162
:107C30004348F0E7237F002B00F0BC80637F002BDC
:107C400000F0B880A37F002B00F0B48000253D4AEF
:107C500025771368013313603B4A136801331360BF
:107C60003A4A1068052879D1394A1378012B40F037
:107C7000AB80022313704FF40072019310AB00939A
:107C8000344BADF840201848D3E900231AF00DF921
:107C9000002840F08F803048FFF786F98AE000BF67
:107CA000EB1A04001074012029740120DB12040077
:107CB00049740120E2120400DF730120EF730120F8
:107CC000408100201B180400DD730120B618040059
:107CD000F0E80300D971010031760120D18601005E
:107CE00030760120E17F0100107601202171010032
:107CF0002E76012032180400A41804004018040055
:107D00002F760120611804004F1804007218040037
:107D1000841804003F140400D01D04009E180400C1
:107D2000D4180400DE73012010980200ED1804003E
:107D30000B130400DC730120F6180400084900202E
:107D40001019040014810020308100203C810020A3
:107D5000DB730120284900202D190400062833D1A7
:107D60007C4F3B78012B1ED14AF203520221ADF821
:107D70004020794AC4E90201D2E900896FF0040089
:107D80000822A38310ABC4E90420C4E90089397038
:107D9000A5774246009371484B4601911AF085F849
:107DA00040B96F4878E7022B0ED1072313600122F8
:107DB0006C4B1A7023F034FB6B4C0146204618F0D4
:107DC0001FFE18B1694826E7694865E7237F63B15C
:107DD000637F53B1A37F43B1664A20771368664936
:107DE000013366481360FFF79DF8654B1B78002B45
:107DF00072D1644805F010F9634B1B787BB1002306
:107E00000120624910AA10930AF072FF109B33B947
:107E10005F4818F0DDFF10B95D4818F0C5FF514903
:107E20005C4F0B78002B2CD000220A705A493B681B
:107E30000A604849062B0A70584910AD0A605BD9A0
:107E40000123337005934B4BC8211B68544A04939C
:107E5000544B28461B680393534B1B680293534BA8
:107E60001B680193524B1B680093524B1B6817F021
:107E70003FFC29465048FFF755F850495048FFF756
:107E800051F83B68052B7FF417AB324B1B78032B63
:107E90007FF412AB414C2368002B3FF40DAB23F071
:107EA000BFFA2368C01A41F26F7398427FF604ABA1
:107EB00032484449FFF78CF800232360264B2748BB
:107EC000D3E900231AF057F800287FF4F5AA3E48BA
:107ED000FFF76AF8FFF7F0BA324B1B68002B88D126
:107EE00023F09EFA394B1B68C01A41F2883398423E
:107EF0007FF67FAF36488EE6052B364E23D0062B15
:107F000024D036F8130005F033F8044632491B48F4
:107F1000FFF75EF83B68284636F813100BAE19F0F1
:107F200083F82146304619F07FF8CDE900560A4B18
:107F30000A48D3E9002302F0C1FE0028A1D1274856
:107F4000FFF732F89DE742F64424DFE742F6A42427
:107F5000DCE700BFDB7301202849002010760120F8
:107F600043190400DA730120E84800207D19040059
:107F70005E190400008100209A1904003F140400D7
:107F80005F730120303C002060730120B5090300BD
:107F90002D7601203C810020388100202C8100209A
:107FA000F4190400048100200881002014810020BD
:107FB0003081002034810020771A04007E1A0400EA
:107FC0008B1A0400B81A0400D11A0400FC800020A7
:107FD000D3190400F81004008F1A0400A01A04003A
:107FE0002DE9F043994F04463B7897B003B3984B83
:107FF0001D68062D1CD1974B1E78042E18D10378CE
:10800000092B15D1076A90F81C8023F009FACDE9F5
:108010000167CDE9038000958F48D4E9022318F069
:10802000FDFC18BB8D4817B0BDE8F043FEF7BCBFA0
:108030008B4E337FEBB12378092B01D08948F2E7CF
:10804000834BD4F820801D68824B94F81C901F78D5
:1080500023F0E6F9CDE90178CDE9039000953046AB
:10806000D4E9022318F0DAFC0028E7D017B0BDE805
:10807000F0837D4DD4E90213D5E900029A4208BF8E
:108080008842F3D1794B1B78002BEFD1784B1B78CA
:10809000002BEBD12278774B1A6023F0C1F9764B95
:1080A000226A1860754B1A60754B227F1A6023781C
:1080B000092BDBD801A252F823F000BFE5800100B4
:1080C0006D800100B18101006D800100BD82010061
:1080D00023840100D3820100D38201006D8001005E
:1080E000AD8101005A4B1B68052B25D1594A1178E7
:1080F000002947D18DF8341001211170327F1AB157
:108100006048FEF751FFB1E7C6E90231D5E9004505
:1081100008236FF00407C6E904370DABB277C6E950
:108120000045B1832246009357482B46019119F030
:10813000BCFE0028E4D099E7062B23D14AF2065270
:108140000121ADF83420434A1170327F0AB14F4803
:10815000D7E7C6E90231D5E9004508236FF00400EE
:10816000C6E904300223B277C6E90045B183019322
:108170000DAB009322462B46434819F096FE00288B
:10818000E5D073E7424A32F813001BF0EDF8D5E969
:10819000002338B13C4819F0C1FE00287FF466AFD7
:1081A0003C4840E7384819F08CFEF6E73A483AE791
:1081B000274B1B68062B27D1264B1B78042B29D174
:1081C0003B78FBB1D4E90202344BD3E900139A4265
:1081D00008BF884216D1324A13789BB9314B1B68CD
:1081E00083B91D4B197F69B1597F59B9997F49B935
:1081F000197701232C492D48137017B0BDE8F043BF
:10820000FEF790BE2A480EE7052B03D1114B1A78D2
:10821000022A01D0274806E7032206AC41F61101E5
:108220000DAE20461A7018F0FFFE42F64621304689
:1082300018F0FAFECDE900461348D5E9002302F014
:108240003DFD00287FF412AF1B48ECE65F73012070
:108250003C810020DB730120E8480020051B04005E
:1082600008490020251B040028490020DD73012057
:10827000DC730120AC1B0020288100202481002019
:1082800020810020451B0400107601205E1B0400A5
:10829000F8100400711B04008A1B0400E048002051
:1082A0005E73012000810020A71B04003F1404001E
:1082B000C61B0400E51B0400051C040023F0B0F8F5
:1082C0005E4B5F4918605F4817B0BDE8F043FEF7AA
:1082D0007FBE202200210DA825F0ECFA00235A4E83
:1082E00015933368052B00F28580DFE803F0032B3C
:1082F000394D5F6E554A06ABD068116903C35069AA
:108300000DA9186006A81AF0C2FD002872D0159FAA
:1083100063699F426ED124693A4621460DA825F033
:10832000D8FA002866D13068494B3A46214633F8DE
:1083300010001AF0D8FF00285CD03368052B5BD101
:108340004448DEE6DFF810C106AFBCE80F000FC7F7
:10835000DCF800300DA93B6006A81AF002FED4E755
:108360003E4B06AF0FCB87E80F0000238DF8183087
:108370007B23ADF822304FF4806338460DA9ADF869
:1083800024301AF03AFEC0E70D2200210DF11B0047
:1083900025F090FA4FF44073ADF818305A230DA928
:1083A00006A88DF81A301AF05DFEAEE7DFF8B0C00F
:1083B00006AFBCE80F000FC79CE8030087E8030086
:1083C0000DA906A81AF0FAFE9FE7264B06AA03F1AC
:1083D000100C174618685968083303C763453A46B6
:1083E000F7D118681B7938603B710DA906A81AF0FF
:1083F00052FF8AE71C4884E61C4A13680133136065
:108400001B4A13680133052B13607FF42FAED5E9A7
:108410000023184819F0AFFD00287FF427AE164856
:108420006FE616490748FEF7D3FD074A1368013384
:1084300013600122124B1A7018E600BF2C81002035
:10844000741C04003F1404003C810020F0E8030089
:10845000F8100400391C040008E903001CE90300BB
:1084600030E9030048E90300231C040034810020A4
:108470003881002010760120571C0400721C040073
:10848000DA7301202DE9F04F06780446262EC5B098
:1084900040F09E807A4805F053F980300BD1794A3C
:1084A000136843B1013B1360774A136801331360CB
:1084B00045B0BDE8F08F754B754D1B78754E764C09
:1084C0003BBBDFF8D89199F81C30002B56D16C4893
:1084D00005F02EF907466A4805F032F9D4E9002381
:1084E00080466F4819F0A0FD0023CDE905330493C1
:1084F0003378E62103932B686A4ACDE90103CDF86E
:1085000000803B460AA817F0F3F80AA8FEF74CFDD6
:10851000CEE7654B1B78002BD3D1644B1B68002B37
:10852000CFD1D5F80090B9F1060FCAD196F800A0C6
:10853000BAF1040FC5D1D4E900125D4BD3E90003B1
:108540009A4208BF8142BCD14D4805F0F9F8D4E900
:1085500000230746524819F067FD804622F060FF6D
:10856000CDE901A7CDE90380CDF800905148D4E9C9
:10857000002318F081FA0028A3D099E74E4B1B681E
:10858000022BA4D8D4E900234C4818F017FC00288B
:108590009DD03B48D5F800A096F800B005F0D0F883
:1085A000D4E9002307463E4819F03EFD804622F0FC
:1085B00037FFCDE901B7CDE90380CDF800A04846EB
:1085C000D4E9002318F058FA00287FF471AF7EE751
:1085D000F31F012B304D3AD8D0E90223D0E902979E
:1085E000D5E900A8417E90F818B03448099118F0F8
:1085F000E5FB0890224805F0A3F8089B099905932C
:108600005AEA080314BF01230023049359EA07031D
:1086100014BF01230023B84508BFCA4503930CBF0C
:1086200001230023CDE900B1254AC8210690029319
:108630000AA8334617F05CF822480AA9FEF772FC34
:108640002378072B03D1D4E90223C5E90023D4E919
:108650000202D5E900139A4208BF88427FF428AF8E
:108660002378082B7FF424AF174B1B78002B7FF463
:108670001FAF164845B0BDE8F04FFEF795BC00BFF0
:1086800030760120188100201C8100205F730120BA
:108690003C810020DB73012028490020084900208C
:1086A000107601207F1C04005E73012000810020F1
:1086B000E0480020E8480020148100202D760120A9
:1086C0000C1D04003F140400DC730120921D040003
:1086D000024B1B780BB9FFF7D5BE7047D973012049
:1086E00008B541F605010F481AF063FE41F609018D
:1086F0000D481AF05EFE41F616010C481AF059FEBC
:1087000041F614010A481AF054FE41F63F010948A7
:108710001AF04FFE08481AF09EFEBDE808400748D0
:108720001AF090BF287C002054770020807200202F
:10873000AC6D0020D8680020303C0020F863002099
:1087400070B5AEB018F0EEF9044650B918F0E0F983
:1087500028B101226FF00F01062004F005FD00246E
:108760002CE018F0D5F905460028EFD104F0A0FC64
:10877000EFF31186402383F31288BFF36F8FB1228A
:1087800029460DF1070025F095F801238DF80430F6
:108790008DF8053006238DF80630A023ADF808309B
:1087A000F023B32201A90748ADF80A3025F075F887
:1087B00004F07EFC86F31188BFF36F8F20462EB045
:1087C00070BD00BFB01B0020F8B50F4616461C4612
:1087D00018F0A8F9054658B918F09AF928B10122FD
:1087E0006FF00F01062004F0BFFC00252846F8BDFD
:1087F00018F08EF90028EFD12EB93CB101226FF0AC
:1088000079010720EFE7A31C1D2BF7D801230748A8
:10881000A0F85270446780F85030002CE6D0224611
:108820003146543025F039F8E0E700BFB01B002096
:108830002DE9F04FADF50F7D18F074F9064650B1F3
:1088400004F036FCD0E8AF3F5BB901224FF0FF31B6
:10885000032004F089FC002630460DF50F7DBDE8AD
:10886000F08F18F055F920B101226FF07701042044
:10887000EFE718F06AFB20B101226FF00F0106202C
:10888000E7E70CAC02222046BA4918F0BFFADDE94E
:108890000C7504F00DFC0830D0E8AF3F002BEBD195
:1088A00004F006FC0C30D0E8AF4F002CE4D13D437F
:1088B000E2D1B422B04961A824F0EFFF3E22214664
:1088C0000DF5A37024F0F6FF0DF164081D2221467A
:1088D00020A80DF1A009C8E9004424F0EBFF1D22F7
:1088E0002146484624F0E6FF1D22214630A824F008
:1088F000E1FF1D22214638A824F0DCFF1D2221467D
:1089000040A824F0D7FF01238DF844318DF845317C
:1089100013930323CDE91144CDE915440DF5C3723A
:108920000DF1400A5292149363ADCAF80040749B53
:10893000A34200F2BB801C22002148A824F0BAFF09
:1089400003238DF8203105238DF82C3107230425CE
:108950008DF8383130AB4993DAF8003048AC4A939F
:1089600038AB4C93119B4D9340AB4F93129B50935C
:10897000013D40F0D7809DF8D431CBB17E9CBDF84D
:10898000D631224676A90DF18200ADF8803024F070
:1089900084FF20AB0193FF2302340093082202944A
:1089A00014AB13A951A818F093F8002800F0988090
:1089B0009DF8FC31002B37D00DF2FD1018F04CFB68
:1089C00004460DF2FD1018F045FB214602464846CC
:1089D00024F063FF0DF2FD1018F03CFB8B9A0DF2B2
:1089E0000E21484424F059FF0DF2FD1018F030FB21
:1089F000022800F0A9800DF2FD1018F029FB0428D0
:108A000014BF212420240DF2FD1018F023FB8B9BB2
:108A100008221844CDE90190009414AB13A951A881
:108A200018F056F800285BD09DF83032002B40F04B
:108A30008D809DF8853115ADB3B104F039FB00F59B
:108A40003B70FDF741FE044604F032FB092300F5BC
:108A50003B7001900093012229464046029416ABD8
:108A600018F036F800283BD09DF884312F68002B91
:108A70007DD13D1E18BF01256D021BAC14220021C3
:108A8000204624F017FFBDF8883151A91D93BDF889
:108A90008A3120461E93139A434600971C9509F08D
:108AA000A7F8011E6ADA01221120D2E628460995AC
:108AB00018F0CEFA022818D0284618F0C9FA04286F
:108AC00016D00DF1480B40AA2846DBF800700A9238
:108AD00018F0C0FA38441D280A9A05F111050BD97F
:108AE00001226FF079010720B3E6D34630AAEBE705
:108AF0000DF1440B38AAE7E7D31909980A9318F047
:108B0000ABFA0B90099818F0A5FA0246DDE90A01C4
:108B100024F0C3FE099818F09DFA0744CBF80070C2
:108B2000013404E7A3680BB90C3421E702936368AE
:108B300008220193237813A9009351A814AB17F0CE
:108B4000C7FF0028F0D1CBE716245CE70623029389
:108B50000DF2312301932E230822009313A914ABA5
:108B600051A817F0B5FF00287FF463AFB8E70325DD
:108B700083E700BF2D760120B01B002004F098FA97
:108B800001240430D0E8EF3FC0E8E24F002AF9D1D9
:108B900000221146104604F0E7FA00234FF6FF7159
:108BA0000B4D17AAADF860301795ADF81C1092E880
:108BB0000300CDE90333CDE9013300930022002304
:108BC00020460595ADF8181004F086FA44E600BF7B
:108BD000FFFF7F7FF8B504460026134D00F1240304
:108BE000696828682A8903C304F130071A8005F1EF
:108BF0000C030FCB84F82E6087E80F00EB69FB2293
:108C0000C4F842302B6A3146C4F8463084F84060DC
:108C100084F84A6004F14B0024F04CFEFF2384F8F2
:108C2000466184F84B30F8BD90E9030000B58DB083
:108C300004F03EFA17F08EFFC0B10E4A00230A92EC
:108C40004FF6FF72ADF82C30ADF81C200CAA12E9DB
:108C50000300CDE90333CDE90133059000930022F1
:108C600000232720ADF8181004F036FA0DB05DF897
:108C700004FB00BFFFFF7F7F2DE9F04F91B0054659
:108C80000991002604F014FA0027EFF3118B40231A
:108C900083F31288BFF36F8F04F00AFA836D9D424D
:108CA00070D1002100F158094FF4A47202FB0104B5
:108CB0000AA8626E17F0CDFFDDE90A670022FF21E6
:108CC000CDF83920ADF83D208DF838100DF1380C75
:108CD0009CE80300A4F87010090CE06684F8721098
:108CE000C4F873009CF80610BCF80400D4F868803F
:108CF000A4F87700C4E91922A26584F8602084F8FA
:108D0000791084F87A20484694F87BA0FFF762FF38
:108D1000012417F066FF04F0CBF98BF31188BFF341
:108D20006F8F64B332463B4628461AF02BFE32461C
:108D30003B46284605F01CFC284609F0FBFE04F0E3
:108D4000B7F917F007FFD0B1164A00230E924FF67D
:108D5000FF72ADF83C30ADF81C2010AA12E90300F8
:108D6000099ACDE90183CDE90332059032463B46AD
:108D70000820ADF81810CDF800A004F0ADF911B03E
:108D8000BDE8F08F04F094F9D0F8A0319D4203D1F2
:108D9000012100F5D07987E74FF00008C24644462C
:108DA000B7E700BFFFFF7F7F30B50022002400231C
:108DB00091B00546CDE90E238DF827400B9404F0C1
:108DC00077F917F0C7FE08B328460BAB0DF1270261
:108DD0000EA917F04BFFC8B10D4AADF834400C9204
:108DE0004FF6FF729DF8273009480D99ADF81C2009
:108DF0000B9A0590CDE90032DDE90E230920CDE97B
:108E00000344ADF81810029404F066F911B030BDB7
:108E1000FFFF7F7F30B500220024002391B005467C
:108E2000CDE90E238DF827400B9404F041F917F09B
:108E300091FE08B328460BAB0DF127020EA917F0DF
:108E400015FFC8B10D4AADF834400C924FF6FF72D1
:108E50009DF8273009480D99ADF81C200B9A059014
:108E6000CDE90032DDE90E230B20CDE90344ADF856
:108E70001810029404F030F911B030BDFFFF7F7F6D
:108E80002DE9F04F05468B46924691B0002A73D0EB
:108E9000002971D004F00CF900260027EFF31189A6
:108EA000402383F31288BFF36F8F04F001F9836DC1
:108EB00004469D4263D1436E002B60D0002700F131
:108EC00058050AAE3046594617F039FF0A9B5146FD
:108ED000C5F81B30BDF82C303046A5F81F309DF882
:108EE0002E3085F8213017F02AFF0A98394668613C
:108EF0009DF82E30BDF82C20AB764FF4A4732A8356
:108F0000012503FB074408A8626E84F87A5017F025
:108F1000A0FEDDE9086794F87BA0D4F8688004F02F
:108F2000C7F889F31188BFF36F8F2DB304F0C0F831
:108F300017F010FE00B304F0BBF83C3017F00AFE47
:108F4000404519D1194A00230E924FF6FF72ADF831
:108F50003C30ADF81C2010AA12E90300CDE9033320
:108F6000CDE90183059032463B461C20ADF8181030
:108F7000CDF800A004F0B0F811B0BDE8F08F04F017
:108F800097F8D0F8A03104469D4208D1D0F8AC81C2
:108F9000B8F1000F07D0012700F5D07591E7002543
:108FA000A846AA46BBE74546C246B8E7FFFF7F7F13
:108FB0002DE9F04F00230024A3B00D46CDE908347D
:108FC00006461DF0C8FC13AC0146002840F0928014
:108FD0004FF0FF08CDF84D00ADF851008DF84C80F2
:108FE00094E80300ADF85810090C15908DF85A104C
:108FF00094E80300ADF86010090C17908DF862102A
:10900000002D40F0E1800DF16409242229464846F4
:1090100024F050FC494630460AF0ECF900286FDB9A
:109020009DF86470012F6BD19DF86530012B0A9378
:1090300066D830461DF08FFC0446002864D14FF0FE
:10904000FF08CDF86500ADF869008DF8648099E8F7
:109050000300ADF85810090C15908DF85A100DF159
:10906000540A9AE80300ADF86010090C17908DF8C7
:1090700062104CB12378012B4DD1A47904F0C004C7
:10908000A4F140025442544124220021484624F0D5
:1090900011FC494630460AF0ADF900283DDB9DF849
:1090A0006430012B39D11D99002940F08280CDF820
:1090B00030801B9921B1504617F041FE9DF8548035
:1090C0001D9900297CD00C78012C79D18B7903F083
:1090D000C003402B25D11B98002873D00378012BA7
:1090E0001FD106220131013024F0F3FB041E18BF0A
:1090F000012416E0204617F022FE9DF84C806DE713
:10910000FF232F460A9394E70146484617F017FEBF
:109110009DF8648099E70024B6E784F00104CDF857
:10912000308003F0C9FF03F0C3FF3C3017F012FD9D
:109130000B9003F0BDFFEFF311830D93402383F3F6
:109140001288BFF36F8F03F0B3FF836D9E4200F070
:10915000CA8003F0ADFF90F87B30012B3BD103F0C8
:10916000A7FFC36D9E4236D103F0A2FF4FF0000A65
:1091700000F1580B03F09CFFD0F8A021B24200F0A0
:10918000B28003F095FF90F8C391B9F1010F27D099
:10919000BBF1000F2FD1002D40F04381002F40F094
:1091A000E3804FF0000A0124D1465746CDF82CA0A9
:1091B00073E017A817F0C3FD9DF85C300C9378E7B7
:1091C0000124AEE70446ACE7FF2301240027CDF8D5
:1091D00030800A93A5E74FF0020A4FF0000BC9E771
:1091E00003F066FFD0F8A421B242D1D103F060FFB2
:1091F000CA4600F5D07BDBF810200B9B9A427ED14B
:1092000003F056FF17F0A6FCB0F1000918BF4FF0AD
:1092100001095146DBF80C200EA817F01AFDDDE914
:109220000E23CDE90823DBF810309BF823A0DBF8F0
:1092300004200B93002D65D1B9F1000F62D0DBF84B
:10924000001000295ED1002F5CD00A9B002B59D161
:10925000CBE900250C9B8BF808508DF85480DDE994
:1092600015018DF85C30ABF81810090CCBF8140020
:109270008BF81A101798BDF860109DF86220CBF893
:109280001B008BF822405846ABF81F108BF82120AA
:10929000FFF7A0FCAB46B9462C4617F0A2FC03F042
:1092A00007FF0D9B83F31188BFF36F8FBBF1000F96
:1092B00007D01DB9132158461DF031FA584609F060
:1092C00039FC1CB1132130461DF029FA002F40F063
:1092D000AF80B9F1000F0DD065B1012211206942B4
:1092E00003F042FF06E003F0E3FE0D9B83F31188D9
:1092F000BFF36F8F23B0BDE8F04F03F0E7BE4FF030
:10930000000986E700244FF0FF0CCBE90344CBF8BB
:1093100004408BF8084019AFCDF865408DF864C063
:10932000ADF8694097E80300ABF81810090CCBF8CA
:1093300014008BF81A10CDF865408DF864C01998A8
:10934000ADF86940CBF81B00B888B979ABF81F00BD
:109350008BF8211058468BF822400A92FFF73AFC0E
:109360000A9A2746934698E70A9B012B7FF419AF88
:1093700003F09EFE17F0EEFB00283FF412AF03F05F
:1093800097FE043017F0E6FB00283FF40AAF03F025
:109390008FFED0F8A0218146002A7FF402AFD0F8DA
:1093A000A421002A7FF4FDAE17F002FC0B9BC9F844
:1093B000AC01C9F8B0310C9B8DF85480DDE9150182
:1093C0008DF85C30A9F8B811090C9DF86220C9F835
:1093D000B40189F8BA111798BDF8601089F8C12155
:1093E000A9F8BF11C9F8BB0189F8C24109F5D070CD
:1093F000FFF7F0FB30461DF07BF9D9F8AC21C9F836
:10940000A0010A990EA817F024FCDDE90E34CDE97D
:109410000834D9F8B03199F8C3A15C46D9460B930A
:109420003BE7DA465C46D9465F46CDF82CB034E7D8
:10943000002D7FF452AF03F03BFEEFF31187402382
:1094400083F31288BFF36F8F129503F031FE17F08C
:1094500081FB60B9002403F02BFE87F31188BFF372
:109460006F8F04BB132130461DF059F942E703F01A
:109470001FFE3C3017F06EFB0B9B9842EAD1DDE9F2
:1094800008012B4612AA17F068FB0028E2D003F06F
:109490000FFE4FF4A472129B02FB0300846DA31B0A
:1094A0005C425C41D7E7BAF1020F09D103F000FE3C
:1094B00000230430D0E8EF2FC0E8E13F0029F9D1C4
:1094C000DDE9082330461AF00BFADDE908233046BF
:1094D00004F084FF00230C4AADF8683019924FF66F
:1094E000FF72CDE903331A99074802930B9BADF83D
:1094F0001C20CDE900A3DDE908230590ADF8181084
:10950000072003F0E9FDF5E6FFFF7F7F0048704785
:10951000641C00202DE9F04F00239046002299B0F2
:10952000C8E900230C4617F0FDFA48B1204617F0B1
:10953000BAFD58B901226FF01501104603F014FE70
:109540004FF0000B584619B0BDE8F08F00232046BD
:109550000E93CDF83B3017F0A6FD07460028E9D062
:10956000204617F0A5FD003818BF01208DF83800FF
:10957000204617F09FFD0368CDF839308388ADF899
:109580003D3003F099FD03F093FD17F0E3FA30B995
:1095900001224FF0FF31032003F0E6FD09E003F064
:1095A00087FD083017F0D6FA30B1BB4800F0C4F997
:1095B00010B903F08BFDC3E717F0FAFA824603F007
:1095C00077FD3C3017F0C6FA814603F071FDEFF3EA
:1095D00011830893402383F31288BFF36F8F03F046
:1095E00067FD90F87B30012B06D1836D23B9C36DE5
:1095F00013B990F86050ADB103F05AFD90F8C35123
:10960000012D40F0D780D0F8A031002B40F0D2805F
:10961000D0F8A431002B40F0CD8090F8A831002B79
:1096200040F0C88003F044FD6E4206F4A47658363C
:10963000831909934FF4A473012103FB0503C3E9C4
:1096400019A983F8601083462068D866A088A1799C
:10965000A3F8700083F8721021682046C3F87310D5
:10966000A188A3F87710A17983F8791017F020FD6D
:10967000012808D1204617F01DFD477907F0C007E3
:10968000403F18BF01274FF4A47303FB05B20998AC
:1096900082F87A70FFF79EFA03F00AFD23682946E4
:1096A000C0F80D33A3885246A0F81133A37980F88F
:1096B00013330AA817F0CDFADDE90A23C8E900231D
:1096C00017F08FFA03F0F4FC089B83F31188BFF3C3
:1096D0006F8F4FF0C877714B14ACCDE91037002372
:1096E0000D9303F0E5FC143017F034FA6C4B0028AE
:1096F0006CD00FCB84E80F000DAB10AA21460EA84A
:1097000009F0DEFE002807464FF0400B67DA03F051
:10971000CFFCEFF3118308938BF31288BFF36F8FA5
:1097200003F0C6FC4FF4A47303FB050393F8602019
:10973000844672B35A6E52452BD19A6E4A4528D14F
:109740000022FF25C3E9192283F86020CDF85120BB
:109750008DF85050ADF8552094E80300A3F8701030
:10976000090CD86683F87210CDF851208DF850504E
:109770001498ADF85520C3F87300A088A179A3F818
:10978000770083F8791083F87A200CEB0600FFF756
:1097900021FA17F026FA03F08BFC089B83F311885B
:1097A000BFF36F8F002200233946C8E90023112040
:1097B0000122F1E603F07CFC089B83F31188BFF3E0
:1097C0006F8F01226FF077010420E5E60FCB84E86C
:1097D0000F00344B12AACDE912370DAB8EE703F020
:1097E00067FCEFF3118308938BF31288BFF36F8F3D
:1097F00003F05EFC4FF4A472831902FB050696F891
:1098000060B007460993BBF1000F4FD0716E514510
:109810004CD1B16E494549D1B16D002946D1D6F838
:109820005CA0BAF1000F41D103F042FC17F092F9AD
:1098300000283BD003F03CFC3C3017F08BF981450D
:1098400034D10D9B86F860A0F36517F0CAF903F0D8
:109850002FFC089B83F31188BFF36F8F124BADF879
:1098600054A014934FF6FF73ADF81C30ADF8483098
:10987000012394E80300CDE903AACDE9019A0590FC
:10988000ADF8181000930620D8E9002303F024FC5B
:1098900003F01CFC56E600BF2E760120010D010DE1
:1098A000B4E9030018002800FFFF7F7F4FF4A47283
:1098B00002FB05730022FF25C3E9192283F860200B
:1098C000CDF85120ADF855208DF8505094E80300A4
:1098D000A3F87010090CD86683F87210CDF85120E7
:1098E0008DF850501498ADF85520C3F87300A17945
:1098F000A08883F87910A3F8770083F87A20099874
:10990000FFF768F917F06DF903F0D2FB089B83F3BA
:109910001188BFF36F8F13210D981CF000FF0D9875
:1099200009F008F9002200236FF00F01C8E90023B5
:109930000620012230E600BF10B58CB017F0F2F817
:1099400048B117F00AFB044648B901226FF07701CD
:10995000052003F009FC002420460CB010BD08F0DF
:10996000D1FD011E02DA01221120F2E703F0A0FB73
:1099700000230830D0E8EF2FC0E8E13F0029F9D1FB
:109980000C4AADF82C300A924FF6FF72ADF81C204D
:109990000CAA12E90300CDE90333CDE901330590A8
:1099A0000093002200230420ADF8181003F094FB6C
:1099B000D2E700BFFFFF7F7F4FF0FF3330B5094D87
:1099C000014410F8012B5340082243F30004013AEC
:1099D0002C4012F0FF0284EA5303F6D18142F0D109
:1099E000D84330BD2083B8ED73B50546D0E93023A8
:1099F00016480C4617F082FA18B90024204602B027
:109A000070BD6846D5E93023104917F03FFA009B36
:109A100020462360BDF80430A3809DF80630A37172
:109A200017F041FB0028E8D0D5E9300119F08EFE8F
:109A300005460028E1D01CF08EFF014600201CF0F6
:109A40004BFA0446284609F075F8D7E72D76012031
:109A500070B5B0F81E3404460E463BB900226FF0D4
:109A60007F012046BDE8704017F0EABB17F017FFF2
:109A70000028F3D01022002104F57E7023F01AFF95
:109A8000104B0025C4F8B4310123C4F8B831B4F840
:109A90001E340F21A4F8BC3104F12800C4F8245668
:109AA000C4F8BE51C4F8C251A4F8C65117F06BFBFC
:109AB00004F5DA7130460CF0D7FB011E01DA2A46B4
:109AC000CFE770BDC914030001222DE9F047584BC0
:109AD0009CB0D3E8EF1F002903D1C3E8E02F002892
:109AE000F7D140F08C803026A3F1040803F5B67757
:109AF000DFF84091143301934F4B02AA03F1100594
:109B0000144618685968083303C4AB422246F7D19B
:109B100018680DF11C0A20605422002150468DF86F
:109B20001A6023F0C7FE5422514602A805F05CF9E2
:109B3000831C5BD0002859D0542871D1079B4B451A
:109B40006ED1BDF82030012B6AD1BDF82230542BE4
:109B500066D1BDF82430002B62D09DF82630012B51
:109B60005ED89DF83D50022D01D0102D58D19DF8A2
:109B70004E40022C01D0102C52D1BDF85F100029AC
:109B80004ED0BDF8613099424AD8BDF86320914269
:109B900046D89A4244D2BDF86510914240D99942C4
:109BA0003ED8BDF867201AB1914239D29A4237D8CF
:109BB0009DF86930A3B350215046FFF7FDFE1B9B73
:109BC00098422DD12B46102B1CD12346102B20D18F
:109BD0009DF86A309DF86B20134321D154225146E1
:109BE00008F1200023F059FE01233B700136F6B244
:109BF000342E08F1540807F101077FF47DAF1CB043
:109C0000BDE8F0870AEB030292F8222042B9013343
:109C1000D9E70AEB030292F833200AB90133D5E7FA
:109C2000019817F0A7FA02A81BF06EFADEE700BF52
:109C30004C8100204E424743AB1D04002DE9F0410A
:109C400086B08046FFF740FF6FF4A7733024244F9F
:109C5000FE1817F8013F002B3AD04046B57A17F0AE
:109C600027FA854234D1404617F024FA06220146ED
:109C700006F10B0023F02DFE50BB1A4B01AA03F195
:109C8000100C154618685968083303C563452A4601
:109C9000F7D11868286001A88DF816401BF034FA37
:109CA000002803DA002006B0BDE8F081EFF311854B
:109CB000402383F31288BFF36F8F54220021304674
:109CC00023F0F8FD00233B7085F31188BFF36F8FFD
:109CD0000134E4B2342C06F15406BAD10120E2E793
:109CE000B7820020AB1D04002DE9F04F0546A54BBF
:109CF000B1B018689A8807AF9B7907903946284613
:109D0000ADF82020BB71FFF76FFE002800F0338113
:109D10000024112200210EA823F0CCFD112221469F
:109D200014A8ADF84A40ADF84C408DF84E4023F0F1
:109D3000C1FD284614AA0EA9ADF862401994ADF8E9
:109D4000684017F038FD0EA818F07FF8002800F0E2
:109D5000128114A818F07FF8002800F00C81FFF79A
:109D6000B3FE05F1D90304936FF4B773DFF81882DB
:109D700005F1C80A08EB0306C346B1461BF8013FCC
:109D80008BB90134042C06F15406F7D1002418F8DD
:109D9000013F53B30134042CF9D17C4817F0EAF9A0
:109DA00000F0030421E096F82A303846059317F0B6
:109DB0007FF9059B8342E4D1384617F07BF90622F0
:109DC000014606F12B0023F084FD0028D9D151462D
:109DD00006F1410017F098F90028D2D0049906F155
:109DE000520017F091F90028CBD0542600213246BA
:109DF0001BA823F05FFD664B38461B9301238DF8AB
:109E00007030B5F812348DF87260ADF8743017F018
:109E10004FF98DF87600384617F04CF903680DF1CC
:109E20007D02CDF87730838805F58161ADF87B3010
:109E300005F57E7353F8040B8B4242F8040BF9D1FD
:109E400051460DF18D0017F07AF904990DF19E003D
:109E500017F075F90EA817F0FAFF8DF8AF00000A99
:109E60008DF8B0000EA817F0F4FFBDF862308DF841
:109E7000B100000A8DF8B2008DF8B33014A81B0AA7
:109E80008DF8B43017F0E9FF8DF8B500000A8DF8B1
:109E9000B60014A817F0E3FF8DF8B700000A8DF89C
:109EA000B80014A817F0DDFF50218DF8B9001BA8E9
:109EB000FFF782FD374B2F9009AA03F110071646D2
:109EC00018685968083303C6BB423246F7D1186890
:109ED0005422306004F130031BA909A88DF83630F4
:109EE00004F01AFF002846DBEFF31186402383F3CA
:109EF0001288BFF36F8F542303FB04901A461BA9EB
:109F0000203023F0CAFC012209EB040383F87021FE
:109F100086F31188BFF36F8F1F4817F02BF90721C5
:109F2000281D17F030F9002105F1280017F02BF952
:109F3000032105F1240017F026F9284617F0C5FC87
:109F400000210C4605F1080017F01DF90B460A46E2
:109F5000CDE90111009128460E2103F0B3FC234600
:109F6000224621462846CDE90144009403F0AAFC8C
:109F700031B0BDE8F08F00226FF00401284617F0E1
:109F80005FF9F5E7F0EE0300B78200205081002072
:109F90004E424743AB1D0400588100202DE9F04F8D
:109FA00087B088461F460546164600F003FC00F5BC
:109FB000EC739845044606D000F61804A04500F559
:109FC000C8630DD11C465DB1D4F83436AB4207D11D
:109FD0002946204619F059FC10B12EB9C4F8346650
:109FE000002007B0BDE8F08F042F16D13388A3B14D
:109FF00072889A4211D3324B04AD18689A889B79C3
:10A00000049029462046ADF81420AB71FFF7ECFC14
:10A01000024648B96FF00C0102E000226FF0150112
:10A02000204617F00DF9DBE704F1080A504617F057
:10A0300068F88146204617F0ADF880462846FFF7BD
:10A04000FDFD024610B96FF00401E9E700251D4847
:10A0500004F1240B17F08EF83946584617F093F8A0
:10A060003B4632460F212046CDE90155009503F0CD
:10A0700029FC2B462A4610212046CDE901550095A2
:10A0800003F020FCB9F1000F14D0204617F01DFC9E
:10A090002946504617F077F80B4817F06BF8052162
:10A0A000584617F070F8294604F1280017F06BF8AD
:10A0B000012096E7B8F1000FFAD01721F4E700BFAE
:10A0C000F0EE03005C810020648100202DE9F04F58
:10A0D00099B000F06FFB00F6884300F10804089384
:10A0E000089BA34202D119B0BDE8F08F04F120070C
:10A0F000384617F006F88046E8B11728A4F108059D
:10A1000024D10123D4E8EF2F002A03D1C4E8E13F92
:10A110000029F7D10FD1D5E9300119F017FB064618
:10A12000014658B9204617F02EF800226FF07F0143
:10A13000284617F085F804F5C864D1E7284617F0DB
:10A14000A0FB31462846FFF783FC52E0D5E93001F9
:10A1500019F0FCFA06460028E7D00146284617F019
:10A160009EFB18B9304608F0E5FCDEE7A8F10208CE
:10A17000B8F1140F3DD801A353F828F0D1A1010084
:10A18000F3A10100FBA10100F3A101001BA201004A
:10A19000F3A101007DA20100F3A101009DA2010035
:10A1A000F3A10100D9A20100F3A1010043A1010024
:10A1B000F3A10100F9A20100F3A101008DA50100A6
:10A1C000F3A10100CDA50100F3A101000DA601003E
:10A1D0000323CDE90233B4F80E34C54A0193B4F831
:10A1E0000C3401339BB20093C24B3146284617F022
:10A1F0003EF8304608F09EFC9DE704234FF0050929
:10A20000CDE90239B4F80E34BB4A0193B4F81034E6
:10A2100001339BB20093B94BE7E71422002104F508
:10A22000EE7023F047FBB64BC4F8D031B54BC4F801
:10A23000D431B4F81034A4F8D831B4F81234A4F8F6
:10A24000DA310223A4F8E43104F5F473D3E8EF1F04
:10A2500041F00101C3E8E21F002AF7D10721384687
:10A2600016F091FF304604F5E8710CF0D3F8011EAA
:10A27000BFDA0022284616F0E3FFBAE703234FF0C7
:10A280000908CDE90238B4F80E349F4A0193B4F8B6
:10A290000C3401339BB20093964BA6E74FF00008B5
:10A2A0009A4BC4F8C681C4F8C031B4F814343846A7
:10A2B000A4F8C43104F58063C4F8C83101230B212C
:10A2C000A4F8CE81A4F8CC3116F05DFF304604F539
:10A2D000E0710CF00FF8CAE703234FF00D0ECDE943
:10A2E000023EB4F80E348A4A0193B4F80C340133B8
:10A2F0009BB200937F4B78E71121384616F043FF5D
:10A30000844B11A918689A889B791190ADF8482060
:10A3100028468B71FFF768FB024610B96FF00C01FD
:10A32000A8E704F1C003049304F1D1030593B4F842
:10A330000A34DFF8E481069304F57C730793FFF792
:10A34000C3FB6FF4A77CC2464FF0000908EB0C0B6F
:10A350001AF8012F3ABB09F10109B9F1040F0BF109
:10A36000540BF5D1FFF7B0FB4FF0000BDFF8AC91C9
:10A3700018F8013F002B40F0D5800BF1010BBBF129
:10A38000040F09F15409F3D1284616F003FF04998C
:10A3900004F1E20017F0A1F90246002840F0EB803A
:10A3A0006FF0150166E7BBF80820069B9A42D2D1F0
:10A3B0009BF80A2011A8099216F07AFE099A8242A7
:10A3C000C9D111A816F076FE062201460BF10B004A
:10A3D00023F07FFA0028BED1102207990BF111005B
:10A3E00023F077FA0028B6D104990BF1210016F07A
:10A3F0008BFE0028AFD005990BF1320016F084FED9
:10A400000028A8D0EFF31180402282F31288BFF316
:10A410006F8FBBF843E0BBF845C004F1C00204F104
:10A42000240104F1D00852F8049B424541F8049BF2
:10A43000F9D1127804F1E1090A700122A4F836E09A
:10A4400084F83A20A4F838C0BBF84780BBF849E04C
:10A450009BF84DC004F1D10204F13C0152F804AB69
:10A460004A4541F804ABF9D112780A70A4F84E803D
:10A4700001224FF00008A4F850E0A4F8528084F8BC
:10A4800054C084F85520BBF84B30A4F8523080F308
:10A490001188BFF36F8F0721201F16F074FE04F19F
:10A4A0001C00022116F06FFE4146384616F06BFE86
:10A4B000284617F00AFA4146204616F064FE18486E
:10A4C00016F058FE434642460D212846CDE9018844
:10A4D000CDF8008003F0F6F943464246414628464F
:10A4E000CDE90188CDF8008003F0ECF981E600BFEA
:10A4F0001A1104004F140300161104000314030082
:10A500009D9F0100AF130300121104005F130300AD
:10A510000E110400F0EE0300B782002073810020CA
:10A520005481002011A819F8017C16F0C1FD874262
:10A530007FF423AF11A816F0BDFD06220146484660
:10A5400023F0C7F9074600287FF417AF11A8FFF7DB
:10A5500075FB024610B96FF004018BE62D4816F02A
:10A5600009FE3B463A4610212846CDE9017700977F
:10A5700003F0A8F908E7002311204FF6FF77CDE993
:10A5800002300123CDE90037234B2EE6294611A8DE
:10A5900017F03BF904F1D10104F1F80017F09DF830
:10A5A000804608B90246FBE611A817F050FC0746A2
:10A5B00011A817F04EFC032313210137BFB2CDE9D8
:10A5C00002314246154B019000970EE629460BA832
:10A5D00017F01BF9294611A817F034F911A817F044
:10A5E00040FC10F0180F11D011A817F036FC0746E8
:10A5F0000BA817F02EFC042315220137BFB2CDE9BA
:10A6000002320190064B074A0097EEE52846FFF715
:10A610006BFBEEE55C8100206F150300FB1503006A
:10A62000E11203000A110400014816F06ABD00BFE0
:10A63000701C0020F8B51F4816F063FD002836D1C5
:10A64000FFF7F2FF1C4C034627461C4A02F1100696
:10A65000254610685168083203C5B2422C46F7D12E
:10A6600001261278164C2A701A0A6373A2731A0C08
:10A670001B0E2374134B04F134002362638EE273C8
:10A6800066F30E036386104B63620023C4E90A3746
:10A6900004F12003C4E90D360AF05EFF054620B937
:10A6A000314604F1080016F06EFD2846F8BD00257D
:10A6B000FBE700BF741C0020781C0020BF1D0400B5
:10A6C0006C1C002006110400E37C030000230748F3
:10A6D000D0E8EF2F012A03D1C0E8E13F0029F7D1EC
:10A6E00002D12C300BF09CB8704700BF741C0020C6
:10A6F00070B5054686B010B9002006B070BD03F0F5
:10A70000EFFA0028F8D0002405AB02930D4B4FF66A
:10A71000FF71CDE9004322462346012005940AF04B
:10A720009DFD05990029E7D04E68002EE4D0102346
:10A730002A4620460094B047A0F1100358425841E1
:10A74000DBE700BFB910030070B58CB001AC10227C
:10A750000021204623F0AEF82046FFF7C9FF08B3DA
:10A76000FFF762FF1C2506462A46002105A823F0B4
:10A77000A1F80E4B8DF81A50059301238DF818306F
:10A7800094E80F000CAC04E90F00182105A8079607
:10A79000FFF712F92A460B9005A9054804F0BCFA08
:10A7A0000CB070BD6FF00400FAE700BF4E424449A0
:10A7B00036250400004870474001002000487047DB
:10A7C000BC820020F0B50D46014304461FD1002095
:10A7D000F0BDEFF3118681F31288BFF36F8FD0E9DC
:10A7E00030739D4208BFBC420FD1D0F83836003BD1
:10A7F00018BF012386F31188BFF36F8F002BE7D1B9
:10A8000000F5C860013AE4D1E1E70023F2E7032252
:10A8100040210148F6E700BF40010020024650B148
:10A820000748824208D000F5C86100F5A0608A425E
:10A8300018BF002070477047A2F5A070704700BF96
:10A8400080020020024650B10748824208D000F53D
:10A85000C86100F2D4408A4218BF00207047704798
:10A86000A2F5B670704700BFAC020020024650B19E
:10A870000748824208D000F5C86100F2C4408A420D
:10A8800018BF002070477047A2F5BE70704700BF28
:10A89000BC02002070B50446D0E9300186B018F043
:10A8A00055FF054640B902466FF07F01204606B0CD
:10A8B000BDE8704017F09AB80146204616F0EFFF49
:10A8C000064620B9284608F035F93246ECE704F58B
:10A8D000A0762146684616F098FF182200213046DF
:10A8E00022F0E8FF04F1D90104F5807016F0F5FEBE
:10A8F0000321114BC4F84001C4F84431BDF81230B3
:10A9000084F850110133A4F84831BDF81430201DEB
:10A91000A4F84E3116F048FF314628460BF08CFA69
:10A920000646284608F006F9002E02DA00223146D3
:10A93000BCE706B070BD00BF231B0300F0B593B0A9
:10A9400005A90BAA044616F036FF9DF8441011F035
:10A95000180515D10721201D16F026FF204616F0F8
:10A96000B4FF294604F1080016F01EFF2B462A46C4
:10A970002046CDE90155009502F0A4FF13B0F0BDCB
:10A98000D4E9300118F0E2FE054640B902466FF006
:10A990007F01204613B0BDE8F04017F027B801460C
:10A9A000204616F07CFF064620B9284608F0C2F87B
:10A9B0003246ECE7BDF84060BDF82870BE4206D3D1
:10A9C000284608F0B7F800226FF00101E1E70E22F7
:10A9D000002104F5A57022F06DFF104B0136C4F87C
:10A9E00040310F4B0521C4F844310423A4F84861D9
:10A9F000E01884F85031A4F84E7116F0D5FE04F535
:10AA0000A07128460BF018FA0646284608F092F87E
:10AA1000002EB3DA00223146BBE700BF1E1104004E
:10AA2000111C0300F0B50446D0E9300189B018F0DC
:10AA30008DFE054638B10146204616F030FF58B964
:10AA4000284608F077F800226FF07F01204609B011
:10AA5000BDE8F04016F0CABF214601A816F0F2FE8C
:10AA60009DF81D3033B9284608F064F800226FF0D5
:10AA70000101EBE7BDF81870B4F82034BB42F2D9FD
:10AA800004F5A07618220021304622F013FF04F5C9
:10AA90008B7104F5947016F020FE0F4B0137C4F84B
:10AAA0004431B4F820343146A4F84E310423C4F8BC
:10AAB000400184F850312846A4F848710BF0BCF9E5
:10AAC0000646284608F036F8002E02DA0022314603
:10AAD000BCE709B0F0BD00BF511D03007FB50325E1
:10AAE0000026284C013D01D104B070BD04F12003C3
:10AAF000D3E8EF2F012A03D1C3E8E16F0029F7D192
:10AB000005D12046FFF78EFF04F5C864EAE703226B
:10AB1000231DD3E8EF1F022903D1C3E8E02F00284B
:10AB2000F7D103D12046FFF7B5FEEDE70522D3E8C4
:10AB3000EF1F042903D1C3E8E02F0028F7D10CBF91
:10AB40000121002103D12046FFF7F8FEDCE70722B0
:10AB5000D3E8EF0F062804D1C3E8EC2FBCF1000FB7
:10AB6000F6D1D1D1204616F0B0FE04F1080016F05F
:10AB70001BFE0B460A462046CDE90111009102F06A
:10AB8000A1FEC1E7400100202DE9F04F04468FB03F
:10AB9000894607AA01A916F00EFE201D16F001FE37
:10ABA000072809D19DF835A0BAF1000F04D0BDF8EF
:10ABB00032B0BBF1000F0BD101224FF0FF31052065
:10ABC00002F0D2FA4FF0000A50460FB0BDE8F08F05
:10ABD000012604F10807D7E8EF3F002B03D1C7E8AF
:10ABE000E26F002AF7D104D032466FF00F01062041
:10ABF000E6E704F10C0016F0D4FD804640B10021D8
:10AC0000384616F0D1FD32466FF077010420D7E7C1
:10AC1000D4E9300118F09AFD054640B9014638469E
:10AC200016F0C2FD32466FF07F010B20C8E71422F8
:10AC3000414604F5C47022F03DFE1E4BA4F886B1D7
:10AC4000C4F87C311C4BA4F89091C4F88031BDF855
:10AC50003030A4F8843104F5CA73D3E8EF1F41F013
:10AC60000101C3E8E21F002AF7D104F1100B4946A5
:10AC7000584616F099FD2946204616F035FE04F593
:10AC8000BE7128460BF0C6FB8146284607F052FFEE
:10AC9000B9F1000F98DA4146384616F085FD58465E
:10ACA00016F082FD204616F043FE4946324611203A
:10ACB00086E700BF4F190300C51C03002DE9F84FBC
:10ACC0001746DDE90A951E4615F02CFF48B14846A7
:10ACD00016F0B9F950B901226FF01501104602F0D3
:10ACE00043FA4FF000084046BDE8F88F284616F0BA
:10ACF000AAF90028EFD0484616F0AAF90428EAD0AD
:10AD0000284616F0A5F90428E5D038463146FFF765
:10AD100059FD044620B901226FF07F010B20DEE7C8
:10AD2000012200F1080ADAE8EF3F002B03D1CAE85C
:10AD3000E12F0029F7D103D06FF00F010620CEE7F5
:10AD40003146384618F002FD0646002800F096808D
:10AD50000146204618F099FD8046002800F08B80BF
:10AD60004B4604F1C80209F1100C174618685968DF
:10AD7000083303C763453A46F7D11B7804F1D9027B
:10AD80003B702B4605F1100153F8040B8B4242F83F
:10AD9000040BF9D11B781370EFF3118A402383F36E
:10ADA0001288BFF36F8F00251122002104F12C00BF
:10ADB00022F080FD11222946E587A4F8405084F84E
:10ADC000425004F1440022F075FD04F15E07A4F83E
:10ADD0005650A4F85850A4F85A50A4F85C5004F106
:10ADE000CC0B16375F454ED10025C4F8B8508AF316
:10ADF0001188BFF36F8F294604F10C0016F0D4FCC4
:10AE000004F1100016F0D0FC04F5A07704F1140052
:10AE100016F0CAFC18223846C4F8245622F04AFD1F
:10AE2000494604F1EA0016F058FC1C4B0121C4F815
:10AE300044314FF6FF73C4F84001A4F84E31A4F832
:10AE40004811201D84F8505116F0AEFC31462046C2
:10AE500016F017FD394630460AF0EEFF0746304639
:10AE600007F068FEAF42BFF63EAF2A46394620469D
:10AE700016F0BCFD35E7304607F05CFE0021504679
:10AE800016F092FC47E711220021A7F1160022F0EC
:10AE900011FD27F8045C07F8025CA2E7991A030089
:10AEA0002DE9F04F89B00746DDE9129816461D4698
:10AEB0009DF850A015F036FE58B130462946FFF7F0
:10AEC00081FC044650B901226FF07F010B2002F093
:10AED0004BF90026304609B0BDE8F08F014601A8C5
:10AEE00016F0B0FC32462B46384616F0BCFF30B1A7
:10AEF0009DF81D301BB19DF81C309B0704D4012226
:10AF00004FF0FF310520E2E7B9F1000F07D1B8F1AA
:10AF1000000F0CD001226FF015011046D7E7B8F5ED
:10AF2000007F04D901226FF079011020CFE74FF0A4
:10AF3000010B04F10807D7E8EF3F002B03D1C7E866
:10AF4000E2BF002AF7D104D05A466FF00F01062065
:10AF5000BDE72946304618F0F9FB0546C8B1014661
:10AF6000204618F092FC064680B1BAF1000F15D0C9
:10AF70005A466FF085010A2002F0F6F8284607F0DD
:10AF8000D9FD0021384616F00FFCA2E7284607F04D
:10AF9000D1FD0021384616F007FC94E704F2224A5E
:10AFA000B8F1000F04D042464946504622F075FCE5
:10AFB0004FF00009194BC4F87291C4F86C31BDF818
:10AFC0001830C4F874A104F1180AA4F87031494685
:10AFD0005046A4F87881A4F87A9116F0E5FB29464A
:10AFE000204616F04EFC04F5B67128460BF082F9A7
:10AFF0008046284607F09EFDC845BFF66BAF204649
:10B0000016F063FC4946504616F0CEFB384616F063
:10B01000CBFB01224146112059E700BF611C030010
:10B0200038B50D46144615F07DFD10B1014BC3E94E
:10B03000025438BDBC82002000487047CC820020FA
:10B04000004870474CDA00204FF0FF324FF0FF33DA
:10B05000014810F015B900BFB0250020014810F0DC
:10B0600081B900BFB0250020F0B5104B104C1F6A0D
:10B0700000239F4201D1002015E026460025D4F888
:10B0800084C1AC4503D1013304F52F64F1E756F8D0
:10B0900004EF864508D14FF42F64064804FB0303F0
:10B0A00001200B601560F0BD0135EAE74CDA0020A5
:10B0B000348C0020CC8200202DE9F04F95B0FFF7B2
:10B0C000C3FFAD4CD4E8AF3F1BB1FFF7C7FF00246F
:10B0D0001EE002F005FE243C98B9A84BDFF8A0B2B0
:10B0E0000C9300235C469A460B93A44B1B6A534572
:10B0F00012D8FFF79FFA041E80F27282FFF7AEFFAC
:10B1000006E0236A002BE8D0FFF7A8FF4FF0FF34DA
:10B11000204615B0BDE8F08F0C9B1D6825606B6B59
:10B12000082BC4F8EC3A04D9FFF798FF6FF01B0422
:10B13000EEE72946201D16F0D0FA20B9FFF78EFF62
:10B140006FF01504E4E74FF42F628E4B0394C4F8BC
:10B1500098338B4B02FB0A330122B3F8AA139146B2
:10B1600062F30E01A3F8AA13874B04F66811C4F822
:10B170009C330023139104F68811069104F1CA014F
:10B18000099104F11A010A9105F11001109104F6D8
:10B190006811C4E9E830CDE901140493D4F8EC3A1D
:10B1A000049A93420FD80C9B0AF1010A04330C93C2
:10B1B00004F56673C4E9E3390B9B04F52F6403F5CA
:10B1C0002F630B9391E7109B53F8045F1093002DAE
:10B1D000B4D0284616F033FF0028AFD00026139FC6
:10B1E0000BE0294657F8040F15F038FF20B1FFF7A0
:10B1F00035FF6FF010048BE70136049BB342F0D1AA
:10B20000019B294643F8045F0A98019316F065FAFA
:10B21000002893D0039B039AC3F80C080023A2F8DC
:10B2200010386A7CDFF864C1530003F0020397070B
:10B2300048BF43F00803560748BF43F00403110713
:10B2400048BF43F01003D70648BF43F020039606DB
:10B25000039A48BF43F0400382F812384FF42F633B
:10B26000142703FB0AF307FB093245494FF0010895
:10B270000A44C2F898C3DFF818C109F10106C2F800
:10B280009CC34FF0000CB2F8AAE3C2F8A0C307FBBE
:10B290000633DDF80CC068F30E0E0CF60C0CA2F8A9
:10B2A000AAE3C2F8A4C3019A0B44C2F8A060C3F891
:10B2B0009803AB7C09F102029807129203EA080294
:10B2C0004FF42F6303FB0AF307FB06330B44B3F879
:10B2D000AA0348BF42F0420262F30E00A3F8AA0399
:10B2E0006A7C12F0010F2B4A08BF0022C3F89C238E
:10B2F0006A7C12F0060F284A08BF0022C3E9E8253D
:10B30000D5F84032019A042BC2F860313FF60CAFF9
:10B310000B9B0BEB0307142303FB097705F50B735A
:10B320000F93099B0893069B079300230593059BA6
:10B33000129A03EB0209019B059AD3F860319342FC
:10B340002CD86B7C13F0180340F0B680019AC2F839
:10B35000C030049B01330493029B24330293069B69
:10B3600010330693099B58330993039B08330393C7
:10B370000A9B16330A9311E770DA00204CDA00209A
:10B38000CC8200202A110400E37C03002611040073
:10B39000A9810300F5230300EDB601000F9B53F8CC
:10B3A000046F0F93002E3FF4C9AE304616F070FEC6
:10B3B00000283FF4C3AE96F82832002B7FF4BEAECF
:10B3C000894A10464FF0000C9A4514BFD2F8641118
:10B3D00004990D9102F5A0710E910D998C4517D02D
:10B3E000DDF838E05EF8041FCDF838E011918646AC
:10B3F000002105E05EF8048FB0453FF4F8AE01315E
:10B40000DDF844808845F5D10CF1010C1030E4E7FB
:10B4100001339A4502F52F62D3D24FF00008069B04
:10B42000059A42453BD1079B314643F8046F089883
:10B43000079316F052F900283FF480AE079B1421C1
:10B44000C3F8C090C7F8C003737C03F001029B07E8
:10B450004FF42F6303FB0AF301FB0933634948BF31
:10B4600042F042020B44598862F30E015980737C0A
:10B4700013F0010F5E4B08BF0023C7F8C433737C81
:10B4800013F0020F5B4B08BF0023C7E9F236059BA0
:10B49000143701330593089B1633089347E753F895
:10B4A000040F31460D9315F0D9FD00287FF49FAEAF
:10B4B0000D9B08F10108B3E7029A4F4B0320C2F835
:10B4C00064380023C2F86838C2F86C384FF42F6231
:10B4D000019B02FB0AF2C3F8C090142303FB09226C
:10B4E000464B09F101091344454AB3F8AA13C3F8BE
:10B4F0009823444A60F30E01C3F89C23424AA3F800
:10B50000AA13C3F8A023029A02F64C02C3F8A4239C
:10B510001FE705F563700AF01FF8041E30DA0025F6
:10B520002F4613E00BF563700AF07AF9DBF8003070
:10B530000BF6881083F8387000230BF66812DBF8DE
:10B54000EC1A994207D801350BF52F6BB542E9D1BA
:10B55000FFF7BCF8D2E586464FF0000C52F8041F06
:10B5600081F84472D2F86011614502D8013310307D
:10B57000E5E75EF8041F0CF1010C81F82872F1E791
:10B580002B6805F6881283F83870002305F66810DA
:10B59000D5F8EC1A994210D8013605F52F651B4BEA
:10B5A0001B6AB342B5D80122194BD3E8EF1FC3E899
:10B5B000E02F00283FF489ADF7E79446002450F8C7
:10B5C000041F81F84472D0F86011A14202D80133FF
:10B5D0001032DDE75CF8041F013481F82872F2E7CD
:10B5E00000260127054DDAE7548C002074860020E0
:10B5F00079240300FF240300E1250300CC8200200E
:10B6000022110400B57C0300414F02004CDA0020F7
:10B6100070DA0020064B5A68904206D053F8142F77
:10B62000904218BF0023184670470433FBE700BF61
:10B6300074DA002070B50246EFF31185402383F3DE
:10B640001288BFF36F8F41241B4B013C1DD1412356
:10B65000194C013B23D00120D4E8EF6F002E04D118
:10B66000C4E8EC0FBCF1000FF6D121D10023217109
:10B67000A260E36002F07EF816F041FD206185F3E0
:10B680001188BFF36F8F204670BD184616F037FD46
:10B6900058B19868904208D11879884205D185F34D
:10B6A0001188BFF36F8F0024EDE703F50B73CCE730
:10B6B00004F50B74CDE700BF98DA0020EFF3118199
:10B6C000402383F31288BFF36F8F0022064BC3E938
:10B6D0000122C3E90522DA601A82DA611A8481F351
:10B6E0001188BFF36F8F704774DA00202DE9F04F97
:10B6F000CF6887B0064692461C46BDF840509DF87C
:10B70000449027B96FF00D0007B0BDE8F08F9AB9EB
:10B71000002BF7D1304601F055FD0028F2D0BB696F
:10B7200014B919F0050F0AD19D420ED9304616F012
:10B7300047FD6FF00600E7E7B3F5007FEAD9304632
:10B7400016F03EFD6FF00C00DEE705EB04089845AF
:10B75000F5D85346012200213846CDE90296CDE9BD
:10B76000004516F0BAFD28B9304616F029FD6FF0F5
:10B770000700C9E719F0010F59D019F0060905D0E3
:10B78000304616F01DFD6FF00500BDE701F0F2FF39
:10B7900016F0B5FC0446EFF31181402383F31288C1
:10B7A000BFF36F8F3046FFF735FF40B18268A2428A
:10B7B0000BD0C0E90099C0F80890A0F80C90CDB16A
:10B7C00081F31188BFF36F8FB3E74268BA420CD0A0
:10B7D000C0E90099C0F80890A0F80C9081F3118896
:10B7E000BFF36F8F6FF008008EE77DB9C0E9005599
:10B7F000856085814D48426822B14269002AEDD1B9
:10B80000143000E00430C0E9006784608289AA42F5
:10B8100005D00022C0E9002282608281D0E7A0F832
:10B820000C8081F31188BFF36F8F00206CE719F053
:10B83000040F4FD019F0020FA2D101F09BFF16F0B8
:10B840005EFC0146EFF31189402383F31288BFF3B6
:10B850006F8F3046FFF7DEFE804668B14368BB421B
:10B8600003D183688B4200D14DB10023C8E9003376
:10B87000C8F80830A8F80C3089F31188A2E783894A
:10B88000A34209D00023C0E900338360838189F398
:10B890001188BFF36F8F55E751462246786921F032
:10B8A000FCFF0021FC61C8E90011C8F80810A8F8E5
:10B8B0000C1089F31188BFF36F8FCDE90411CDE926
:10B8C0000216CDE9001138462346524601F080FFAA
:10B8D000204619E7EFF3118B402383F31288BFF35F
:10B8E0006F8F3046FFF796FE10B18BF3118877E724
:10B8F0002CB1786922465146284421F0CEFF95B1FB
:10B90000FB69434538BF4346FB618BF31188BFF3A6
:10B910006F8F0021C9F34003CDE90411CDE9021670
:10B92000CDE90053CFE72346EEE700BF74DA0020ED
:10B930002DE9F04F8BB0804617461D4615F0F2F802
:10B9400048B198F811301B070BD401226FF0850124
:10B950000A2001F009FC4FF0000840460BB0BDE89A
:10B96000F08F4FF00009404602AA01A9CDE90199E4
:10B97000FFF77AFB20B901224FF0FF310520E8E7FD
:10B9800049464046FFF756FE044620B901226FF0B3
:10B990000F010620DDE72946DDE90163384606EBA5
:10B9A0008303D3F80CAA17F0D1FE054660B1142327
:10B9B00003FB0A6606F56676012231461CF0D9FCC7
:10B9C00050B9284607F0B6F8204616F0EAFB0122E7
:10B9D0006FF07F010B20BCE728461CF08DFC04F1C2
:10B9E0002C0A07464FF400724046514603AB16F04E
:10B9F00018FC804650B9284607F09CF8204616F0FF
:10BA0000D0FB01226FF079011020A2E7022FF2D9BA
:10BA1000DDF80CB0033F5F45EDD3102249460DEB36
:10BA20000200E56021F046FF0B4B04A92846CDE952
:10BA3000056A0893ADF81CB009940AF0FFF80646B1
:10BA4000284607F077F8002E87DA204616F0A9FB83
:10BA50000122314611207CE7292103004FF0FF33FA
:10BA600030B5094D014410F8012B5340082243F32F
:10BA70000004013A2C4012F0FF0284EA5303F6D18D
:10BA80008142F0D1D84330BD2083B8EDF8B50646E9
:10BA9000EFF31187402383F31288BFF36F8F0025E4
:10BAA0000A4C94F829302BB1314604F11C0016F0F1
:10BAB0002EFE28B90135042D04F10E04F1D1002029
:10BAC00087F31188BFF36F8FF8BD00BF9865012021
:10BAD00008B50346032B084605D82821034A13F06E
:10BAE00007FE012008BD0020FCE700BFD11D0400B7
:10BAF0000048704798650120024BD3E8AF0FC0B2F1
:10BB0000704700BF98650120F0B5EFF31186402320
:10BB100083F31288BFF36F8F00250F4BC3F81250C9
:10BB2000C3F816505D831D4640B10768C3F8127014
:10BB30008788DF8280791876012098765976DA76C0
:10BB400086F31188BFF36F8FD5E8EF3FC5E8E21F9A
:10BB5000002AF9D1F0BD00BF98650120014610B55B
:10BB6000A8B1EFF31184402383F31288BFF36F8FE2
:10BB7000074B987E38B1072203F1120021F0A9FE8D
:10BB8000B0FA80F0400984F31188BFF36F8F10BDC5
:10BB900098650120002210B5026042600281EFF337
:10BBA0001184402282F31288BFF36F8F064AD2F8C5
:10BBB00012100160D2F81610528B4160028184F39A
:10BBC0001188BFF36F8F10BD986501202DE9F041FA
:10BBD000044690B1EFF31187402383F31288BFF33B
:10BBE0006F8F00250B4B0C4ED3F85480A84506D11F
:10BBF000002087F31188BFF36F8FBDE8F0813046D6
:10BC00000722214621F065FE073608B10135EDE730
:10BC10000120EEE798650120117601202DE9F0471B
:10BC2000064628B3EFF31189402383F31288BFF34C
:10BC30006F8FDFF85CA000245746DFF85880D8F8F3
:10BC40005450A54210D038460722314621F041FE1B
:10BC5000013407370028F4D1C4EBC4035344A54290
:10BC600008D8013DC8F8545089F31188BFF36F8F8D
:10BC7000BDE8F0871A4652F80719013443F8071C4B
:10BC800099880733918013F8011C9171E7E700BF91
:10BC900011760120986501202DE9F04305468DB00D
:10BCA00018B900200DB0BDE8F0831AF054FE16F06C
:10BCB00019FD0028F5D028461AF04DFE014601A8CE
:10BCC00016F050FDEFF31188402383F31288BFF381
:10BCD0006F8F244E0027344696F8293033B106F191
:10BCE0001C09484601A916F012FD70BB0137042F4C
:10BCF00006F10E06F0D100231C461E461F4688F3AF
:10BD00001188BFF36F8F002BCBD02422002103A812
:10BD100021F0D0FD284603A907F06CFB0028C0DB0A
:10BD20009DF82E30BB42BCD19DF82D30B342B8D324
:10BD30009DF82F30DA07B4D5C4F3400080F001003D
:10BD400040EA530000F00100ACE70E2303FB074379
:10BD500093F8267093F8276093F8284099F80D30EF
:10BD6000CDE700BF986501202DE9F04104469EB063
:10BD700058B11AF0F0FD0546284616F0B3FC30B96C
:10BD8000002528461EB0BDE8F0810546F4E72422D0
:10BD900000210BA821F08EFD20460BA907F02AFBFD
:10BDA0000028EDDB9DF84E30102BE9D19DF84D3089
:10BDB000023B022BE4D89DF84F4014F00104DFD081
:10BDC000294601A816F0CEFC01F0D2FFB0F882306F
:10BDD000ADF80C309DF84E308DF80E309DF84D309A
:10BDE0008DF80F309DF84F3013F0020F18BF032469
:10BDF00001238DF810408DF81130EFF311884023A6
:10BE000083F31288BFF36F8F444D002404272E461E
:10BE100095F82930002B7CD001A905F11C0016F003
:10BE200076FC28B90134042C05F10E05F0D13C460E
:10BE300088F31188BFF36F8F042CA1D02822002132
:10BE400014A821F037FD1622002105A821F032FDAB
:10BE5000204614A9FFF73CFE0546002890D0112289
:10BE600000210DF1190021F025FD2D4B1221059324
:10BE700002238DF818309DF8043005A88DF81A308B
:10BE8000DDF80530CDF81B30BDF80930ADF81F30B6
:10BE90009DF80E308DF821309DF80F308DF822304E
:10BEA0009DF810308DF82330BDF80C30ADF82430FB
:10BEB000FFF7D4FD030CADF826008DF828301622CC
:10BEC0001B0A05A914A88DF8293002F025FF0028C7
:10BED0007FF456AFEFF31187402383F31288BFF34B
:10BEE0006F8F0E2303FB046301AA1C3303AE1446B9
:10BEF00003CCB44218605960224603F10803F6D11E
:10BF000020681860A2889A8087F31188BFF36F8F2A
:10BF100037E7042F08BF274684E700BF9865012054
:10BF20004D4E42322DE9F04301468DB0A8B31C4E70
:10BF3000684616F017FC0025B0464027EFF311893C
:10BF400087F31288BFF36F8F96F8294074B1694662
:10BF500006F11C0016F0DBFB044638B10E2303FB90
:10BF600005801A4600211C3021F0A4FC89F31188B9
:10BF7000BFF36F8F64B10021282202A821F09AFC40
:10BF8000284602A9FFF7A4FD10B102A819F0BCF8D9
:10BF90000135042D06F10E06D0D10DB0BDE8F083B9
:10BFA0009865012070B504468AB098B3012931D94B
:10BFB0001AF0D1FC06460146204616F085FC58B31F
:10BFC000204616F002FC022826D12046FFF764FE28
:10BFD000054668BB314604F057FE3046FFF7A2FF26
:10BFE0003046FFF71BFE1A4816F0A1FB29462B46E8
:10BFF0002A46204616F011FC2946204602F00CF88D
:10C000002B4622460C21009502A801F049FF02A808
:10C0100001F01EFF0AB070BD204616F0D6FB0428C2
:10C02000F8D0012120460AB0BDE8704001F0F4BF0D
:10C03000002303223146204616F0EFFB0121204663
:10C0400001F0EAFF002322460A210093DCE700BF4B
:10C05000A465012001222DE9F04F9F4BB9B0D3E830
:10C06000EF1F002903D1C3E8E02F0028F7D140F0EB
:10C07000828018AC20220021204621F01BFC01F018
:10C0800039FE20B12246002094490BF0E9FFEFF37E
:10C090001186402383F31288BFF36F8F00231F9A0A
:10C0A0008F4F90497A65C2EBC202934266D186F304
:10C0B0001188BFF36F8F382200212AA821F0FAFBE4
:10C0C00000262AAC2822002120A821F0F3FB002121
:10C0D000162204A821F0EEFB304620A9FFF7F8FC59
:10C0E00080B1162204A920A802F07EFE054648B1C0
:10C0F000831C07D000284FDA20A819F005F87A48E9
:10C1000016F015FB0136042E04F10E04DAD1EFF31C
:10C11000118C402686F31288BFF36F8F734D2AACC3
:10C120000FCC0FC50FCC0FC50FCC0FC594E8030083
:10C1300085E803008CF31188BFF36F8F0DEB0608C1
:10C140001C220021404621F0B5FBEFF3118986F354
:10C150001288BFF36F8F00263446624D7B6D9E427E
:10C16000C0F0188189F31188BFF36F8F00260AADE4
:10C17000B44240F0288139B0BDE8F08F54F803C0D4
:10C18000E51841F803C0B5F804C0AD795818A0F817
:10C1900004C08571073388E701F0EAFD0E2238AB51
:10C1A000B0F882B002FB06300021383821F082FB63
:10C1B00025F00203142B9FD1DFF834A1049B5345D3
:10C1C0009AD1BDF81490B9F1010F4DD1142D93D12E
:10C1D000102101F1E0036B4404A853F8D05CFFF791
:10C1E0003DFCA84288D19DF81600012884D89DF80E
:10C1F0001D10102980D19DF81E20931E022B3FF6A2
:10C200007BAF9DF81F30DD077FF576AFA04608F8BD
:10C21000010BDDF81700B9F1010FC4F80100BDF8FA
:10C220001B00A8F80400A172E272237325D1A4F8C0
:10C2300008B001236373EFF31183402282F3128865
:10C24000BFF36F8F0025DFF89CB07A6D95421BD34A
:10C25000002083F31188BFF36F8F00283FF44CAFA9
:10C2600000250DF1A80B2AE0B9F1020F7FF444AFCD
:10C27000162D7FF441AF1221ABE7BDF820309B456E
:10C2800023817FF439AFD4E7594610A8019316F003
:10C2900069FA214610A816F03AFA0BF1070B019B38
:10C2A0000028D6D10135D0E73DB99BF80D5025B116
:10C2B0002146584616F02BFA05460BF10E0B5C454D
:10C2C000F2D1BDB10E2238AB02FB06300021383866
:10C2D00021F0F0FA10E700BF9C6501203F27030022
:10C2E0009865012011760120A4650120B465012024
:10C2F0004D4E4232B9F1010F7FF404AF16222946A8
:10C300000AA821F0D7FA02238DF82C30D8F8003093
:10C3100094F80090CDF82F30B8F804301221ADF821
:10C320003330A37A0AA88DF83530E37ACDF828A007
:10C330008DF83630237B8DF82E908DF83730238999
:10C34000ADF83830FFF78AFBADF83A00000C8DF8F5
:10C350003C00000A8DF83D0016220AA920A802F030
:10C36000DBFC0028AED1284816F0E1F9D8F80030FF
:10C3700010A8CDF80930B8F804300B21ADF80D3015
:10C3800002AA2B468DF8089001F01CFD10A801F0C0
:10C390005FFDB7E620A8294616F0E4F920A8FFF7CC
:10C3A00075FB68B9032C0BD82968C4EBC40208EBF1
:10C3B000020348F80210AA8801349A80AA799A7177
:10C3C00001360735CAE6C6EBC60208EB020358F889
:10C3D00002009A889B79AA80AB71294628600020C8
:10C3E00004F052FC2846FFF719FC084816F09FF9A4
:10C3F0000C2100232A4620A801F0E4FC20A801F02B
:10C4000027FD0136B4E600BFA0650120A465012028
:10C4100007B50020044901AA01900BF021FE019804
:10C4200003B05DF804FB00BF052703001FB569B129
:10C4300042B10020CDE9011201AA054903900BF099
:10C440000FFE039A104605B05DF804FB0A46F9E7B3
:10C450009527030000487047F06501204FF0FF3238
:10C460004FF0FF3301480EF00BBF00BFC425002082
:10C4700001480EF077BF00BFC425002010B5074B60
:10C48000D3E8EF2FC3E8E40F002CF9D10433D3E84D
:10C49000EF2FC3E8E01F0028F9D110BDF865012097
:10C4A00070B5044690B3224D284616F0E7FA68B3FB
:10C4B000EFF31181402383F31288BFF36F8F2B7E3C
:10C4C00033B36B69A3420DBF012200220123002375
:10C4D00081F31188BFF36F8FC2B92BBB204602F0E6
:10C4E00021F9002813DBEFF31186402383F3128830
:10C4F000BFF36F8F2B7E6BB920461AF0F9F801233A
:10C5000068612B8386F31188BFF36F8F002070BDA5
:10C510001A46DDE786F31188BFF36F8F204602F0DD
:10C5200007F96FF07700F2E76FF00B00EFE700BF5D
:10C53000F065012070B5044610B90026304670BD84
:10C540001C4D284616F09AFA0028F6D0EFF3118217
:10C55000402383F31288BFF36F8F2B7E1BB16B696F
:10C56000191B4B424B4182F31188BFF36F8F002B95
:10C57000E3D0204602F0DCF80646EFF311814023B9
:10C5800083F31288BFF36F8F2A7E002372B16A692A
:10C59000A2420DD16B612B8381F31188BFF36F8FA2
:10C5A000002CCBD0204606F0C5FAC7E71446F3E7C7
:10C5B0001C46F1E7F065012070B5EFF311864023CA
:10C5C00083F31288BFF36F8F0125134CC022002123
:10C5D000201D21F06FF9C022002104F1C700657011
:10C5E000A570E57084F8425084F8435021F062F958
:10C5F000022384F8C55084F8C65084F8055184F8A5
:10C60000065184F8C43086F31188BFF36F8F002081
:10C61000BDE870400BF05CBA8D2200202DE9F0439C
:10C620000E460546C9B0E8B1F9B10B78012B1CD113
:10C6300001F09EFB90F88130BBB1284617F002FA5A
:10C6400098B1242200210EA821F034F928460EA921
:10C6500006F0D0FE002811DA02226FF07F01284692
:10C6600016F00FFA49B0BDE8F08301226FF0150112
:10C67000284649B0BDE8F04316F003BA9DF83940AA
:10C68000012C02D0002CE7D10224119B002BE3D017
:10C69000129B002BE0D0C02200210DF15F0021F0A1
:10C6A00009F901238DF85C308DF85D308DF85E302E
:10C6B0008DF89D308DF89E30EFF31188402383F381
:10C6C0001288BFF36F8F013C4FF0C30318BF0124E2
:10C6D000654F1A4603FB047117A8013121F0DDF8FC
:10C6E00088F31188BFF36F8F0DF10809484611993F
:10C6F0000DF1100816F036F84046129916F032F88F
:10C700007678012E12D19DF81E316BB106220DF103
:10C7100011010DF1A70021F0DCF89DF8A62098F892
:10C7200000309A4221D128B3082216E09DF81D312D
:10C730006BB106220DF109010DF1670021F0C9F876
:10C740009DF8662099F800309A4202D140B1072244
:10C7500003E000280CBF032207226FF00C017EE7E4
:10C76000002ED0D19DF81E3106E000280CBF042217
:10C770000822F2E79DF81D314BB110220DF1CD01D9
:10C780000DF18D0021F0A5F808B10522E5E7EFF3E2
:10C790001180402383F31288BFF36F8F002C14BFE6
:10C7A0004FF0C30C4FF0000C012E47D0C32202FB08
:10C7B00004720DF16D0382320DF17D0153F804EB2B
:10C7C0008B4242F804EBF9D1C32202FB04720DF153
:10C7D0008D01923253F804EB8B4242F804EBF9D10D
:10C7E0000CF1820139445EB3C32202FB04720DF1E5
:10C7F000AD03A2320DF1BD0653F804EBB34242F88B
:10C8000004EBF9D1C32202FB04740DF1CD02B23462
:10C8100053F8046B934244F8046BF9D10CF1A20C69
:10C8200007EB0C0280F31188BFF36F8F284605F0E9
:10C8300091F9044630B10622014610E70021D3E702
:10C840003246EFE7284616F019FA2146204601F055
:10C85000A9FA06A823462A460521009401F020FBE8
:10C8600006A801F0F5FAFDE68D2200200048704789
:10C8700030490020F7B50024CDE90044EFF31185DD
:10C88000402383F31288BFF36F8F0221154B1A697F
:10C890008AB108B182420ED102AE06EB84060027AF
:10C8A00046F8082C00260022C3E90267C3E90667A0
:10C8B0001A611A750134012903F1180309D185F3AE
:10C8C0001188BFF36F8F00266D46B44203D103B0C9
:10C8D000F0BD0121DBE755F8040B06F02BF901361A
:10C8E000F3E700BF304900200246F0B4EFF3118CAB
:10C8F000402383F31288BFF36F8F174B186928B159
:10C90000D3E902548C4208BF95421FD0986AA8B15F
:10C91000D3E908548C4208BF954219D1012118224D
:10C9200000240025002702FB013601FB02221344EC
:10C93000C6E90245C3E90045376137758CF31188B4
:10C94000BFF36F8F30B1F0BC06F0F4B80021E6E71A
:10C950000020F3E7F0BC7047304900202DE9F04F8C
:10C9600091B08A460446CDE9022358B1014606A893
:10C9700017F08FF8DDE9063153EA010207D12046AE
:10C980001AF01FF80025284611B0BDE8F08F2246A6
:10C990001846CDE9041317F067F805460028EED0D5
:10C9A000EFF3118B402282F31288BFF36F8F3C4E5E
:10C9B0003769BC424CD0D6E90202DDE904138A4251
:10C9C00008BF984244D0D6F828C0644540D0D6E984
:10C9D0000802914208BF83423AD0002F4CD14FF059
:10C9E000180808FB07692046C9E9023119F080FEE2
:10C9F00089F814A0C9F810001FF083FA8246049148
:10CA000001F0B6F94FF47A7C8146AAFB0C0A04992E
:10CA1000002347F612220CFB01A1F3F7E7FD07FB09
:10CA20000888D9F87C3006EB0807C01841F10001EE
:10CA300046F8080079608BF31188BFF36F8F15BB40
:10CA40006FF00F01062001F0ADF92B4600950AE0CA
:10CA50008BF31188BFF36F8F6FF00F01062001F089
:10CA6000A1F90023009308A82246122101F018FA28
:10CA700008A801F0EDF982E7BCF1000F01D1012710
:10CA8000ADE70025D7E7002308A800932246039BC3
:10CA9000029901F005FA08A801F0DAF973E700BF7E
:10CAA00030490020F0B50446EFF3118C402383F3A6
:10CAB0001288BFF36F8F184B186940B1D3E9026534
:10CAC000A94208BFB44202D11D7D954220D0986A88
:10CAD000C8B1D3E908658D4208BFA6421AD193F8C0
:10CAE0002C10914216D10121182200240025002784
:10CAF00002FB013601FB02221344C6E90245C3E9E9
:10CB00000045376137758CF31188BFF36F8FF0BD27
:10CB10000021E9E70020F6E730490020F0B50024C5
:10CB20008DB0CDE90244EFF31185402383F31288E1
:10CB3000BFF36F8F1FF0E5F94FF47A76A0FB06077D
:10CB400047F61222002306FB0171F3F74FFD022284
:10CB5000214B1F69BFB1D3E906C6604571EB0606DC
:10CB600011DB0CAE06EB840646F8287C0026002775
:10CB70004FF0000CC3E90267C3E90667C3F810C0B1
:10CB800083F814C00134012A03F1180309D185F395
:10CB90001188BFF36F8F002602ADB44203D10DB0F0
:10CBA000F0BD0122D5E755F8047B0136384619F06F
:10CBB00008FF6FF07301072001F0F4F800233A46F4
:10CBC0001121009304A801F06BF904A801F040F9C9
:10CBD000384605F0AFFFE0E73049002038B51A4C81
:10CBE00010220021054604F13C0020F063FE174BA3
:10CBF000A363174BE364174B236501F0B9F890F872
:10CC000081300BB1144BA364681E032805D8DFE8FC
:10CC100000F0020D1015114BE36300232366104B47
:10CC20006365104BA365104BE36538BD0F4B236460
:10CC3000F3E70A4BE3630E4B6364EEE7074BE363F2
:10CC40000A4B2364F7E700BF30490020BD2C0300E6
:10CC5000412B0300272D03001DC60100C72C030034
:10CC60006B2B0300252C0300B12A0300F52C0300D5
:10CC70000D2D03007FB5038833B142F2E101A3F229
:10CC80002E6292B28A4241D885780C2D3ED8C27865
:10CC90001F2A3BD80179172938D841793B2935D843
:10CCA00081793B2932D8002D32D08AB3194E01AC9C
:10CCB0003068716803C4B06820602BB3990721D134
:10CCC0006420B3FBF0F100FB113189B2E1B94FF4FC
:10CCD000C871B3FBF1F001FB10339BB2B3FA83F3DD
:10CCE0005B09022D14BF002303F0010305F11001BD
:10CCF000694411F80D1C0B449A428CBF002001209E
:10CD000004B070BD0023ECE70123EAE70020F7E759
:10CD10000120F5E7E91D04002DE9F0438846164699
:10CD200004468FB020B9002420460FB0BDE8F08340
:10CD30000429F8D90578072DF5D815F002090CBF9C
:10CD400005230C2303EB95038B42ECD16F46DFF8F0
:10CD5000B0C0BCE80F000FC7DCF8003003213B6017
:10CD600005F001038DF8053005F00407C9F3400311
:10CD7000C5F38005601C8DF806308DF8105016F054
:10CD800024F8430003F08073C01A237900908DF8D3
:10CD90000430B9F1000F15D00221601D16F015F80E
:10CDA00094F807C0257A617AA27AE37AADF8080090
:10CDB0008DF80AC08DF80B508DF80C108DF80D20F1
:10CDC0008DF80E3027B1444414F8013C8DF8113031
:10CDD0000023684605A90D9316F0C3F80446002801
:10CDE000A1D06B46324604AE1D4603CDB54210605D
:10CDF00051602B4602F10802F6D12B88138093E78D
:10CE0000C4E903002DE9F04F1646054687B0002817
:10CE10005DD000295BD090F80080B8F1030F56D8A0
:10CE200018F001090CBF012207224FEA480303F062
:10CE3000040313448B424AD1264B02AC08F002078C
:10CE40000FCBC8F3400884E80F00B9F1000F38D0C9
:10CE50000421681C15F0B9FF02218246681D15F0F7
:10CE6000B4FF07231FFA80FB7FB3E8180221019368
:10CE700015F0ABFF019B87B2981C0221284415F0E6
:10CE8000A4FF83B232468DF808908DF80980CDF862
:10CE90000CA0ADF810B0ADF81270ADF8143004ADC0
:10CEA000234603CBAB42106051601C4602F10802DE
:10CEB000F6D11868106001209B88938007B0BDE808
:10CEC000F08FCB46CA460123CEE73B46DAE7002087
:10CED000F4E700BFD8E903002DE9F0438846154682
:10CEE000044687B000283FD0023912293CD890F878
:10CEF0000090B9F1090F37D8023015F081FF0646CE
:10CF000050B36F466B46194A02F1100EBC461068CA
:10CF100051680832ACE8030072456746F6D11068E4
:10CF20001279CCF800008CF8042002226178424586
:10CF300016D12A468DF800908DF8011004AD1C46DC
:10CF400003CCAC4210605160234602F10802F6D1D6
:10CF50002068106023791371304607B0BDE8F08374
:10CF6000A05CD0540132E2E70026F5E7E8E90300CF
:10CF7000A0F5C050053880B23A289ABF024B33F86A
:10CF800010000020704700BF2E1104002DE9F04171
:10CF900053EA0201054616461F469DF8188003D144
:10CFA00000242046BDE8F0811A4813F007FF00284E
:10CFB000F6D0D5F8A82BD5F8AC3B05F6A8349F429F
:10CFC00008BF9642EDD0D5F8B82BD5F8BC3B9F42B0
:10CFD00008BF964202D105F6B834E2E7B8F1000F77
:10CFE000DED005F6C835AC42DAD0D4E900321343BE
:10CFF00007D0D4E90023074813F0E0FE08B110344D
:10D00000F1E710220021204620F054FCC4E900671B
:10D01000C7E700BF2D7601202DE9F74F054600F642
:10D02000A83400F6C8394C4502D103B0BDE8F08FF2
:10D030001E48D4E9002313F0C1FE014628B910228E
:10D04000204620F037FC1034EDE704F108063046A6
:10D0500016F0A5F98246304616F0A6F9C846834672
:10D06000002605F69A472AFA06F3DA0708D5BB7AAE
:10D0700033B1CDF800802846D4E9002316F061FAD8
:10D080002BFA06F3DB0708D53B7828460193F3B269
:10D090000093D4E9002316F0A1FA01360A2E07F115
:10D0A000010708F11508DED1CDE700BF2D7601207C
:10D0B00000487047C00D00204FF0FF324FF0FF33A3
:10D0C00001480EF0DDB800BF9C25002001480EF09D
:10D0D00049B900BF9C25002030B504468DB01F48DB
:10D0E000119916F0EDFA0546002908BF2946CDE949
:10D0F0000223129B15980493139B8DF8004005930F
:10D100009DF84030CDF81A008DF818309DF8503059
:10D110000A918DF81930BDF85830ADF81E30BDF8C1
:10D120005C30ADF820300022002369460C481EF028
:10D1300010FB88B10B4CD4E8EF3F0133C4E8E23F69
:10D14000002AF8D16FF06801201F16F0BCFA082100
:10D15000A4F1080016F0B7FA0DB030BDFC0D0020A8
:10D16000E0260020E40D002070B50E46154601466D
:10D17000044612488CB016F0A6FA3146043016F078
:10D18000A2FACDB1C4B10E4A00230A924FF6FF7243
:10D19000ADF82C30ADF81C200CAA12E90300CDE943
:10D1A0000333CDE9013305900093002200232620AC
:10D1B000ADF81810FFF790FF0CB070BDDC0D00202B
:10D1C000FFFF7F7F034610B5E0B1EFF311814022EE
:10D1D00082F31288BFF36F8F114A906D834208D19A
:10D1E000506E30B102F13C00946E16F069FA844240
:10D1F00014D0D2F8A001984205D0002081F3118804
:10D20000BFF36F8F10BDD2F8AC31002BF5D00548BD
:10D21000D2F8B03116F054FA8342EED10120EDE796
:10D22000C00D0020FC0D002038B50022002304466C
:10D23000C0E9002391B3EFF31185402383F31288F3
:10D24000BFF36F8F184B9A6D914208D15A6E32B16D
:10D2500003F13C009A6E16F033FA824220D0D3F8E4
:10D26000A0218A4216D1D3F8AC219AB10F48D3F845
:10D27000B02116F025FA82420CD101224FF4A4719C
:10D2800001FB0233596E69B1531C43EA0123090EB5
:10D29000C4E9003185F31188BFF36F8F204638BD94
:10D2A0000022EBE70B46F3E7C00D0020FC0D002049
:10D2B00008B5EFF31182402383F31288BFF36F8F19
:10D2C000104B996D41B1596E31B103F13C00996E2B
:10D2D00016F0F6F9814213D0D3F8A01129B9002035
:10D2E00082F31188BFF36F8F08BDD3F8AC1100290A
:10D2F000F5D00548D3F8B03116F0E2F98342EED10B
:10D300000120EDE7C00D0020FC0D0020F0B58DB030
:10D310000D4613F007FC70B135B12846F9F7D4F982
:10D32000431E1F2B07460CD901226FF01501104632
:10D33000FFF71AFF01E0002DF6D0002630460DB0B1
:10D34000F0BD0146284613F012FE0028ECD0FFF78E
:10D35000B3FE3F4816F0B4F930B1FFF7B7FE012233
:10D360006FF077010420E3E7022000F061FC06463D
:10D370000028F2D0FDF7A0FE044658B900F078FC72
:10D38000044638B914F00BFA044618B9284603F0DD
:10D39000C5FC0446002C08DA022000F059FCFFF717
:10D3A00095FE012221461120C2E72A481EF0F1F91C
:10D3B00029481EF0EEF92948002116F084F90430BE
:10D3C00016F081F9043016F07EF9043016F07BF97E
:10D3D000083016F078F9343016F075F97A1C2946C1
:10D3E00000F5287020F059FA01221D4BD3E8EF1FF9
:10D3F000002903D1C3E8E02F0028F7D103D1FCF7BF
:10D4000085F807F0EDFE0121114816F05CF90022C5
:10D4100011461046FFF7A8FEFFF758FE114B0024F7
:10D420000A934FF6FF73ADF82C40ADF81C300CABEF
:10D4300013E903000022059000232046CDE90344B0
:10D44000CDE90144ADF818100094FFF745FE75E7EB
:10D45000C00D0020E026002038270020C40D002049
:10D46000F40D0020FFFF7F7F70B5DAB013F05AFB98
:10D47000002839D030220021684620F01BFA2623EC
:10D4800047F67F728DF800304FF6FF736C462B4DD8
:10D49000ADF81A30ADF81C20ADF820300022002382
:10D4A000214627480DF088FE00B3244DD5F82463AB
:10D4B00096B10CAC4FF49C720021204620F0FAF992
:10D4C000FF23237047F6FF73A38100220023214628
:10D4D0001C480DF071FE28B300F05CFA16F0A5FAB6
:10D4E000194B0BB113F034FD5AB070BD1748A36A45
:10D4F00016F0E6F88342D1D1D5F814331BB1D5F834
:10D500001813207898471148A36A16F0D9F8834277
:10D51000C4D1D5F81C33002BC0D02046D5F8201339
:10D520009847BBE70948D4F8343116F0C9F883426C
:10D53000CBD12046D5F82813B047C6E7C00D002050
:10D54000E026002038270020510F0300FC0D0020AA
:10D550002DE9F04F87B013F0E5FA002800F0CA80FB
:10D56000FFF7AAFD654816F0ABF8644E20B907B086
:10D57000BDE8F04FFFF7AABD0021304616F0A3F832
:10D5800006F13C03D3E8EF0F0130C3E8E20F002AB5
:10D59000F8D106F10803D3E8EF2F012A03D1C3E83D
:10D5A000E01F0028F7D10CBF01220A46331DD3E843
:10D5B000EF0F012803D1C3E8E41F002CF7D10CBF03
:10D5C00001240C460AB104F09DFF0CB104F0CAFC22
:10D5D00013F0BDFC4A4B0BB113F0BBFC16F026FA5E
:10D5E0000022CDE90222CDE90422EFF31189402384
:10D5F00083F31288BFF36F8F02AC04ADAE46A04632
:10D600004FF0020C4FF0FF0A6F463C4B996DCDF87E
:10D61000012048F8041BD96DADF805208DF800A055
:10D620004EF8041B97E80300A3F87010090C83F868
:10D630007210B7F804B0B979BCF1010FC3E9162232
:10D64000C3E9192283F86020D866C3F87300A3F8F1
:10D6500077B083F8791083F87A2003F5A47344D166
:10D66000284FC6F80D03A7F804B0B97189F31188E3
:10D67000BFF36F8F6FF440730021F81816F023F892
:10D680006FF43F72B81816F01EF86FF43D706FF427
:10D690003076381816F017F8B81916F014F81A483A
:10D6A0001EF077F819481EF074F8002755F8046B3F
:10D6B00036B11321304619F032F8304605F03AFA07
:10D6C00054F8046B4EB1304616F04AFA1321304636
:10D6D00019F025F8304605F02DFA7E1C47B100F010
:10D6E0004DFA304600F0B4FA41E74FF0010C8DE7F7
:10D6F0000127DBE707B0BDE8F08F00BFC00D0020B9
:10D70000530F0300CD100020E02600203827002012
:10D7100008B5034815F0D4FF003818BF012008BD34
:10D72000C00D0020014BC3E9C7127047C00D002097
:10D7300008B5024815F0C4FFC0B208BDDC0D0020DA
:10D74000014815F0BDBF00BFE00D0020014815F0F5
:10D75000B7BF00BFE40D002008B50121044815F053
:10D76000B9FF034B022103F5A47015F0B3FF08BD08
:10D77000180E002000487047AC1C002010B503783C
:10D780000446C3B9FFF794FD2378012B1BD1D4E9DC
:10D790000201FDF717F8A37E78B10022002321468D
:10D7A0000A481DF0D6FF60B101226FF06801082021
:10D7B000FFF7DAFC03E00020E6E7082BEDD00020BD
:10D7C00010BD0120FCE70028E7D1F8E70C27002076
:10D7D0002DE9F04F1E46ADF5117D9A9BB6F5007F01
:10D7E00001939C9B804602938946DDE99D53174631
:10D7F0009DF86CA29DF87CB209D901226FF07901E5
:10D8000010200DF5117DBDE8F04FFFF7ADBC06AC63
:10D810004FF40A7200212046039320F04BF8284869
:10D8200015F096FF2946606004A8FFF7FDFCDDE9CE
:10D830000401039BC4E902016361019BC4F81080E9
:10D8400084F8189084F819B0A683E38384F820A0A4
:10D85000B9F1000F24D0002384F82130029B6362C9
:10D860002FB126B13246394610A820F016F82046CE
:10D87000FFF784FF80B994F821306BB165B1284679
:10D8800015F0FAFF011E07DA11200122FFF76CFCE8
:10D890001321284618F043FF0DF5117DBDE8F08FE8
:10D8A000BAF1000FD7D0002DD5D0284618F0FBFFD5
:10D8B0000128D0D198F81130C3F34013CCE700BF52
:10D8C000AC1C00202DE9F041B3F5007F07468846E7
:10D8D00016461D46ADF50A7D0AD9102001226FF0CB
:10D8E0007901FFF741FC00200DF50A7DBDE8F081CC
:10D8F0004FF40A72002168461FF0DCFF0123144830
:10D900008DF8003015F024FFD7E93023CDE902234C
:10D91000909B0190ADF81E309DF8483207F1180039
:10D920008DF822308DF81A80ADF81C5015F010FFDC
:10D93000919B6C468DF8230009932EB125B12A46A0
:10D9400031460AA81FF0A9FF2046FFF717FFCBE7D3
:10D95000AC1C002070B5ADF50A7D06460D464FF4AF
:10D960000A72002168461FF0A5FF012308488DF8C0
:10D97000003015F0EDFE0823CDE901066846039559
:10D980008DF81A30FFF7FAFE0DF50A7D70BD00BF65
:10D99000AC1C0020F0B5ADF5177D0CAC4FF40A724D
:10D9A000002120461FF086FF0022002321467148F7
:10D9B0000DF002FC30B1FDF791F8FCF787FB0DF597
:10D9C000177DF0BD6C48636815F0C2FE8342EBD151
:10D9D0002378002B44D12369002BE5D0D4E902320F
:10D9E000134319D0D4E9020115F0B0FE0546002812
:10D9F000DAD094F8213063B115F03EFF011E08DA49
:10DA0000112001226162FFF7AFFB1321284618F0B5
:10DA100086FE284605F08EF8237E69468DF8003094
:10DA2000D4E90223CDE90223A38BBBB116AAC1E935
:10DA30000423E38B20698B6194F820300B77636AB1
:10DA40000B6263694B62637E81F82830D0F8203224
:10DA5000002BA9D0D0F824229847A5E71A46E6E77C
:10DA6000012BA1D1A37E082B3DD0D4E90201FCF704
:10DA7000A9FE002898D0A37E112B34D1D4E902014D
:10DA8000FCF7A0FE0646D4E9020115F05FFE07464A
:10DA9000002E5BD000285BD00146304615F0F5FE25
:10DAA00030B96FF07F051321384618F038FE04E0D6
:10DAB000384615F0E1FE051EF5DB384605F03AF86C
:10DAC000002E48D0002D48DB304613F0FEFE06F154
:10DAD000080015F040FE06F11C0015F03CFE06F1B2
:10DAE000180015F038FEFCF769FE0668054636B1E9
:10DAF000A28BA07E002A39D016A96B68B0471E48B9
:10DB0000636815F025FE83427FF44EAFAB68002BAF
:10DB10003FF44AAFA37E68468DF80030D4E9022373
:10DB2000CDE90223A38B1BB316AAC0E90423E38B20
:10DB3000836194F822300377636A036294F8233098
:10DB400080F82430D5E9023198472DE70028A8D184
:10DB50006FF07F0501E0002DC5DA09230122294677
:10DB60001120A3766562FFF7FFFABCE71146C4E710
:10DB70001A46DAE70C270020AC1C00202DE9F843F8
:10DB80001D4BD3E8EF1F0131C3E8E21F002AF8D193
:10DB90001A481DF0FEFDFDF791FDFCF70BFE044653
:10DBA00015F0E1FDEFF31183402787F31288BFF3EF
:10DBB0006F8F4FF000084FF000090025C4E930894D
:10DBC000C4F8385683F31188BFF36F8F04F5C86625
:10DBD000304615F0C8FDEFF3118387F31288BFF3C9
:10DBE0006F8FC6E93089C4F8785C83F31188BFF37E
:10DBF0006F8FBDE8F88300BFAC1C00200C2700200D
:10DC000010B5094CD4E8AF3F4BB917F07AFA01468A
:10DC1000064815F003FF0121204615F0FFFE034BD7
:10DC2000D3E8AF0F10BD00BF1466012010660120BD
:10DC300058B1064BD3E8EF2F002A03D1C3E8E10F18
:10DC40000029F7D10CBF0120002070470C6601208D
:10DC500050B10022054BD3E8EF1F814204D1C3E845
:10DC6000EC2FBCF1000FF6D1704700BF0C6601200D
:10DC700038B54FF0FF324FF0FF3317480DF000FB7F
:10DC8000164BD3E8AF3F5BB10121144815F0C6FE37
:10DC9000FFF7B6FF044610480DF064FB204638BD80
:10DCA00003F034F80028EFD103F0CAFA054610B1AA
:10DCB00010F1780F07D10121084815F0AFFEFFF7EA
:10DCC0009FFF041EE7DB04480DF04CFB15F1780FB5
:10DCD00014BF2C460024E1E77826002018660120B6
:10DCE000034BD3E8AF3F0BB903F010B801207047E6
:10DCF00018660120054BD3E8AF0F28B1044BD3E8D9
:10DD0000AF0FB0FA80F04009704700BF14660120E1
:10DD100010660120064B196B884206D0996D50336E
:10DD200088420CBF18460020704703F12800704756
:10DD30005011002010B50C4B0246186B28B1D3E9E6
:10DD40000A40814208BFA24209D0986D30B1D3E9A0
:10DD50001403994208BF824204D0002010BD03F191
:10DD60002800FBE70148F9E750110020A01100202E
:10DD7000004870475011002008B51DF035FF50B124
:10DD80000221064815F053FE6FF00A01044815F011
:10DD90004EFE002008BD0120FCE700BF64110020FA
:10DDA0006811002010B50C460146054815F03FFEED
:10DDB000034B2146BDE81040181D15F038BE00BFCA
:10DDC000641100202DE9F341054604468C461E4EA1
:10DDD00090461F460FCE0FC596E80F0085E80F004E
:10DDE0001A48002384F800C015F029FECDF8013050
:10DDF0002074ADF80530B8F1000F23D0424612F878
:10DE0000013BD8F8010003F0FD03003B18BF0123DC
:10DE10009288CDF80100ADF805208DF8003000980B
:10DE20009DF80630C4F811002046E375FB1EBDF8CE
:10DE3000042067775F425F41A4F81520A77702B0FE
:10DE4000BDE8F0814346E8E760E90300581100208F
:10DE500008B501460022002305481DF07AFC30B1C8
:10DE6000BDE808406FF068010620FFF79BBF08BDC2
:10DE70006427002038B5EFF31185402383F312881F
:10DE8000BFF36F8F054B1C6A14B1204618F030FCAD
:10DE900085F31188BFF36F8F204638BD50110020E5
:10DEA0002DE9F341054604462A4E17468C4698460E
:10DEB0000FCE0FC596E80F0085E80F0020463946C3
:10DEC00000F808CB15F0E5FDB7BB234815F0B7FD0A
:10DED000207438460023CDF80130ADF8053098B3F2
:10DEE000034613F8012BD0F8010002F0FD02003ABE
:10DEF00018BF01229B88CDF80100ADF805309DF8D0
:10DF000006308DF800200098BDF80420E3759DF8D8
:10DF10002030C4F81100A4F81520C4F81880237725
:10DF2000A7B9FDF7E9FDC31E607758425841A077B5
:10DF3000204602B0BDE8F081384618F0B4FC2074E9
:10DF4000384618F008FDC5E70246D8E7384614F011
:10DF50003CFCE8E760E90300581100202DE9F0419E
:10DF60000D4604468AB000284CD0EFF311824023BE
:10DF700083F31288BFF36F8FFFF7CCFEDFF88C803E
:10DF80000646D8F8207082F31188BFF36F8F0028FF
:10DF900038D0204618F0DFFC034606F1180093B194
:10DFA000197801290FD19B7903F0C003402B0AD1C6
:10DFB00015F03DFDBC4225D108F110000AB0BDE8C6
:10DFC000F04115F034BD002115F031FD06F11400CB
:10DFD000294615F02CFDBC42064607D100210C480D
:10DFE00015F025FD29460B4815F021FDB54209D055
:10DFF000002302A822460E210093FFF751FF02A83A
:10E00000FFF726FF0AB0BDE8F08100BF50110020E5
:10E01000601100205C11002038B50A460446EFF379
:10E020001185402383F31288BFF36F8FFFF772FED1
:10E0300058B111460C3015F0FAFC34B10548036AAA
:10E040009C4202D1043015F0F2FC85F31188BFF335
:10E050006F8F38BD5011002038B50A460446EFF3E3
:10E060001185402383F31288BFF36F8FFFF752FEB1
:10E0700058B11146103015F0DAFC34B10548036A86
:10E080009C4202D1083015F0D2FC85F31188BFF311
:10E090006F8F38BD501100202DE9F84F0D46FFF766
:10E0A0006BFE074698B12B78023B022B0AD82B7ADD
:10E0B000042B07D86B68754AA3F57A73934201D88D
:10E0C0006B8943B96FF015010120FFF76BFE002744
:10E0D0003846BDE8F88F0123DFF8B4A1DAE8EF2F66
:10E0E000002A03D1CAE8E13F0029F7D103D06FF03D
:10E0F00077010620E9E70AF1780395E8070083E84D
:10E10000070064481DF045FBFDF7F2FCEFF31186B4
:10E110004FF0400888F31288BFF36F8FFDF7E8FCDB
:10E1200000244465FDF7E4FC86F31188BFF36F8F8C
:10E13000FDF7DEFC2146043015F079FCFDF7D8FC34
:10E140002146083015F073FCFDF7D2FC21460C3057
:10E1500015F06DFCFDF7CCFCEFF3118688F3128807
:10E16000BFF36F8F4FF00E08FDF7C2FC08FB0400F1
:10E170000E2200211C3001341FF09CFB042CF3D133
:10E18000FDF7B6FC86F31188BFF36F8F424C002178
:10E19000204615F04CFC0121201D15F048FC002103
:10E1A00004F1080015F043FC04F10C0015F03FFCED
:10E1B000EFF3118B402383F31288BFF36F8F4FF07F
:10E1C00000084FF000090E4604F13000CAF8201094
:10E1D000CAF83010CAE90A8915F029FC012104F1B6
:10E1E000340015F024FC314604F1380015F01FFC12
:10E1F00004F13C0015F01BFC04F15800C4E9106662
:10E20000CAE91489A4F84860CAF8586015F00FFCF0
:10E21000012104F15C0015F00AFC314604F16000B4
:10E2200015F005FC04F1640015F001FCC4E91A6660
:10E23000A4F870608BF31188BFF36F8F32463046BD
:10E24000FDF762FCFEF7B8F9287AFEF7C7FCFEF787
:10E250000DFB383005F056FA044628B9FEF706FBE8
:10E26000543005F06BFA0446002C06DA0021084809
:10E2700015F0DDFB21460B2027E7687809F022FC2A
:10E2800000210846FFF78EFD22E700BFF88F04004B
:10E290005011002064270020541100202DE9F04186
:10E2A0008CB0FFF769FD002858D0394E304615F084
:10E2B000C6FB38B96FF00C0103200CB0BDE8F0418B
:10E2C000FFF770BDFEF72AFC324B6C460FCB8DE892
:10E2D0000F00EFF31187402383F31288BFF36F8F92
:10E2E000336B002B3DD006F1400015F0A8FB002851
:10E2F00037D0306B18F0FCF9009006F1380015F0BB
:10E300009EFB01258DF80400B36D8BB1224815F0FA
:10E3100096FB68B1B06D18F0EBF90CAB03EBC503DD
:10E3200043F8300C1D4815F08AFB013503F82C0C1E
:10E3300087F31188BFF36F8F0027BD4213D1184DAB
:10E3400004AC0FCD0FC495E80F0084E80F00002245
:10E350000023144804A90CF02FFF80B10CB0BDE8D5
:10E36000F0810025D0E754F8088B0137404614F8B7
:10E37000041CFFF7F3FD404604F0DCFBDDE7D6F8B4
:10E380008430002BE3D0D6F8881004A89847DEE745
:10E390005011002080E90300B8110020B0110020C6
:10E3A00060E903006427002038B50D461446FFF7E6
:10E3B000E3FC10B1014BC3E9215438BD50110020DA
:10E3C00008B5024815F03BFBC0B208BD641100203F
:10E3D000014815F034BB00BF681100202DE9F0475B
:10E3E00091469A4605468AB0002800F0B58052EA68
:10E3F0000A0300F0B180EFF31186402383F3128803
:10E40000BFF36F8FFFF786FC0746002847D1104601
:10E410005146FFF78FFC0446002840F09580504F8E
:10E42000386BD0B3BB6DDBBB01244FF0280804FB75
:10E4300008832846FA1847F80390C2F804A018F099
:10E4400057F908FB0478644204F02804C8F8300047
:10E4500004F134000021384415F0E9FA284618F098
:10E4600022FA014604F13800384415F0E0FA0021A0
:10E4700004F13C00384415F0DAFA04F14000384465
:10E4800015F0D5FA3B6A0C46C8E91111A8F84C10F2
:10E490000BB901243D62012303E00446C5E70024D3
:10E4A000234686F31188BFF36F8F002B54D0284684
:10E4B00018F0F9F9064601462846FFF7CDFD4CB1A4
:10E4C0000021284815F0B3FA274815F0B0FA27487C
:10E4D00015F0ADFAFDF7BEFD284618F03CFA0446EB
:10E4E000FDF774FB034688B3002302222146284629
:10E4F00014F093F9002302A82A4609210093FFF79C
:10E50000CFFC02A8FFF7A4FC31462846FDF74AFDE0
:10E51000012E03D931462846FFF720FDFDF79AFF6B
:10E5200015F08DFAC0B1FDF799FF2846FDF7B8FF49
:10E530000446FDF79DFF002C0EDA21460B200AB0A1
:10E54000BDE8F047FDF79ABF3C46A9E70246014601
:10E55000284614F062F9D7E70AB0BDE8F08700BF9B
:10E56000501100205C110020601100205411002087
:10E570002DE9FF4717461D460646002800F0A480F7
:10E5800052EA050300F0A080FDF764FF15F057FA8A
:10E5900068B1FDF763FF3046FDF7CCFF0446FDF799
:10E5A00067FF002C03DA21460B20FDF767FF0024EC
:10E5B0000DF1040838462946FEF796F90194C8F88B
:10E5C0000440A8F80840EFF31189402383F3128830
:10E5D000BFF36F8F29463846FFF7ACFB054600288E
:10E5E00075D08368B34275D100220023484F21467D
:10E5F000D7F820A00C3040E9032340F8044C15F074
:10E6000016FA012105F1100015F011FA214605F165
:10E61000140015F00CFA05F1180015F008FAB245CF
:10E62000C5E90744AC8458D13D6B3C6215B9BD6D5A
:10E6300001249DB32823C44603FB0473644244337E
:10E6400093E8070004F02804ACE8030004F1340068
:10E650003844ACF800203D6215F0F1F901462D4830
:10E6600015F0E5F904F13800384415F0E8F90146F1
:10E67000294815F0DCF904F13C00384415F0DFF9C5
:10E680000146264815F0D3F904F14000384415F04E
:10E69000D6F90146224815F0CAF9012489F31188F8
:10E6A000BFF36F8F16B1304604F044FA64B1B5B1D0
:10E6B0009DF80C309DF80D20002B14BF4046002023
:10E6C0009DF80B10FDF720FA04B0BDE8F087064670
:10E6D0000446E3E725462646E0E72546DEE7FDF764
:10E6E0000BFA042804D02A4629462846FDF70CFADE
:10E6F0000021084815F09BF90121074815F097F90A
:10E700000021064815F093F9054815F090F9DBE76C
:10E710005011002054110020581100205C110020DD
:10E72000601100200146014816F08EBFB01C002089
:10E730000146014816F0BBBFB01C002010B586B0E2
:10E74000084CD4E8AF4FADF81640022402940DF106
:10E7500016040194BDF82040009419F0ECFC06B0BA
:10E7600010BD00BF4C68012010B586B0084CD4E83D
:10E77000AF4FADF81640022402940DF11604019437
:10E78000BDF82040009419F0D6FC06B010BD00BFC3
:10E79000506801202DE9F04110F0030407464FD1E5
:10E7A00021F00306DFF8B4E0DFF8B4802D4A8D08CD
:10E7B00000EB060C60451CD16FF0030303FB05154D
:10E7C000B81900230544A84242D124484C4058437C
:10E7D000234B4FEA70405843234B604080EA10407F
:10E7E0005843224B80EA5030584380EA1040BDE83D
:10E7F000F08150F8043B0EFB03F34FEA734308FB30
:10E8000003F363404FEAF34303EB83039C18D1E720
:10E810001B68043D7B434FEA73430CFB03F36340E7
:10E820004FEAF34303EB83039C18032DA6EB050388
:10E83000EED86FF003028B085343CD18C01AC0E71F
:10E840000D460024054FDFF818C0064A4618ECE7CD
:10E8500010F8012B42EA0323B5E700BF512D9ECCEF
:10E860009335871B646B54E66BCAEB8535AEB2C239
:10E87000014B1B68184700BF681E0020014B186041
:10E88000704700BF681E002030B5044685B00D46B5
:10E890001022002168461FF00DF802238DF8023087
:10E8A000044B2A4621466846019311F03FF805B013
:10E8B00030BD00BF71E8010080B505460E46174621
:10E8C00098460DF097FB034601F092F80446DFF8F6
:10E8D0001890424649F8003039463046A84754F867
:10E8E000090001F01DF800BF080000002DE9F04705
:10E8F000858B0446280717460CD501290CBF45F027
:10E90000100545F02005A58387F31188BFF36F8FAD
:10E91000BDE8F087022905F0070540F09480204605
:10E9200015F086FB052864D801A353F820F000BF3A
:10E9300009E9010047EA0100F3E90100B5E9010036
:10E94000CFE90100E1E9010001F007035A1F012AA4
:10E950001FD8002221F00701062BD4F8008089B2CD
:10E96000C4E9002209D1434603E0E28B0132E2838D
:10E970001B68002BF9D141F002012046A18315F05C
:10E9800057FB4FF0000900286DD041F02001A18312
:10E9900069E0042B0AD121F0070189B22046A18346
:10E9A00015F046FB10B141F02001A1834FF00008A3
:10E9B000C14658E02369D3F80090A38B23F00703E6
:10E9C00043F006034FF00008A38346464BE023695B
:10E9D000D3F80490A38B23F0070343F00403F1E77B
:10E9E0002369D3F80890A38B23F0070343F00503B2
:10E9F000E8E74FF00008C146E7E7012243F00803CB
:10EA0000A38387F31188BFF36F8F002A3BD1B8F13E
:10EA1000000F4AD1B9F1000F02D020462C49C84757
:10EA2000EFF31187402383F31288BFF36F8FA38B1B
:10EA300023F008039BB2A383D9063FD523F010022D
:10EA4000A28303F00705A669A18B002EBFF67CAF59
:10EA500000239946D4F8008021F00701C4E900336F
:10EA600041F00101A183A38B03F0070AAA4502D05C
:10EA7000A268002AC1D1B8F1000F02D1B9F1000F8C
:10EA8000DAD00022BAE7A1680029C0D00D680029B9
:10EA9000BDD03346524620464F68B8471DB12B685B
:10EAA00029461D46F3E72B46FAE7414633465246D0
:10EAB0002046D8F8008015F0E7FAA8E79A067FF517
:10EAC00023AF23F02002A28303F0070527E700BF4E
:10EAD000B5400300014B0360002070476CF2030057
:10EAE00070B5104B0D461C68B4B10F4B196800236C
:10EAF0008B4202DB6FF0010070BD224612F8106BF2
:10EB0000864202D014460133F2E7E0681CF073FD40
:10EB100028B100202C60EFE76FF00C00ECE76FF0FD
:10EB20001200E9E76C1E00206CF2030010B5436888
:10EB300088B0029383680C46CDE9033200230A684B
:10EB4000C068CDE90623054901AA05931BF0FEF92B
:10EB5000079808B9059B236008B010BD774F0300E4
:10EB60002DE9F34101A9064614461D4616F0F4FAB4
:10EB700024490246074630461EF0BBFE804660B977
:10EB8000214E202231462846A047031E01DB06F80D
:10EB90000380002002B0BDE8F0813A4630461B49B0
:10EBA0001EF0A7FE804608B9194EEAE73A463046FD
:10EBB00018491EF09EFE804608B9174EE1E73A4616
:10EBC000304616491EF095FE804608B9144ED8E727
:10EBD0003A46304613491EF08CFE804608B9124E64
:10EBE000CFE730463A4611491EF083FE064600281C
:10EBF000CFD10F4F202239462846A047031EA8BF79
:10EC0000FE54C6E7F61D040098240020FC1D0400F5
:10EC1000B9240020021E040077240020091E0400ED
:10EC2000562400200C1E0400352400200F1E040072
:10EC30001424002010B54FF42814DFF820C086B04B
:10EC4000CDE904C40824029404AC0194BDF820402A
:10EC5000009419F070FA06B010BD00BF180028002B
:10EC600038B54B1E5D425D41054B1C683CB154F804
:10EC7000083C083C0BB128469847A468F6E738BD25
:10EC80005868012070B51D460D4B16461C687CB1B6
:10EC90006FF08500083C63682BB13078984710B15D
:10ECA00010F1860F09D1A4680CB1083CF3E710B14C
:10ECB0006FF07F0070BD2846FCE76FF00D00F9E7AC
:10ECC000586801200122024B00201A70704700BFD3
:10ECD000327601201FB501240294044C0194BDF842
:10ECE0001840009419F027FA04B010BD32760120C4
:10ECF00010B5084C86B024788DF817400124029492
:10ED00000DF117040194BDF82040009419F013FA96
:10ED100006B010BDDA2400202DE9F0410C4B054669
:10ED20001C680E4617467CB100F054F96368204613
:10ED3000D3F8108032463B462946C047044600F0CF
:10ED400053F92046BDE8F0816FF00104F9E700BFF8
:10ED50006068012000230360044B5A6812B9C3E9BC
:10ED60000000704710605860704700BF6468012061
:10ED7000014B1860704700BF60680120002330B568
:10ED800085B0CDE902330546019000F023F9094B27
:10ED90001C6844B9284600F0BFF8044600F024F986
:10EDA000204605B030BD636820461B6801A998471E
:10EDB0002468EEE7646801201FB5CDE901010392E4
:10EDC00000F008F9074B1C6824B900F00DF9204643
:10EDD00004B010BD636820461B6801A998472468E9
:10EDE000F2E700BF646801202DE9F04F002489B0EC
:10EDF00006460F469046019400F0ECF8164BDFF8FB
:10EE00005CA01D680DF104090DF1080B45B900F077
:10EE1000EBF8002CA8BF019C204609B0BDE8F08F9C
:10EE20006B685C6854B143463A4631462846A04771
:10EE3000044620EAE07301932D68E7E7CDE9027804
:10EE4000CDE90496CDE906AB6B6828461B6805A999
:10EE500098470446F0E700BF64680120D7500300DC
:10EE60000022024BC3E90022704700BF6468012002
:10EE70000022024BC3E90022FFF7F2BF6C680120B9
:10EE80002DE9F74307460C4609B100230B60002625
:10EE90001E4DDFF87C904D450FD31E4B1D6885B38A
:10EEA00055F8188C3846414601AA183D16F030F93D
:10EEB00010B3D6B914BB2E461EE0D5F800803846F4
:10EEC000414601AA16F024F950B116B954B92E469C
:10EED00006E000224046316816F01AF90028F5D104
:10EEE0001835D8E7019B2360F1E7002240463168DE
:10EEF00016F00EF90028DDD1AD69D0E7019B236043
:10EF0000D9E7304603B0BDE8F08300BF40E8030016
:10EF1000E8E803006C6801202DE9F04780464FF0D7
:10EF200000470026DFF8A090DFF8A0A03D46284C5F
:10EF30004C450DD3DAF80040002C40D0183CB8F115
:10EF4000000F24D1226952BBA469F5E72F46EDE7F3
:10EF5000B8F1000F03D122694AB91834E8E700225A
:10EF60004146206816F0D4F80028F4D1F5E763682C
:10EF7000BB4206DDAF4202D0AB42A8BF2B461D46C6
:10EF8000EBE7EAD19047002E08BF0646E5E70022EE
:10EF90004146206816F0BCF80028D3D1D4E7636856
:10EFA000BB4206DDAF4202D0AB42A8BF2B461D4696
:10EFB000CAE7C9D19047002E08BF0646C4E7AF4252
:10EFC000C4D13046BDE8F087E8E803006C68012052
:10EFD00040E803004FF0FF324FF0FF3301480CF0E0
:10EFE0004FB900BFA026002001480CF0BBB900BFFC
:10EFF000A026002038B5094DFFF7ECFF2B785BB950
:10F00000FFF736FF00F0A8F8044608B901232B707B
:10F01000FFF7EAFF204638BD0024F9E733760120E8
:10F020002DE9F04F074608680D469BB007F108042C
:10F0300058B908234FF00041204607AA15F084FF75
:10F04000002848DA1BB0BDE8F08F4A211EF076FC9C
:10F0500001462868FFF79EFB4FF0000820F040466D
:10F0600026F01F0697F85C309845E2DC68F344060A
:10F0700046F000494946492307AA204615F064FF97
:10F0800009F1804983464946204615F06AFFBBF1E5
:10F09000000F82461CDD00281ADD0BF168030DEB22
:10F0A000030B4FF000030BF84C3CD5F800B007A958
:10F0B0005846F7F7FFFA58B951465846254A009581
:10F0C00005ABCDE9054916F059F80028B1D0B9E7EC
:10F0D00008F10108C6E7DDF82080B8F1000F01D182
:10F0E0004046AFE728F0010A492307AA51462046C7
:10F0F00015F02AFF0AF1804B59460646204615F0C6
:10F1000030FF082381464146204605AA15F01CFF22
:10F11000002897DB002EDDF8188002DDB9F1000F22
:10F1200006DC5146384616F0C0F80028D5D089E7ED
:10F1300006F168030DEB03060023494606F84C3C34
:10F14000044A009503AB07A8CDE9034B16F016F867
:10F15000EBE700BFEB5103007FB5012369460320B5
:10F160000193FFF7BDFC044668BB032002AA01A976
:10F1700015F023FF044610B110F10C0F23D1009BB2
:10F1800003999A68134DB2FBF1F2C5E908125A6867
:10F19000DB68AA602B656B64C3B105F1080015F04C
:10F1A000DAFD044678B985F85C00284616F023F8A5
:10F1B000044640B9084E28466E60FFF7CBFD28464E
:10F1C0006E60FFF7D5FD204604B070BD6FF01204ED
:10F1D000F9E700BF9849002044F5030008B503484B
:10F1E000034A0021121A16F066FA08BDF028002022
:10F1F00098790120074808B5074A0849121A16F0FD
:10F200005CFABDE808400648064A0749121A16F09B
:10F2100054BA00BF60000020EC28002090270400B2
:10F2200060000020600000209027040038B50546EB
:10F230000C4699B1D1E901230F48096814F06DFE1D
:10F24000D4E90423E1680D4814F067FEE1690C4835
:10F2500014F063FEA1690B4814F05FFE012D05D187
:10F26000EFF305810848103914F057FE214628466F
:10F27000BDE838400BF0AEBD191E0400491E040065
:10F28000791E0400891E0400B81E040030BFFFF779
:10F29000FDBF00BF2DE9F04105460B4EDFF82C8085
:10F2A000324606EB0807CC1B204609491EF0F5FA4A
:10F2B000A01942460021083C1EF0FCFAAC6707F199
:10F2C0000800BDE8F08100BF000000000800000059
:10F2D000E8E8030010B5204C204814F01EFEA36A95
:10F2E000990137D51E4814F018FE1E20A36ADA01D2
:10F2F00003D51C4814F011FE1F20174CA36ADB0233
:10F3000003D5194814F009FE0220A36A1C0303D593
:10F31000164814F002FE21200F4CA36A590303D5AE
:10F32000134814F0FAFD2220A36A9A0303D511486A
:10F3300014F0F3FD2320084CA36ADB0303D50E4829
:10F3400014F0EBFD2420A36A6FEA03436FEA134332
:10F35000A36210BD1D20C9E700ED00E0CC1E040033
:10F36000E51E0400F91E0400141F04003F1F0400E2
:10F370005E1F0400841F04009F1F040070B5244C0E
:10F38000064624480D4614F0C8FDA36AD90435D5B5
:10F39000214814F0C2FD1720A36A1A0503D51F489F
:10F3A00014F0BBFD18201A4CA36A9B050FD51C480E
:10F3B00014F0B3FDA16BA36A180407D5194814F023
:10F3C000ACFD1EB1A36A23F40043A3621920104CC4
:10F3D000A36A590503D5144814F09FFD1A20A36AA7
:10F3E000DA050DD5114814F098FD1B20084A936AE0
:10F3F00043F47F43936200232B7070BD1620CBE74C
:10F40000A36A9B04F2D50A4814F087FD1C20EDE79F
:10F4100000ED00E0CB1F0400E21F0400F41F040015
:10F420000820040022200400382004005420040096
:10F430006D20040070B5264C064626480D4614F093
:10F440006CFDA36AD80640D5234814F066FD112050
:10F45000A36A190703D5214814F05FFD12201C4C44
:10F46000A36A9A070FD51E4814F057FD616BA36A73
:10F470001B0607D51B4814F050FD1EB1A36A23F0EC
:10F480008003A3621320124CA36ADE0703D516483B
:10F4900014F043FD1420A36A9C0603D5134814F00E
:10F4A0003CFD15200A4B9A6AD10658BF9A6A9A6A9F
:10F4B000920642BF5A6A22F400525A629A6A42F095
:10F4C000FF029A6200232B7070BD1020C0E700BFBE
:10F4D00000ED00E09D200400B4200400F41F0400AF
:10F4E000E820040001210400182104006D2004001C
:10F4F0002DE9F0415D4B04465F6800258AB0C7F3F3
:10F50000080685F31188BFF36F8F02F07F43B3F1D4
:10F510007F4F06D102F00C03082B13D1544814F08E
:10F52000FCFC00252C464FF00008F31E8DF80780E8
:10F53000092B00F28B80DFE803F00A7F837B898947
:10F540008989898710074CBF0C460125EBE749489C
:10F55000464E14F0E2FC8DF80780F36A9A0704D552
:10F56000454814F0DAFC00232AE0F36A002B01DAA4
:10F570004248F6E7F36A5B00F5D5414814F0CDFC4C
:10F580007369A26943F480737361BFF34F8FBFF354
:10F590006F8F32F8023C726922F480727261BFF39D
:10F5A0004F8FBFF36F8F03F47F42B2F55F4F27D1C8
:10F5B000DBB2022B24D12168324814F0AEFC236860
:10F5C0009DF80720CAB902AE04F120073246206830
:10F5D0006168083403C2BC421646F7D1099A002D6F
:10F5E00040D0C2F3080121B96FEA52226FEA4222E9
:10F5F0000992184602A9FFF719FE0AB0BDE8F0818A
:10F600001A4B9A6AD2B22AB101200DF10701FFF715
:10F6100011FF0FE09A6A12F47F4F05D001200DF11F
:10F620000701FFF7ABFE05E09B6AB3F5803F9AD375
:10F63000FFF750FE0346C3E700200DF10701E6E7A0
:10F6400000200DF10701ECE70F488AE70F4B17F494
:10F65000F87F0F490F4808BF1946A6F1100214F0B1
:10F660005CFC80E76FF30802C2E700BF00ED00E03A
:10F670006621040092210400AA210400CC21040088
:10F68000DB210400FB2104001822040038210400BF
:10F690004D2104003D220400064B5A6942F010023D
:10F6A0005A615A6942F480625A615A6922F008022A
:10F6B0005A61704700ED00E0EFF30880EFF3098135
:10F6C00001B57246FFF714FF01BD00BF002080F3B3
:10F6D0001488BFF36F8F002080F30A8880F30B88B3
:10F6E0000F4880F308880AF0D1FB00200D4908601C
:10F6F000BFF34F8F00F02CF8402080F311880A48A8
:10F700004FF40061401880F30988EFF31480022160
:10F71000084380F31488BFF36F8F00F09BF800005C
:10F72000F82E022094ED00E0B805022000231846D0
:10F730000649D1F89020C2F30722934200DB7047BC
:10F74000C1F89830C1F8A0000133F6E700ED00E001
:10F7500010B572B6002484F31388FFF7E7FF234641
:10F760004FF0FF300C4A03F120010133102B42F817
:10F770002100F8D100234FF0FF30074A03F1600168
:10F780000133102B42F82100F8D162B6BFF34F8F3E
:10F79000BFF36F8F10BD00BF00E100E01EF0040F4B
:10F7A0000CBFEFF30880EFF30980816911F8021CA8
:10F7B0000229FFD001B5724615F081FF01BD00BFDF
:10F7C00000B2002807DB01234109034A00F01F00B3
:10F7D000834042F82130704700E100E000B2002889
:10F7E0000CDB01220649430900F01F008240203350
:10F7F00041F82320BFF34F8FBFF36F8F704700BFD7
:10F8000000E100E0D30748BF002100B258BF023139
:10F810000028ACBF00F16040064A4FEA4113DBB25A
:10F82000ABBF00F5614000F00F0080F800331354C7
:10F83000704700BF14ED00E0044B054A23F07F033E
:10F840009360BFF34F8FBFF36F8F704700000000CE
:10F8500000ED00E008B5FFF7EFFF074AD2F8883067
:10F8600023F47003C2F88830FFF7B8FCFFF7C2FC3E
:10F8700000F09CF80BF080FB00ED00E042F8203C2B
:10F88000009B0B4942F81C3C019B21F0010142F80E
:10F89000183C029B42F8081C42F8143C4FF080735D
:10F8A00042F8043C0023203A0265C367704700BF5A
:10F8B000B9E8010000B50D4B15469860826F0C4BFE
:10F8C0000E461A60836E83F30B882C4686F30988F4
:10F8D0000020044B98472046002100220023024CC0
:10F8E00020470000F5560300B9E80100B86E01207A
:10F8F000746801201022014B1A61704700ED00E08E
:10F90000054B5A699B689A421FBF044A536843F0EB
:10F9100080535360704700BFB86E012000ED00E0D7
:10F92000084B9B6883420BD1EFF3058343B1064B31
:10F930005A6842F080525A605A6A22F400425A626F
:10F940000CF05EBBB86E012000ED00E014498A683F
:10F950004FF030001044EFF3098C80E8F01F402096
:10F9600080F31288BFF36F8F0E4F4FF000664A6925
:10F970008A603E60906F0C4C2060D06F0023D3678C
:10F9800080F3118802F1300090E8F01F8CF30988B1
:10F9900002F1000004B515F0A6FEBDE80440704772
:10F9A000B86E012004ED00E07468012000234020BF
:10F9B00040F20F1210B5044CE1180133934281F864
:10F9C0000003F9D110BD00BF00E100E008B5EFF37E
:10F9D0000583064A103B02EBC30152F83300496825
:10F9E0008847BDE80840FFF78BBF00BF74DE030007
:10F9F0000148006870470000746801201FB50121AC
:10FA0000094B0A4A0A4800F0F7F80023064A039314
:10FA1000084B0121019301A8D31A029300F0F6F8D4
:10FA200005B05DF804FB00BF0000042000000020CA
:10FA300060F50300F02800200A7A0B6810B562F325
:10FA400004031C46CB68520923F01F0343EA420318
:10FA5000044A43F00103C2F89800C2F89C40C2F87F
:10FA6000A03010BD00ED00E010B5074BD3F890308A
:10FA7000C3F30723013B984202D8FFF7DDFF10BD17
:10FA80006FF01500FBE700BF00ED00E02DE9F04F3F
:10FA90000F46144606464FF000084B4D85B0B8455A
:10FAA00080F28E80D6F80490B9F1000F35D0B9F10C
:10FAB0001F0F40F2838019F01F0F7FD1D6F800A0EE
:10FAC0001AF01F0F7AD1504615F037FE834609EB26
:10FAD0000A00013815F031FE83456FD11BF1160F76
:10FAE0006CD05C456ADDC5F898B0D5F89C10C5F8B7
:10FAF00098B0D5F8A03021F01F0143F01F0AD6E9D5
:10FB000000321A44994202F1FF391BD1CA4508D18B
:10FB100031465FFA8BF015F019FE08F101080C363A
:10FB2000BDE73146C5F898B0D5F89C30E0B263F334
:10FB30000402C5F89C2015F009FE10F1160F3DD007
:10FB4000441CEAE7C5F898B0D5F8A020013B23F0A3
:10FB50001F0302F01F021343CA453146E0B2C5F845
:10FB6000A030E8D015F0F2FD10F1160F26D0C5F840
:10FB700098B0D5F89C209DF808300AF1FF3A62F35E
:10FB800004038DF80830D5F8A0309DF808205B08F4
:10FB900063F347128DF80820D6E90032134400932E
:10FBA00023F01F035344A3EB0903013023F01F0389
:10FBB0006946C0B20393FFF757FFBEE76FF0150425
:10FBC000204605B0BDE8F08F00ED00E00522044BB3
:10FBD000C3F89420BFF34F8FBFF36F8F704700BF00
:10FBE00000ED00E0BFF35F8F0022024BC3F89420CA
:10FBF000704700BF00ED00E010B5034C2278FFF71E
:10FC000045FF207010BD00BF347601202DE9F74F6D
:10FC1000294D8A4606464FF00008AB46274FD0458F
:10FC20001BDAD6F80490B9F1000F3FD031680846CE
:10FC3000019115F082FD0199044609EB010001389C
:10FC400015F07BFD84424FF014021D4B08D002FBDF
:10FC500008F36FF015024BF8032003B0BDE8F08FF6
:10FC600014F1160F2C60F8D01978A142F5DD02FBD3
:10FC700008B0C7F89840C7F89840D7F89C4000F102
:10FC80000801007B64F304000871D7F8A0000C7928
:10FC9000400860F347140C71D7F89C1021F01F0145
:10FCA0006960D7F8A01021F01F01296108F101084F
:10FCB00014350C36B3E700BF7868012000ED00E092
:10FCC00034760120F0B55349534DD1F890302C686B
:10FCD000C3F307239C4287B000F299800020FFF70E
:10FCE00081FF4E4BC1F8C030844216D14C4D01A863
:10FCF0002C70FEF7EFFE002607464A4CB74213D1A0
:10FD000000202B784349D1F89020C2F30722934278
:10FD100077DBFFF75BFF002046E0696801EB00112D
:10FD2000FFF78AFE0130DFE70199300101EB06138E
:10FD3000DA682240B2F1807F52D00AD8B2F5001FB3
:10FD400034D0B2F5800F3ED0B2F5801F12D001360C
:10FD5000D4E7B2F1006F43D0B2F1805FF7D15A68B7
:10FD60009B680958013B22F01F00034423F01F0346
:10FD7000012032E05A689B680958013B22F01F00BD
:10FD800003440120844623F01F0340EA4C10CDE9D0
:10FD900002218DF8100002A928780593FFF764FE70
:10FDA00000282ADA6FF0150007B0F0BD5A689B688A
:10FDB0000958013B22F01F0003444FF0020C0120C0
:10FDC00023F01F03E1E75A689B680958013B22F0C2
:10FDD0001F000344022023F01F034FF0000CD4E760
:10FDE0005A689B680958013B22F01F0003444FF0FA
:10FDF000030C012023F01F03C7E72B7801332B707E
:10FE0000A5E7C1F89830C1F8A00001337BE74FF0B7
:10FE1000FF30C9E700ED00E06CF50300AAFF4400E5
:10FE2000347601200000F0FF08B502480FF040FCD6
:10FE3000FEE700BF6022040008B5024B1B6898472C
:10FE4000002008BD8C680120034B044A1860937899
:10FE500043F00203937070478C680120201F00203C
:10FE600008B5054814F059F8002383F31188BFF34F
:10FE70006F8F0423184602DF6522040008B54FF493
:10FE800000520349034814F005F8002008BD00BFE4
:10FE900098C70120906801204FF0FF324FF0FF33E8
:10FEA00001480BF0EDB900BF301F002001480BF0F6
:10FEB00059BA00BF301F002010B50446FFF7ECFF11
:10FEC0002146034813F060FFBDE81040FFF7EEBF86
:10FED0009068012070B541690446867A0A4D59B18F
:10FEE000437ADB0706D4282303FB06531B6A1B68EF
:10FEF0009B689847002363612820214600FB065039
:10FF0000BDE870401BF025BDD42700202822024BFD
:10FF100002FB0030704700BFD42700202821827ADE
:10FF2000054B01FB02335A6A9B7E801A1B3323F078
:10FF30000303B0FBF3F07047D427002038B5282422
:10FF4000827A064B04FB02331B6AD3E901240C605E
:10FF50001568FFF7E3FF04FB005038BDD4270020ED
:10FF60002DE9F04385B00546684690461C4603914E
:10FF70001BF0C9FFDDE90067EFF31189402383F32C
:10FF80001288BFF36F8F2B8B002B41D0EA8A9A42E5
:10FF900025D90022002328460BF034FA0446F0B19C
:10FFA00089F31188BFF36F8F039B002B41D032463A
:10FFB0003B4668461BF0CCFF2821A27A254B204601
:10FFC00001FB02331B6A03A91B681D68DDE90023DE
:10FFD000A847606170BB2046FFF77CFF24E0298BB7
:10FFE0004B1E2B8389F31188BFF36F8FAB7EEA8A98
:10FFF0006C6A1B3323F00303521A02FB0344154BB4
:020000022000DC
:10000000154AEB1ADB105343A372AB7EE372CBE7C6
:1000100089F31188BFF36F8F2346424628460BF0C1
:10002000F1F904460028BFD10024204605B0BDE800
:10003000F0836361012300252381039B29466382AA
:10004000E27A656004F118001DF034FC63692582D2
:10005000E360EAE7D4270020CDCCCCCC70B52825CE
:100060000C4C00B970BD037A4668002BFAD0013BF6
:10007000DBB20372002BF5D1C3604360837A05FBCA
:100080000343DB6913B198473046EAE7FFF722FFE5
:10009000FAE700BFD42700202DE9F84F06460D46A9
:1000A00017460446A3466468002CFBD14FF028098C
:1000B000DFF878A0BBF81030BBF81220DBF8141082
:1000C000D21ADBF80C300BF10C005B1AD21AAA42E0
:1000D00028BF2A461FFA82F83946424615F0C9FB66
:1000E000B5EB0805444447441DD00C9B53B1DDE9F2
:1000F0000A010D9A98478346A8B10146304615F08B
:1001000090FBD7E7B07A09FB00A0036A9B6843B174
:10011000AB4228BF2B461946DDE90A23FFF720FF33
:10012000E9E72946F8E72046BDE8F88FD427002004
:1001300008B5244A244B1A6008F052F94FF47A614A
:100140002248D0F82436C3F30802C3F309434B43D3
:1001500082F480721E49883201FB02334FF4FA2187
:100160005B00B3FBF1F201FB12331A49B3F57A3F9E
:1001700028BF0132C1F80429D0F820364FF47A6044
:10018000C3F30802C3F30943434342F21C5082F411
:10019000807202F2172200FB02334FF47A701B0ABE
:1001A000B3FBF0F200FB12330020B3F5FA7F4FF0FF
:1001B000010328BF0132C1F81C27C1F80009C1F8AA
:1001C000003608BD0020A107CC21002000C0FF00A0
:1001D000F82A00800000125048B1054B054A1B6800
:1001E000B3FBF2F35843044B43F001031847704745
:1001F000CC21002040420F0030EF03002DE9F341F5
:10020000054616461F46234CD4E8AF3FDA072AD5E9
:1002100020B96FF0010002B0BDE8F08101A914F02F
:100220009BFF0228024620D128461B491DF051FBA6
:100230000028EED1D4E8AF3FC3F3C0081B0712D4A7
:10024000A4F1D405072229463846B047062887BFBF
:100250000723B0FBF3F044F8D48C85F8078094BFF3
:10026000C5F80380E8710020D5E70428D1D12846DD
:100270000A491DF02EFB05460028CAD104F1800171
:1002800020223846B0470028A4BF241884F88050A4
:10029000E9E700BFB41200206E22040071220400BE
:1002A0002DE9F04389B0DDF840909D795E791F79A2
:1002B00093F803C093F802E093F801800C461B7892
:1002C000B9F1000F15D0CDE90639CDE904E81346A0
:1002D000CDE9027CCDE900560D4A0FF009FA00285D
:1002E00013DBA0422CBF6FF01500002009B0BDE861
:1002F000F083CDE90583CDE903CE1346CDE901674F
:10030000044A00950FF0F4F9E9E76FF01500EDE706
:10031000762204009A22040070B504461E46154653
:100320008CB0AAB129B10A4602A8042113F00FFE2D
:1003300002A900912B462246242103A8FFF7B0FF13
:1003400070B93146109A03A8FEF7E6FC0CB070BDF8
:1003500003462421044A03A80FF0CAF92328F0D940
:100360006FF01500F2E700BFBB22040007B5064B93
:100370000648DA79C2EBC202009200221146FFF76A
:10038000CBFF03B05DF804FBE01100206E220400F7
:1003900030B5044615468DB09AB129B10A4602A877
:1003A000042113F0D4FD02A900912B4622462421FA
:1003B00003A8FFF775FF60B903A814F0A5FE0DB000
:1003C00030BD03462421044A03A80FF091F92328E5
:1003D000F2D96FF01500F2E7BB22040007B50093D5
:1003E00013460A4601460348FFF796FF03B05DF83F
:1003F00004FB00BFDF2304000A4601460148FFF763
:10040000C7BF00BFDF23040007B5009313460A46A9
:1004100001460348FFF780FF03B05DF804FB00BF0F
:10042000D92304000A4601460148FFF7B1BF00BFC7
:10043000D923040007B5009313460A460146034832
:10044000FFF76AFF03B05DF804FB00BFCA23040096
:100450000A4601460148FFF79BBF00BFCA230400BC
:1004600007B500220346009103481146FFF754FFE9
:1004700003B05DF804FB00BFD123040007B50022E0
:100480000346009103481146FFF746FF03B05DF8AD
:1004900004FB00BF7122040008B502480BF0E8F924
:1004A000002008BD34200020F8B51A4CD4E8AF3F36
:1004B00013F0010F264620D094F88070A4F1D405E3
:1004C0003FB92022144905F5AA701DF024FA85F8D9
:1004D0007471EB799BB1D4E8AF3F5A0701D400F0B7
:1004E00009FCD6E8EF3F23F40062C6E8E12F0029BB
:1004F000F7D11B0501D5FFF7CFFF002009E001F080
:10050000FFF930B9EB79002BE5D101F009FA0028A9
:10051000E1D0F8BDB4120020C122040007B5009359
:1005200013460A4601460348FFF7F6FE03B05DF89E
:1005300004FB00BFE52304000A4601460148FFF71B
:1005400027BF00BFE523040010B50024094B86B087
:1005500009480393CDE904441BF0E7FA03AB009389
:1005600040F638020A23054903480BF087F9204674
:1005700006B010BDCB220400F849002098E7012006
:10058000014601480BF0BAB9F8490020014601487C
:100590000BF0E4B9F8490020014601481BF09ABA73
:1005A000F849002030B50378012B11D0022B21D05F
:1005B0006BB90A46144B03F1100453F8045BA342D1
:1005C00042F8045BF9D143881A0A8A70CB7030BDB7
:1005D0000A460D4B03F1100453F8045BA34242F8A2
:1005E000045BF9D143681A0C180E4A700870C3F303
:1005F0000722EAE700F11003013913F801299842B4
:1006000001F8012FF9D1E2E76E25040010B515F0CD
:100610003EFA1BF0E9FA044608B90BF003FC064B5E
:10062000D3E8AF3F0BB10A2098471CB9BDE8104092
:100630000BF00CBC10BD00BF9C68012038B504460F
:10064000084815F0AAF8054648B1631EDBB21F2B17
:1006500096BF054A0021D15C0C3015F013F92846ED
:1006600038BD00BF9C2800207E250400034BD3E842
:10067000EF2FC3E8E10F0029F9D170479C680120F2
:100680000F2810B50CD80D280CD90A4815F085F89C
:10069000044618B104210C3015F0F4F8204610BDC2
:1006A0001328F2D009B10448F0E70220BDE8104059
:1006B000FFF7C4BFC428002024280020F8B5064650
:1006C0000F4602F013FE044690B93946304607F053
:1006D00083FD0546F0B93946304606F011F8164B51
:1006E0001B6823B153F80C4904B10C3CB3B9F8BDF5
:1006F00083781321012B4FF0000312BF1D46D0F861
:10070000A450C0F8A43016F00AF8204602F012FAFD
:10071000002DDAD0284619F080FADCE79B6813B187
:100720003946304698472CB1E26802B10C3A23466C
:100730001446DBE72246FAE77469012038B5C5683C
:100740002B78B3B9B5F801400F21204602F0FAFA30
:10075000E978054670B90C4A138813B1538843B938
:1007600001236FEA04506FEA105022F81300074A81
:10077000D15438BD0173012102F028FA2846BDE8A2
:10078000384002F0D7B900BF04730120357601204C
:1007900010B5002486B003AB00934FF400624FF015
:1007A000FF3305490548CDE9034405940BF066F88D
:1007B000204606B010BD00BFD0EF0120A04A0020A7
:1007C00010B5084C0146062294F86F0002F0E2FDD5
:1007D00038B994F86F000522BDE81040024902F0D4
:1007E000D9BD10BDE01100205425040010B5012131
:1007F00004460C3015F071F82146BDE81040002386
:10080000014A007815F040BA98F6030010B50121AE
:1008100004460C3015F061F82146BDE8104009236C
:10082000014A007815F030BA50F6030070B531482F
:1008300014F0CCFF044600285AD000F10C052846DD
:1008400015F053F8022805D004282FD02046FFF7D2
:1008500005FC21E0238A032BF8D90421284615F052
:100860003CF8FF22438806882276228AC6F30B00D2
:100870009A426083EAD10F2102F064FA054600280B
:10088000E4D002F089FA21462076320B284615F092
:10089000DFFE284602F04EF9174BD3F834313BB354
:1008A000BDE87040154916481BF014B928460221CE
:1008B00015F013F8054600783E2812D015F05CF9C3
:1008C00010F002060DD140F69A430E4A0E490F4829
:1008D00013F030FB86F31188BFF36F8F03231846A4
:1008E00002DF062321460A4A287815F0CDF9ADE744
:1008F00070BD00BF14130020E01100205420002020
:10090000484B0020D42204000823040036230400AE
:1009100020F6030010B5012104460C3014F0DDFF71
:100920002146BDE810400223014A007815F0ACB919
:1009300010F603002DE9F0470C460BF073FAE5685A
:100940002B78022B67D0042B05D02046FFF786FBBF
:100950006FF0150408E0B4F81080B8F1020F08D861
:100960002046FFF77BFB00240BF070FA2046BDE821
:10097000F08768783E2809D1B8F1030FF0D0EB7802
:10098000012B01D00A2B46D1032704E015F0F4F81F
:100990000746F8073FD504F10C0601213046D4F88C
:1009A00014A014F092FF0221304614F096FF814605
:1009B00000783E2807D1E3681B78012B01D00A2B71
:1009C00006D1032614E015F0D7F8C10706460FD468
:1009D00041F26813164A1749174813F0ABFA00237F
:1009E00083F31188BFF36F8F0323184602DF0226BB
:1009F000124A0623214699F8000015F045F9B2077E
:100A000012D56369A5EB0A0513FA85F5E560A4F82C
:100A10001080BB07A7D52146094814F0C2FE09493A
:100A200009481BF057F89EE72046FFF717FBF0E751
:100A3000D42204005323040036230400E0F503000D
:100A40001413002054200020484B00202DE9F047CB
:100A5000884616468246002868D00023DFF8D090EA
:100A6000D9E8EF4FC9E8E23F002AF9D1002C5DD068
:100A70002046FFF753FA0C232E4D274603FB005068
:100A8000438853450DD0D9E8EF3FC9E8E27F002AFB
:100A9000F9D1002B4AD01F463846BDE8F047FFF792
:100AA000DDBAA64208D0204614F072FE328AF16800
:100AB00004F10C0014F0DDFE2046FFF72FFA0C269F
:100AC00006FB00504368ABB1B8F1000F12D12046CD
:100AD000FFF724FA012106FB00504268536803F037
:100AE0001F00814010685B0900EB8300137ACBB1D3
:100AF00015F05BF82046FFF711FA0C2606FB0050B4
:100B00008368002BC8D02046FFF708FA704305F829
:100B100000802046FFF702FA06FB0055A8680AF09D
:100B2000A3FCB9E7C94315F0C6F8E3E7BDE8F087D1
:100B300010130020A068012073B5C5680121B5F825
:100B4000010002F0FFF8044600284CD02B78061D67
:100B50001A2B19D1C378012B2DD14FF48041304687
:100B600015F023F842040FD4D4F88C306946009372
:100B7000D4F894302046019302F034FF204602B0AE
:100B8000BDE8704001F0D6BF2B78A3B940F2E24235
:100B9000B5F803305343C4F88830B5F80530A4F8ED
:100BA0009030B5F80730A4F892306FF48051304699
:100BB00015F081F813E0D6E8AF3FDB04F5D52B78CC
:100BC000202BF2D194F89830002BEED0013B84F822
:100BD0009830064A002304F140000AF0B9FE20468E
:100BE00002F078FACAE702B070BD00BF5A62020094
:100BF00008B501F02DFB064BD3E8AF2F02F00B0236
:100C0000D3E8EF1FC3E8E02F0028F9D108BD00BFEB
:100C1000B412002010B5C1E900239DF808300C463D
:100C20000B72FFF77BF90C22024B02FB00335C6076
:100C300010BD00BFA0680120F8B502460B46104861
:100C400014F0ABFD0446C0B104210C3014F000FEDA
:100C50002046FFF763F90C2700260A4D07FB0050DA
:100C600046802046FFF75AF907FB00508660204671
:100C7000FFF754F907FB00556E602046F8BD00BF32
:100C800074280020A068012037B50C468DF80700B5
:100C900000F0FF05A0B929B1072220460A491CF03F
:100CA00018FE40B9002009490DF1070207F0D8F9F4
:100CB000002003B030BD21462846FFF7FFFCF7E7D0
:100CC0006FF01500F5E700BF5B250400C15B030072
:100CD00029289ABF014B185C092070479E25040003
:100CE000034B0146D3F8500182689268104700BF59
:100CF000E011002008B50421034814F056FFBDE8B8
:100D0000084001F0A5BA00BFB4120020024BD3E89E
:100D1000AF0FC0F380007047B412002038B505460D
:100D2000F5F7D2FC2028044615D829460B48F5F7DC
:100D3000C1FC70B12246294608481CF0AEFD0022D5
:100D400007482146031900F5AA7083F85421FFF7DC
:100D500095FB002038BD6FF00B00FBE7341300203B
:100D6000E011002000487047341300200149024878
:100D70001AF0B0BE44200020A04A002070B50546FD
:100D80000C4639B1CB684A699B1A032B0ED86FF019
:100D9000150509E04FF0FF304FF0FF31FFF74CFF32
:100DA000044618B96FF06805284670BD2046FFF765
:100DB000B5F80C22134BA61802FB00330321304672
:100DC0005D8014F071FD0580238A0121033B83704F
:100DD000304614F071FD40F635439D4209D120465E
:100DE000FFF77EFF05460028DED02046FFF736F9E4
:100DF000DAE7214604481AF0A1FD0025FFF7B6FF07
:100E0000D2E700BFA06801201C1300202DE9F043A9
:100E1000064617460C4685B069B94FF0FF304FF0D3
:100E2000FF31FFF709FF044658B96FF068052846FF
:100E300005B0BDE8F083887AFFF768F8304B83424D
:100E400057D10122002168461AF091FD2046FFF794
:100E500065F80C23DFF8AC9003FB0090C0F808D0D5
:100E6000204614F0C9FC01463046FFF787FF0546CF
:100E700018B12046FFF7F2F8D9E700236846224A66
:100E80000AF026FB804690B14FF4F1731F4A2049C7
:100E9000204813F04FF8424631461F4813F04AF8F5
:100EA00085F31188BFF36F8F0323184602DF2046B6
:100EB000FFF734F80C23584319F80060AEB1204610
:100EC000093EFFF7CBF8092E0CD8DFE806F0050B3A
:100ED0000B08150B0B0B0B126FF06E05A7E76FF0ED
:100EE0000C05A4E76FF00405A1E7002FC1D03C601A
:100EF0009DE76FF015059AE76FF00B0597E700BFC8
:100F000074280020A0680120B4C40400D422040086
:100F10006C2304003623040075230400F0B585B06B
:100F200006460DF10301002000F050FD05460028A3
:100F30004DD14FF0FF304FF0FF31FFF77DFE0746F8
:100F4000002847D019210C3014F08DFC04462946A6
:100F500019221CF0AFFC9DF80330204A237392F84D
:100F6000131192F81231601D994294BF06F170017D
:100F700006F17E0114F012FE938938462380D3894E
:100F80006380B6F88C30A4F80D30B6F88E30A4F833
:100F90000F30B6F89030A4F81130B6F89230A4F8BB
:100FA00013300F4B01930723029301238DF80C306C
:100FB000FEF7B4FF0C220B4B394602FB003301AAAB
:100FC0005A6042F20D000022FFF720FF0546284636
:100FD00005B0F0BD6FF06805F9E700BFE011002033
:100FE000B4120020A068012030B54FF0FF304FF060
:100FF000FF3185B0FFF720FE0446B0B10C4B002551
:10100000019307238DF80C500293FEF787FF0C2203
:10101000084B214602FB003301AA5A6042F20E003F
:101020002A46FFF7F3FE05B030BD6FF06800FAE71F
:10103000B4120020A06801202DE9FF41594AB0F800
:101040000170118847F47043994205463DD051889C
:1010500099423CD10123002122F81310524AD65C58
:1010600000F07CFAEB782C1D012B08BF4F4B20467B
:1010700014BF4FF0000893F86F8014F004FD214670
:1010800038B302A814F0F4FCD5F81130CDF80130D3
:10109000B5F81530ADF8053001238DF80030E8784B
:1010A00018BB022202A902F075F90446EB7823B9B5
:1010B0006FF080013E4814F0FEFDF4B9132138466C
:1010C00014F06DFF04B0BDE8F0810023C3E70026F3
:1010D000C6E7404615F070F9014602A814F05EFD1F
:1010E0002146684614F05AFDD9E7012803D102A829
:1010F000FFF766FBD9E70024D8E7204640F2E2423A
:10110000B5F8013002A920F8703B14F047FDB5F89E
:10111000173053430022C4F88830B5F81930A4F8CA
:101120009030B5F81B30A4F89230EB782273012B85
:10113000E3700FD1694604F1770014F02FFD00F041
:1011400053FD217A194BC1EBC101194404F17E0012
:1011500014F024FDE3786BB9694604F17E0014F0C5
:101160001DFD217A114BC1EBC101194404F1770037
:1011700014F014FD0721204601F028FD26B10121BD
:101180002046267301F022FD204601F037FE20465E
:1011900001F0D0FCE378002B94D1032015F0F5F991
:1011A00090E700BF0473012035760120E011002094
:1011B000B412002000B5C16889B0087820B109B028
:1011C0005DF804EB14F0ABBEB1F801308DF800000F
:1011D000ADF80130CB7801A88DF80330B1F80B30B1
:1011E0000431ADF81730B1F80930ADF81930B1F865
:1011F0000B30ADF81B304B7B8DF81D3014F0CEFC5E
:10120000084B68461A689B88CDF80B20ADF80F3064
:10121000CDF81120ADF81530FFF70EFF09B05DF8DD
:1012200004FB00BF6825040010B5F5F7B5FB034BC0
:101230001B6813B1BDE81040184710BDC4680120F9
:1012400073B5274D0646D5F850011AF0D4F9002899
:101250003FD06FF0020105F1D40014F02CFD012104
:1012600014F0A3FCC30737D414F0A3FB044668BBF7
:101270001C4B1E60012205F5907011461AF077FB99
:1012800005F59E701AF051FB17481AF04EFC6FF0EE
:10129000070340F698021549134800940AF0EEFA45
:1012A000134911481AF0A6FCD5F85001114983687A
:1012B0001B689847044648B926B902B0BDE870409B
:1012C000F5F76ABB05F1C4000AF0D2FA204602B075
:1012D00070BD6FF01204F9E76FF07704F6E700BF16
:1012E000E0110020C4680120484B0020D0F7012005
:1012F000BA2304003509020038B5032104460C3036
:1013000014F0EBFA40F635420346B0F80100904283
:101310000DD01D78E36822461978FFF797FB35B1A9
:1013200003480AF0A1F8BDE83840FFF71FBD38BDFB
:101330000013002038B50AF075FD284DD5F83C3172
:10134000002B48D00022002305F590700AF0C0F869
:10135000002840D10022002305F59E700AF052F8C3
:10136000044668B940F6AA431D4A1E491E4812F0B9
:10137000E1FD84F31188BFF36F8F0323184602DF6A
:10138000D5F8300120B1FEF769FE0023C5F83031F1
:10139000204614F031FAC5F830012046FFF7A0FCD2
:1013A00098B112480AF060F82046FEF7B7FD0C220B
:1013B0000F4B1F2102FB003022464088FFF746FBFF
:1013C0002046FEF74BFEFFF7D1FCFFF7CFFCBDE850
:1013D00038400AF03BBD01F021FDF8E7E0110020A4
:1013E000D4220400C3230400362304000013002089
:1013F000A068012038B5042104460C3014F06DFAC1
:101400004578017822464088FFF720FB35B1044833
:101410000AF02AF8BDE83840FFF7A8BC38BD00BF85
:1014200000130020F8B506460024094DEF79E3B219
:101430009F4202D86FF0010007E02946304614F0C1
:10144000F0FE0735631C08B12046F8BD1C46EEE7E8
:10145000E011002037B504460D46B9B128461649BB
:1014600014F0DFFE90B929461448C4EBC4042044AC
:1014700014F0DFFE124814F0E3FE430703D5FFF734
:101480000BF814F098FA002003B030BD684614F051
:10149000E1FA0028F8D16846FFF7C4FF0028F5DA22
:1014A000064BC4EBC4006946184414F0C2FE002D7C
:1014B000E0D001462846DBE75B250400E011002070
:1014C000B412002070B5144E0622314604461CF0BA
:1014D00000FAE0B14FF0FF304FF0FF31FFF7ACFB07
:1014E0000546A8B1062221460C3014F0C2F90022AC
:1014F000294642F20500FFF789FC40B933462268CD
:1015000043F86929A288B280012283F8682070BD5F
:101510006FF06800FBE700BF4912002008B528B152
:10152000054814F08DFE030601D5012008BD0248D0
:1015300014F086FEF9E700BFB4120020064BD3E892
:10154000EFCF4CF4806CC3E8E2CF002AF7D1037AE6
:1015500019430172704700BFB4120020084BD3E852
:10156000EF2F22F48061C3E8E01F0028F7D1530574
:1015700004D500220220034906F094BD704700BF45
:10158000B41200204D6403001FB500230190CDE983
:10159000023302208DF80C1001AA034906F082FDE7
:1015A000029805B05DF804FB5F6303002DE9F34189
:1015B000054670B1474C94F8122194F813310AB1E2
:1015C0009A4209D2013384F813312B7A43F0040391
:1015D0002B7202B0BDE8F08100210222084601F022
:1015E000D9FE064648B128460121FFF7A7FF30463D
:1015F00002B0BDE8F04101F09DBA04F1D40014F04E
:101600001FFE3146C0F34017334800F0E7FA17B128
:10161000304600F035FE94F81331B3B994F8132135
:1016200094F812319A4220D1002242F22900114648
:10163000FFF7ECFB70B994F81331013384F81331E0
:101640002B7A43F004032B7204E0002014F038FEE0
:101650000028E3D017B1012000F012FE00211F483E
:1016600002B0BDE8F04100F0B9BA2A4605F1010820
:10167000414612F82E0B14F0E6FD064630BB94F8F6
:101680001331013384F813312B7A43F004032B72A6
:1016900094F8A7305B0719D54146684614F0C9FD98
:1016A00001234FF0FF304FF0FF318DF80730FFF787
:1016B000C3FA044650B1082269460C3014F0D9F838
:1016C0003246214642F24E00FFF7A0FB012014F003
:1016D000F7FDBFE7E011002089630300F362030018
:1016E0002DE9F843044600B33F4D95F8122195F8D3
:1016F000133192B10132934210DC002102220846DC
:1017000001F048FE064690B120460221FFF716FF81
:101710003046BDE8F84301F00DBA13B1013B85F83E
:101720001331237A23F004032372BDE8F88305F113
:10173000D40014F085FD3146C0F340182B4800F06A
:101740004DFAB8F1000F02D0304600F099FD0020AC
:1017500014F0B6FD074688B995F8133195F81221B3
:101760009A421DD2013B85F81331237A024623F0B9
:10177000040302201E49237206F094FC95F81331ED
:1017800013B1012014F09CFDB8F1000F02D001202C
:1017900000F076FDBDE8F8430021164800F01EBABF
:1017A0004FF0FF304FF0FF31FFF746FA04F1010927
:1017B00006460028E2D007210C3014F054F84946C0
:1017C00014F037FD3A46314642F22800FFF71EFB7F
:1017D0000028D3D195F81331013B85F81331237AD2
:1017E00023F004032372C9E7E0110020896303009A
:1017F000AB620300F362030070B5044611B16FF0F1
:10180000150070BDD8B1214914F00BFDB8B92046C0
:10181000FFF708FE002832DA23784BB91C48C2795A
:101820006ABB214614F005FD0123C3711046E8E7A9
:10183000012BE4D1A37903F0C003C02BDFD1144DF9
:10184000EB79012B1ED005F1D40014F0F9FCC3078D
:1018500007D4002CD3D020460C4914F0E2FC002819
:10186000CDD1EE792146731C3046EB71FFF7F2FDC6
:1018700008B93046C5E7EB79013BEB71C1E76FF082
:101880007700BEE76FF00B00BBE700BF5B250400ED
:10189000E01100202DE9F3410446D8B1002141F2C6
:1018A000090001AAFFF7B2FA054698B9019E06227F
:1018B000D6F80C80104908F1010738461CF009F8E9
:1018C00028B1062238460D491CF003F830B93046DD
:1018D000FEF7C4FB002002B0BDE8F081D8F801306B
:1018E0003046C4F80130BB882570A4F80530FEF7F7
:1018F000B5FB0120EFE700BF682504006225040066
:1019000007B56846FFF7C6FF044BD87118B16946A2
:101910000020FFF79FFD03B05DF804FBE0110020FD
:10192000F0B5294D89B0EE79002E46D195F8C23038
:10193000DB0722D56A4631464FF60940FFF766FAC3
:10194000D8B9DDF800C0DCF80C406378012B1E46E6
:1019500028BF012673B1A31C02AA123417461868C7
:101960005968083303C7A3423A46F7D1186838606C
:101970009B88BB806046FEF771FBEE710024162643
:101980000127EB79E0B2984202D3B3B1002012E014
:1019900008AB06FB003353F8182C33F8143C6946A7
:1019A000CDF80120ADF805308DF80070FFF752FD3D
:1019B00001340028E5D009B0F0BD0021084609B087
:1019C000BDE8F040FFF718BFE011002038B50C4625
:1019D00061B108480578012D05D10130FFF772FD8E
:1019E00000B9257038BD00200870FBE76FF01500C6
:1019F000F8E700BFE011002010B50C4641B300F03D
:101A0000F3F8A8B100F11003184614F019FCC10551
:101A10000ED5184614F014FCC20409D50E4B1B78E1
:101A2000012B03D101230020237010BD0023FAE70E
:101A300000F0DAF820B1103014F002FCC305F1D444
:101A4000002014F0CDFC0028EFD101232370ECE737
:101A50006FF01500E9E700BFE01100202DE9F84321
:101A60000E4690461D460746002868D0002B66D0DB
:101A70000C030AD5710762D414F0C8FC044608B9F7
:101A800001232B702046BDE8F8838A07047823D011
:101A90002E49B8F1000F05D0B30603D591F8D83020
:101AA00058064FD5C4EBC40411F80490B9F1010FE6
:101AB0000AD101342144384614F08AFC0446002837
:101AC000E0D185F8009002E0B9F1000FF9D0B8F14B
:101AD000000F15D10024D5E711F0040317D01B49DE
:101AE000C4EBC4040F5D012F08D10134214414F06C
:101AF0006FFC04460028C5D12F7001E0002FFBD0F9
:101B0000B106E7D52B7843F002032B70E2E71048CB
:101B100014F096FB8206C0F3401605D5184600F077
:101B2000AFFBB0FA80F67609384614F06FFC044635
:101B300001202870002EA5D000F0A2FBA2E76FF0D4
:101B400015049FE76FF085049CE700BFE0110020BB
:101B5000B412002070B50D4601210446164614F05B
:101B600000FF58B1084814F06BFB430709D5324613
:101B700029462046BDE8704017F06CBE6FF0150096
:101B800070BD6FF00A00FBE7B4120020F7B5CDE995
:101B90000001694642F2080016461D469DF8207075
:101BA00014F069FC044648B95FB90B4BD3E8EF1F4A
:101BB00041F00401C3E8E21F002AF7D1204603B038
:101BC000F0BD694642F20900CDE9006514F053FC0E
:101BD0000028EAD00446F1E7081200200346014835
:101BE000184700BFF811002000487047F811002086
:101BF0002DE9F04FD0F8109089B0B9F100040546F6
:101C0000B14818BF01240291039314F031FC460738
:101C1000924640F183816E6870050CD56FF0150413
:101C2000002240F20110029B924540F08081204644
:101C300009B0BDE8F08FD5F81080B8F1000F01D0E1
:101C4000B107EBD0A14F2878FB798342E6D9C0EBEE
:101C5000C00007229E4938441BF03BFE0028DDD01F
:101C6000B20706D197F87030082B02D8AB689F2BCB
:101C7000D4D916F0300F7AD0B8F1000FCED0F306D9
:101C800078D406F46036B6F5603FC7D02846FFF733
:101C900045FC80460028C1D08E4814F0E9FB10F4C2
:101CA000807F8C4E40F03D8106F1AC0014F0E0FBEB
:101CB00010F4806F06F1AC0B01D0FFF74FFC00234E
:101CC000CDE90533CDF81B30AB686A68ADF810304C
:101CD000EB6812F4004FADF8123014BF062307234F
:101CE000D00348BF03F00503910348BF03F0FB0393
:101CF0008DF81D30DBE8EF3F23F48073CBE8E23F43
:101D0000002AF7D12B7822463B7687F86F30696836
:101D100071480DF11503FFF7A1FE044600287FF47A
:101D20007FAF6E4BB9F1000F31D02A6911684BF8C3
:101D3000B31C9188998092799A716B689A0728D020
:101D4000B9F1000F2CD013F0100F0CBF01230423A6
:101D50008DF814302B691A68CDF816209A88ADF8E2
:101D60001A209B798DF81C304FF000081BE0B8F169
:101D7000000F86D1D5E902239A423FF64FAF1F2AC2
:101D80007FF64CAFB3F5804F7FF67BAF46E7504A06
:101D9000CCE79B0502D4039B002B37D0022300E045
:101DA0004B468DF814304FF0FF304FF0FF31FEF707
:101DB00043FF0446002800F0B7800F2204A90C302E
:101DC00013F057FD2146002242F20600FFF71EF8ED
:101DD000044600287FF424AFB9F1000F1AD06868D8
:101DE00010F0030022D1074601213B4814F09DFB6F
:101DF0000446002840D0002F3FF412AF384600219F
:101E000000F0E4FE384600F095FE09E703238DF864
:101E10001430A9E75146129B039A0298CDF800802E
:101E2000FFF7B4FE04460028D9D0F9E63C7E07222D
:101E300027492A4887F86F401BF04BFD60B92046C0
:101E4000274901F027FA074610B96FF00B04E7E6BF
:101E5000052100F0BBFEC7E72046204914F073FDC2
:101E600000287FF4DBAE387E1C4901F013FA0746E8
:101E70000028EAD00621ECE717B1384600F05AFEF8
:101E80006B689F072ED0D6E8EF3F43F40073C6E897
:101E9000E23F002AF7D1B8F1000F2CD0D6E8EF3F8F
:101EA00043F48063C6E8E23F002AF7D16B68580725
:101EB0002AD5D6E8EF3F43F48053C6E8E23F002A34
:101EC0003FF4AEAEF5E700BFB4120020E0110020F1
:101ED0005B25040008120020F811002001120020E8
:101EE00054250400D6E8EF3F23F40073C6E8E23F30
:101EF000002AD0D0F6E7D6E8EF3F23F48063C6E8A7
:101F0000E23F002AD2D0F6E7D6E8EF3F23F4805331
:101F1000C6E8E23F002A3FF483AEF5E76FF00A041B
:101F20007EE66FF077047BE66FF0680478E6198848
:101F3000814204D1596811B10978C90702D401322C
:101F4000083371E60449054819F0F5FD0023044AF9
:101F5000024809F031FD6AE6816503001012002095
:101F60001C4E0E0010B51E4814F007FB1D4814F05F
:101F70007FFAC1052ED51B4814F07AFA820515D5D3
:101F80001949072219481BF0A4FC03461849087E8A
:101F90001BBB0522174901F0FDF9044630B10021B1
:101FA000017300F013FE204600F0C4FD00210C4830
:101FB00014F0BBFA044670B90F4814F059FA8306BE
:101FC00008D5204600F05CF9204614F009FA0120FB
:101FD00000F056F90024204610BD06222131DAE730
:101FE000F8110020081200205B25040001120020D7
:101FF000E011002054250400B412002070B50546FD
:102000000E464FF0FF304FF0FF3186B0FEF714FE62
:102010000446A0B102210C3013F025FC094A467099
:10202000057003A9204605230095FEF7F3FD002265
:10203000214642F20C00FEF7E9FE06B070BD6FF0DB
:102040006800FAE7B412002008B50C4B02464009BC
:1020500003EB800014F096FA02F01F0340FA03F33A
:1020600013F0010006D122B9054814F08BFA40F3B1
:10207000C01008BD6FF07700FBE700BFC868012003
:10208000B4120020084A430902EB8302012300F046
:102090001F008340DB43D2E8EF0F1840C2E8E10F96
:1020A0000029F8D1704700BFC868012030B587B05B
:1020B00000220023604809F0E3F80446002840F0BD
:1020C00098805E4814F05EFA10F001035B4D4DD02D
:1020D0002B1D93E8070006AB03E90700584814F0EE
:1020E00051FAC0F34013554814F04CFA0446002846
:1020F00072D07BB10C2253490DEB02001BF0E9FBBF
:102100000446002872D000210846FFF777FF0446F6
:1021100000286BD14A4814F035FA420501D5FFF783
:102120001DFA0023ADF80930BDF80E309DF80C0003
:10213000ADF80530BDF810308DF80400ADF807306B
:10214000431E58420DF109015841FFF755FC044662
:1021500000284BD14FF0FF304FF0FF31FEF76CFD00
:102160000546002848D16FF068043FE0344814F079
:1021700009FA10F0800F344A0ED04FF48074908921
:10218000D1891269ADF80C40ADF80E00ADF8101011
:10219000ADF812300592A1E72C4C03AB20686168C2
:1021A00003C3A068186092F8D93024481C0744BFC4
:1021B00005238DF80D3014F0E5F9800706D530239E
:1021C000ADF810306023ADF80E3087E71B4814F0EF
:1021D000D9F94107F3D481E743B10146FFF70EFF78
:1021E000044618B9174B2861C3E90100124809F0E9
:1021F000B9F8204607B030BD072201A90C3013F012
:1022000038FB2246294642F20B00FEF7FFFD04464A
:102210000028EBD19DF80D10012001F00101FFF71E
:10222000EDFE04460028E1D1064B06AA12E907009C
:1022300083E80700DAE700BFE4680120C8680120EE
:10224000B4120020D8680120E0110020E4EE030061
:102250004422002110B508481BF02CFB064B03F16B
:102260001C001C4619F0D8FA04F1300019F0D4FA19
:102270000022024B1A6010BDC868012014690120B9
:10228000044B0038597C18BF012001F00101FFF711
:10229000B5BE00BFC8680120032838B5054603D184
:1022A000BDE83840FFF702BFFFF7CEFE0446A8B9ED
:1022B0000B4B6A0903EB8203012205F01F018A40E0
:1022C000D3E8EF0F1043C3E8E10F0029F8D1FFF77F
:1022D000EDFE044610B12846FFF7D4FE204638BD77
:1022E000C86801202DE9F04F00F10C088BB00446BE
:1022F000404613F0FAFA06467D4814F043F900F020
:1023000001037B48039314F03DF9C0F3800302936B
:1023100016B90BB0BDE8F08F039B13B9029B002BDD
:10232000F7D0238A082BF4D90921404613F0D5FAB7
:10233000037A228A01339A420546EAD30123ADF893
:1023400024307F238DF81E30037A471C03445B7AC8
:102350008DF81D30FF238DF81C300023ADF822309E
:102360000278042A98BF634B8DF81F2098BF9B5CAE
:10237000ADF82030037A5E48019314F003F900F0C1
:1023800001095B4814F0FEF88246B9F1000F0BD04A
:10239000BDF820305A0707D5297A40460131013E61
:1023A00013F093FAF6B2B3E7384613F06CFB0DF175
:1023B000100B00284FD03946584613F059FBB9F19D
:1023C000000F02D11AF0040F59D14B4BD3F800A0E3
:1023D000BAF1000F14D0E2686369B4F810B0A2EB50
:1023E0000309019B9DF81F2023829DF91D10434680
:1023F00004A8D0476369A4F810B013FA89F3E36026
:1024000004AB06933D4B1B68002B36D053F808995C
:10241000B9F1000F01D0A9F108091A688AB1E16881
:102420006269B4F810B0A1EB020A019A4146228217
:102430001B6806A898476369A4F810B013FA8AF3DA
:10244000E360B9F1000F18D0D9F8082002B1083ABA
:102450004B469146E1E76B78FF2B09D1284B186872
:1024600004909A889B79ABF804208BF80630A6E795
:10247000394613F0A1FF0346F1E7002306931C48F9
:10248000BDF8203014F07EF810F0010984D1DB078C
:1024900082D50322484604A900F07CFF824600282A
:1024A0003FF47AAF022014F070F8D5F801305046AE
:1024B000CAF87E30BB88AAF88230BB798AF88430AB
:1024C00013F02BFD60B11F23494650468AF80C30AB
:1024D00000F07CFB504600F02DFBFFF7E7FD5BE7CB
:1024E0005046022100F072FB504600F023FB53E7F8
:1024F000C8680120C8250400146901200C69012066
:102500005B2504000020024B186014F03EB800BFA9
:102510001469012008B5034814F034F800F00100F4
:1025200008BD00BFC868012070B59AB0182200210C
:1025300003A81BF0BFF947F21213ADF808304FF4AF
:10254000807344F20102ADF80A30304B694602A8AC
:10255000CDE904230AF07EFDF0B11F252C4BD3E812
:10256000EF1F21F00101C3E8E21F002AF7D1294E35
:1025700009F058FC346804B1043C002D264D18BF06
:102580000025002C3BD023680BB12846984764688F
:10259000002C34D0043CF6E74122009801AB09A995
:1025A00019F0B6FE0028D8D11C4A0DF125030DF113
:1025B000650153F8040B8B4242F8040BF9D1202239
:1025C0001749009801AB19F080FE0028C5D100988A
:1025D0000AF028FC05460028BFD110490E4813F028
:1025E000DDFF1048203113F0D9FF0F4BD3E8EF1F68
:1025F00041F01001C3E8E21F002AAFD0F6E7002344
:10260000C6E9003309F022FC1AB070BD00000209CF
:102610001869012020690120977601205776012052
:1026200037760120B7760120B412002030B5A7B06C
:102630001822002107A81BF03DF904233D220021A8
:1026400016A815931BF036F947F21213ADF818309F
:102650004FF4807344F20102ADF81A30234B244941
:10266000CDE9082306A8202204AB0AF027FCB8B164
:102670006FF0040409F0D6FB1E4B1D6865B1002005
:1026800018601D4BD3E8EF1F21F00201C3E8E21FE1
:10269000002AF7D124B3A84709F0D8FB27B030BDF2
:1026A000164B0DF15502194603F1400053F8044B47
:1026B000834242F8044BF9D105AB029320230B4827
:1026C000CDE9001315AA4123049919F0F0FE002862
:1026D000CED104980AF0A6FB04460028CAD0C7E76A
:1026E0000DA8064913F05AFF0DA8D4E7000002090F
:1026F000377601201C6901201869012057760120D6
:10270000402208B503491BF0E4F8B0FA80F0400914
:1027100008BD00BFCD25040010B59AB004461822AC
:10272000002103A81BF0C6F844F21213ADF80830DC
:102730004FF480734FF48042ADF80A30114B2146BC
:10274000CDE9042304230DF125008DF8243013F086
:1027500025FF04F120010DF1450013F01FFF412278
:1027600001AB09A902A80AF0A9FB044602A819F0C6
:10277000EAFE2CB901980AF055FB01201AB010BDF1
:102780000020FBE70000020910B560B31A4A136885
:1027900023B1043B834229D05B68F9E7174BD3E8A8
:1027A000AF1F890725D41468011D4460506811606B
:1027B00000B95160D3E8EF2F42F00101C3E8E01FF8
:1027C0000028F7D1D30701D5002010BD0C4BD3E86A
:1027D000EF1F21F01001C3E8E21F002AF7D10948DA
:1027E000FDF7DAFEF0E76FF01500EEE76FF0770027
:1027F000EBE76FF00F00E8E720690120186901207E
:10280000B412002074200020044BD3E8AF3F13F033
:10281000100F034808BF0020704700BFB41200200B
:102820009776012070B50546194803688B4228D079
:10283000184BD3E8AF3FDA0626D5036813B16FF023
:102840000F0070BD144AD2E8AF3FDB07F7D4D2E8DF
:10285000EF3F43F00204C2E8E64F002EF7D113F039
:102860000204ECD1016029460C4813F097FE0C4895
:1028700005F1200113F092FE0A48FDF78DFE204677
:10288000DFE76FF07700DCE76FF07C00D9E700BF8F
:102890001C690120B412002018690120577601201C
:1028A000777601206420002070B505460B4B1C682C
:1028B00044B154F81C3C1C3C13B12846297B984772
:1028C000E469F5E7064C074EB44200D370BD2368B7
:1028D00013B12846297B98472034F5E76C6901201D
:1028E000D0E7030010E8030010B50446FDF716FB1F
:1028F000044901EB0011204613F006F9BDE8104031
:10290000FEF734BA28690120002270B50446D1E9E7
:1029100001560748C1E9012219F010F83DB13146CE
:1029200020462B46BDE870406FF06D02184770BD21
:10293000C027002030B5437B0446072B85B034D137
:10294000051D4FF48061284613F050FE43052CD43A
:10295000284613F048FE80031AD5E17839B3637B2B
:10296000072B22D1184B93F8D8309B061DD513F0B6
:1029700022FAD0B10DF10E0103A813F0B6FAA0B9F6
:102980002046BDF80E20BDF80C1013F047FB0CE0FC
:10299000E37823B10C4B93F8D8301907DDD52046E6
:1029A00013F021FB637B072BD7D005B030BD064B5E
:1029B00093F8D930DA07D2D5022320461A4600917F
:1029C00013F04BFBCBE700BFE011002070B50546CC
:1029D000002200230E4808F07BFDB8B90D4B1C689F
:1029E00034B154F8143C1C3C03B19847E469F7E750
:1029F000094C0A4EB44204D32846BDE8704008F0A2
:102A000037BFA36803B198472034F3E770BD00BF18
:102A1000902700206C690120D0E7030010E8030034
:102A20002DE9F041044640270025EFF3118287F39A
:102A30001288BFF36F8FE16929B1206A0B68814268
:102A4000E36108BF236282F31188BFF36F8F71B116
:102A5000D1E901680748C1E9015518F06FFF1EB1BF
:102A6000002241462046B047FEF780F9DDE7BDE889
:102A7000F08100BFC02700200448B0F8FC3000F50A
:102A80008070002B08BF0020704700BFE0110020BD
:102A900030B50446FCF7ACFF0D460D4A0D4989B030
:102AA0000858D2F88810884205D1204609B0BDE800
:102AB0003040FFF7B5BF24342146104619F00AF81C
:102AC0001DB16946204619F015F809B030BD00BFA8
:102AD000686200200800000038B5002204468A42DF
:102AE00002D10024204638BD012004F1C803D3E8F8
:102AF000EF5F002D04D1C3E8EC0FBCF1000FF6D15D
:102B000002D0D0340244EAE7002CEAD0C8220021E7
:102B100020461AF0CFFE04F14000044919F00BF8EA
:102B2000034904F1240018F0AAFFDBE7093602008C
:102B30000366030008B500F1C803D3E8EF2F013A9C
:102B4000C3E8E12F0029F8D1AAB90B4B984212D360
:102B500003F5D07290420ED2C01AD023B0FBF3F22C
:102B600003FB120038B9054808F07EFCBDE80840B8
:102B7000034808F07DBE08BDF04B002090270020E0
:102B80009420002010B5044613F0B2FD09F04AF974
:102B90000C4B04F1BC01D3F8143143B90A4813F0CB
:102BA00007FD09F053F9BDE81040FEF7DFB8994280
:102BB00001D01B68F1E709F049F92046FFF7BAFF99
:102BC000F1E700BFE0110020F412002070B5457B52
:102BD00004468D4200F08780417355B1022D0BD021
:102BE000637B072B7FD8DFE803F02C0E557E7E7EBB
:102BF0007E1813F07DFDF3E78378012BF0D1403090
:102C000018F0A7FFECE7384D05F5807661690029DB
:102C100057D1BDE87040FEF7A9B80023C4E90D33D1
:102C2000E378012B5FD1A378304A012B04BF032343
:102C300084F89830002304F14000BDE8704008F0AB
:102C400087BE082D4FD8DFE805F04E051B18202061
:102C50001B4E4E0004F14005284618F07AFF20462E
:102C60000121FFF715FF204613F0E9FC2846BDE8D7
:102C700070400022002308F09FBE022013F085FC64
:102C8000237B13B12046FFF70FFE2046BDE87040BE
:102C9000FFF750BFA378012B25D1134B9D8A15B3A5
:102CA0000A2340F2E730002147F612265D434FF435
:102CB0007A720023E5FB0601EDF798FC02460B460D
:102CC000B9E7A2690B68914208BFA361204663611E
:102CD000FFF71AFEB5F8FC30002B14BF3046002079
:102CE00008F0C2FB92E770BDE01100205A620200BA
:102CF0002DE9F84306460F4690460025DFF8309050
:102D0000684200F0D000484413F0F2FC044620B1C1
:102D100083781E4208D1FFF70DFF6B1C022B4FF08A
:102D20000105EDD1BDE8F8834146B8472046F2E7FA
:102D3000F04B0020002201200149FFF7D9BF00BF5E
:102D400035290200F8B506460C460027114D2846E5
:102D500013F0CEFC034658B1427B012A02D0073A59
:102D6000012A03D81A88B2420CD01846FFF7E2FEB7
:102D70007B1C022B4FF0010705F1D005E7D10023A2
:102D80001846F8BD9A781442FAD11846FFF7D2FED9
:102D9000F5E700BFF04B0020034BC01A034B0011B6
:102DA0005843C0B2704700BFF04B0020C54EECC482
:102DB00070B51C46144305460E4608D0FCF718FEB5
:102DC0000B4908580B49D1F88810884201D10022DC
:102DD00013460949002D14BF2846084612F0DDFCB1
:102DE000044618B1711D0C3012F032FD204670BD42
:102DF0000800000068620020D427002010B50446B7
:102E0000054808F035FD204600F09EFD2046BDE84F
:102E10001040FFF749BD00BF8420002000232DE9AA
:102E2000F04F87B003930593A54B1A8B32B1A54D94
:102E3000D5F8144134B907B0BDE8F08F1B68002BFA
:102E4000F5D1F8E754F8BC3903B1BC3B00269E49E4
:102E500001E01C461346B5F8FC20002A00F02E8144
:102E6000D5F808214AB904F1BC06002BE3D0D3F809
:102E7000BC20002AEDD0BC3AEBE70A68002AF2D069
:102E8000D4F8A820002AEED0D4F8AC20002AEAD04A
:102E9000D4F8B020002AE6D0637B072B66D1204609
:102EA0009047002862D004F1C00013F09CFB022878
:102EB0005CDC204613F01CFC04460028BBD0637B7E
:102EC000072B40F0F2802046D4F8A830B5F8FC106B
:102ED00004AA98470746002800F0CA80B5F8FC20ED
:102EE000049B9A4206D30146D4F8AC60204605AB59
:102EF00003AAB047059BDDF80C9001933B8A002B99
:102F000000F0D6803846DDF810A012F013FE80469F
:102F1000002840F0D080B5F8FC30DFF8B0B1002BCD
:102F200014BF584600200022002308F0D1FA78B9D7
:102F300000220023644808F065FA064600283BD1C9
:102F4000B5F8FC30002B18BF5E46304608F08CFA0E
:102F50006FF00B053846FDF781F8B9F1000F00F06E
:102F600083802A4620460199C8477DE0D4F8BC30CA
:102F700004F1BC02C6B9D5F81811C5F814318A425B
:102F800001D1C5F8183100232046C4F8BC30D4F86C
:102F9000B0309847002892D0637B072B40F08580A3
:102FA0002046FFF7EFFD8AE73360D5F818319A42E3
:102FB00008BFC5F81861E6E7019BC0F8049083607C
:102FC000B5F8FCB00022DA454FF000034FF00001E5
:102FD0003B4898BF1FFA8AFBFCF7C2FF814650B1FD
:102FE000FCF79CFF3A4B5A4603EB00133946484620
:102FF00012F065FD8146B5F8FC3094F8C4709A452E
:103000008CBF4FF00108023784F8C48098BFFFB22C
:1030100004F1C008D8E8EF3F0133C8E8E23F002AD6
:10302000F8D104F1140A3146504613F0C1FAA378DE
:10303000012B21D0D8E8EF3F013BC8E8E23F002A4E
:10304000F8D13146504613F0DFFA4846FDF706F84E
:1030500020463146FFF758FCB5F8FC301B48002BE2
:1030600008BF002008F000FA1321204613F057FB98
:103070002046FFF75FFDDEE609F10C0B0421584600
:1030800012F012FC238807F0FD0743EA07330380A0
:10309000B9F810300221043B4380584612F00CFC72
:1030A0004846FDF71DFE0028C4D1FDF75FFEDFE7AF
:1030B0006FF079054EE76FF004054BE79368FFDE8C
:1030C0004C280020E0110020C0270020E012002042
:1030D0002869012040F2E2432DE9F041D0F88860F0
:1030E0000446B6FBF3F6031D184613F07CFA82047F
:1030F000B6B213D5B4F88C20B2420FD8B4F88E20F3
:10310000B2420BD3D4E92412914207D1D3E8EF1F86
:1031100021F40051C3E8E21F002AF7D1104B1D68CB
:1031200065B155F80C7C1C3D37B131462046B4F8EA
:103130009230B4F89020B847ED69F1E7094DDFF817
:103140002880454501D3BDE8F0812F6937B131466C
:103150002046B4F89230B4F89020B8472035F0E714
:103160006C690120D0E7030010E803002DE9F0416D
:10317000074608460D4612F020FE064618B90026FE
:103180003046BDE8F081144B1C6884B154F8103C03
:103190001C3C0BB9E469F8E72946384698470028F3
:1031A000EDD0284612F009FE0028F3D1E7E70B4CDA
:1031B000DFF82C804445E3D2E3680BB92034F9E70B
:1031C0002946384698470028D9D0284612F0F5FD00
:1031D0000028F3D1D3E700BF6C690120D0E70300DA
:1031E00010E803002DE9F041C37804468BB900F1E3
:1031F0007E06114B1D687DB11C3D04F170076B69A3
:103200001BB13A46314620469847ED6925B11C3D31
:10321000F5E700F17706ECE7084D094F04F1700877
:10322000BD4201D3BDE8F0816B691BB14246314616
:10323000204698472035F3E76C690120D0E703006A
:1032400010E80300F8B5437A05468372164613F07A
:103250004FFC0D4B1C684CB154F8043C1C3C1BB19A
:1032600032462846697A9847E469F4E7074C084FE4
:10327000BC4200D3F8BDA3691BB132462846697A27
:1032800098472034F4E700BF6C690120D0E70300C1
:1032900010E8030038B505460C460F480221FFF739
:1032A0001BFCC0B1057223680367A388A0F87430C3
:1032B000A37980F876300123437283728370074BC1
:1032C000C0F8A830064BC0F8AC30064BC0F8B030A0
:1032D000054BC0F88C3038BDF04B0020753802002B
:1032E000D1650300C5650300180028002DE9F041F1
:1032F00006460F464FF000080F4D284613F0F8F928
:10330000044620B18378012B0DD0FFF713FC08F1A0
:103310000103022B4FF0010805F1D005EDD1002487
:103320002046BDE8F0813A46314613F0ECFA002819
:10333000F6D12046E9E700BFF04B002038B504463F
:10334000134813F050F9420702D46FF00A0038BD59
:10335000084612F032FD10B96FF01500F7E7FFF7DD
:10336000D9F80028F1D10A4813F03DF90306C0F35B
:10337000C0150AD413F061F80028EDD02146284684
:1033800013F0E1FA0028E2D0E6E76FF07700DEE71D
:10339000B41200202DE9F84305460E46904600275A
:1033A000DFF84C90784200F0D000484413F0A0F9C8
:1033B000044620B18378012B08D0FFF7BBFB7B1CB0
:1033C000022B4FF00107EDD100240DE036B132465B
:1033D000294613F098FA08B92046EEE7637B434587
:1033E000FAD1237AAB42F7D12046BDE8F88300BF7B
:1033F000F04B0020002210B5837804460B70C37890
:103400004B70037A8B70437B81F82320023BDBB245
:10341000062B8EBF13462848C35C204681F8203017
:10342000A378012B14BF0023637A81F8213013F0B5
:10343000FCF981F82200A378012B3AD104F1700342
:103440008B60237A1D4AC3EBC30313444B60E278BD
:1034500004F1770304F17E0012BB1A460346C1E96A
:10346000032340F2E242D4F888304B61B3FBF2F31D
:103470000B83B4F890304B83B4F892308B83D4F83C
:10348000A4302BB15B7CDA0644BF012381F82330E2
:10349000D4F8A43013B15B7C9B0603D4002010BD8C
:1034A0000246DCE791F8233043F0020381F8233031
:1034B000F4E76FF01500F2E70D260400E01100209C
:1034C0002DE9F04105460F4614469846002B5DD085
:1034D0001146FFF733FF064600283CD12146284617
:1034E00013F0E7F90446002853D097E80F002A4D5F
:1034F00005F1080C8CE80F00AB8A002B08BF4FF4D5
:103500009673AB822B8A03B9AB892B826B8A03B982
:10351000EB8922486B8213F066F8430501D5FEF76C
:103520001DF895F8132195F812319A4216D9032106
:103530002046FFF74BFB0220FEF7AEFE054610B318
:10354000022013F022F820460021FFF73FFB20461F
:10355000FFF7F0FA2E463046BDE8F0810221204602
:10356000FFF734FB204612F0D8FC054658B1002185
:1035700020462173FFF72AFB2046FFF7DBFA0320E2
:10358000FEF78AFEE6E7C8F80040E4E76FF01506AC
:10359000E1E76FF00B06DEE7E0110020B412002037
:1035A00038B5044608460D4612F007FC38B3154BF3
:1035B00093F8D830990707D4E37873B129462046A9
:1035C000BDE8384000F00EBA94F899309A07F3D568
:1035D000201D13F008F84304EED42946204613F0CA
:1035E000C7F958B92B88A4F88C306B88A4F88E30B2
:1035F000AB88A4F89430EB88A4F8963038BD6FF00F
:103600001500FBE7E0110020F7B510F8333C044645
:10361000A0F140060BBB304613F00DFA354B1D6888
:103620004DB155F8183C1C3D1BB1304614F8341C04
:103630009847ED69F4E7304D304FBD4205D3304631
:1036400003B0BDE8F040FFF775BA6B681BB13046B8
:1036500014F8341C98472035EFE710F83E3C012B56
:1036600045D110F83D3C63B9FDF7BEFC69303ED151
:1036700040F239120023204603B0BDE8F04008F0C4
:103680009BB9A0F13C05D5E8EF3F23F40052C5E813
:10369000E12F0029F7D1990418D5E36C694600930E
:1036A000636D30460193FFF77BFF38B9D5E8EF3FF4
:1036B00023F48053C5E8E23F002AF7D14FF40061BC
:1036C000284603B0BDE8F04012F090BF4FF4281335
:1036D0000B4A69463046CDE90023FFF761FF002819
:1036E000ECD14FF48051284612F080FFE6E703B09A
:1036F000F0BD00BF6C690120D0E7030010E80300B3
:10370000180028000C4B10B91860002070471A6888
:1037100072B94269002AF7D1426832B9826822B987
:10372000C26812B98269002AEED06FF015007047A6
:103730006FF07700704700BF7C69012008B568B161
:10374000094B00F10C011A6822B9074812F030FF4A
:10375000104605E0914204D01268F5E76FF01500BD
:1037600008BD6FF07700FBE77469012038B5214888
:1037700018F0DBF820491F4818F0E0F81F491D48F1
:1037800018F0DCF81E491B4818F0D8F813F052FF67
:1037900003F098F8044628BB04F00CFC044608BB70
:1037A00013F0B6FA174812F0A3FF054638B10430FB
:1037B00012F019FFC20717D42846FFF7BBF91248C9
:1037C00012F096FF054668B1043012F00CFFC307F3
:1037D00005D50023032128462B72FFF7F7F9284669
:1037E000FFF7A8F9204638BD032128462C72FFF7C1
:1037F000EDF9E1E7C0270020486901205469012064
:1038000060690120F04B0020C04C002010B50A4A2E
:10381000136813B1D36C63B901234C2000FB032060
:10382000064C5B424460002003F04C031A440A60DB
:1038300010BD6FF00B00FBE780690120D4F6030098
:1038400070B5044652EA030008D0FCF7D1F8074DE2
:10385000074ED5F888503058854201D100221346D2
:103860002046BDE870400431FFF7A2BA686200202C
:10387000080000002DE9F0470F469046D0F8B4400C
:1038800044B1443C236B5BB92068B43013F0C9F8F1
:10389000646CF5E7FDF76AFA00263046BDE8F0876C
:1038A00004F13009484618F05EF805460028F1D0CA
:1038B00012F040F90028EFD1284611F09DFFA56CC9
:1038C00006469DB9A38C058A403B9BB23F2B03D88B
:1038D000238D9D4228BF1D46042106F10C0011F0E6
:1038E000E3FF0580A38C04354380A564BD421FD847
:1038F000B6F810A0554506D100220023484607F02F
:1039000081FDFCF7ABFBA38CA3F140023F2A06D854
:1039100055451ABF002213460A4AF361B261206876
:10392000B43013F07EF8236B13B1204613F05AF82D
:10393000A36C9F422CBF0027DF1BC8F80030A76490
:10394000ABE700BFA36B0300F7B504460026234D89
:10395000234FBD4201D303B0F0BD2988204613F0A8
:1039600017F96B68019001A920469847002830DBC1
:10397000019B2A889A829A8403F11002D2E8EF1FF1
:10398000C2E8E06F0028F9D15E649E649E60A16B7E
:1039900003F10802F9B9C4E90D221C60DE6003F1ED
:1039A000300017F0C2FF019843681B6803B19847C5
:1039B000019B1033D3E8EF1F41F00101C3E8E21F80
:1039C000002AF7D101984368DB6913B100F11001B7
:1039D00098470835BDE70A60A263DEE7B8E7030051
:1039E000D0E7030070B5134A0C461378064601333E
:1039F00013F0FF010ABF01230B4619461370122072
:103A0000082213F08DF8054688B108210C3011F01A
:103A10002AFF22882946028062884280A28882800A
:103A2000E288C2803046BDE8704013F0C7B86FF03E
:103A30000B0070BDD776012023281FD81A2804D880
:103A4000431E182B0ED906207047A0F11B03082B2C
:103A50001ED8DFE803F0051D1B231D19251D0500D9
:103A60000320704701230F4A83401A40C2B90E4A0F
:103A70001A40002A0CBF06200120704700F07F0387
:103A8000522B05D100207047012070470520704758
:103A900010F0400F14BF002006207047042070472C
:103AA00002207047AAAA8A02545545012DE9F74F12
:103AB000054608468946FCF731FA18234343264F4A
:103AC0000446FA189168D9F80C60019105F150008C
:103AD000D0E8AF0FC1073BD5D9F80C0000781071C2
:103AE0000022FA503378D22B0ED12B684946186841
:103AF00015F071FD40B101904846FCF7AFFA019B0B
:103B0000184603B0BDE8F08F18235C4300234946F4
:103B10001A4607EB0408281DD9F80C60D9F814B030
:103B2000B9F810A0C8F8085013F010F803460028A0
:103B3000E6D0D9F81420A6EB0B0612FA86F6019A05
:103B4000C9F80C60A9F810A0C8F808203851D7E7C8
:103B50006FF01503D4E700BF206A012070B50E4650
:103B6000438D418B01328B4228BF0B469A4205465A
:103B700031D83046FFF760FF6FF01403034113F0B4
:103B8000010310D0FBF734FF144B1958144BD3F832
:103B9000883099421DD0134B1B685A1A18BF4FF03A
:103BA000FF32134600E0104A00211048FFF748FE9C
:103BB000044660B1FCF7B2F918220D4B012102FB5B
:103BC000003304F10C009D6011F04DFE067020469C
:103BD00070BD0022E5E70024F9E700BF08000000FF
:103BE00068620020686A01201C4E0E00FC2700203D
:103BF000206A0120011F014817F05BBD102500203D
:103C0000F8B50F4A074600230E480E4611F0C5FDD1
:103C1000044690B100F10C050921284611F018FE68
:103C20002046FCF77BF91822074B012102FB0033E9
:103C300028469F6011F017FE06702046F8BD00BFB1
:103C40001C4E0E00FC270020206A012008B5EFF36F
:103C50001181402383F31288BFF36F8F0023036029
:103C60000C4B5A689AB9C3E9000081F31188BFF37D
:103C70006F8F094807F0FCFD002807DA002383F363
:103C80001188BFF36F8F0323184602DF08BD106051
:103C90005860EAE7186A0120CC2000207FB5CB6885
:103CA00004461D888DB15E8876B1AE420DD31022D8
:103CB0000021684619F0FEFD05212046FFF7A0FF10
:103CC000019058B9112007E0354601232A46042106
:103CD000204613F0B9F9002004B070BD6B463146A0
:103CE0002846084A009413F0CCF9DDE9011323B902
:103CF0000846FCF7B3F90A23E8E7204613F0A3F8D7
:103D0000E9E700BF716F0300F0B51D460368044684
:103D10000E4685B001211868174614F015FF38B912
:103D200004F1500013F0D1F950BB122005B0F0BDE2
:103D300065B310220021684619F0BCFD39462046C3
:103D4000FFF75EFF029018B3BDF828302946ADF8A2
:103D50000430012328468DF80C300E4A6B4600943F
:103D600013F08FF99DF80C3002995BB10846FCF70F
:103D700075F92A46314620469DF80C3013F064F957
:103D80000020D3E7204613F05EF8F9E70120CDE7E5
:103D90001120CBE7C57403002DE9FF4103680446F9
:103DA0000D461868012114F0CFFE40B904F150000F
:103DB00013F08BF9A0BB122004B0BDE8F0811022F3
:103DC0000021684619F076FD0F212046FFF718FF05
:103DD000029038B34FF00108009405F10C072B8ACC
:103DE000012B04D82046029913F02DF818E038462C
:103DF00011F083FD6B4601460B4A06468DF80C8098
:103E000013F03FF99DF80C30002BE8D00298FCF736
:103E100025F932460E2120469DF80C3013F014F996
:103E20000020C9E71120C7E7C57403002DE9FF4151
:103E3000036804460D461868012114F085FE40B958
:103E400004F1500013F041F9A0BB122004B0BDE80A
:103E5000F08110220021684619F02CFD2121204616
:103E6000FFF7CEFE029038B34FF00108009405F141
:103E70000C072B8A012B04D82046029912F0E3FF8D
:103E800018E0384611F039FD6B4601460B4A0646EC
:103E90008DF80C8013F0F5F89DF80C30002BE8D06D
:103EA0000298FCF7DBF83246202120469DF80C30C2
:103EB00013F0CAF80020C9E71120C7E741740300D6
:103EC00010B5044600F14C03D3E8EF1F41F00101A7
:103ED000C3E8E21F002AF7D1201F12F0DCFF04F133
:103EE0006C00044917F027FE2068BDE8104002F07E
:103EF0006BBB00BF797603002DE9F0430F46044603
:103F0000062187B007F10C0011F0E7FC0588EDB140
:103F1000B0F80280B8F1000F17D0A84516D30023DF
:103F200082888DF800308DF804304FF420536846B5
:103F300001A9D7F80C90ADF80220ADF8063011F0C9
:103F40003CFD064660B10A2301E0454601232A46AE
:103F50000621204613F078F8002007B0BDE8F08372
:103F60000146142201A83F7C19F0A4FC0721204639
:103F7000FFF746FE0290D8B10A2341468DF815306E
:103F8000284601AB0B4ACDE9036901948DF8147002
:103F900013F077F89DF8153002992BB10846FCF71D
:103FA0005DF89DF81530D2E7204612F04CFFD3E7BC
:103FB0001120D2E7F57103002DE9F0410E8A044685
:103FC000043EF6B2022E08468CB001D0102E76D1F7
:103FD00004210C3011F081FC0DF10408058847889C
:103FE000011D3246404611F015FD002869D085B309
:103FF00077B3BD422DD80121606814F0A5FD0646B7
:1040000078BB42F602038DF8000069464046ADF8E1
:10401000023011F0D2FC20B342F60303404606A959
:104020008DF81860ADF81A3011F0C7FCC8B1012D39
:1040300003D14FF6FF739F4213D004F1500013F0E9
:1040400044F8002814BF002012200CB0BDE8F08115
:104050003D4601232A460821204612F0F5FF0020A4
:10406000F3E7182200210DEB020019F023FC0921CF
:104070002046FFF7C5FD0890F8B101210C30CDE9CD
:10408000064811F0F0FB0023099003700A2339461B
:104090008DF82C30284606AB0B4A12F0F2FF9DF843
:1040A0002C3008992BB10846FBF7D8FF9DF82C302F
:1040B000D0E7204612F0C7FED1E71120C5E7042063
:1040C000C3E70E20C1E700BFC94302002DE9F0415C
:1040D0000E8A0446043EF6B2022E08468CB001D089
:1040E000102E64D104210C3011F0F7FB0DF10808FB
:1040F00005884788011D3246404611F08BFC002898
:1041000057D0A5B300268FB3BD4230D84FF420530B
:10411000404601A98DF80460ADF8063011F04DFC61
:1041200048BB1422002107A819F0C4FB1121204626
:10413000FFF766FD0990002837D001210C30CDE94A
:10414000074811F090FB00230A90394603701A4A81
:104150000B93284607AB12F094FFDDE909131B7897
:10416000FBB90846FBF77AFF0A2301E03D4601232D
:104170002A4610210EE042F60103404607A98DF8B9
:104180001C60ADF81E3011F018FC0028C9D01023B7
:104190002A461946204612F057FF00200CB0BDE811
:1041A000F081204612F04FFEF7E71120F6E70420D9
:1041B000F4E70E20F2E700BF11430200F0B51D4600
:1041C00003680E460039044618BF012187B01868FD
:1041D000174614F0B9FC40B904F1500012F075FF15
:1041E000002844D0002007B0F0BD002D41D0182297
:1041F0000021684619F05EFB47BB236829461B680F
:10420000284600930023ADF812300C9B1A4A039302
:10421000BDF834308DF80860ADF8103001238DF80A
:1042200014306B4612F02DFF9DF81430C3B1002FEF
:10423000D8D00198FBF712FF002ED3D02A461221C6
:1042400020469DF8143012F0FFFECBE70022132128
:104250002046FFF783FC01900028CED11120C2E751
:1042600001990029BED0204612F0EDFDBAE71220D8
:10427000B9E70120B7E700BFFF6E03002DE9F04169
:104280000B8A04460D46002B3AD00668012105F141
:104290000C0011F022FB737B0746072B30D154F83A
:1042A000043C6BB300230178184E043C16F833002D
:1042B0004FEAC308884206EBC30211D1298A53781A
:1042C000994220D3536829462046984703464644DE
:1042D000B278012A14D19BB1397889B100220CE05F
:1042E00001331C2BE2D10846FFF7A6FB2122C24076
:1042F00012F0010204D119B10623204612F0A4FEE7
:104300000020BDE8F0810423E1E700BFFCF60300D4
:104310002DE9FF414FF000084FF4205305460E46AB
:10432000006802A9144617688DF80880ADF80A30B5
:1043300011F043FBA0B142F60103286803A98DF8F0
:104340000C80ADF80E3011F038FB48B123691BB179
:104350005A88B24200D25E80012004B0BDE8F081EC
:104360006168286811F029FB10B100232361F3E78D
:10437000E368A0681A786AB1B7F82AC0798B038A13
:104380008C4594BFC3EB0C03C3EB0103934201DAEA
:104390000020E2E704210C3011F065FA206106806C
:1043A000236929465E80074B019400933846002319
:1043B000A26812F0BCFF0028EADB2069003818BFB1
:1043C0000120CAE7297003002DE9F3471768054665
:1043D0008946006851681446D7F804A011F0EDFA38
:1043E000804600284BD195222946504613F086FF7F
:1043F0000646207540B1E3681B780BB184F8148041
:10440000002002B0BDE8F0872946504614F0D5FBE5
:1044100010B908232375F3E7A068267511F0F0F9A9
:1044200002210C3011F01FFA164B2061A0F8009009
:1044300000930194334629463846A26812F077FF6C
:10444000002807DA10F1FF0F32BF0E204042C0B241
:104450002075D5E72369002BD2D0A06812F063FC49
:104460007B8B7A8D9A4294BFC0EB0200C0EB0300B5
:10447000E3681B78984294BF00200120C1E7012027
:10448000BFE700BF376D0300F7B5002304460E46B3
:1044900000226946284806F0FBFD0546D0B9FBF727
:1044A000A7FA264B29461A58254B00981A6028224D
:1044B00019F000FA009B00221C60009C0023C4E954
:1044C0000155C4E908551F4801A9019506F0E0FD12
:1044D000054620B16FF00B05284603B0F0BD01463C
:1044E000A822019819F0E6F90198174B836058301B
:1044F00017F01BFA019B5033D3E8EF2FC3E8E15FBD
:104500000029F9D1019B1C60236A019F1BB904F1AA
:104510000C0017F00AFA226A07F1A003C7F8A020DE
:10452000626A236202B963621722019B5A855A8329
:1045300004333360D0E700BFF024002008000000FF
:10454000686A012010250020A42000202DE9F74FE3
:104550000646EFF31187402383F31288BFF36F8F72
:10456000404C204612F0D5FB23680546009387F3A4
:104570001188BFF36F8F00285ED0FBF7CFFC1822A5
:1045800002FB00F33849C81851F803B00369002151
:10459000D0E90247019390F80480B0F806A019F022
:1045A00089F9A87AFBF7B2FC6969814651B16A7A48
:1045B000D00705D4D9F82020284612689268904781
:1045C00000226A612946484617F0C3F9B8F1000F86
:1045D00022D00CB32368FBB11B68EBB1BBF1000F19
:1045E0001AD1201D12F09EFF4046FFF725FA05283C
:1045F00012D8DFE800F024031124110304F1500362
:10460000D3E8AF3FDA0707D5636D2BB10023174A14
:1046100004F1700007F0D0F9009B6BB13146002027
:1046200017F058FA002807DA002383F31188BFF344
:104630006F8F0323184602DF03B0BDE8F08F54F8F4
:10464000503B1D68D4E8AF3FDB07E5D5002FE3D032
:10465000002403E028460199B8470134A3B253452A
:10466000F8D3D9E7186A0120206A01201C4E0E00F9
:1046700007B50B4600210246FBF7BAF901910E4936
:1046800009580E480068884204D00D48D0F88800C8
:10469000884201D10022134601A90A4806F0F8FC1D
:1046A000014638B91C22019819F004F9019803B0A9
:1046B0005DF804FB0020FAE708000000686A0120AA
:1046C000686200205025002010B50446806818B1AB
:1046D000FBF7C4FC0023A3602146BDE8104001485D
:1046E00016F0E7BF502500202DE9F743044670304F
:1046F0000F4690461E4617F02CFA606D48B9201DF3
:1047000000F028F81321606803B0BDE8F04312F010
:1047100006B80F4B98424FF0000317D0456843602E
:10472000606DD0F81890FFF7CFFF00232068636515
:1047300012F040FB3DB12068CDF8009043463A4668
:1047400031460068A84703B0BDE8F0831D46ECE79A
:104750006C6A0120F7B550F8044C0546002C55D082
:1047600000F19C0104F1200012F096FC2E1F05F1CF
:10477000540700220023384606F044FE024658BB88
:104780002B6D2BB101466FF067033046FFF7ACFF8E
:10479000002345F8043C05F14C03D3E8EF1F21F05A
:1047A0000101C3E8E21F002AF7D1236A73BB04F1B9
:1047B0000C0600220023304606F024FE78B9666815
:1047C00086B921461248266016F073FF286803B0A8
:1047D000BDE8F04001F0ECBFFBF740FCC9E7FBF798
:1047E0003DFCE6E7A26833689642636008BFA360B9
:1047F00077683FB1B3696FF06701009300232068C9
:104800001A46B8473046FFF75FFFD8E703B0F0BD60
:10481000F024002038B5436D044623B3164A934272
:1048200021D0CB68DD78F5B1052D406815D00F2D6E
:104830001AD1437A012B17D8022112F003F808B1DC
:10484000103011D104F1700017F083F9626D137C00
:1048500043F001031374002038BD437A032B03D8BF
:10486000064AD15CE9E70E2500222B461146204678
:10487000FFF73AFFEFE700BF6C6A0120142604003F
:1048800010B50C4608B301B312F07DFEE8B1036A1F
:104890003BB153F8A02902B1A03A596D8C4206D021
:1048A00062B90430214612F0F7FB204602E02046B0
:1048B000064A5A65BDE81040FFF706BFD2F8A010BF
:1048C00001B1A03913460A46E7E710BD6C6A012022
:1048D000F8B51D460F461646FBF720FB1823044C7F
:1048E00003FB00400123C0E90376C3800575F8BDD2
:1048F000206A012010B51846144603491022A0472B
:1049000000EAE07010BD00BF184E0020F8B5064662
:104910000F460024094D15F8013CB34207D1294642
:10492000384612F0D8FF10B105482044F8BD1034C5
:10493000602C05F11005EED10020F7E7B96A0120DF
:10494000B86A0120F8B506460F460024094D15F84F
:10495000013CB34204D12946384612F0BCFF30B9BD
:104960000C34482C05F10C05F1D10020F8BD0248AB
:104970002044FBE7914D0020904D0020F8B50646FD
:104980000F460024094D15F8013CB34207D13946C2
:10499000284612F0A0FF10B105482044F8BD0C34A1
:1049A000482C05F10C05EED10020F7E71573012026
:1049B0001473012038B514460D4B82680D469A4297
:1049C00011D122792168C06812F08DFF58B1D4F856
:1049D000C8302F2B09D804EB8302158101890133DC
:1049E0005181C4F8C830012038BD0020FCE700BF69
:1049F000414F020038B50C4619466BB103F11C0556
:104A0000DB698AB9E268A360954200D1E3600023C4
:104A10000D681A46CB61A847A3685BB9601C0649BC
:104A2000BDE8384012F093BF1360E3689D4208BFB1
:104A3000E260ECE738BD00BF5B25040070B5204B99
:104A4000144682689A420FD1A568C66875B9227962
:104A50003046216812F047FF024628B1194901305B
:104A600012F075FF15701581012070BDE0680028F7
:104A7000FBD02B888B420AD0F6D2E068A3680138BD
:104A80000433E060003818BF0120A360EDE725681B
:104A900022792946304612F026FF024660B9304698
:104AA000084912F020FF02460028E6D029460130CE
:104AB00012F04DFF23791370A3685B881381DCE744
:104AC000414F02005B250400F8B5054600260B4C5B
:104AD0002746621C65B91046094912F0FCFE28B948
:104AE0000136062E04F11004F2D100273846F8BD35
:104AF0002846217811F007FFF1E700BFB86A0120CE
:104B00005B25040070B54A1C0C46054688B9104662
:104B10000D4912F0E0FEA8B904F10A0604F10B02F7
:104B20005DB12846A17A11F0EEFE00B900263046AC
:104B300070BD097811F0E7FEEDE71046024912F06A
:104B4000CAFEF2E72646F2E75B250400F8B5054603
:104B500000260B4C2746621C65B91046094912F025
:104B6000BAFE28B90136062E04F11004F2D100274E
:104B70003846F8BD2846217811F0C5FEF1E700BFA0
:104B80002C6B01205B2504002DE9F04106460F4601
:104B9000904611F0A1F950B339463046FFF7D2FEE6
:104BA000054678B90446134A104612F01AFFC0B9F8
:104BB0000C225443104A601C3946104412F0C7FEC0
:104BC000A5181655012105F1080001FA08F112F0A7
:104BD000A8FEBDE8F04147F612220023074806F080
:104BE000EBBE0134062C02F10C02DDD1EAE7BDE890
:104BF000F08100BF984D0020904D0020D84D00203E
:104C00002DE9F04180460F4616461D46FFF7B6FED9
:104C1000044648B91649FFF7B1FE044630B3394699
:104C200000F8018B12F093FE23899BB962899AB92F
:104C300026816581254615F8010B294611F04CF9AE
:104C4000A0B122462946BDE8F041042312F8080B22
:104C5000FBF7C4BBB34204D86289AA4206D2B3426E
:104C6000E7D963892681AB42E4D2E2E7BDE8F0816F
:104C70005B2504002DE9FF410E4617469846044681
:104C800028B96FF01505284604B0BDE8F08102A9E7
:104C900010F06BFE05460028F3D1204601A910F064
:104CA0005BFA0198D0B9002002A9FFF767FE04461D
:104CB000D8B9002EE7D01149FFF760FE0446D0B105
:104CC000002302A900F8013B12F041FE04224046F5
:104CD00004F10801B84700EAE075D4E70A22294642
:104CE0000AF030FD0028DED0CBE7002EEED10660C2
:104CF00046608660C7E76FF00B05C4E75B250400DC
:104D0000022110B5094812F00CFE084007D10849ED
:104D1000084A0B88084CA24202D300B10B8010BD98
:104D20005068083203449BB20120F4E7186B01205D
:104D30005C73012010E8030040E8030070B50E4BDF
:104D4000144682689A4214D1C56821686E1C3046A8
:104D500012F0C1FD18B13046616812F0F8FD0B3554
:104D60002846216812F0B7FD18B12846616812F094
:104D7000EEFD012070BD00BF414F020008B5134693
:104D80008168074A914209D11A791968C06812F0FE
:104D9000AAFD18B10023036043600381012008BD10
:104DA000414F020040F239120023014806F004BED0
:104DB000984E002008B50421084812F0B2FD6FF0AB
:104DC0000201064812F0B8FD044812F00AFEC307BB
:104DD00001D5FFF7E7FF002008BD00BFC84E002047
:104DE000024608B50749013012F0B1FD00230C322C
:104DF00002F8043CD2E8EF1FC2E8E03F0028F9D1F6
:104E000008BD00BF5B2504002DE9F04706460D46AE
:104E10001D48002190461F469DF820A0DDF82490F3
:104E2000FFF726FC044688B1456080F811A0C0F861
:104E30001490C760C0F818804A465146304612F0B8
:104E4000D4FB054638B92046FFF73EFC6FF00B0552
:104E50002846BDE8F087002201231146FFF738FD00
:104E60002846A56042464946B847054618B120463F
:104E7000FFF72AFCECE72146304612F0ACFC054671
:104E80000028E5D0F3E700BF1C4E0E002DE9F047E7
:104E9000284B1646826807469A422BD1C568AB8AD2
:104EA00043B34FF000086C1C05F11509B4F8073046
:104EB0009BB12246304614F8011C11F024FDE0B9E4
:104EC000214614F8010CFEF711FA30B1437B072B91
:104ED00008BF48F00108FDF72DFE0A344C45E5D126
:104EE000B8F1000F06D1AB69A5F8148013B14146A3
:104EF000384698470120BDE8F08706F1700A514610
:104F0000307A10F0E9FF78B90B4B9D4202D1304660
:104F100012F089FF2046094912F019FD002304F818
:104F2000013CA4F80730D8E75146204612F00FFDA7
:104F3000D3E700BF414F0200042100205B2504009D
:104F40002DE9F0471F46BDF8203006468846D1F8C7
:104F50000C90002B46D17B1E012B46D8012F4946D1
:104F60000CBF15781588FFF7CDFD044678B915B943
:104F70003846BDE8F0874946FFF7C4FD0446B8B39C
:104F800006F17001013012F0E2FC337A2370D9F897
:104F90001C30DBB9B4F808A02581B9F81430AB4255
:104FA00003D04946404612F01FFDAA4505D0002215
:104FB000307A06F17001FFF7E7FD002DD8D10E49D8
:104FC000601C12F0C4FC25702581D1E72A464146B9
:104FD000304698470028CCDB01380128DAD96FF039
:104FE0000D00C6E76FF00600C3E76FF00C00C0E7E6
:104FF0006FF01000BDE700BF5B25040073B50C46E1
:105000000546082104F11800164612F08AFC122306
:1050100004223146CDE9003228462246024BFFF7F2
:10502000F3FE02B070BD00BF1D7F030038B505461A
:105030000C460F48012112F074FC10F0010F0D4BCB
:105040000AD11D835C830A4812F0CBFC830709D484
:10505000BDE83840FFF7A6BE198B5A8BA94202D88B
:105060009442EFD838BD94421D83ECD9EAE700BFE3
:10507000C84E0020784E002010B56FF002010446A3
:105080000E4812F059FC0D4812F0ABFCC20704D5D3
:10509000002200230A4806F08FFC204612F0D1FBC4
:1050A00058B12046FFF710FD38B1037ADB0704D56D
:1050B000BDE81040012112F056BF10BDC84E0020BF
:1050C000984E002070B56FF00801174812F034FCBC
:1050D00040F2391200231548FBF758FA0026144C09
:1050E000651C2846134912F0F6FBB0B9237ADB079A
:1050F00013D52946FEF7FAF8054620B112F0A3FBB6
:105100002846FDF717FD6FF0020104F10C0012F0C4
:1051100013FC0021204612F026FF0136062E04F172
:105120001004DDD170BD00BFC84E0020284E002005
:10513000B86A01205B25040070B500250A4C661C86
:105140000A49304612F0C7FB014630B9204612F03A
:10515000FAFE3146207812F0D1FF0135062D04F118
:105160001004ECD170BD00BFB86A01205B250400BB
:1051700008B50121114812F0D4FBC3071CD4FFF776
:10518000BFFD0F490F4816F0D6FC002340F239123C
:105190000C48FBF7F5F90C490C4816F0CCFC022141
:1051A0000B4812F0BEFB0B480B4916F0C4FCBDE8DF
:1051B00008400A48FEF7C2BA08BD00BF186B0120BC
:1051C00013820300284E0020015B0200984E00204D
:1051D000C84E0020D84D0020A3820300DC20002010
:1051E00000234360044B021D596811B9C3E9002232
:1051F00070470A605A607047246B012003462DE90E
:10520000F04148B1008A38B901244FF0140C11491B
:10521000DFF844E0714501D3BDE8F081D1E90076C3
:10522000BB4204D30CFB0672143A93420ED93444A9
:10523000A2B214460831EDE70CFB0578434507D0D0
:1052400001356219AE4292B2F6D1F2E70025F8E7D5
:105250001046E1E710E8030040E803002DE9F74FAE
:1052600099464FF6FF73BDF830400746002C08BF43
:105270001C46444B90461B880091834252D2424BBD
:105280001D68002D43D04FF0140B083DAE682EB1C1
:1052900056F8083C1B8ABB4203D900266B689E4225
:1052A00043D3AD68002D32D0083DEFE773682B443F
:1052B000BB4234D29DB20836344B9E42F6D3DEE771
:1052C0004046D15810F079FBA0B101350AF1010A2E
:1052D000ADB273685345EED9009B9D4217D8BD42CD
:1052E000F3D3142303FB0AF3326802EB030BB8F188
:1052F000000FE5D1B9F1000F0CD1013CA4B2294651
:1053000058460E9A0D9B98470CB10028DDD103B08A
:10531000BDE8F08FDBF80C309945D6D1EDE74FF0C2
:10532000000AD6E701251A4EC6E70BFB06F22968EC
:10533000009801EB020ABAF810309842E7D39F4276
:1053400018D8B8F1000F0DD1B9F1000F14D1013CFC
:105350001946A4B250460E9A0D9B9847002CD6D001
:1053600040B9D4E740468958019310F026FB019BD1
:105370000028E9D0013691E7DAF80C209145F9D1FF
:10538000E5E700BF5C7301201C6B012040E80300CF
:1053900010E8030030B5F1B010220021684618F083
:1053A00089FA1822002105A818F084FA4FF4105346
:1053B000ADF8103080231022ADF812304FF4806326
:1053C0001D4D6946CDE906350DEB02006EAB07F0C9
:1053D00075FD0BAC014660BB4FF4C672204618F059
:1053E00069FA2A4620466E9917F012F808BB234640
:1053F0004FF6FF710120114A12F000FF10222046E3
:105400000F4904AB17F019F805466E9807F00AFD2E
:105410007DB908220A4B03F11001187811F8014DEB
:10542000013A03F8014B0870F7D10821054812F042
:1054300078FA71B030BD00BF0002C003737E030074
:10544000084E0020C84E00202DE9F04119490446BD
:10545000A1F1300015461E46BDF8187016F08CFB01
:10546000154812F0BEFA010707D4FFF793FFFFF7C4
:1054700063FE10211148FAF7F3FF2046FFF724FBE3
:1054800068B1037ADA070AD500F10C04204612F05D
:10549000A8FAC30703D40221204612F042FA1023CF
:1054A0003A46069331462846BDE8F041034B12F0D8
:1054B000E8BB00BF584E0020C84E0020084E002018
:1054C00010B51C4812F08DFAC0F3C00080F0010442
:1054D00008B9FFF75FFF174812F083FA0346154833
:1054E00012F07FFADA0624D5830608D50CB3FFF74D
:1054F00023FEBDE8104010210F48FAF7B1BF20216C
:105500000C4812F00EFA10220B49881818F0E1F935
:1055100048B90A4816F01DFBBDE810406FF00101C4
:10552000044812F009BA4FF6FF710120FFF77EFD23
:10553000DDE710BDC84E0020084E0020984E002028
:1055400008B51021034812F0ECF9FFF7B9FF00206D
:1055500008BD00BFC84E00202DE9F34704465F4850
:1055600012F03FFAC10713D4FFF7CAFB23680025E6
:1055700018684FF4C05369468DF80050ADF80230FA
:1055800010F01BFA60B96FF0770002B0BDE8F08749
:10559000534812F026FA4207E6D46FF01500F4E7FC
:1055A000236801A9186841F601038DF80450ADF88D
:1055B000063010F002FA0028E5D04A4D06F032FC21
:1055C0002B6826689BB9002E5CD1002204F10803E9
:1055D000A2606A68002A5FD1C5E900333F4812F033
:1055E00000FAC30768D406F031FC0020CDE76B68F1
:1055F000002B6ED053E90232142101FB023333F841
:10560000047C002E46D1002FDFD023681E8ABE42C4
:10561000DBD829680029E1D00022A1F1080318682D
:10562000008AB04241D904F10803002A37D09168BA
:10563000A1600029CDD09360D0E7F37C318A23F0BC
:105640008003F37489B9791CDBB289B243F080031B
:105650003182F3740F4609F1FF3914361FFA89F9C4
:10566000B9F1000FE9D14746CDE7B942F2D801AB15
:1056700008461D4ACDF804A012F0C0FD019B53BBA3
:105680003946E7E79846194A17884FF0000AB4F8F8
:105690000490E5E7B846F8E713606B609EE76A6838
:1056A000A1602B60002A99D1F7E79868002895D06F
:1056B0001A46A0F10803B2E71421D4E9002301FB44
:1056C0000323108A33F8041CFFF7B0FCFFF7FAFC41
:1056D00089E71B68FFDE06F0B9FB5EE7186B012067
:1056E000C84E00201C6B0120877803005C730120EA
:1056F0002DE9F041B8B00C46164621496A463E985D
:105700001F460FF005FD002837D0009D01A928464F
:105710000FF022FD65B1019870B900230DF1080862
:10572000284641468DF8143010F01FF9054650B157
:105730006FF0150425461AE00A2200210AF002F84B
:105740000028EAD0F4E7CDF81080A4B1C022384692
:1057500008A9B047041EEDDBA40808ABCDE9063468
:105760004FF6FF710120074A04AB12F047FD2846AF
:1057700038B0BDE8F0812346F0E76FF01505F6E795
:10578000C72304003D4A0200002330B5B5B00191A3
:105790008DF808003393044601AB0D4601204FF607
:1057A000FF71074A12F02AFD339B3BB19B0003AA0D
:1057B00029462046FAF73EFE35B030BD1A46F7E7D7
:1057C000B54902002DE9F34100F17008CDE900125E
:1057D00004460F46007A4146164610F07DFB05460A
:1057E0006B464FF6FF7101200C4A12F007FD1DB108
:1057F0004146207AFFF7C8FF3946207AFFF786F83E
:1058000040B13146013012F0A2F81DB14146207A74
:1058100012F074FC02B0BDE8F08100BF3D4D020003
:105820002DE9F74F1421064603681A8A0092426850
:1058300001FB023333F804BC06F0F4FA3B4806F1EE
:10584000080112F0C6FA8046002865D106F0FEFA7B
:105850006FF0010003B0BDE8F08F1422336802FB43
:105860000535334AAB6893423AD10022EB689A82FD
:105870005C1C03F1150A20462E4912F02CF807464D
:1058800058BB214614F8010CFDF730FD034658B90A
:10589000214614F8010C10F01FFBA8B1214614F8A2
:1058A000010CFFF771FF0FE0427B072A32D100F1B4
:1058B00070013A46007A0193FFF766F9019B18469A
:1058C000FDF738F9002FE3D120461A4912F03FF8CE
:1058D000002304F8013CA4F807300A345445CAD127
:1058E00095F91330002B05DA2B6923F000431B0CCC
:1058F0001B042B6109F1010973681FFA89F5AB429A
:10590000ABD80D4812F06DF8C30708D406F09EFA24
:1059100000209FE74746D2E74FF00009ECE75946E1
:105920000098FFF783FBFFF7CDFBEFE71C6B01202F
:10593000414F02005B250400186B0120002307B5CE
:105940000193FFF75BFC411C89B20846034A01AB97
:1059500012F054FC019803B05DF804FB977D03003E
:105960002DE9F8431546894694226968064612F0E7
:10597000C5FC8046002841D102223046696812F0F9
:10598000F8FC00283DD000211F48AF8AFEF770FECA
:105990000237044680B11D211C4B47613A464174D1
:1059A000C0F80C8043608561304611F01EFE07464A
:1059B00038B92046FEF788FE6FF00B052846BDE893
:1059C000F883012342464146FEF782FFA98A07F188
:1059D0000C0002310FF047FF20F8029BAA8A2969C8
:1059E00017F05BFF21463046A76011F0F4FE054634
:1059F0000028E3D02046FEF767FEDFE74FF0FF35D3
:105A0000DCE76FF01505D9E71C4E0E008D7803001A
:105A100070B504468AB0374811F0E3FF42070D46DF
:105A200061D514B1637B072B60D16E683046059653
:105A3000FFF7E4FB2A68ADF8180032B305A902911C
:105A40002D4900230191012100914FF6FF7105932B
:105A5000FFF704FC059E1EB96FF001000AB070BD8F
:105A60006E60002330688DF8103042F6030304A9FD
:105A7000ADF812300FF0A1FF70B90598C3689B799B
:105A80009B0605D46FF01500E8E70028E9D1E3E7AD
:105A900012F06DFBADF81800BDF818003CB1012301
:105AA00001462A462046AB75FFF75AFFD6E76FF04E
:105AB0007F0307930223ADF8203042F60213ADF8BE
:105AC000123005ABAC7502930C4B4FF6FF7101938E
:105AD000012304AA0093234609958DF81040FFF78F
:105AE000BDFB0798BAE76FF00A00B7E76FF07F00D9
:105AF000B4E700BFB4120020BB780300255D0200AC
:105B000073B5044650F8083C00F130056FF0010110
:105B1000A0F120062846019311F00EFF0D4B002046
:105B200044F81C3C0C4B314644F8183C01AB44F89B
:105B3000103C042324F8080C24F8060C24F80C3C30
:105B4000FFF766FF18B90221284611F0EAFE02B0FD
:105B500070BD00BF18F80300795002002DE9F0472E
:105B6000304B1746826806469A4258D1D0F80C80CE
:105B70003C6808F1010508F11509B5F80730FBB1DB
:105B80002A46204615F8011C10F0BDFEC0B14FF4A6
:105B900095723146204612F0B1FBA8B103280FD010
:105BA000052820460CBF4FF0030A4FF0020A10F000
:105BB0007AFE824508D93B79534501D287F804A083
:105BC0000A354D452BD0D8E74146304611F00CFF41
:105BD000154B984523D1207A04F17001FEF7CEFED3
:105BE0000546E0B103890BB94389C3B12046FDF7EF
:105BF000D3F82A890D4B0E4923F820206A8903EB3C
:105C000080035A80182202FB00110B610423094A09
:105C100020464A60084A8B828A60FFF7F9FE01201D
:105C2000BDE8F087414F0200042100200C730120E1
:105C3000886A012018F803000B80030070B5044641
:105C40008AB0354811F0CDFE42070D465DD514B13E
:105C5000637B072B5CD16E6830460596FFF7CEFA62
:105C60002A68ADF8180032B305A902912B49002328
:105C70000191012100914FF6FF710593FFF7EEFAB4
:105C8000059E1EB96FF001000AB070BD6E60002362
:105C900030688DF8103042F6030304A9ADF81230D5
:105CA0000FF08BFE70B90598C3689B79DB0605D4AD
:105CB0006FF01500E8E70028E9D1E3E712F057FAA2
:105CC000ADF81800BDF818002CB101462A46204650
:105CD00012F0E2FBD8E76FF07F0342F6021207935F
:105CE0000123ADF8122005AA02920D4AADF820302A
:105CF000CDE900324FF6FF71234604AA09958DF8CD
:105D00001040FFF7ABFA0798BEE76FF00A00BBE759
:105D10006FF07F00B8E700BFB4120020BB7803002B
:105D2000255D02002DE9F84F14463F4B82688046FE
:105D30009A4238D1D0F80C903C4B99451BD10026A3
:105D40003B4D28463B4911F0C6FD78B9072229464C
:105D500015F8010CFDF71EFB40BB236929461A69A3
:105D600015F8010C53881288FEF74AFF0136062EFB
:105D700005F10C05E5D109F1010709F1150AB7F89C
:105D80000720A3899A420BD1394617F8010CFDF779
:105D9000ADFA064620B1437B072B0AD0FCF7CAFEBA
:105DA0000A375745EBD14FF0010B2AE0FCF7C2FE52
:105DB000DCE7D9F8203023B14146984708B930468E
:105DC000ECE794224146304612F098FA83460028C8
:105DD000F5D1A389022B17D1B7F807309A0720D540
:105DE00030462269A188FFF7BBFD054618B9226934
:105DF000937D013393753046FCF79CFE002DA56022
:105E0000CEDA5846BDE8F88F012B0AD1B7F8073033
:105E1000DB0706D530462269A18812F03DFB054616
:105E2000E9E75D46E7E700BF414F0200042100209B
:105E3000157301205B25040070B5437B0546072BD5
:105E40000C4686B040F099800B7C062B67D8DFE8C3
:105E500003F004045151598D20000B688BB11B785D
:105E60006BB1022B5BD116230193062322460093CC
:105E70004349444B2846FEF7C7FF06B070BD0823D0
:105E8000F2E7102304212246CDE900313E4B3F4981
:105E9000F0E70868002842D00678002E3FD14FF482
:105EA000245302A98DF80860ADF80A300FF085FD83
:105EB00000B342F60213206803A98DF80C60ADF818
:105EC0000E300FF07AFDA8B142F60313206804A942
:105ED0008DF81060ADF812300FF06FFD50B142F642
:105EE0000413206805A98DF81460ADF816300FF082
:105EF00064FDA0B9082304222549CDE900322246D9
:105F0000244BB7E7086888B300264FF4205302A952
:105F10008DF80860ADF80A300FF04FFD10B96FF042
:105F20001500AAE742F60103206803A98DF80C606A
:105F3000ADF80E300FF041FD0028F0D042F602031C
:105F4000206804A98DF81060ADF812300FF035FD0F
:105F50000028E4D042F60303206805A98DF81460F8
:105F6000ADF816300FF029FD0028D8D004232246C2
:105F7000CDE900330849094B7CE76FF07F007CE7EF
:105F8000438503004B7D0300AD7A0300DB850300EE
:105F9000A15F0200DD7A030069870300457A0300F0
:105FA0002DE9F04F93B0804617461C9D31B12A462B
:105FB00000216B6813B0BDE8F04F1847287C022819
:105FC00071D1A3B11278062A02D0082A0FD108464F
:105FD000002642F6020A5C1E8DF82000A4B207F1EA
:105FE000010B944209D214B9002E40F030812A46A8
:105FF000002140466B68984739E0BBF800901FFAD3
:1060000089F6002EF3D0BBF802009DF82020ADF8F1
:106010001C00BBF80410ADF81E1062B1022A15D0A6
:10602000296839B308A80FF0C8FC18B33A78A41A45
:10603000A4B29344D5E708AA06929BF806209BF8E1
:10604000071042EA0122ADF82220E9E70A2368811D
:10605000A981A5F808904046019200932A46804BFA
:106060008049FEF7D1FE86B2002E40F0F08013B0DA
:10607000BDE8F08F4FF00003102200210EA88DF82C
:106080001430ADF816A017F015FC05AA0D9206AA5B
:10609000109240462A466B68ADF844900DA9984787
:1060A0000028C3D1E3E7032863D1002B9FD01278E7
:1060B000072A02D0152A9AD1022100265C1E8DF8EB
:1060C0002010A4B207F101090DF1200A94428AD3ED
:1060D000B9F800B01FFA8BF6002E88D09DF820305A
:1060E00063B1022B13D02968F1B150460FF065FC63
:1060F000D0B13A78A41AA4B29144E7E799F80530F0
:1061000099F8062043EA0223ADF82230EBE709F1C3
:1061100005030DF1210209F1150153F8040B8B421F
:1061200042F8040BF9D1DEE799F80230B9F8032000
:106130008DF81E304FF000038DF8143042F6030343
:106140000021ADF81C200EA81022ADF81630CDF8B5
:1061500018A017F0AFFB05AB0D9306AB10932A46C2
:1061600040466B68ADF844B00DA998470028C0D1EF
:106170007DE72A68167876B96BB1B2F802A05C1E8A
:10618000A4B207F10109AAF5245A3B78A34207D922
:106190000CB9002E5BD12A46002140466B6809E706
:1061A000012CF8D9B9F800B01FFA8BF6002EF2D006
:1061B000BAF1040FEFD801A353F82AF0D16102001D
:1061C00097610200D1610200D161020011620200F8
:1061D000032CE0D9B9F80230ADF820302B6810223A
:1061E00000210EA8039317F065FB039B2A460D932D
:1061F00008AB109340466B68ADF844B00DA99847C2
:1062000000283FF434AF3B78E41AA4B29944BCE7C9
:10621000082CC0D999F802308DF8203099F8033055
:106220008DF8213099F8052099F8043043EA0223CB
:10623000ADF8223099F806308DF8243099F80730FF
:1062400099F8082043EA0223ADF82630C6E72A462B
:106250003146404613B0BDE8F04F12F054B900BFCC
:10626000317A0300D986030007B5437B0A46072B22
:106270002CD14B683BB908234FF0040ECDE9003E0A
:10628000144B154909E0012B11D0097B5B000193E8
:1062900041B1202311490093114BFEF7B5FD03B026
:1062A0005DF804FB0E230F4900930F4BF5E74B8974
:1062B00033B10C234FF0040CCDE9003C0B4BE0E76D
:1062C0000A230221CDE90031094BDAE76FF07F00A4
:1062D000E5E700BF9D7D0300C1880300017C03004A
:1062E000417B0300C17B0300197B0300717A03002B
:1062F0005D7A030073B5437B0546072B0C4603D03C
:106300006FF07F0002B070BDCB88B3B1284611F0AA
:1063100093F90028F4D0A289431F9BB2934228BF6F
:10632000134604339BB201931623224600930A4975
:106330000A4B2846FEF768FDE4E78E8911F07CF9E8
:1063400002360138B042E1D31223224600930449B9
:10635000044B0196EDE700BF69630200817B0300F7
:10636000C3780300457B03002DE9F74394460646B6
:106370000A9C51B1B1F5807F28BF0E2122462368C7
:10638000C9B203B0BDE8F0431847032B04D8224636
:106390000E2130462368F4E7B4F80C901D1F4D45DC
:1063A0000ED918230121CDE90031174B2246304682
:1063B0001649FEF729FD0028E9D103B0BDE8F083B6
:1063C000E388B2F802809845EBD1A7682A463846A0
:1063D0000CF1040117F07DFA0028E2D1A9EB0503C6
:1063E00018FA85F82F449BB2A4F80680A760A38111
:1063F0002BB918230122CDE90032054BD6E72146FF
:106400003046FFF777FFD6E7897A0300C3780300A9
:106410009B7A0300F7B5437B0646072B0C466AD1EF
:10642000FEF794FB054658B9FEF790FB0546002899
:1064300064D006F17001013011F089FA337A2B70C3
:10644000206918B14268324B9A425AD0AB689BB16E
:1064500000221C3B9C4257D01F8921898F4205D1C5
:106460009F8AA18A8F4228BF42F00102DB690BB1EB
:106470001C3BEFE7002A34D1618911BB42F60213BD
:106480008DF80410ADF80630019B224D18222B60C8
:1064900017F010FA0422304623695C6123691D60FD
:1064A00023691A74236922891A812369A289DA81EE
:1064B0002369174A5A60216903B0BDE8F040FFF72D
:1064C000BBBC154A21463046FEF798FD024640B156
:1064D000AB681BB91149681C11F039FA104603B0BA
:1064E000F0BDAA6804F11C03E261EA68AB6002B97E
:1064F000EB600022F2E76FF07F02EFE76FF00B0234
:10650000ECE76FF00F02E9E76FF07702E6E700BF14
:10651000ED890300087301205D7903005B25040009
:10652000F8B5437B0646072B0C4643D1FEF70EFB1E
:106530000546002841D08368002B3ED00022174634
:106540001C3B9C4209D018892189884208BF47F02A
:106550000107DB691BB11C3BF3E70122F9E762B3DA
:1065600004F1180011F03DFA430703D521463046E7
:1065700012F065FA77B104F11C0105F1080011F081
:1065800028FCAB681BB90E49681C11F0E0F957B93B
:10659000002007E0214630460A4AA782FEF72EFD7A
:1065A0000028E8D0F8BD002321461A463046256869
:1065B000A847EDE76FF07F00F4E76FF01500F1E713
:1065C0005B2504005D790300012370B500F17005BF
:1065D0008EB0044603902946007A8DF810300FF0F3
:1065E0007BFC90B1227A1AB302AE042130460DF042
:1065F000AEFC009624210F4A2B4605A8F9F750FE61
:1066000005AA10460C49F8F7D7FB4FF6FF71012099
:106610000A4A03AB11F0F2FD204610F044F99DF850
:106620001010884202D2204610F00CF90EB070BD56
:106630000092DFE7CA230400F15602005D5B02000E
:106640002DE9F0410D4B06461B680F46904623B1DD
:1066500053F8044904B1043C0BB9BDE8F0811B6850
:106660001BB142463946304698472CB1656805B1A2
:10667000043D23462C46EFE72546FAE7246B01202C
:10668000012337B50546009000F17001007A8DF8BE
:1066900004300FF021FC90B94FF6FF7101206B46DA
:1066A000154A11F0ABFD0021284612F04DFA20B931
:1066B0004FF6FF710120FEF7B9FC03B030BD28464C
:1066C000FEF744FA0028E7D08468002CE4D01C3C94
:1066D00004F11803184611F084F9020709D418468A
:1066E00011F07FF9830704D421462846034AFEF7B8
:1066F00085FCE469E9E700BF5D5B0200D779030030
:10670000F7B504460D466B46264A00918DF8040005
:106710004FF6FF71012011F071FD29462046F9F76F
:1067200097FE002821DB2946204611F06DFB294603
:106730002046FEF7EBF808B1FEF752FB294620464B
:10674000F9F770FE002810DB0026174F17F8013C00
:10675000A34204D13946284611F0BDF838B91036A5
:10676000602E07F11007F1D1002003B0F0BD0F4BF0
:106770001E44B368002BF7D053F81C4904B11C3CED
:10678000002501E0234614460022314610469D8232
:10679000FEF730F9002CE7D0E269002AF2D01C3A6B
:1067A000F0E700BF7D4D02002D6B01202C6B012016
:1067B0002DE9F74F044603464FF6FF7101203A4A90
:1067C00004F1700611F01AFD3146207A11F033FD04
:1067D0003146207A0FF080FB50B1237A4FF6FF71DB
:1067E0008DF8043001206B46304A009611F006FD0A
:1067F0002046FEF7ABF9074640B92046FEF764F99C
:10680000054600283DD103B0BDE8F08F8568002D16
:10681000F3D055F81C89B8F1000F01D0A8F11C087D
:106820004FF00009CA4601E04546984605F1180BAD
:106830006FF00801584611F07FF83146207A0FF0CA
:106840004BFB80B92B464A4639462046A5F814A092
:10685000FEF7D0F8B8F1000FCFD0D8F81C30002BDD
:10686000E2D01C3BE0E7584611F0BBF8C307E9D47F
:106870007B781BB13146781C11F069F805F11C09D1
:10688000E8E73146207A0FF027FB28B9284603B005
:10689000BDE8F04FFEF7A4BA3146681C03B0BDE86E
:1068A000F04F11F054B800BF8D4E02007D4D020034
:1068B000034B42689A4204BF83691982704700BF44
:1068C000C18803007FB54FF420520023ADF8162095
:1068D00004AA02920A4A0120CDE900324FF6FF7164
:1068E00005AA04938DF81430FEF7B8FC049B012B25
:1068F00014BF6FF01500002007B05DF804FB00BF67
:10690000C38B030010B50D4AD2F8EC301BB1D2F89E
:106910005C327BB901234FF4B87000FB0320084CB4
:106920005B42C0F8F040002003F4B873EC331A4423
:106930000A6010BD6FF00B00FBE700BFD04E0020D7
:1069400090F80300014608B5084812F078F950B9EC
:10695000074812F074F928B10120064B404200F4B8
:10696000B870184408BD0020F7E700BFD44E0020DF
:1069700044500020D04E0020084B00F5B4701A6837
:10698000074BD0E8EF1F994204D1C0E8EC2FBCF1CF
:10699000000FF6D1D0E8AF0F704700BF7C6901202F
:1069A000D04E002008B5FFF7E7FFB8B1436843B108
:1069B000826832B1C26812B90B4A12783AB904201F
:1069C0000BE0094A127812B10BB1C26842B9826871
:1069D00042B9002B14BF0020032008BD0320FCE7B0
:1069E0000120FAE70220F8E7D876012070B50446C6
:1069F0000D460430052112F022F9F0B9042D1BD800
:106A0000E37AA27C1340DB0731D4237BE27C13437F
:106A100013F0040010D02046FFF7C4FF174B05EB1E
:106A200085051D44285C042806D1D4F8EC30DB78B9
:106A3000002B14BF0120022070BD237BE07C03EA01
:106A40000002160704D5E27AA67C3243D20710D49E
:106A5000042D10D8034313F00400EDD02046FFF7B7
:106A6000A1FF074B05EB85052B44185CE4E70620E6
:106A7000E2E70846E0E70020DEE700BF5126040019
:106A80003826040038B50546FFF776FFD5F8EC3018
:106A900004469B7A032B0AD005D8013B012B8CBFFF
:106AA0000020012038BD042B0FD00020FAE7284633
:106AB000FFF778FF032806D1002CF6D020690038B4
:106AC00018BF0120EEE70120ECE72846FFF76AFF38
:106AD000032802D11CB124690CB1024B1C7804F0CC
:106AE0000100DFE7D876012030B5037A044687B08D
:106AF000052B18D8DFE803F01A03031A172790F8BC
:106B0000DC20D0F8D830D34003F0010343F08003F9
:106B10000E4902AD0095096804F1370204F15700EF
:106B200013F012F920B1082007B030BD0023EFE7C1
:106B30001022294604F1170016F0CBFE003818BFCA
:106B400001208000F0E70020EEE700BF8C6B012001
:106B500070B500230446EC300D460FF0F7FF20B16E
:106B60002846BDE87040F9F779BA04F59C70002317
:106B7000BDE87040014A04F01FBF00BF1C4E0E006C
:106B800073B50446D0F8EC60FFF7F6FE04214FF031
:106B9000FF3305460DEB0100019302F0D1FFC8B9A8
:106BA000019B0D4A84F8DC00B3FBF2F102FB1133C8
:106BB0000193C4F8D83055B16B6843B10B21201D47
:106BC00012F0EAF830466B68D4F8D81098470020E5
:106BD00002B070BD0820FBE740420F0038B5044604
:106BE000051D0821284612F0D7F8064904F1570080
:106BF000FBF718FE20B12846082112F0C2F8082041
:106C000038BD00BFB797030038B50546EC22002118
:106C100016F050FE102105F1270002F091FF044606
:106C200048B90521284612F0B7F8FBF7EDFD034BF4
:106C30001860204638BD0824FBE700BF8C6B01209C
:106C400073B50446D0F8EC60FFF796FE06F17001CC
:106C50000546307A01F0C0FA237A20B1427CD2078F
:106C600001D5022B4CD9062B4AD8DFE803F0154199
:106C7000184949490400002D44D02B69002B41D00C
:106C800000230A21201DADF8043012F085F82B698D
:106C9000D4F8EC0001A99847002002B070BD04218F
:106CA0004FF0FF330DEB0100019302F049FF38BBB9
:106CB000019B154AB3FBF2F102FB113301934DB175
:106CC0006B683BB10B21201D12F066F830466B68F3
:106CD00001999847019BC3F3072284F847301B0CA6
:106CE00084F849301B0A84F8482084F84A30D3E7F6
:106CF000201D0A2112F050F83046AB689847CBE7C8
:106D00000820CAE70220C8E740420F0070B5051D01
:106D10000E462846042111F092FF68B1002200219E
:106D200000230846FCF78CFD044638B904212846A8
:106D300012F032F8204670BD034AF0E701210C3012
:106D40000EF091FD0670F5E71C4E0E002DE9F043A4
:106D5000D0F8EC300446D3F8A43089B0002B6ED0C4
:106D6000071D0521384611F06AFF002863D194F809
:106D7000E830DB075FD5D4F8EC301A2101A8D3F84E
:106D8000A45002F0DDFE8046002854D106212046A2
:106D9000FFF7BCFF064600284DD010210C300EF046
:106DA00062FD2A7C01A9814616F077FD287C0F2818
:106DB00005D8C0F110024146484416F07BFD31462B
:106DC00000222046FFF7C4FE07212046FFF79EFF62
:106DD000064680B30A210C300EF045FD034605AA95
:106DE00003CAC3F80200C3F80610BDF81C202046F1
:106DF00031461A80134AFFF7ABFE0D21384611F0D9
:106E00001EFF05ACB8B10121284612F002FF05F1C2
:106E10004E0601AB1A4603CAA242306071601346A7
:106E200006F10806F6D1234603CBBDF81C30686492
:106E3000A964A5F84C30002009B0BDE8F083082013
:106E4000FAE700BFA59A030073B5047A0546022C41
:106E500023D844B190F8DC30D0F8D840DC4004F0BE
:106E6000010444F0800403212846FFF74FFF064643
:106E7000A8B110210C300EF0F6FC0090104823460B
:106E8000006805F1270205F1570112F05DFF044685
:106E900050B13046F9F7E2F801E0032C02D00820A7
:106EA00002B070BD0024DEE7024631462846FFF7F7
:106EB0004FFE281D214611F064FF2046F0E700BF79
:106EC0008C6B012070B50C210546FFF71FFF0446AF
:106ED000F8B140210C300EF0C6FC0F4B02461B6887
:106EE000014603F1200053F8046B834241F8046B20
:106EF000F9D1203203F1200153F8040B8B4242F800
:106F0000040BF9D1284600222146FFF721FE00207C
:106F100070BD0820FCE700BF8C6B012070B50446F3
:106F2000FFF72AFD261D05460E21304611F087FE8B
:106F300038B9204B2022196804F1570016F0C9FC1B
:106F400090B12046FFF7BEFF70B9237A052B0BD80E
:106F5000DFE803F003190C030A2D0421204611F089
:106F60001BFFFFF771FFE8B1082070BD2046FFF757
:106F700007FE0028F8D10321204611F00DFF0E2155
:106F800011F00AFF0EE02046032111F005FF0E214B
:106F900011F002FF30460A2111F0FEFEAB68D4F872
:106FA000EC0098472046BDE8704011F005BF042171
:106FB0002046E5E78C6B0120F7B504460F46FFF746
:106FC000DBFC04F1570605463246FB6803F120015D
:106FD00053F8040B8B4242F8040BF9D104F1770209
:106FE00003F1200153F8040B8B4242F8040BF9D152
:106FF0003046FBF785FB002836D0201D0E2111F00E
:10700000CBFED4F8EC70D7F8A40010BB387A07F1A7
:10701000700100F0DDFFC7F8A400D0B9D4F8EC305F
:10702000DB78002B6BD1271D0E21384611F007FEAF
:1070300038B93C4B20223046196816F04AFC00282B
:1070400032D0237A052B2FD8DFE803F015301F1537
:107050002E3A438A03F02403002BDFD0437C9B07A6
:10706000DCD4032003B0F0BD3046FBF755FB00280D
:10707000D4D10B20F6E70321204611F08DFE2046E7
:1070800003B0BDE8F04011F097BE2046FFF778FD51
:1070900050B90321204611F07FFE0E2111F07CFE35
:1070A000FFF7D2FE0028EAD00820DBE70A213846A5
:1070B00011F072FEAB68D4F8EC0098470E21DBE7C4
:1070C000102104F1270002F03BFD06460028EBD119
:1070D00035B32B6923B3144B20461B8801A9ADF8A7
:1070E000043011F083FD38460C21C4E9386611F0F4
:1070F00053FE2B69D4F8EC0001A99847BFE7094B70
:107100001D682DB9201D062111F046FE2846A9E76D
:107110002046FFF703FF003818BF0120C000A1E799
:1071200002209FE78C6B0120F7EE030038B5134B6C
:1071300005461B78E3B101F00F042846FFF732FC47
:107140000F4B03281B780CBF04F00B0444F004041D
:1071500005F5B670D0E8EF2F013203D1C0E8E13F6A
:107160000029F7D1D0E8AF3F2BB144F0010038BD82
:1071700001F00704E1E704F0FE00F8E7D87601200B
:10718000DB240020F8B5054611F052FD0446002826
:107190007AD0061D0421304611F051FD002876D129
:1071A0000221304611F04BFD002869D10321304601
:1071B00011F045FD10B16FF00F00F8BD0121304610
:1071C00011F03DFD0028F6D12046FFF75BFC0028BA
:1071D00060D0D5F8A43033B12046FFF715FD70B16B
:1071E0006FF06800E9E7287A05F1700100F0F0FE21
:1071F000C5F8A4000028EFD16FF00B00DDE70121F6
:107200002046FFF783FD07460028E9D006210C3011
:107210000EF029FB092105462046FFF787FFA870DD
:107220002046FFF7BFFB1D4B28701B7853BB1C4B40
:107230001B786B701023EB70AB78394613F00103A9
:1072400014BF032200222B716A7184F8E8306B7935
:10725000002284F8E930012363722B682046C4F8C9
:107260000A30AB88E381FFF773FC2046022111F05E
:1072700093FD0B2111F090FD0321304611F08CFDA0
:1072800000209AE70123D4E76FF07F0095E76FF0C5
:10729000040092E76FF015008FE700BFD976012058
:1072A000DA7601202DE9F341061D0746D0F8EC40BF
:1072B000CB683046022111F0C2FC002857D10321CF
:1072C000304611F0BCFC002851D10121304611F0AC
:1072D000B6FC00284BD11D78264B1B7873B105F006
:1072E0000F05D4F8A40060B1438A03F02403DBB98E
:1072F0002046FFF747FF90BB0F2135E005F007055B
:10730000EFE704F1700842462020217A00F0EAFEFF
:10731000C4F8A40040B942460420217A00F0E2FEFD
:10732000C4F8A4000028E3D06B0706D5437CD90736
:1073300003D43846FFF736FBDAE72A0702D5438A3B
:107340009B06D5D5037C00F11C02009300F11401CB
:1073500000F11E0320460FF028FA002803DA082067
:1073600002B0BDE8F0810121304611F015FD00208A
:10737000F6E700BFD876012037B505460C46FFF783
:10738000FBFA0346F8B10068E8B1227869468DF847
:1073900000206278D5F8EC008DF80120A2788DF8F5
:1073A0000220E2788DF8032022798DF8042062799A
:1073B0008DF805201B6898470138C0B208288EBF99
:1073C0000020024B185C03B030BD00BF2026040033
:1073D0002DE9F8430D460446D0F8EC80FFF7CCFACF
:1073E000ED688146EB78102B40F0DA80D8F8A430B5
:1073F000002B00F08B80261D0F21304611F01FFC62
:1074000028B92046FFF700FC002840F08A800123BD
:1074100063722B682046C4F80A30AB88E3810223EC
:107420002374A978FFF782FEE0742046FFF7BAFACA
:107430001023607423752B7903F0030363756B7954
:1074400003F00103A375E37C1B076ED405213046CE
:1074500011F0F5FB002876D0544B1B78A374E37C25
:10746000980606D5AB78990603D51421304611F05D
:1074700093FCE37CDA0768D5AB78DB0765D50D2193
:10748000304611F089FCA37D032184F8E830637D48
:10749000304684F8E93011F07FFC29782046FFF768
:1074A000A5FA2072D8F8A410204611F003FC002899
:1074B00078D0204611F033FC074698BB05213046B2
:1074C00011F0BDFB294600284ED12046FFF754FF9E
:1074D000002869D12046FFF74FFA05462046FFF7FE
:1074E000AFFB002860D1237A9BBB0F21304611F0FF
:1074F000A6FB70BB6DB3AB695BB330460A2111F0DC
:107500004BFCAB69D4F8EC0098470BE098F8080006
:1075100008F1700100F05CFDC8F8A40000287FF4B9
:107520006AAF08273846BDE8F883AB781F078DD5CA
:107530000521304611F030FC637D03F002036375D2
:107540000023A37582E71A4B87E700236375A375B1
:1075500099E70321204611F01FFC0E2111F01CFCBD
:10756000BDE8F84311F083BC2046FFF705FFD8B90A
:10757000237A93B90F21304611F061FB68B9B9F154
:10758000000F0AD0D9F818303BB130460A2111F06B
:1075900003FC4046D9F81830B6E70C212046DDE759
:1075A0000627BFE70327BDE70746BBE7DA760120DA
:1075B000D976012038B504460D49A0F1EC054C30D0
:1075C00014F0B9FA284611F03FFE0A4A04F17C0390
:1075D000D3E8EF1FC3E8E02F0028F9D14FF0FF33C5
:1075E0008034D4E8EF2FC4E8E13F0029F9D138BD59
:1075F000899A0300D04E00202DE9F843CD68044657
:10760000EB78102B40F0C0802A7990F8E830D0F861
:10761000EC90134080F8E8306A7990F8E930134034
:1076200080F8E930022303742B68C0F81130AB886E
:10763000A0F81530AB781F0706D5037B1E0703D5CE
:107640000521043011F0A8FBAB78980606D5237B02
:10765000990603D51421201D11F09EFBAB78DA07A3
:1076600043D5237BDB0740D50D21201D11F094FB72
:1076700029782046FFF7BAF92072D9F8A4102046DD
:1076800011F018FB002800F08180204611F047FB24
:10769000064638BB271D0521384611F0D0FA0028D0
:1076A0003CD129462046FFF767FE002870D12046CE
:1076B000FFF762F905462046FFF7C2FA002867D1B6
:1076C000237AB3B90F21384611F0B9FA88B185B1E0
:1076D000AB6973B138460A2111F05EFBAB69D4F88F
:1076E000EC0098473046BDE8F8830023A4F8E83062
:1076F000BEE70A21384611F0A2FA50B9204603210C
:1077000011F04AFB0E2111F047FBBDE8F84311F0E0
:1077100017BE0021384611F03FFBE3E72046FFF794
:107720002BF994F8E930804603F0020329462046FD
:1077300084F8E86084F8E930FFF71EFE40BB237A46
:1077400093B90F21384611F07AFA68B1B8F1000FF9
:107750000AD0D8F818303BB138460A2111F01CFB8A
:107760004846D8F81830BCE70A4B1B680BB906210D
:10777000D0E720460C2111F00FFB0B2111F001FB8B
:10778000BDE8F843FFF79EBB0626ABE70326A9E753
:107790000646A7E78C6B01202DE9F04F044693B015
:1077A0000E46FFF7E9F804F1370705463A46F36855
:1077B00003F1100153F8040B8B4242F8040BF9D18A
:1077C000261D0521304611F03AFAD4F8ECB0002815
:1077D00040F094800BF17E0104F147080BF1770A29
:1077E0000AAD04F1090204F11003CDE90115404688
:1077F0003946CDF800A0CDE9042311F046FDDDE9BE
:10780000042310B14FF0080A4CE00EA904F1270937
:1078100002910BF17E01CDE900A14046494611F0ED
:1078200034FD0028EED104F1170A102229465046F3
:1078300016F04FF800285ED1102250460EA916F01F
:1078400048F8002857D09BF803A02B46BAF1000F48
:107850002CD1D4F82700D9F804102A4603C3D4F851
:10786000370079680CAB03C32946404612F093FEFB
:107870000028C7D1227D637B08A9CDF820A05846F7
:10788000C1F804A09A4294BF009200932B4607AA25
:10789000ADF81CA00EF089FF0028B3D101213046BD
:1078A00011F07AFA504613B0BDE8F08FD4F83700E3
:1078B00079682A4603C3D4F82700D9F804100CAB22
:1078C00003C32946404612F066FE00289AD143467B
:1078D0002A4603CA59600EA98A421860154603F168
:1078E0000803F5D10121304611F056FA204611F077
:1078F000D8FA8246D6E74FF0040AD3E79BF8033064
:10790000002B5FD12046FFF7EFF882460028C9D14F
:10791000237A052B3FF676AF01A252F823F000BF81
:10792000A17902006F7902006F79020039790200B3
:1079300005780200A17902000EAB60480093006850
:107940003B4604F1270204F1570100F0CBFC00286C
:107950007FF458AF0A21304611F01EFA092111F0C8
:107960001BFAEB680E99D4F8EC00984721E094F8E4
:10797000DC300133DBB2142B84F8DC3010D0102162
:1079800004F1270002F0DCF800287FF43BAF03216C
:10799000204611F001FA13B0BDE8F04FFFF754BADA
:1079A0000721304611F04BF930B10921304611F072
:1079B000F3F94FF0000A75E7204613B0BDE8F04F29
:1079C00011F0ABBA237A052B3FF61CAF01A252F897
:1079D00023F000BF1B7A0200277A0200277A0200F8
:1079E000ED790200057802007D7A02000EAB334982
:1079F00000933A46096804F1270304F1570000F0A8
:107A000071FC00287FF4FEAE0A21304611F0C4F963
:107A1000EB680E99D4F8EC0098470D21204611F040
:107A2000BBF910215FE72046FFF75EF88246002889
:107A30007FF438AF0321204611F0AEF911F031FA8E
:107A400000287FF4DFAE94F8DC300133DBB2142B76
:107A500084F8DC3005D10D21204611F09DF910216C
:107A6000A4E7102104F1270002F06AF8B0F1000A3F
:107A700018BF4FF0010A4FEACA0A13E7102104F1B8
:107A8000270002F05DF8074600287FF4BBAE95B1F1
:107A90002B6983B10A4B20461B880EA9ADF83830FC
:107AA00011F0A4F80C213046C4E9387711F074F9CC
:107AB0002B690EA957E74FF0020AF3E68C6B012001
:107AC000F7EE0300014B1870704700BFDB24002065
:107AD000014B1870704700BFDA76012070B506467A
:107AE00011F0A6F8044610B96FF0150070BD051D21
:107AF0000A21284611F095FB0028F5D0F3780521DE
:107B00002846CBB911F09BF830B90321204611F07B
:107B100043F911F015FCE9E7124B1B682BB906215C
:107B2000284611F039F90020E0E70C21204611F039
:107B300033F9FFF7C7F9D9E711F081F830B903211C
:107B4000204611F029F911F092F9CFE70C212046D7
:107B500011F022F911F08BF90028E4D06FF0040045
:107B6000C4E700BF8C6B0120F8B5D0F8EC400546A7
:107B7000D4F8A430061D002B74D079BB0D213046FB
:107B800011F05DF8074620B1D4F8A40008B112F056
:107B9000BBF8374B1B6823B153F80C6906B10C3E98
:107BA00073B9284611F050FB637B072B5ED1627AD4
:107BB000A37A9A425AD02046BDE8F84011F00EBD93
:107BC0001B6813B13946204698472EB1F26802B1BE
:107BD0000C3A33461646E3E73246FAE70139C9B2B2
:107BE0000E2998BF234A1B7C8CBF0927575C002BAA
:107BF00031D1D4F8A40012F010F80023C4F8A43056
:107C00000221304611F01BF848B9072F94BF1A4BD8
:107C10001F213A46204698BFD95DFBF713FB03218D
:107C2000304611F00CF80028BBD0114B1B68002B1C
:107C3000B7D053F80C6906B10C3E002BB1D05B688D
:107C400013B139462046984776B1F26802B10C3A32
:107C500033461646F1E70221304610F0F0FF0028C7
:107C6000C7D1CDE70927CBE73246F1E7F8BD00BF22
:107C700074690120292604001826040038B51C4B1D
:107C8000044618604FF0FF324FF0FF33194803F0FD
:107C9000F7FA194803F096FE164803F063FBECB1BF
:107CA0000025164C0621201D10F0C9FF78B1D4F82C
:107CB000EC302046DB7893B9FFF704F918B10821BE
:107CC000204611F031FD0C21204611F065F86B1CA7
:107CD000022B4FF0010504F5B874E3D138BDFFF76E
:107CE0001DF90028F3D00821204611F01DFDEEE714
:107CF0008C6B0120282100203C210020D04E002048
:107D00002DE9F0410B8A04460E46B3B3012106F17A
:107D10000C000DF0E2FDA4F1EC05E83C074604215F
:107D2000204610F08CFF40BB39780E2925D8DFF8AB
:107D3000508058F8313023B90721284611F0F4FC5F
:107D40001BE0284611F06DFA30B90321204610F0EF
:107D500076FF90B10821F0E73B78318A08EBC30247
:107D60001279914201D00A21E7E73146284658F8B6
:107D70003330984701460028DFD10020BDE8F0816C
:107D8000B8F803002DE9FF4190F8E930CF6823F0FF
:107D9000020380F8E9303B780446D0F8EC6023B168
:107DA000BB7903F0C003C02B7FD106F17008072216
:107DB0003946404615F08DFD88B13946307A00F0DD
:107DC0000BFA054658B10146204610F073FF18B96A
:107DD000082004B0BDE8F081284611F01EFF0D21F7
:107DE000201D10F02CFF00283FD042460220317A9F
:107DF00011F0FFFE05460028EAD0F378002B43D1AE
:107E000006F17E031878012827D19A7902F0C00282
:107E1000402A22D1D3F80120C5F83E20B3F805301E
:107E2000A5F8423096F87030BBB196F8763003F082
:107E3000C003C02B11D01F4901AACDE901870395CA
:107E4000FAF756FF3B683046C5F80130BB88A5F805
:107E50000530BB79EB71FBF7C5F900212846F9F72E
:107E600093FB20BB2846F9F7A1FB94F8E9305B07A8
:107E700003D50A21204610F08FFFF3783BB1B4F808
:107E8000E81071B10020A4E706F17703BAE794F88F
:107E9000E930002BF3D12046FEF758FF0028EED042
:107EA00096E72046FFF760FEECE70A2091E7032003
:107EB0008FE700BF619403002DE9F0410546A0F172
:107EC000E80604460F463046012155F8EC8911F0CA
:107ED000A8F9002861D0DFB10321304610F0AFFED1
:107EE00000285AD03846F8F7F3FE0138C0B2082807
:107EF0008CBF00242E4B4FF0020198BF1C5C304613
:107F000010F04AFF21462846BDE8F041FFF72CBE9D
:107F100098F80B30002B40D00321304610F08FFE34
:107F200020B92846BDE8F04111F08EB90521304650
:107F300010F085FEB8B114F8043C1F0707D514F8FB
:107F4000033C180703D51121304610F025FF14F823
:107F5000043C23F0080304F8043C14F8033C23F029
:107F6000080304F8033C14F8033CD90717D506218D
:107F7000284610F011FF0221304610F00DFF98F84E
:107F8000033013B914F8033C3BB92846FEF7DEFE74
:107F900018B934F8041C0029B5D0BDE8F0819A075F
:107FA00001D50821E4E75B07E5D50A21E0E700BF3A
:107FB00020260400012208B5034B04481A70FAF782
:107FC000E3FB002008BD00BFD8760120442100203B
:107FD0002DE9F04180460D46002604241D4F17F878
:107FE000013C43450BD107222946384615F071FC68
:107FF00028B96023184803FB0600BDE8F081042C73
:1080000007D107223846154915F063FC002808BF40
:1080100034460136042E07F16007E0D1042C16D057
:1080200060235C430C4B611C03F804802E68CA1863
:108030005E50A988E0189180A9790D3491711122C0
:1080400002730022E1181A55A1F80120D5E700209B
:10805000D3E700BF916B0120906B01205B250400EA
:108060002DE9F34105460E4617460D4C04F5C07840
:10807000638A7BB12378AB420CD1D4F80100B4F809
:108080000510E2790090ADF80410684639468DF885
:108090000620B04760344445EAD102B0BDE8F08123
:1080A000906B01202DE9F04105460E461746074C1E
:1080B00004F5C078638A2B4202D039462046B04787
:1080C00060344445F6D1BDE8F08100BF906B0120DB
:1080D00008B5002202200249FFF7E4FF002008BD96
:1080E000E59B03002DE9F04106460F46904600242B
:1080F0000D4DB5F8113033420DD015F8013CBB429F
:1081000009D107224146284615F0E3FB18B9074874
:108110002044BDE8F0816034B4F5C07F05F160050E
:10812000E7D10020F5E700BF916B0120906B0120A3
:108130002DE9F0410B780746012B0D4602D00020B7
:10814000BDE8F0818B7903F0C003402BF7D1002408
:108150001E4E01F1010836F82C3C9A070CD516F892
:108160003E3CBB4208D106223146404615F0B1FBE9
:1081700010B917482044E3E76034B4F5C07F06F136
:108180006006E8D10024134E36F81C3C9B0716D538
:1081900016F82E3CBB4212D105F10108414630468B
:1081A0000DF0D0FB58B10A4BD5F8010004F13E02A6
:1081B0009850D118B5F80520E0188A80C0E76034DF
:1081C000B4F5C07F06F16006DED1B8E7CE6B0120C2
:1081D000906B0120BE6B0120F8B506460F460024C7
:1081E0000A4D15F8013CB34208D10722394628460A
:1081F00015F06FFB10B906482044F8BD6034B4F5A3
:10820000C07F05F16005ECD10020F6E7916B0120FD
:10821000906B01202DE9F0438446894616462F4C89
:108220009BB01D46DDE923870CAB04F1300E1A46E6
:1082300020686168083403C274451346F7D120688A
:1082400061461060227904A81A71202211F064FDA1
:108250006B462022224804A900F072F80446C0BBF5
:10826000102249460DF1350011F056FD102231461D
:108270000DF1450011F050FD294611F8013B062291
:108280000DF156008DF8553011F046FD2299062269
:1082900011F8013B0DF15D008DF85C3011F03CFDF3
:1082A0004346352268460CA900F04AF8044680B9D6
:1082B000404611F03BFD012335228DF830306846F1
:1082C0003B460CA900F03CF8044610B9384611F0C2
:1082D0002DFD20461BB0BDE8F08300BFF9EE030082
:1082E0006A26040070B50E461D46144698B0014635
:1082F000202204A811F010FD202231460CA811F014
:108300000BFD1022294614A811F006FD102221466B
:10831000684611F001FD6B465022684604A900F042
:108320000FF840B9039B054A1BBAB3FBF2F102FBFD
:1083300011331C9A136018B070BD00BF40420F008B
:108340002DE9F0418EB007460C4615460021182253
:1083500008A81E4615F0AEFA4FF41053ADF81C30C5
:108360008023ADF81E304FF44063DFF844801022C4
:10837000CDE90938394605AB07A804F09FFD20B1C7
:108380006FF004000EB0BDE8F08106AB029310233D
:1083900022464146CDE9006305982B4614F07AF851
:1083A0000446059804F03EFD2043EBD0E8E700BF0B
:1083B0000002C00310B5094C0A44914200D110BD1F
:1083C00011F8013B58400309E35C0001C0B243408F
:1083D0001809205C1B01DBB25840EEE77A26040046
:1083E0000122024BC3F80424704700BF002008E0BC
:1083F00070B50D4606490446411A49114022054808
:1084000011F020FD2B4601462046BDE8704018477C
:10841000246D012078DD030037B540230C460A495E
:108420000093411A491105462346084A084811F0AD
:1084300034FD014628B12846234603B0BDE830404C
:10844000184703B030BD00BF246D0120099F030011
:1084500078DD0300F8B500220121054640F2051041
:10846000F7F7D0F90F4801F02BFC0446B8B912F029
:10847000E6F82F690C4938460BF029FE031E09DB8C
:108480000126BE642D69084905F120000BF01FFE8E
:10849000031E02DA1C462046F8BD6E65FBE76FF04E
:1084A0000404F8E7D585020030F903001FB5002267
:1084B00001236C46CDE902236B46074ACDE900440F
:1084C00011F01BFD28B943F609520023684602F05B
:1084D000FFFF04B010BD00BF159F030010B5EFF300
:1084E0001184402383F31288BFF36F8F074A136808
:1084F00023F00201DB07116002D4012012F099F889
:1085000084F31188BFF36F8F10BD00BF7C6D012015
:108510000C22104B014602FB0033002030B4D3E99B
:1085200010521864EFF31180402484F31288BFF3D3
:108530006F8F9C6C04F0C00444F002049C6480F3D0
:108540001188BFF36F8F1DB12B4630BC024818470E
:1085500030BC7047246D012078DD030010B4EFF3C8
:108560001180402282F31288BFF36F8F16490B6887
:1085700043F0020413F001030C6017D0134BD3F83F
:108580000C3413F4803311D0EFF3118182F312888D
:10859000BFF36F8F0E4A936C03F0C00343F00203E6
:1085A000936481F31188BFF36F8F012380F31188E7
:1085B000BFF36F8F1BB1002010BCFFF7A9BF0120D4
:1085C00010BC01F06DBB00BF7C6D012000E01050BD
:1085D000246D0120022808D0042808D1044B986C8F
:1085E00010F0070003D1FFF793BF0120FBE77047AE
:1085F000246D01202DE9F041012280463549D1E862
:10860000EF3FC1E8E02F0028F9D133B932493348B0
:108610004B60CB608A600BF06DFD08F1FF33012BDE
:108620004BD8B8F1010F06D12D4BD3F8503403F0DD
:108630000303012B41D013F0D7FA054650B1EFF3F5
:108640001186402383F31288BFF36F8F0125244CDA
:10865000244F20E0244B1B78002BF0D00422204B29
:108660000646C3F80823F2E74DB330460DF056F83E
:10867000D4F8403413F0FF030DD1D4F8082152B1DF
:10868000C4F80831D4F8083120220123C4F840345A
:10869000C7F8A0212361D4F84C24D4F84C34D20379
:1086A000E2D503F00303012B02D0B8F1010FDBD1B7
:1086B00055B186F31188BFF36F8FBDE8F0810021BB
:1086C000202013F02EFBD3E70422054BC3F804232C
:1086D000F3E700BF206D0120106D0120446D0120E3
:1086E00000E0105000E100E09279012008B5074851
:1086F00012F081FF38B10648F7F7A6FB0448F6F7F9
:10870000BDF8002008BD6FF01200FBE704DE030097
:10871000158702000A2838B50446074D04D1AB6816
:108720000D2128465B689847AB6803485B68E1B257
:108730009847204638BD00BF04DE03000023024AEC
:108740000020C1E90023704700D01700004870479F
:108750004CF90300024B0B6001231360704700BF0C
:1087600054F9030008B501220548114613F0FFF83B
:1087700001F0F0FA034B044A0020C3F80C2508BDB1
:10878000806D012000B004508000008038B542F2B6
:1087900001030F4D1446C5F80035A1B115F07DF861
:1087A000BFF35F8FD5F81834DB0706D4C4F3080491
:1087B0001CB10123AB60BFF35F8F4FF40052044B39
:1087C000C3F8002538BDFF2115F074F8E8E700BFB5
:1087D00000B00450F0B5051E0F46144687B033DBD9
:1087E0001B4B9D4230D8C5F5BE1303F580539A420A
:1087F0002AD8FAB14FF0FF324FF0FF33154802F09C
:1088000067FE11F01FFF0646B8B101238DF8143042
:10881000114B4FF4FA50009302AB04940193CDE94D
:10882000027501F09FFA684601F0A2FA0446094871
:1088300002F01AFE204607B0F0BD2246394628460F
:10884000FFF7A4FF3446F2E76FF01504F2E700BF2C
:10885000FFCF1700806D0120A59F030010B50C1EEF
:1088600010461A460CDB084B9C4209D8C4F5BE14CE
:1088700004F58054A24203D815F00FF8002010BD73
:108880006FF01500FBE700BFFFCF17002DE9F043A5
:1088900040F206354768D00648BF4FF0030C3B7CDA
:1088A00002EA050558BFC2F3401C87B001F01F065D
:1088B000B5F5837F144646EA43168DF803C045D0CC
:1088C0000DD8062D44D005D8A5B1022D12D06FF0D9
:1088D000150038E0B5F5807FF9D101250AE040F2B6
:1088E0000222954236D0B5F5407F35D0B5F5007FF0
:1088F000EDD10425220331D501237A688B405360E2
:10890000B86890BB5F2E06F01F034FEA561175D86A
:108910003C4A52F82120C4F3004102EB8302D2F812
:10892000803081F00101C4F3404423F4706344EAD1
:10893000410423F00F031C4344EA8C0444EA052459
:10894000C2F88040002007B0BDE8F0830925D1E7D8
:108950000825CFE70625CDE70525CBE7630341BF13
:1089600001237A688B409360CAE731460DF1020219
:1089700012F06FF814F4403F80460CD13146B868CD
:1089800012F080F8B8F1000FDCD19DF80210B86841
:1089900001F046FCD6E74FF0000901ABCDE90199A3
:1089A000CDE90439CDF80C903146B86803AA11F02E
:1089B00099FF4845C6DB14F4003314D09DF803300A
:1089C000C4F3004484F001048DF80E308DF80C508F
:1089D0008DF80D404B463146B86803AA01F072FB92
:1089E0000028CFDAAEE7CDE904330DF1030303939A
:1089F0003146B86803AA11F075FFF1E7203350F84B
:108A00002330FFDE5CF903004209022A034670B5F9
:108A100003D0012A18D0CAB170BD0E4E3269516818
:108A20000029F9D0012503F01F030C689D4000299F
:108A3000F2D08A682A4002D030464B6898473CB151
:108A4000236821461C46F2E7034EE7E7034EE5E7BD
:108A50002346F6E7CCDD0300B0DD030094DD030020
:108A600038B54568A868C0B112F006F80146A0B94B
:108A7000A86801F09DFB044688B902460949A86828
:108A800011F0E4FF22460121DB20F6F7BBFE22466F
:108A9000012140F20D10F6F7B5FE002038BD6FF051
:108AA0000400FBE7098A0200F0B544681646A06896
:108AB000227C01F01F0587B045EA421500286CD0E2
:108AC000B6F5001F04D1294612F02EF8002055E01B
:108AD0006268607CB6F5800F50624FF0000001AA1A
:108AE0000190506039D1B3F1007F14BF05230423F6
:108AF0008DF804300023CDE904230393E3680DF1DE
:108B0000030723FA01F111F0010139D1B6F1A07F79
:108B100036D105F01F035F2D4FEA551003F12003F6
:108B20003ED8214A52F8202052F82330DB0727D4C0
:108B30003A462946A06811F08CFF163018D00297EB
:108B40002946A06803AA11F0CDFE002816DB0122F9
:108B50002946A06811F098FFB8E7B3F1C06F05D0BF
:108B6000B3F1007F14BF01230223C1E70323BFE752
:108B70003946A06801F05EFB0028E0DA07B0F0BDDE
:108B80003A462946A06811F064FF0028D8D19DF824
:108B90000310A06801F044FBD2E76FF08500EDE719
:108BA00051F82330FFDE00BF5CF90300036803F0D7
:108BB0001F025F2B02604FEA53129ABF024B53F819
:108BC00022000020704700BFA4F903002DE9F04FF8
:108BD0001746064640F2FF1900EB8108554985B05B
:108BE000B04503D1002005B0BDE8F08F3368C3F372
:108BF000C322082AC3F3080400F298804E484C456B
:108C000008BF4FF0FF34B3F1D05F855C4FEA1362C9
:108C100010D2192A10D8DFE802F0122025280F0FF1
:108C20000F0F0F0F0F2B350F0F0F0F0F0F0F0F0F12
:108C3000386E7174382A67D06FF08500D3E7C7F8B3
:108C40000446621C55D003A80394FFF7AFFF01222E
:108C5000039B02FA03F3436029E0C7F80C464FF088
:108C6000000A0CE0C7F81046EBE7C7F80846F6E73D
:108C7000C7F80046002DF2D14FF0000A0825631C0A
:108C800017D136E0C7F80446F4E7C7F860457388A3
:108C9000601C03F001032CD0002BD4D103A8039453
:108CA000FFF784FF0122039B02FA03F383604FF076
:108CB000010A336803A81A0452BFD3464FF0010BD0
:108CC0004FF0000A01930394FFF770FF039C019B90
:108CD00000EB8400D0F88040C3F3412C2B0243EA20
:108CE0008C0343EA0A030C40234343EA4B03C0F8D6
:108CF0008030043674E7C7F86445C8E7C7F86845AC
:108D0000C5E7C7F86C45C2E703A80394FFF74EFF19
:108D1000039B4FF0010A00EB8300D0F8803023F072
:108D2000E04343F08043C0F88030A8E76FF01500BF
:108D300059E700BFF0F0FCFF8A260400F0B54B793C
:108D4000012B75D0032B40F0B8804FF0100CCE797A
:108D500016B1012E40F0B1800A79012A6BD0022AA7
:108D60006DD0002A40F0A98015460B68B3F5967FB8
:108D700067D0B3F5167F67D0B3F5966F67D0B3F5BC
:108D8000166F67D0B3F5965F67D0B3F5165F66D000
:108D9000B3F5615F65D0B3F5964F64D0B3F5E14F9D
:108DA00063D047F61224A34261D0B3F5164F61D0C9
:108DB0004DF6C024A34260D0B3F5614F60D0B3F547
:108DC000963F60D0B3F5E13F5FD0B3F5613F5FD030
:108DD0003B4CA3425FD0B3F5E12F5FD0B3F5612FD9
:108DE0005FD0384CA34268D14FF080534768046984
:108DF0003F68C7F824358B79032B55D0002B56D00C
:108E0000012B57D0022B14BF4FF490534FF46063E3
:108E1000406833432B4342EA0C020068134343F497
:108E20008043C0F86C3503C984E803000020F0BD1E
:108E30004FF0000C8BE74FF480750E2295E700256C
:108E4000FBE74FF4A033D1E74FF41C33CEE74FF4E8
:108E50009E23CBE74FF41D23C8E71B4BC6E71B4BF4
:108E6000C4E71B4BC2E71B4BC0E71B4BBEE74FF4ED
:108E70000003BBE74FF41D03B8E74FF46503B5E704
:108E80004FF46B03B2E7154BB0E74FF0EB73ADE770
:108E90004FF06C73AAE74FF08063A7E74FF0E863E9
:108EA000A4E74FF07063A1E74FF48053B0E74FF4AD
:108EB0002063ADE74FF44063AAE76FF08500B6E7A3
:108EC00090D0030040420F0000B013000050270074
:108ED00000F03A0000A04E0000C0750000903A017A
:108EE0002DE9F04104460D46476812F07DFE88B139
:108EF0004021EFF311831A4681F31288BFF36F8F7D
:108F000060680068D0F83001D0B983F31188BFF3EE
:108F10006F8FEEE71E4B1B78002BE9D04FF0400817
:108F2000642663681B68D3F83031FBB9012011F067
:108F30009BFB013EF5D10021202012F0F2FEEFE76D
:108F40007B6900201D70636879691B68C3F83C1752
:108F50000121C3F84017C3F83001D3F83001196577
:108F600082F31188BFF36F8FBDE8F081EFF31183B7
:108F70001A4688F31288BFF36F8F61680968D1F8C9
:108F800030110029DCD183F31188BFF36F8FD2E752
:108F90009279012070B4104CD4E90015501A63EB9B
:108FA0000506400940EAC6602026E0FB0615C4E934
:108FB0000015002400250949C1E90023084BC3E935
:108FC0000045EFF31181402383F31288BFF36F8FC5
:108FD00070BC03F003BA00BFD0510020B85100208C
:108FE000C851002008B500220121E420F6F70AFC50
:108FF000164A0020D2F8183723F44033C2F8183745
:1090000001F060FA002820DB0120114901F0E6FAA6
:1090100000281ADB01F030FA0E4B20F01F00C3E9E4
:1090200000010D4B0022C3E900014FF0FF304FF06B
:10903000FF310A4BC3E90001094B0A49187A01F0D4
:109040002BFA67220020084B1A6008BD00200E5042
:109050007C210020D0510020B0510020B8510020C8
:1090600074210020958F0200B46D012008B501F035
:1090700003FA064AD2E90032C01A054B61EB02013D
:10908000C3E90001400940EAC16008BDD051002099
:10909000C8510020F7B5224B0146224F187A224BC7
:1090A000D7E90056D3E900239E4208BF954211D16B
:1090B000B1F1806F0ED24901012938BF012101228F
:1090C0004D1946F10006C7E9005603B0BDE8F0406F
:1090D00001F00ABB154BDFF858C0D3E90043DCE9C7
:1090E000002CA41843EB0C0C4FF0200E22466346D4
:1090F000C1FB0E23954276EB0301C7E900230DD295
:10910000291B66EB0C04C82974F10004B4BF0121CB
:109110000021009101F0B2FA03B0F0BD0021F8E7A0
:1091200074210020C0510020B8510020D0510020EF
:10913000C851002037B504690D4694F839304BBB4F
:109140000B7B022B29D10B680BBB94F838204B68A2
:10915000D2B9134A591E914219D8636320460DF1C2
:10916000070111F03BFD10F10C0F0BD0AB689DF81F
:10917000070013B104EB8002536194F838300133D7
:1091800084F8383003B030BD626B9A42E6D06FF09D
:109190001500F7E76FF00F00F4E76FF08500F1E7D7
:1091A000FEFFCF0710B50022046901214FF484703F
:1091B000F6F728FB00232046BDE810401946014A77
:1091C00011F0E8BCC9910200B0F5827FF8B50C46F9
:1091D00002D10B4802F048F901270A4E04B9F8BD44
:1091E00094FAA4F5B5FA85F506EB85035B6913B12E
:1091F00029460548984707FA05F524EA0504EDE7EE
:10920000BC2100208021002020DE030002460B4606
:10921000014802F035B800BF50260020014802F096
:10922000A1B800BF502600201FB500240A220194D7
:109230000294CDF80B400091014601A814F06BFB9D
:10924000009A01A907480AF068FE07480AF065FE7F
:1092500084F31188BFF36F8F0323184602DF04B035
:1092600010BD00BF5524040016220400F0B50646C8
:109270008BB00D462648274912F001FC05A8E7F7F8
:10928000D8F9254812F0B7F900283BD0234B02A8A3
:109290000293D8F737F9002837D14FF0FF304FF05D
:1092A000FF31FFF7B3FF044638B91D491D48D7F712
:1092B00067FC044620B1FFF7B1FF20460BB0F0BDBC
:1092C00041F64C5703A80397DCF784FA20B1FFF767
:1092D000A5FF6FF08504F0E7012301A88DF80430A5
:1092E000E9F7CEFC0028F2D104A80497DCF77AFA5B
:1092F0000028ECD1FFF792FF33690B481D60F7F7A8
:10930000B5F9DAE76FF01204D7E76FF01504D4E788
:10931000BC6D01202FA50300E8DD03005994020075
:10932000D8510020719402002D94020030B53A48C3
:1093300085B0D7F7C7FA0446002867D10125D7F7CB
:1093400061FCD7F76BFCD7F775FCE7F776F9E7F721
:1093500072F9E7F774F9E7F774F9E7F774F9E7F7E3
:1093600074F92946204601AA8DF80450D7F70AFB64
:1093700000284ADB0221204601AA8DF80450D7F7C5
:1093800001FB002841DB08230721204601AAADF894
:109390000430D7F7F7FA002837DB4FF04513019375
:1093A00040F203230321204601AAADF80830D7F785
:1093B000E9FA002829DB0421204601AA8DF804508F
:1093C000D7F7E0FA002820DB1F230621204601AA58
:1093D000ADF80430D7F7D6FA002816DB03230521B1
:1093E000204601AA8DF80430D7F7CCFA00280CDB10
:1093F00040F6D66398420CD984F31188BFF36F8F7F
:109400000423184602DF6FF00B000446204605B027
:1094100030BD2046F9E700BF299202000149024809
:1094200012F058BBBC6D0120B0600020094B93F8CE
:109430004A30042B02D1810709D47047022B02D194
:10944000020704D47047082B03D1830601D5FFF728
:10945000E5BF7047FD76012010B403460A46034875
:1094600081680C681946234610BC1847E8DD0300E4
:1094700070B5334C94F84A30EBB194F84A30042B71
:109480003AD120783E2828D1A678B31E5E425E41AC
:10949000637802334A2B3DD8002200233146F7F788
:1094A000EFF80546D8B9BEB1002384F84A30BDE8CC
:1094B0007040FFF7B3BF4FF0FF304FF0FF31FFF7C1
:1094C000A5FE48B9204604F14A0100F023FB0546F9
:1094D000FFF7A4FE002DD0D070BD0026D8E762783B
:1094E0000232174905F10C000CF0C3F9154B29465F
:1094F0001B6815489847D7E7022B14D10022002398
:109500000820F7F79BF805460028E5D0628804326A
:109510004A2AE6D9002383F31188BFF36F8F04230F
:10952000184602DFC0E7082BBED10022002320200E
:10953000F7F784F8628805460028E8D1CCE700BF39
:10954000FD760120B86D01203CDE03002DE9F341DA
:10955000A24C07462678002E40F0D88204238DF8CE
:1095600007309F4B0588D3F80080B8F1000F1AD15F
:10957000B5F5105F4FEA952310D2002B00F0BA82A8
:10958000013B072B00F2B682DFE813F02A00B40299
:1095900050009100B402B402B402CF003F2B00F09F
:1095A000DF81012017E20DF106030DF10702611CB6
:1095B000C0470128DCD09DF8063013B9012840F0DF
:1095C0009B820F2363700423A3700123E070237137
:1095D000A4F8055001230020237002B0BDE8F081FB
:1095E000384640F2064230F9033B934205D040F240
:1095F0001D42934217D0012001E0DBF767FA42F2E7
:1096000019039D4200F2668242F20C039D4200F271
:10961000558240F206439D4200F04B8240F21D43CA
:109620009D4219D145E2DBF705FBE8E7384640F6F5
:10963000634230F9033B93422DD00FDC40F60342E6
:1096400093421CD040F62D4293421BD040F601427B
:109650009342D0D1D7F732FB01262AE240F67B4273
:1096600093421BD040F67C429342C4D19DF8073010
:109670005C4902338DF80730E9F78CFAECE7E6F73E
:10968000CFFFE9E79DF80730564903338DF80730DF
:10969000E8F71BFFE0E7D7F723FBDDE79DF807308E
:1096A000504904338DF80730E9F751FAD4E73B8885
:1096B000A3F58053013B082B00F2EF81DFE813F0A4
:1096C000090012001C00ED01ED01ED01ED01ED01BD
:1096D0002C009DF80730434808338DF80730E8F731
:1096E000E2FEB9E79DF807303E4840338DF8073079
:1096F00010F01FFF0020AFE700229DF8073008336D
:109700008DF80730374B1A605A60E37A23F0600314
:1097100043F06003E372EDE79DF80730314806330C
:109720008DF80730E8F71EFF96E7384630F8033B20
:10973000A3F50053013B4D2B00F2AD81DFE813F0A0
:10974000540061006A00AB0173007600AB01790040
:109750007C007F008200850088008B00AB01AB019C
:10976000AB01AB018E009100AB0194009700A0000B
:10977000A900AC00B500BE00AB01AB01AB01AB0171
:10978000AB01C800AB01D100AB01AB01D400D700E5
:10979000DA00DD00AB01AB01E600E900EC00F5000A
:1097A000FE000101AB01AB01AB01AB01AB01AB01B1
:1097B000AB01AB01AB01AB01AB01AB01AB01AB0149
:1097C000AB01AB01AB01AB01AB01AB01AB01AB0139
:1097D000AB01AB010401AB01AB010D0148770120E6
:1097E000CC6D01204F770120D7F784FA42F2640351
:1097F0009D4200F05E8142F264039D4200F2EB80E4
:10980000FDE69DF80730B14803338DF80730DBF7EC
:1098100053F9EBE79DF80730AC4808338DF8073073
:10982000E9F7A2F8E2E7E8F7BAFEDFE7DBF762FF65
:10983000DCE7E9F726F9D9E7E9F7FEF8D6E7E9F733
:1098400045F9D3E7DBF7D2FAD0E7E8F77EFFCDE7BB
:10985000DBF788FDCAE7DBF7EBFDC7E7E8F797FF23
:10986000C4E7E9F71BF8C1E7E9F76EF8BEE79DF832
:109870000730964910338DF80730E8F752FEB5E708
:109880009DF80730914808338DF80730E8F717FE48
:10989000ACE7E9F7B1F8A9E79DF807308B49023347
:1098A0008DF80730E9F733F9A0E79DF807308749CD
:1098B00002338DF80730E9F73BF997E79DF8073059
:1098C000002008338DF80730FF23E371E3728DE742
:1098D0009DF807307D4902338DF80730E8F76FFEB9
:1098E00084E7DBF763F981E7E8F775FD7EE7E8F7E2
:1098F00095FD7BE7E8F7C5FD78E79DF807307348ED
:1099000001338DF80730E8F7CAFD6FE7E8F7A9FDE6
:109910006CE7E8F79DFD69E79DF807306B48083371
:109920008DF80730E8F77FFE60E79DF8073067495C
:1099300004338DF80730E8F79EFE57E7DBF74EF962
:1099400054E7E8F7D7FE51E79DF807305F48023348
:109950008DF80730E8F7D4FD48E7E8F775FE45E7EE
:1099600038464FF60B4230F8033B934211D8B3F51B
:109970007C4F7FF616AEA3F57C43013B0A2B00F229
:109980008C80DFE803F020348A8A8A5B8A8A495215
:109990005E0003F2FD2292B2182A3FF602AEA3F552
:1099A0007D43033B182B78D8DFE803F054775777D3
:1099B00077775A77775D6377777777607766776FB2
:1099C0007777777772009DF8073040480C338DF831
:1099D0000730E6F73CFE42F285039D4200F28480A8
:1099E00042F267039D425AD842F2660318E600200D
:1099F0009DF8073040338DF80730344B1880E379F9
:109A000023F0230343F02303E371237A23F00703B6
:109A100043F007032372DEE79DF807302B48173326
:109A20008DF80730E6F72EFED5E79DF8073027487A
:109A300020338DF80730E6F749FECCE7E6F720FE45
:109A4000C9E79DF80730214801338DF80730E6F764
:109A50005AFEC0E7E9F714F9BDE7DBF7BBFEBAE74A
:109A6000E6F767FEB7E7E9F7F4F8B4E7DBF7BAFE25
:109A7000B1E7E6F762FEAEE79DF80730134904331D
:109A80008DF80730E6F75FFEA5E7DBF7B3FEA2E748
:109A9000DBF7BCFE9FE70120A8E60120ABE6A5F5B9
:109AA0000153283B0A4A9BB222FA03F3DB077FF5F6
:109AB000D3AD86F001068DF806607CE5A5F5005370
:109AC0000D3B41F241229BB2EEE700BF4F770120F0
:109AD0002F80402042F232039D42EAD0A5F5015387
:109AE000033B012BE5D9B7E54FF6025225F00803F9
:109AF000934296E50120AFE59DF807300E22A37052
:109B000001236270E370A580A07163E54FF0FF3020
:109B100063E500BF38B5094C0D4623781BB9BDE895
:109B20003840E6F7A3BFA278611C023213F0B5FEFD
:109B30000020042320702B7038BD00BF487701201F
:109B400070B505460E46084C204611F054FD38B15C
:109B5000A36829462046B2B21B68BDE8704018478A
:109B60006FF0120070BD00BFE8DD03004FF400711C
:109B7000014802F023BE00BF907701201FB50024EA
:109B80000A2201940294CDF80B400091014601A8ED
:109B900013F0C1FE009A01A907480AF0BEF9074870
:109BA0000AF0BBF984F31188BFF36F8F03231846C3
:109BB00002DF04B010BD00BF86240400162204009A
:109BC000322337B50125ADF8043000231C21684647
:109BD000134A8DF80630ADF800508DF80230E6F7E4
:109BE00083FA0446C8B910F09CF980B2E4F736FF56
:109BF00029460C48ECF73AFB044670B901462A4660
:109C00008520F5F7FFFD2A462146E520F5F7FAFD08
:109C10002A4621468A20F5F7F5FD204603B030BDDF
:109C20007D9B0200D46D01200149024811F052BF12
:109C3000386E0120B06000200122054B05491A63EF
:109C4000A3F54323D3F818050860C3F81825704717
:109C500000E01050346E01200122044B5A63044B83
:109C60001A68044BC3F81825704700BF00E0105075
:109C7000346E012000B0045028B1022806D104201F
:109C8000034B1B681847024B1B68FBE7704700BF7C
:109C9000486E0120014B02201B681847486E0120C6
:109CA00028B1012807D100200349E4F7E7BD034BA1
:109CB00002201B6818477047799C0200486E0120FB
:109CC000014B186000207047486E012010B51D48F8
:109CD000D0E8AF3F23B9062904D8042926D839B1E2
:109CE000002010BD0729FBD1383801F0BDFBF7E794
:109CF00050F8203CA0F13804D3E900209047012817
:109D000008D0114B984203D00223606384F82C30B2
:109D10000E48E6E742F21073A362032384F82C3066
:109D200004F11C0384F821002363F1E700F8173CD9
:109D3000074BA0F11C0140F8103C3838007CECF7D0
:109D4000D6FACDE7846E01201F646602786E01208A
:109D5000FF3F420F01220021014811F008BE00BF61
:109D60004C6E0120014B5861704700BF4C6E0120C2
:109D700038B54FF0FF3105464FF0FF30FFF746FA98
:109D800029492A48E6F7F2F80446FFF747FA002C7B
:109D900046DB40F20113264C002223846369A5614F
:109DA0006433636242F21073A3626FF0730322772D
:109DB000636304F13805D5E8EF3FC5E8E12F0029DA
:109DC000F9D14FF0FF314FF0FF30FFF71FFA04F1E8
:109DD0001C01207CECF78BFAFFF720FA00232046C9
:109DE000144A01F075FB00282B4606DA0122D3E85D
:109DF000EF1FC3E8E02F0028F9D14FF0FF314FF0FB
:109E0000FF30FFF703FA207CECF753FAFFF706FA6E
:109E1000D5E8AF3F13B1064801F080FB606B38BD59
:109E20006FF00B00FBE700BF5C6E0120CD9C0200D1
:109E30004C6E01200E720B00064BD3F840231C2AF7
:109E400005D1D3F84403431E5842584170470020BF
:109E5000704700BF00C0FF0003689A070CD5036875
:109E6000DB070DD50922074BC3F80C250F22C3F8D9
:109E7000042501221A60FEE7034B0360EF3B0360F9
:109E8000704700BF00801050F000FA5008B5012361
:109E9000404A4148C2F80038404AD2F840231C2AC0
:109EA00004BF3F4AC2F80C34FFF7D6FF0830FFF773
:109EB000D3FF0830FFF7D0FF0830FFF7CDFF00F5E4
:109EC000F470FFF7C9FF374AD2F88C3043F440638F
:109ED000C2F88C300022D30003F57F0303F5404322
:109EE000D3F8001401310AD0D3F8001439B1D3F8F3
:109EF00000140132D3F80434402A0B60EBD1254B17
:109F0000D3F84024002A41D0FFF796FF48B1234BF5
:109F1000D3F83423244B9A429EBF1E4B234AC3F8E6
:109F20004026FFF789FF18B1214B224AC3F8AC271E
:109F3000FFF782FF48B13422164BC3F82426D3F82A
:109F40003C2622F40022C3F83C261B4B1549D3F8CB
:109F50000026D20744BF6FF00102C3F80026174B5A
:109F6000D3F8182522F00302C3F81825D3F81825D2
:109F700042F00302C3F81825D1F88C2042F4406265
:109F8000C1F88C200022C3F8A02508BDC822C3F860
:109F90004024B9E70000125000C50D5000C0FF007A
:109FA0000030055000ED00E0001D0A1840E0A91E39
:109FB00000A0085078000A0400E0105000B00450DF
:109FC000036803F01F025F2B02604FEA53129ABF2F
:109FD000024B53F822000020704700BFFCF9030039
:109FE000034A4309D35C00F01F001844C0B2704715
:109FF00093260400F0B50646002487B0114F019166
:10A0000017F8012B06AB03EBD20313F8143C02F054
:10A010000702D34013F0010306D10134032CEFD122
:10A020000023184607B0F0BD074A03AD07CA85E80C
:10A03000070055F824100A6A46F824200A62002A0C
:10A04000EBD0EEE7A326040000EA0300F7B50446D0
:10A050000846FFF7C5FF04EB4006B38A0D46DB0751
:10A060002AD5204610F01CFC2946204610F089FB1A
:10A0700050B1204610F09BFB0023276807EB8000BF
:10A08000C0F81035C0F810352946204610F0B8FB4E
:10A09000002101A8B1820195FFF792FF019B00EB1F
:10A0A0008300D0F88020064B134043F00203C0F831
:10A0B0008030084603B0F0BD6FF01500FAE700BF2E
:10A0C000F0F0FCFF2DE9F043044685B00846154644
:10A0D0001F46FFF785FF0E46804625B3204610F049
:10A0E0005BFB18B9204610F04CFB18BB04EB480989
:10A0F000B9F8143003F01C0313B16B78012B19D09D
:10A1000001238DF80F3000233046CDE900536A1C3F
:10A11000AB1C0DF10F0110F0DCFAB9F8143043F06C
:10A120000303A9F81430002F3ED03146204610F02A
:10A1300033FB20B96FF0150005B0BDE8F0830022B5
:10A14000397823684FEA810C03EB8103C3F81025AB
:10A15000C3F8102504EB4802938A23F4604323F0EC
:10A16000200393827D78FDB12468B8786444D4F8E4
:10A1700010750E4B2D043B40C4F8103541F6F073BA
:10A1800005F4403503EA06130005D4F810752B4397
:10A1900000F4801003433B43C4F81035938A43EA2C
:10A1A000413343F0200393820020C5E70FE0ECFF2A
:10A1B00070B590F87440054690F8756044BB46222F
:10A1C0002146143013F076FB2146134A2B6852F8CF
:10A1D00036608E4212D1002440F20D10C3F8444183
:10A1E000D3F844210D4A934208BFDB20F5F7E8FA83
:10A1F0000123204685F874302B6670BDCAB29200E8
:10A2000002F58070442A04BF1C501A580131E0E75F
:10A210006FF07700F1E700BF08FA030000A00D50CF
:10A2200090F87500024B03EB800010F039BA00BFC4
:10A23000D021002010B5064B90F875000C4603EBBA
:10A24000800010F013FA0028A4BF2070002010BD79
:10A25000D02100202DE9F04F804658F804BB90F83B
:10A260007540DBF814136A4BC9B253F83420074623
:10A270008BB0584641F4003110F0EBFA82030546EA
:10A2800039D50023CDE907330993614BE60003EB91
:10A29000C404636807A819460093FFF7ABFE331D9B
:10A2A00003934FF0000A5B4B0DF11C090293029AD5
:10A2B000574912F8013B0292039A02EBD3028A5CDF
:10A2C00003F0070322FA03F3DB071AD40AF1010AA9
:10A2D000BAF1030F09F10409E9D14FF4003100226A
:10A2E000584610F0B6FA009907A8FFF783FE002839
:10A2F000D7D125F400350124002D73D10BB0BDE872
:10A30000F08F454B53440493D9F80060002EDDD004
:10A3100096FAA6F6B6FA86F6049B1C7846EA44142A
:10A320002046FFF75DFE07EB4000818AF208C1F38B
:10A33000820305930193012319F8020006F0070632
:10A3400003FA06F620EA060009F8020006A80694B9
:10A35000FFF736FE069A11F0100F02F1200250F8B6
:10A360002260059BC6F3014623D04046019A214650
:10A3700010F027FA06A80694FFF722FE069BF6B215
:10A38000203350F82330C3F301439E4207D100210C
:10A39000204610F0E7F93146204610F0E3F906A810
:10A3A0000694FFF70DFE0122069B02FA03F30362F7
:10A3B000AAE7022E14BF022103212046059310F0C4
:10A3C000D1F9059B032B03D0022E07D1012BE6D137
:10A3D00021464046019A10F0F4F9E0E7032EDED161
:10A3E000022BF4E795FAA5F3B3FA83F304FA03F228
:10A3F00025EA020503F5A2725BF8222007EB43036E
:10A400004046B3F86410C2F3014210F0DAF973E782
:10A4100008FA0300A3260400A32604000123034A2C
:10A4200003FA00F093680343936070478813002099
:10A4300073B504460191EFF31186402383F312882C
:10A44000BFF36F8F0B4D019B6A6801A81340019306
:10A4500010F00CF9002807DB01226B68824023EA28
:10A4600002036B602070002086F31188BFF36F8FAA
:10A4700002B070BD881300204FF0FF326FF04043F0
:10A4800030B5044CD4E90001824273EB0105F9D3E5
:10A4900030BD00BF40270E5030B50C25074B1C18AF
:10A4A00094F8544005FB0433C3E9031218750123E3
:10A4B000034A8340C2F8243330BD00BF8813002014
:10A4C00000200E50F8B53E4C2278002A72D13D4B48
:10A4D000D3F8101521F00201C3F81015D3F81015A8
:10A4E00041F00101C3F810150521C3F8A416042199
:10A4F000C3F8AC160723672101F001000244013BB9
:10A50000D2B24FEA5101F7D1052A56D119464FF080
:10A51000010C2B4E00256720CFB204E00CFA02F2AA
:10A5200020EA0200013590FAA0F25FFA85FEBE45EE
:10A53000B2FA82F2F2D3013132750529224482F84F
:10A54000547006F10C06E5D1012100251E489A0839
:10A5500001FA02F212F0670F18BF1D500433302BBE
:10A56000F5D1E420F5F72CF9164B1849D3F810254E
:10A5700003F5C07322F00202C3F8902340F6FF7285
:10A58000C3F8A82100221A60A3F5807004338B421F
:10A590000260F8D101250B4B0D4A1D660D4B5D2065
:10A5A0001B68B3FBF2F358430B4B2B439847002037
:10A5B0002570F8BD6FF07700FBE76FF08B00F8E7D0
:10A5C0008813002000200E5000210E50B0210E50A4
:10A5D00040420F00CC21002040EF030038B5244B4F
:10A5E0000D46D3F8102594073CD4D3F8102542F03B
:10A5F0000202C3F81025C0B1D3F8482712F00102B7
:10A6000002BFD3F8481741F00101C3F84817184BAF
:10A61000D3F84017D3F844174800F9D42AB9D3F82F
:10A62000482722F00102C3F84827124B124A1B6840
:10A63000B3FBF2F30E4A03EB4313B3B1D2F8401766
:10A64000D2F8441749000BD44FF0FF312846FFF7EA
:10A65000EFFE044610B92878FFF7E0FE204638BD2B
:10A66000013BEAE76FF07704F8E76FF07304F5E772
:10A6700000200E50CC21002040420F0070B51E4635
:10A680001546174A9DF81010131893F854300C33E0
:10A6900002EBC30442F833506660C6F313020401B0
:10A6A000A1B104F1A04404F56224C4F82055C4F813
:10A6B00024250C4C80000444236833B1FFF7DCFEF2
:10A6C000A842B14101D20023236070BD04F1A04330
:10A6D00003F56223C3F82055C3F82425F5E700BF2E
:10A6E0008813002000210E50F0B50E4D2B1893F862
:10A6F000543000010C3355F8334005EBC3077E6836
:10A70000641800F1A04021F0004146F1000641EA42
:10A71000C27100F5622045F833407E60C0F828150C
:10A72000F0BD00BF88130020F7B5284B284CD3F8A4
:10A730002C6304F188070EB903B0F0BD96FAA6F0B9
:10A740000123B0FA80F08340DA43224926EA030667
:10A75000231893F85450830019440C2303FB05433A
:10A76000DB6873B3D7E8EF3F03EA020CC7E8EECF2C
:10A77000BEF1000FF6D1C340DB0719D5020102F18B
:10A78000A04202F56222D2F82435D2F82025D1F871
:10A7900000C0BCF1000FCED04FF0000CC1F800C0DB
:10A7A0000C2101FB054529690091E9688847C2E74A
:10A7B00005F10C0304EBC30C54F83320DCF804302F
:10A7C000E5E70A68002AB6D00B60B4E700200E5017
:10A7D0008813002000210E50044B40EA0120C3F8EA
:10A7E0000005D3F80024D207FBD5704700B0045011
:10A7F0000368034A01F5C07143F82120704700BF88
:10A800003546526E037C5BB10368074AC3F82025C6
:10A81000012203685A6003680020C3F820057047CE
:10A820004FF0FF30704700BF3546526E10B510F044
:10A8300041FA10F040FAECF70FFE044CECF716FE6C
:10A840000CB1AFF3008010F037FAF7E7000000001A
:10A8500008B5024910F04AFA08BD00BFA52404005B
:10A8600000214FF47A72054B0548C3E90112054AED
:10A8700005491A60054A0AF02DBF00BF886E012005
:10A88000D821002020FA030069AD0300546801209C
:10A8900002460B46014800F0F3BC00BFD82500205B
:10A8A000014800F05FBD00BFD825002070B586B01C
:10A8B0000C4615461E46ADF8140011F095F9B0B9D6
:10A8C0004FF0FF304FF0FF31FFF7E2FF0B9B2246C6
:10A8D00002930A9B0599CDE9006306482B4610F0C8
:10A8E00012FC0446FFF7DCFF204606B070BD0124D1
:10A8F000FAE700BF1814002010B5044611F074F9EF
:10A9000070B94FF0FF304FF0FF31FFF7C1FF214624
:10A91000044810F0C6FC0446FFF7C2FF204610BDF5
:10A920000124FBE71814002010B5044611F05CF96F
:10A9300070B94FF0FF304FF0FF31FFF7A9FF21460C
:10A94000044810F069FD0446FFF7AAFF204610BD39
:10A950000124FBE71814002010B5044611F044F957
:10A9600070B94FF0FF304FF0FF31FFF791FF2146F4
:10A97000044810F0E2FB0446FFF792FF204610BDAA
:10A980000124FBE718140020042270B50124ADF562
:10A990003E7DADF8182006222C4BADF828201C7007
:10A9A0002B4B0522059309930D9311930723ADF8C3
:10A9B0004830284B14ADADF838200FCB85E80F0098
:10A9C00018AD2B4610212E468DF8104007948DF8B7
:10A9D00020400B948DF830400F948DF84040139434
:10A9E00001395C6203F12803FAD141F206434FF4C6
:10A9F00026722846ADF80C3012F05CFF10230122BD
:10AA000003AC013B6A6205F12805FAD1CDE9006388
:10AA10000522206804A9FFF749FF044620B9304603
:10AA2000FFF76AFF044650B1B378012B04D13046DA
:10AA3000FFF77AFF10B102E0022B03D020460DF59C
:10AA40003E7D70BD3046FFF787FFF3E79079012028
:10AA5000B0DD03000CEA0300034B1B780BB9FFF7D2
:10AA600093BF024B187870479079012091790120AB
:10AA700008B5FFF7F1FF074B187050B1002383F3BF
:10AA80001188BFF36F8F4FF00403184602DF6FF099
:10AA90000F0008BD9179012008B511F0A5F838B96B
:10AAA000044B186910F023FD003818BF012008BDC1
:10AAB0000020FCE7DC21002008B5054B186910F0E8
:10AAC00016FD20B11868BDE8084010F094BD08BD1F
:10AAD000DC21002037B5044611F086F8034640B16A
:10AAE00000220121144810F007FD4FF0FF3003B0A1
:10AAF00030BD114D286910F0FAFC024610B904214E
:10AB00002846F0E768688DF8073084B100220023FA
:10AB10000DF1070100F050FB0022044611460648E3
:10AB200010F0EAFC002CE0D19DF80700DFE70DF102
:10AB3000070110F015FEEFE7DC21002010B511F041
:10AB400053F8034630B1002201210B4810F0D4FC29
:10AB5000002010BD084C206910F0C9FC024610B955
:10AB600004212046F2E71A461946204610F0C4FC9C
:10AB70006368586AEDE700BFDC2100207FB50E4610
:10AB8000144611F031F8054638B100220121384849
:10AB900004B0BDE8704010F0AFBCB6F5E13FCDE9C0
:10ABA000000012D140F213439C420ED10123032630
:10ABB0002F4C8DF8053020688DF8066010F01BFDD5
:10ABC000024628B931462046E2E700220221DEE7AC
:10ABD00002A9206802954D6083681B69002B3DD057
:10ABE0009847021E3CDB029BB3F5E13F3DD1039940
:10ABF000019B994239D1A0684FF0FF324FF0FF33EB
:10AC000000F03EFB206910F072FC18BB606810F089
:10AC1000C0FD20688368CBB19B6CBBB1144A154959
:10AC2000984701222369D3E8EF1FC3E8E02F0028EB
:10AC3000F9D1206810F056FC002211460C4810F0A3
:10AC40005BFCA06810F056FC04B070BD6FF05702BA
:10AC50000521F3E72A4629462046F0E76FF0570220
:10AC60000521034810F048FCEEE70221F9E700BF98
:10AC7000DC2100201DB50300F8B506460F4610F094
:10AC8000B3FF054640B100220121134810F034FC07
:10AC9000012300207360F8BD0F4C206910F027FCE1
:10ACA000024610B904212046F0E7E0684FF0FF3279
:10ACB0004FF0FF3300F0E4FA2068836839465B68A0
:10ACC0009847E06810F016FC20462A46294610F006
:10ACD00013FC0120DFE700BFDC21002038B510F0B5
:10ACE00083FF044630B1002201210F48BDE83840FF
:10ACF00010F002BC0C4D286910F0F9FB024610B9A7
:10AD000004212846F2E74FF0FF324FF0FF330748A7
:10AD100000F0B6FAAE2010F052FC044810F0EAFB46
:10AD200022462146EDE700BFDC2100208C260020D2
:10AD300010B510F059FF30B1BDE8104000220121DC
:10AD40001C4810F0D9BB1B4CA0684FF0FF324FF0ED
:10AD5000FF3300F095FA206910F0C9FB024628B3D2
:10AD600020688368DB6A03B1984720688368A3B1D1
:10AD70009B6C93B100221146984700222369D3E8C7
:10AD8000EF1FC3E8E02F0028F9D1606810F001FD43
:10AD9000A068BDE8104010F0ADBB10F0A3FB6FF051
:10ADA00057020521034810F0A7FBF1E701462046B2
:10ADB000F9E700BFDC2100204FF47A720021034B39
:10ADC000C3E90112024A1A60704700BF986E012061
:10ADD000BCFA030038B5EFF31185402383F31288E2
:10ADE000BFF36F8F064B9C6810F018FC85F3118839
:10ADF000BFF36F8F2046BDE83840F4F791BD00BF28
:10AE0000B86E012038B50A4B53F82040013053F892
:10AE10002050A54200D838BD606830B1037EDB0702
:10AE200001D410F0D0FB0834F3E723689847FAE721
:10AE3000ECFA0300012270B52E4B86B003201A7085
:10AE4000FFF7E0FF11F0C4F82B4C2C4DAC4219D1A8
:10AE50000420FFF7D7FF2A4C2A4D2646AE4204F1C4
:10AE6000300415D300F0DEFF254CAC422CD300F0AB
:10AE7000EDFFFFF7DBFC244A938923F00103938164
:10AE800006B070BD54F8043B002BE1D09847DDE7D5
:10AE900054F80C3C059354F8103C049354F8143CBB
:10AEA000039354F8183C029354F81C3C019354F853
:10AEB000203C009354E90A2354E90C0100F0BAFD48
:10AEC00054F8303C5E65C8E7D4E90A23B3F1FF3F8C
:10AED00008BFB2F1FF3F05D052EA0301206803D159
:10AEE00010F048FF3034C0E70849183001F0E6F9A7
:10AEF000F8E700BF92790120A8E70300B8E7030054
:10AF0000ECE60300ECE60300E0610020B1BC0300C6
:10AF1000882370B5134E012203FB0066002386B020
:10AF2000CDE904230F220193CDE9023214234FF41B
:10AF3000A0720D4D0D4903FB0055044602FB0011A4
:10AF40000B4B3046009500F075FD337C2C7423F0DC
:10AF500004033374074B013403EBC423EE606B60CE
:10AF600006B070BD58610020B86E0120B80D0220F7
:10AF700023B70300B80502207FB50020FFF742FF8A
:10AF8000284B03F5006282F3088883F30A88E023E4
:10AF9000254C002584F822302023E377257665763A
:10AFA000A57684F82050636A43F4E023636284F852
:10AFB0002350F4F771FBF4F79DFC4FF0FF33A362CD
:10AFC000E362F4F77FFEF4F719FD184800F09CFDEA
:10AFD0000120FFF717FF0220154CFFF713FF00F0C9
:10AFE0005FFF144B4FF400525C61134B1349059300
:10AFF00001232046CDE90353CDE90155104B0095BF
:10B0000000F018FD0646237C204623F00403237439
:10B0100010F02BFE2846FFF77BFF31462046084AFA
:10B02000F4F748FCB805022000ED00E010630020B2
:10B03000E0610020B86E0120A8240400F80E022070
:10B0400035AE020038B5064C064DAC4201D30020A7
:10B0500038BD2046D4E9011210F0E3FA1834F4E7C1
:10B06000702500208825002038B5074C074DAC42DC
:10B0700001D3002038BD204610F0F9FA08B9203479
:10B08000F5E76FF01500F5E7F024002070250020AB
:10B0900073B50C46EFF31181402585F31288BFF399
:10B0A0006F8F05695DB125602B680361C36901334A
:10B0B000C361002081F31188BFF36F8F11E052EA62
:10B0C000030603D16FF00B002560F3E7CDE9002301
:10B0D0000246083000F004FE18B9034B9B685B6918
:10B0E000236002B070BD00BFB86E0120F7B50D46F9
:10B0F00004469DF82010EFF31187402080F312885A
:10B10000BFF36F8F666A2069864240D22668B442D8
:10B110001AD0CEB1304610F00FFB06F1180010F037
:10B12000B7FE29460025E268706912F0B6FB30468A
:10B13000C6F8805010F099FD04F10800394610F06F
:10B14000C7FD284603B0F0BDE268A9B12946206AD0
:10B1500012F0A3FB236AE2681344A26923629342BC
:10B1600001D1636923620020636A0133636287F35C
:10B170001188BFF36F8FE5E7E0696369294698425C
:10B1800008BFA069801AE06112F087FBEBE752EA82
:10B1900003010BD0074904F1080089684D61CDE92E
:10B1A00000233946224600F09BFDCBE76FF02200DA
:10B1B000DDE700BFB86E0120F7B504460846EFF39F
:10B1C0001186402181F31288BFF36F8F616A0029D5
:10B1D0003BD0E268E16912F060FBE369E268256850
:10B1E0001344A269E361934204BF6369E361636A44
:10B1F000AC4203F1FF33636236D02846002D34D0D1
:10B20000002710F099FA05F1180010F041FE696965
:10B21000E268206A12F041FB236AE2682846134480
:10B22000A2692362934204BF63692362636A0133A4
:10B230006362C5F8807010F018FD04F10800314613
:10B2400010F046FD384603B0F0BD52EA030111D0BC
:10B250000A4989684861CDE900233146224604F154
:10B26000080000F03DFDEEE7002086F31188BFF3F3
:10B270006F8FE8E76FF02200F7E700BFB86E01209C
:10B280002DE9F341044617461E46EFF3118840238B
:10B2900083F31288BFF36F8F304BC2689B6872B123
:10B2A0008068984217D057EA060216D188F31188B1
:10B2B000BFF36F8F6FF00F0002B0BDE8F08193F91C
:10B2C0000E1001322161C4E9023288F31188BFF304
:10B2D0006F8F0020F0E72169F3E793F90E1090F9E2
:10B2E0000E30994230DA9942A8BF194610F08CFA14
:10B2F000054622464146CDE90076194800F0F0FCAB
:10B300000028E6D0EFF31186402383F31288BFF3C1
:10B310006F8FA068D0B1236821699C420AD04BB1DD
:10B3200093F90E309942A8BF19466FF07F039942F6
:10B33000B8BF194610F068FA40B13146084810F01D
:10B34000C7FC6FF00A00B7E70025D2E7002DF4D163
:10B3500086F31188BFF36F8FF3E700BFB86E01204B
:10B3600093790120F8B583680546002B40D0234A25
:10B37000926893423FD1C368012B03D9013BC3605C
:10B380000020F8BDEFF31187402383F31288BFF349
:10B390006F8F0169806810F037FA2C68A54207D1D9
:10B3A0000023C5E9023387F31188BFF36F8FE7E706
:10B3B000002CF5D0D4E90032002613605A60237CBB
:10B3C000C4E9006623F002032374A66004F11800A8
:10B3D00010F05EFDAC6094F90E3020462B61C4F88D
:10B3E000806010F042FC3946054810F071FCC7E758
:10B3F0006FF01500C5E74FF0FF30C2E7B86E0120CF
:10B400009379012037B5EFF31185402181F312883C
:10B41000BFF36F8F04689CB12368426823F0030375
:10B420009442036008BF43600121204610F071FA86
:10B43000044685F31188BFF36F8F204603B030BDFB
:10B4400052EA0301F5D0CDE90023294600F10C02B0
:10B45000083000F045FC0028EFD1024B9B685C6986
:10B46000EBE700BFB86E012070B5EFF31186402303
:10B4700083F31288BFF36F8F0468A0421BD0D4B14E
:10B48000D4E90032002513605A60237CC4E90055DA
:10B4900023F002032374A56004F1180010F0F8FCF7
:10B4A0002046C4F8805010F0E0FB3146BDE8704003
:10B4B000064810F00DBCD0E902329A4218BF0133A1
:10B4C000836086F31188BFF36F8F70BD947901207C
:10B4D00013B5EFF31181402484F31288BFF36F8F0B
:10B4E000846844B1013C846081F31188BFF36F8F9D
:10B4F000002002B010BD52EA030406D181F3118886
:10B50000BFF36F8F6FF00F00F3E7CDE90023024622
:10B51000014800F0E5FBECE79479012070B50546A1
:10B52000EFF31186402383F31288BFF36F8F00235C
:10B530002C68A54219D0C4B1D4E9003213605A6016
:10B540000023227CC4E9003322F002022274A360AB
:10B5500004F1180010F09CFC6FF00A032046C4F8B8
:10B56000803010F082FB0123E2E70022AA6023B9B9
:10B5700086F31188BFF36F8F70BD3146BDE8704010
:10B58000014810F0A5BB00BF9479012007B5074B17
:10B590004FF40062009306494FF0FF33054800F076
:10B5A0006DF9002003B05DF804FB00BF04FB03004D
:10B5B000F82E0220686200202DE9FF410446402752
:10B5C000534EEFF3118887F31288BFF36F8FD4F8CF
:10B5D0008C50F5B9022104F1A40010F0D4F9002830
:10B5E00070D004F19C0500220121284610F0E2FBF6
:10B5F0000028F8D100234FF0FF3202934FF0FF33C1
:10B600004146CDE90023434804F1940200F096FD41
:10B61000D7E7D4F890202B689542C4F88C3008BF47
:10B62000C4F89030D4F8A43043F00203C4F8A43036
:10B63000EB6823F0040343F00103EB606B6888F3CD
:10B640001188BFF36F8F28469847EFF3118887F36F
:10B650001288BFF36F8FEB68D80623F001023ED447
:10B66000EA60EB689A0717D5306823F00203EB60B5
:10B6700090B10021036878B1426895423DD10368DA
:10B68000002934D172683360904200D17360002386
:10B6900040F8083BFFF7E8FED4F8A43023F002039B
:10B6A000C4F8A430DB0530D4D4F88C30003B18BF8C
:10B6B000012388F31188BFF36F8F002B81D000F036
:10B6C0001BFC7EE7D4F8A430D90693D5C4F8A400B7
:10B6D00088F31188BFF36F8F04B0BDE8F08123F0C9
:10B6E0001103EB6005F11000FFF7BEFEB9E70B6038
:10B6F0007368984208BF7160C9E701461BB11A68B8
:10B7000018461346B7E71A46FAE70023D1E700BF09
:10B71000D86E01209579012070B5C3680546C3F342
:10B7200040069B070C460DD50122002104F10800BC
:10B7300010F01DF900232360054B65605A681AB9A3
:10B74000C3E90044304670BD14605C60FAE700BF96
:10B75000D86E0120F8B5C36804469A070E46C3F3B5
:10B76000400542D45F0742D40B680BB983680B6075
:10B77000E368D80742BFA36802253360376858BF23
:10B78000012557B31B4B9A68D7F888309A421ED1CF
:10B7900010F02AFA80F00100C0B2D7F8A430D9071F
:10B7A000C3F380021CD5F2B1F8B100232360D7F8AF
:10B7B000903073B9C7E92344384610F0FFF8E368C6
:10B7C00043F00403E3603368A3602846F8BD00201B
:10B7D000E3E71C60C7F89040EEE76FF0150506E060
:10B7E0006FF0120503E01B07DFD56FF00F05002394
:10B7F0003360EAE7B86E0120F8B5C368064603F087
:10B800000503002B0C4614BF012700271CD08568B8
:10B810000122002104F1100010F0A9F8204613497C
:10B8200010F02DF9E36843F01003E360F3685B0761
:10B8300012D5336823606BB9D5F8903033B9C5E9B8
:10B840002344284610F0BAF83846F8BD1C60C5F805
:10B850009040F6E73460F4E7D5F88C302360D5F8F3
:10B860009030C5F88C40002BEBD1F0E79DB9030078
:10B870000146014810F02EB968620020F0B5044678
:10B88000002089B00E9DC4E9230004F19400C4E9AE
:10B89000250004F19C00C4E9270055B3287900284D
:10B8A00040F2011008BF0120C4F8A40000204FF0AE
:10B8B000FF364FF0FF37CDE90330CDE90100CDE988
:10B8C000066720460C4B009400F0F2F855B1296849
:10B8D00011B1204610F08EF96B791BB1A38943F0AA
:10B8E0000103A381204610F045FAC4F8884009B04E
:10B8F000F0BD0120D8E700BFB9B5020037B501900F
:10B900000846EFF31184402181F31288BFF36F8F53
:10B91000C16811F01E0F16D153EA020508D101A922
:10B92000FFF718FF84F31188BFF36F8F03B030BDAA
:10B9300041F00801C160019910308161034900F0B4
:10B94000BDFC0120EEE70020ECE700BF31BA0300A8
:10B9500001460148FFF7D2BF68620020F7B50C46E8
:10B9600016461D460190EFF31187402383F312889A
:10B97000BFF36F8F084610F012F855EA060309D19D
:10B98000204601A9FFF7E6FE87F31188BFF36F8F0A
:10B9900003B0F0BDE368324643F00803E360019B67
:10B9A0000449A36204F110002B4600F087FC01203B
:10B9B000EAE700BF31BA030001460148FFF7CEBFF6
:10B9C000686200202DE9F0410546EFF3118740231E
:10B9D00083F31288BFF36F8F0468A0421BD0D4B1E9
:10B9E0000026204610F0F3F804F1180010F050FA89
:10B9F000B0462046C4F8808010F037F92C68013634
:10BA0000A54210D07CB1204610F0E1F804F11800F6
:10BA100010F03EFAEDE787F31188BFF36F8F002631
:10BA20003046BDE8F0813946014810F051F9F7E79A
:10BA3000967901202DE9F043984685B000F158032E
:10BA4000C0E91633109B002683810423073222F0BD
:10BA5000070503740F9B01EB05090F4683734946E5
:10BA6000C0E906668660C6730446F3F713FC0E9BB6
:10BA7000073020F007002067C4E91A7502930D9B78
:10BA8000A9EB000901930C9B4A46009339464346B3
:10BA90002046F3F7F3FE054B66659B6803B15B6FC9
:10BAA0004846636705B0BDE8F08300BFB86E01206B
:10BAB000F0B5002587B00595109DDDE91276049557
:10BAC0000F9D044603950E9D02950D9D01950C9DBD
:10BAD0000095FFF7AFFFB6F1FF3F08BFB7F1FF3F9B
:10BAE00005D056EA070305D1204610F043F9204659
:10BAF00007B0F0BD3A46334604F11800014900F0A2
:10BB0000DDFBF4E7B1BC0300012310B503748381AE
:10BB100000230446C0E91A3300F0F0FC014B9C609E
:10BB200010BD00BFB86E01206FF00A01094A93688A
:10BB3000C3F880100849D8674B6843F080534B60C6
:10BB4000002383F31188BFF36F8F9368D3F88000CD
:10BB5000704700BFB86E012000ED00E070B590F9AD
:10BB60001020037C002A2FDBD9062DD11A4C63F05C
:10BB70007F032246037452F8183FE169934207D1CC
:10BB8000C0E900210860E0610FE09942F8D01B682D
:10BB9000002BF5D093F90E6090F90E50AE42F4DD13
:10BBA0005968C0E9003108605860A569954200D025
:10BBB00005B9E568A3681A7CD20606D1DA897F2A1E
:10BBC00003D9AA690AB9636170BDAB4202D02846A5
:10BBD00000F0F6FA6561F7E7B86E012038B590F924
:10BBE00010200146002A037C04DA03F07F0303746B
:10BBF00010F003F80D4D2A4652F8184FAB689442E6
:10BC000000D004B9EC688B4207D01A7CD20604D16C
:10BC1000DA897F2A01D9A2692AB1A34202D020463B
:10BC200000F0CEFA23466B6138BD00BFB86E01202C
:10BC3000B3F1FF3F08BFB2F1FF3F03D00249183014
:10BC400000F03CBB704700BFB1BC0300034648B9DD
:10BC5000EFF3058232B9064A51699268914201D0E8
:10BC6000FFF762BF83F31188BFF36F8F704700BF88
:10BC7000B86E012038B5184CA168E0690B688142A4
:10BC800014BF1A46002249680B605960A368E16935
:10BC90002AB9124AC3E900210B60E3610AE092F974
:10BCA0000E5093F90E00854212DD5168C3E9002160
:10BCB0000B605360A569094B9D4200D005B9E5684A
:10BCC000A3689D4202D0284600F07AFA656138BD2B
:10BCD0008A42DED01268DBE7B86E0120D06E012008
:10BCE000F8B5DDE906670D4B0C46986811460C4A1D
:10BCF0001060EFF31182402282F31288BFF36F8F3E
:10BD00009D6828460FF08BFF284632463B46FFF7DA
:10BD10008FFF2046BDE8F840FFF706BFB86E012050
:10BD2000E06E0120F8B50446EFF31187402383F35A
:10BD30001288BFF36F8F037C49B203F01F02002A01
:10BD40000CBF0126002635D103F07F032A4D037472
:10BD50000FF053FF2A46037C817363F07F03037463
:10BD600052F8183FE869934207D1C4E90020046003
:10BD7000EC610DE09842F8D01B68002BF5D093F9E8
:10BD80000EC08C45F6DD5968C4E900310C605C607A
:10BD9000AC69944200D004B9EC68AB689C4202D014
:10BDA000204600F00DFA6C6187F31188BFF36F8FA6
:10BDB0003046F8BD9B071CD585680FF01EFF8173C8
:10BDC0002B689D4209D16B68C4E900531C606C600C
:10BDD000EAE76A689A42F6D01B68002BF3D093F921
:10BDE0000E208A42F5DD5A68C4E9003214605C60B6
:10BDF000DAE78173D8E700BFB86E0120034648B97F
:10BE0000EFF3058232B9064A51699268914201D036
:10BE1000FFF78ABE83F31188BFF36F8F704700BFAF
:10BE2000B86E0120EFF31181402383F31288BFF332
:10BE30006F8F054B9A68D37B013BD37381F31188D5
:10BE4000BFF36F8F704700BFB86E012070B5EFF37E
:10BE50001186402383F31288BFF36F8F0F4DAB68B9
:10BE6000DA7B0132DA732A4652F8184F944200D036
:10BE700004B9EC681A7CD20604D1DA897F2A01D988
:10BE8000A2692AB19C4202D0204600F099F92346CB
:10BE90006B613046BDE87040FFF7D8BEB86E012038
:10BEA000024B03F11802C3E906227047B86E012065
:10BEB00010B5EFF31184402383F31288BFF36F8F23
:10BEC00084F31188BFF36F8F084B1B780BB90020E8
:10BED00010BD0FF089FE0028F9D1002CF7D1044BDA
:10BEE0009868044BC01A18BF0120F1E7927901202D
:10BEF000B86E01205861002070B5EFF31186402321
:10BF000083F31288BFF36F8F1A4CA168E0690B6846
:10BF1000814214BF1A46002249680B605960A36829
:10BF2000E1692AB9144AC3E900210B60E3610AE020
:10BF300092F90E5093F90E00854216DD5168C3E95F
:10BF400000210B605360A5690B4B9D4200D005B9E1
:10BF5000E568A3689D4202D0284600F031F965618A
:10BF60003046BDE87040FFF7DFBD8A42DAD0126884
:10BF7000D7E700BFB86E0120D06E0120F8B550EAB7
:10BF8000010306460C4603D1FFF7B6FF0020F8BDBB
:10BF9000EFF31187402383F31288BFF36F8F124DA5
:10BFA000124BA8681860FFF719FEA86823463246AE
:10BFB0000F49183000F082F9AA680446137C38460D
:10BFC00043F004031374FFF7AFFDAB68D3E90A2312
:10BFD000B3F1004F08BF002AD8D10FF08EFF201A0E
:10BFE00020EAE070D3E700BFB86E0120E06E0120C8
:10BFF000B1BC0300014B9868704700BFB86E0120C8
:10C000002DE9F84304468789EFF31186402383F333
:10C010001288BFF36F8F037C190705D586F311884B
:10C02000BFF36F8FBDE8F883D90943F008026FD1E1
:10C030000274A36813B120460FF0E7FD04F1180065
:10C040000FF026FFA56D04F15808A84511D04FF058
:10C05000000975B128460FF0D8FD05F118000FF062
:10C0600017FF2846C5F88090FFF778FDA56DA84515
:10C07000EFD1DFF8BC80D8F808309C4250D1EFF304
:10C080000589B9F1000918BF4FF00109D8F8185017
:10C09000284A954200D00DB9D8F80C50AB4202D0D6
:10C0A000284600F08DF82046C8F8145009F01FFB10
:10C0B000B9F1000F02D02048FFF726FDD8F808306C
:10C0C0009C4230D1EFF305836BBBA289D20711D517
:10C0D00086F31188BFF36F8F83F31188BFF36F8FDF
:10C0E0000423184602DFEFF31186402383F31288FE
:10C0F000BFF36F8F3046FFF717FDFB0792D5002384
:10C1000083F31188BFF36F8F0423184602DF89E79A
:10C1100003F07F0343F0080303740FF06EFD88E71C
:10C120004FF00009B2E786F31188BFF36F8FE4E7A1
:10C13000B86E0120D06E012010630020D3B5DDE978
:10C140000667089CCDE90067FFF7CAFD1CB1034BE9
:10C150009B685B69236002B0D0BD00BFB86E012050
:10C16000027C034612F01F0210D10A4988420DD00A
:10C170000949086868B1D9897F2909D893F90E203F
:10C18000064B1B689A42B8BF0020704700207047DA
:10C190001046704758610020F8210020E46E01200D
:10C1A0000122044BC01A044BC0105843034B1A54CD
:10C1B000704700BF98630020ABAAAAAA9779012014
:10C1C00070B50C4B0C4D1E7CFFF7CAFF182303FB08
:10C1D0000655044628460FF05BFE0022074B9A5591
:10C1E0003CB1621E2846BDE870400549D31700F0F7
:10C1F00065B870BDB86E0120986300209779012062
:10C20000A1C1020038B5EFF31185402383F31288F2
:10C21000BFF36F8F0F4B104A9C681068A04206D185
:10C22000FFF7CEFF85F31188BFF36F8F38BD002174
:10C230001B7C1160094AD35C002BF3D02046FFF72A
:10C240008FFF0028EED0237CDB0601D1FFF712FD23
:10C250002046E5E7B86E0120E06E012097790120C5
:10C26000024B1868984208BF00207047FC2100204C
:10C27000034B1B680BB9FCF7F9BE0020704700BFE9
:10C28000E86E012030B570B10B4B5B6898420AD064
:10C29000036843B1D3E90421D0E90445121941EB05
:10C2A0000501C3E90421D0E9003213605A6000237C
:10C2B000C0E9003330BD00BFFC210020B3F1FF3FD7
:10C2C00008BFB2F1FF3F2DE9F84F044699461546E5
:10C2D0001F467AD08160EFF31188402383F31288E0
:10C2E000BFF36F8FB9F1000FDFF8E4A020DBFFF799
:10C2F000BFFFDAE90027013549F100092D1849EBA4
:10C30000E07306464FF00109C4E90453AD1843EB4E
:10C310000707FFF7A5FF0346DFF8B8E0DEF804A043
:10C32000EBB9C4E900EACAF80040CEF8044028E0BE
:10C330006FF00103DAE900125B1A4FF0FF3161EB95
:10C3400002025B1B62EB0902012B72F10001BCBF10
:10C35000012300224FF00009C0E90432D9E7D3E9F4
:10C36000041CD4E904208A4270EB0C0B24DA891AED
:10C370005A686CEB0000C3E90410C4E90032146091
:10C380005C60FFF76DFF84420ED1134B1B685BB9F5
:10C39000B9F1000F02D1FFF76BFF064630460FF0F0
:10C3A00060FD0021FCF776FE88F31188BFF36F8FE4
:10C3B00028463946BDE8F88F521A60EB0C00534509
:10C3C000C4E90420ADD01B68AAE700252F46EFE79B
:10C3D000B0630020FC210020E86E01202DE9F04729
:10C3E000DFF8A8900246C9F800000D46FFF738FFB5
:10C3F00000260027DFF898804FEAE27ED8E9001394
:10C4000050B1D0E9044CA2427EEB0C0A1ADAA41A0D
:10C410006CEB0E06C0E904460024521843EB0E03F1
:10C420002046C8E90023C9F800400FF01AFD214654
:10C43000FCF730FE85F31188BFF36F8FBDE8F0473E
:10C44000FFF7E0BE611843EBE473C0E90467C8E995
:10C450000013FFF717FF01224FF00043C0E9042348
:10C4600085F31188BFF36F8F83689847EFF31185C9
:10C47000402383F31288BFF36F8FD9F80020121B7B
:10C48000C9F80020FFF7ECFEB6E700BFE86E012018
:10C49000B063002010B5EFF31184402383F31288BA
:10C4A000BFF36F8FFFF7E4FE0346054AD2E90001B0
:10C4B000181841EBE37184F31188BFF36F8F10BD3F
:10C4C000B06300202DE9F04105460E4617460FF0F7
:10C4D0008BFB28B9074B9B685C6F14B9BDE8F081F2
:10C4E000054C3B46324629462046BDE8F0410FF058
:10C4F00050BD00BFB86E012070250020014B43677E
:10C50000704700BF702500200146024A0020FFF757
:10C51000D9BF00BF8F3E030001680E4A0346914217
:10C5200015D1C169A2F11022A2F1EF1291420ED1F0
:10C530008268012A0BD8C26812B101698A4206D00A
:10C54000586928B19B691B1A58425841704701200D
:10C55000704700BF55AA00FF70B50E4B9E68B6B17C
:10C560003046FFF7D9FF044618B9F3687BB935693F
:10C570000DB9204670BD2846FFF7CEFF28B9EB68FD
:10C58000B34204D12E462D69F2E70446F1E70124B7
:10C59000EFE700BFEC6E01202DE9F041404D06466B
:10C5A000686988460FF017FD18B100242046BDE8E1
:10C5B000F0812C68DCB1AC68CCB1002E6AD0B8F147
:10C5C000000F69D008FB06F7B7FBF6F6B04565D15A
:10C5D000391D63D8BA0710D027F003020432EC6883
:10C5E00003E0616891420AD2A469002CF9D168691C
:10C5F0000FF0F7FC0028D9D0D7E73A46EFE7D4F898
:10C6000008C0BCF1000F02D0012011F05BF9891ABB
:10C61000232904F120061CD80123A360D4E90523B3
:10C62000AAB19361A3690BB162695A610023C4E99D
:10C6300005332B69DB0703D5FFF78EFF0028E3D115
:10C640003A4600213046344611F034F9CFE7EB602A
:10C65000E8E702F1200023182039C3E9011CDC605F
:10C660002169DFF840C0196144F800C00E48D86164
:10C6700001B1CB6061695961A069986141B18B6179
:10C68000996901B14B6101212361C4E90121CDE721
:10C69000EB60F5E73446AAE74446A8E70446A6E778
:10C6A000EC6E012055AA00FF669911EE70B5424E5E
:10C6B000054670690FF08FFC00287BD1002D5FD0FC
:10C6C0003368002B5CD0B268002A59D09D4203D356
:10C6D000726813449D4202D3012011F0F3F8A5F1D2
:10C6E00020042046FFF718FF0028F5D155F8183C24
:10C6F000012BF1D155F8143C45F8180CC3B19A68D8
:10C70000002A42D155F81C2C02F120015A680A4433
:10C710005A6055E905321A6155F8145C2B6903B16A
:10C72000DD6020462022002111F0C4F823462C466B
:10C730002069002836D08268002A33D163684268B5
:10C7400020331344636003692361D4E90523F2B9FC
:10C7500023BB436963618269A2610BB39C61A369D6
:10C7600003B15C61236903B1DC602022002111F078
:10C77000A1F833699B0703D5FFF7EEFE0028ABD184
:10C780007069BDE870400FF02CBC0023D0E79361C6
:10C79000A369002BDDD062695A61DAE7F360F7E73D
:10C7A000F460DCE7002BE4D1F368A36103B15C61C2
:10C7B000F460DEE770BD00BFEC6E012070B50C4682
:10C7C000164E142200210546304611F073F8144825
:10C7D00070610FF0FEFB1349134800F035F8232C6D
:10C7E0001BD915F003031FBF043CE418C3F1040375
:10C7F000ED1822460021284611F05CF8C6E90054E5
:10C80000203CB5606C60B368084A1A60B368A2F156
:10C810001022A2F1EF12DA61F36070BDEC6E01201C
:10C8200004220020ADC6020099C5020055AA00FFEF
:10C83000014B1B68184700BF68220020014B1B6892
:10C84000184700BF64220020024B1860024B0020F2
:10C8500019607047682200206422002010B50A4643
:10C86000044619B1024B00211B68984710BD00BF58
:10C8700010FB03000E4B0340B3F1607F06D1B1F50E
:10C88000885F0CBF00206FF086007047B3F1707FA7
:10C890000BD101F4E043B3F5005F06D111F4E06F72
:10C8A00014BF00206FF0860070476FF0860070475D
:10C8B0000000C07F8A42F8B506460D4600F00A81A6
:10C8C00001F0FE41B1F1C06F61D1884C22F4FF71DB
:10C8D00021F00101A14222F0FF0014D004F5885498
:10C8E000A04210D022F47F7626F00306A4F57064EF
:10C8F000A64208D004F5A064A04204D004F5745404
:10C90000A14240F0EB80D1B2784E19B922F4806197
:10C91000B14224D125F4FF7424F00104B44225F07F
:10C92000FF0112D0724EB1420FD025F47F7727F06D
:10C930000307A6F57066B74207D006F5A066B142B8
:10C9400003D006F57456B44209D115F0FF0406D0A1
:10C95000684E44F00074B44204BF02460D468BB1E9
:10C9600022F4FF7323F00103B3F1062F06D0624BCC
:10C9700022F4FF6121F00701994203D122F4807271
:10C9800025F48075954214BF00200120F8BDB1F157
:10C99000A06F16D102F0FE43B3F1A06F40F0888083
:10C9A00082EA050333F47E1340F0828028047FD5A9
:10C9B000C5F30540C2F3054290428CBF0020012020
:10C9C000E4E74E4B9D4209D1A3F500439A4200F0A3
:10C9D00081804B4B22F47E109842D4E7B1F1407F26
:10C9E00060D102F0FE43B3F1407F5BD182EA0500E3
:10C9F00030F47E1456D131462846FFF73BFF00281D
:10CA00006AD1404912F47C1701EA020113D0B1F156
:10CA1000607FC2F3054333D1D1B241F0007101F11F
:10CA20007E410339122901D83748445C15F47C1F34
:10CA30002DD19C42A7E7B1F1607F0AD1D3B243F078
:10CA4000007303F17E43033B122B4BD82F49CB5C81
:10CA5000E2E7B1F1707F17D106F4E043B3F5005F70
:10CA600042D10123C6F302218B4006F4E041B1F527
:10CA7000005FDBD10120C6F3022600FA06F4D5E7F9
:10CA8000B1F1707FD2D1F0E700242346CEE71FB981
:10CA9000C5F30541A1421DD0290403D5C5F30540C6
:10CAA00098428AE71A4B9D4202D1B2F1082F6AE7F9
:10CAB00025F0004323F47F03B3F1106F0CD102F093
:10CAC000FE43B3F1106F07D11248104040F01060E0
:10CAD000A84258E7012059E7002057E7002B7FF4D0
:10CAE00046AF4FE7002397E70023BEE700020006AA
:10CAF00000130006FF000002004000060093C0047F
:10CB0000000140050000C07FA6260400A626040000
:10CB10000002C0030000FFF670B505460F480E4640
:10CB20000FF059FA044618B16FF08F04204670BD1B
:10CB30006B6933602B7F012B0ABF022330602B7798
:10CB4000064818BF6FF096040FF04BFA0028EDD09E
:10CB5000002CE9D06FF09604E8E700BF4C220020DB
:10CB600038B50C4C0C480FF036FA65780A480FF0CF
:10CB700038FA0A480FF02FFA022D08D12478E31F63
:10CB80005C425C4105480FF02CFA204638BD002479
:10CB9000F8E700BF046F01201C220020342200208F
:10CBA0002DE9F047894615461C4600F0C5FC0646AF
:10CBB000002851D1D9F80070B7F800A00AF4E0437A
:10CBC000B3F5804FBB6808BF25F0010535EA0303C4
:10CBD0003AD1002C40D0B5F5006F40D0A5F50052F9
:10CBE00055425541284A24F4FF7323F00103934230
:10CBF00013D0264924F0FF028A420ED024F47F701D
:10CC000020F00300A1F57061884206D001F5A06113
:10CC10008A4202D01E4A934223D114F0FF0304D06B
:10CC20001C4A43F00073934222D02B4622465046C2
:10CC3000F968FFF73FFE804670B92B462246504602
:10CC40003969FFF737FEE0B96FF0840600233846F4
:10CC5000C9F8003000F03AFD3046BDE8F087012504
:10CC6000C0E704F0FE43B3F1407F04D12304DCD5D8
:10CC70006FF08606EAE7B3F1A06FF7D0054B9C4250
:10CC8000D2E74646E8E700BF0002000600130006B0
:10CC900000460006FF00000238B500F0FE43B3F185
:10CCA000407F04460D4602D06FF0860038BDFFF786
:10CCB000E1FD0028F8D114F47C1F18D0C4F305431B
:10CCC000032B137022D9224A2240B2F1607F31D166
:10CCD000E4B244F0007404F17E44033C122CE3D827
:10CCE0001C4A125D9342DFD8202BDFD90EE0184B8F
:10CCF0002340B3F1607F0FD1E3B243F0007303F13F
:10CD00007E43033B122B04D9002313706FF0850080
:10CD1000CCE71149CB5CD3E7B3F1707FF4D101F4D8
:10CD2000E043B3F5005FEFD10123C1F302218B4053
:10CD3000DBB2C5E7B2F1707FB6D105F4E042B2F5DF
:10CD4000005FB1D10122C5F30225AA40CAE700BFA6
:10CD50000000C07FA6260400A62604002DE9F341AA
:10CD60004768D0F81480044638460E460FF011FC90
:10CD70000546E8B9FFB22FB9B8F1000F05D06FF042
:10CD8000860515E0B8F1000FF9D0A36823F003136E
:10CD900023F47F43002BF2D14FF6F87362889A4256
:10CDA00028D8164827790FF016F928B16FF08F05AB
:10CDB000284602B0BDE8F08107B901A8314600F06D
:10CDC00071FB05460D480FF00CF910B1002DEFD1A5
:10CDD000ECE7002DECD10FCCD6F800C066460FC6AC
:10CDE00094E8070086E80700002FE1D1019BCCF80A
:10CDF0001430DDE76FF08505DAE700BF4C22002034
:10CE000010B5044650B106480FF0E5F820460FF083
:10CE100019FABDE8104002480FF0E3B810BD00BF9A
:10CE20004C22002013B5044610B301A900F084FB86
:10CE30000446E8B91F480FF0CEF858B10024019815
:10CE40000FF092FB002818BF04461A480FF0C9F8EB
:10CE500070B10AE00198037F032B11D10FF084FB1E
:10CE6000044614480FF0BDF828B10CB96FF08F04D8
:10CE7000204602B010BD002C08BF6FF08704F7E712
:10CE8000022B10D1032303770379FF2B0ED04369C4
:10CE9000094A03F14043A3F580539342CED800F0F2
:10CEA000BFFD0446CBE76FF09604C8E76FF084043B
:10CEB000C5E700BF4C220020FFDFFF3F2DE9F04116
:10CEC00090461E46002288B0038805460F4605920C
:10CED000CDF81C803260B8F1000F65D0B8F1005F6A
:10CEE00080F0A18023F0FF03B3F5E24F02D0B3F549
:10CEF000824F25D128460FF083F80446002840F0E1
:10CF00008680EB6883B16A8872B12B8803F44F4145
:10CF1000B1F5824F02D0B1F5884F05D1DBB2222B9B
:10CF200036D02CD8122B38D03A46002308EB070114
:10CF300012F8010B8A4243EA0003F9D1002B33D0E7
:10CF4000284605A9FFF70AFF0446A0B9059B9B6A7E
:10CF50006BB3059B39465A882846069206AA029268
:10CF600003F1280201929A6A00925B6A424600F03D
:10CF70001BFC044680B30598FFF742FF47E0273BC0
:10CF8000DBB21B2BD0D8294921FA03F3DB07CBD521
:10CF90000732B8EBD20FC7D206E040F209239A421B
:10CFA000F6D1B8F1400FBFD86FF086042FE06B6860
:10CFB0001B0A07D1079905980FF004F904460028C9
:10CFC000C7D0D8E742463946284607AB00F094FB65
:10CFD00004460028EED0CEE70599069B4A88D2B9D0
:10CFE0004B804FF6F873069A9A4219D82B88059809
:10CFF00013B102889A4210D16B8813B142889A42C9
:10D000000BD13146FFF788FD04460028B3D12046F6
:10D0100008B0BDE8F0819A42E3D06FF08604AAE739
:10D020006FF08504A7E76FF08504F0E70102000CBC
:10D0300038B504460D46FFF793FD30B12A46214628
:10D04000BDE8384002480FF0CEBA6FF0880038BD16
:10D05000086F0120002273B503880A60009242889D
:10D0600004460D46002A00F0FF80028802F4E042E8
:10D07000B2F5804F00F0F88023F0FF03B3F5E24FE4
:10D0800002D0B3F5824F04D120460EF0B9FF064618
:10D09000D0B969462046FFF761FE064660BB009B9B
:10D0A0009B6AA3B10099204601F12803D1E9091236
:10D0B00000F052FB06460098002E40F0D280294630
:10D0C000FFF72AFD0646B8B9304602B070BD636866
:10D0D0001B0A40F0BD802288618802F4E043B3F56A
:10D0E000805F0DD0B3F5005F0AD002F44F40B0F579
:10D0F000824F1ED06FF085060098FFF781FEE3E7B0
:10D1000010460FF030F806460028F5D147F201032B
:10D110009A4220D14B080133DB0803EBC3033B33B6
:10D120000193DDE900010FF04DF806460028B9D063
:10D13000E2E7B3F5E04FDDD147F201039A42E9D0CF
:10D1400022F0FF03B3F5884F15D1CB1DDB0803EBAD
:10D1500043030133E4E744F201039A4202D1CB08CE
:10D160001033DDE722F0FF03B3F5E84FEAD1CB1D22
:10D17000DB085B00D4E7B3F5EE4F67D0B3F58E4F15
:10D1800002D1CB1DDB08CBE702F44F40B0F5824F54
:10D1900002D0B0F5884F06D1D0B2422801D1CB08D9
:10D1A000D7E74128EDD0B3F5E24FEAD0B3F5824F8F
:10D1B00003D1CB1DDB085B00CBE744F20D039A42A1
:10D1C00024D844F201039A42DBD9A2F58042023A04
:10D1D0000B2AD6D801A353F822F000BF21D20200B7
:10D1E00083D102002DD2020083D1020083D102003C
:10D1F00035D202003DD2020083D1020083D1020069
:10D2000045D2020083D1020045D2020047F2020358
:10D210009A421BD047F204039A42B2D140237FE7DF
:10D220004FF4A0724B095343203379E74FF4C07297
:10D230000B0AF8E7CB1DDB08183371E7CB1DDB08C1
:10D240001C336DE7CB1DDB08023392E7202367E731
:10D25000204601A900F068FA064600283FF461AFB5
:10D260004AE70EF0E4FF47E76FF086062CE700BFC1
:10D2700010B51B4C1B480EF0AEFE2378590744BF77
:10D2800003F0FB0323709A0705D500F0F1F823782B
:10D2900023F00203237013480EF0A3FE12480EF091
:10D2A0009AFE637813B111480FF0A0F9002304210E
:10D2B0000E486370FFF7D2FA0B480EF092FE094851
:10D2C0000EF089FE2378DB0705D50FF06BF9237884
:10D2D00023F0010323700348BDE810400EF081BE27
:10D2E000046F0120342200201C220020086F01203E
:10D2F00070B5FFF735FC10B10024204670BD3448EE
:10D300000EF069FE044620B16FF08F04FFF7B0FF06
:10D31000F3E7304D2B789E0706D400F0A1F80446C1
:10D320002B7843F002032B7029480EF05AFE10B1FF
:10D33000002CE9D0EAE7002CE8D125480EF04BFE9E
:10D3400004460028E0D12B78D80706D40FF028F93E
:10D3500004462B7843F001032B701D480EF041FE6C
:10D360000028E5D1002CD1D119480EF034FE002858
:10D37000CAD117482E780EF034FE0028C4D11648C2
:10D380000EF029FE04460028BED16B783BB9F107A8
:10D3900005D512480FF024F9022304466B700E489D
:10D3A0000EF01FFE0028C3D1002CAFD108480EF0AC
:10D3B00012FE0028A8D12B7805485A075CBF43F01D
:10D3C00004032B700EF00DFE002895D09CE700BFE3
:10D3D00034220020046F01201C220020086F01204D
:10D3E00038B500F140430F2B0CD82C221A4C02FB0D
:10D3F0000344237F022B02D16369834224D06FF060
:10D400008B001AE06FF04042441E94420ED2124B41
:10D4100000221C461D7F022D02D15D69854210D07D
:10D420000132102A03F12C03F4D1E8E70B4AA3F5EB
:10D4300080539342EBD96FF0870038BD6FF09600B0
:10D44000FBE72C2303FB024420460FF080F8002862
:10D45000F4D10C60F1E700BF0C6F0120FFDFFF3F4C
:10D460000122024B002083F8C02270470C6F01207C
:10D470002DE9F0410A4C002526464FF0010803270C
:10D480002046C4F82080277701350EF0DBFE102DF2
:10D4900004F12C04F4D1002386F8C032BDE8F081F9
:10D4A0000C6F0120F8B5214D064621480F460EF0BD
:10D4B00092FD95F8C0421E480EF093FD7CB3002407
:10D4C0002B462246197FD1B13CB9022905D1196AF0
:10D4D00019B91979002918BF1C460132102A03F125
:10D4E0002C03EFD114B96FF08C0006E020460FF04A
:10D4F0002EF820460EF0A6FE10B100240DE01C46CA
:10D50000237F7BB90123237736B10A4B651BAD100E
:10D510005D4305F18045356000203C60F8BD6FF04B
:10D520008800EAE76FF09600E7E700BF0C6F012084
:10D5300034220020A38B2EBA0023F0B5054691B00B
:10D540005E480B600E460EF046FD5D4B5B4893F85F
:10D55000C0420EF046FD002C00F0AC8059480EF0A1
:10D560003AFD074620B16FF08F04204611B0F0BDA0
:10D5700031462846FFF734FF10F18C0F044607D0E0
:10D5800050480EF02EFD0028EFD0002CEDD1EAE738
:10D590003846FFF787FF074620B14A480EF021FDC5
:10D5A0003C46E2E70122336801465D61336809A821
:10D5B0005A601C22356810F07DF90022002368694A
:10D5C000CDE90623404A00F14043A3F5805393423E
:10D5D000CDE9047703971DD806AA03A90FF009F82F
:10D5E0000446B8B9039B6A690A93DBB2002B08BFF3
:10D5F00000220346CDE90000DDE906010E9209AAEA
:10D6000000F060F910F18A0F04460ED0002808BF20
:10D610006FF0960430680EF015FE14F18C0F08BF01
:10D620006FF0870400233360AAE704A909A800F07B
:10D630007BF804460028EDD1284604990EF0C2FD7F
:10D6400004460028E6D1DDE9060105AB0193AB6A8B
:10D6500009AA00936B6A00F035F9044618B1284610
:10D660000EF0E5FDD6E72C46059BAB6209AD0FCD6C
:10D670000FC495E8070084E8070032689368D8046F
:10D6800014D4990444BF43F40063936033681A7F51
:10D69000012A04BF02221A7730680EF058FF0446B0
:10D6A00000283FF46DAF6FF09604BBE743F480634E
:10D6B0009360E6E76FF0880457E700BF342200204C
:10D6C0000C6F01204C220020FFDFFF3F10B5044605
:10D6D00008480EF080FC40B920460EF045FF044695
:10D6E00004480EF07EFC10B10CB96FF08F04204698
:10D6F00010BD00BF4C22002010B41946002443681E
:10D700000C60074C1A0AB4EB132F02D0054B9A4257
:10D7100002D110BC00F014BB6FF0860010BC704743
:10D72000004E80004B4E800010B4002443680C6013
:10D73000074C1A0AB4EB132F02D0064B9A4202D1BF
:10D7400010BC00F0FDBA6FF0860010BC704700BF3F
:10D75000004E80004B4E80002DE9F04145680446A4
:10D760002D0A0E461746984606D00E4CA54214D0F8
:10D770006FF08600BDE8F08105886D0407D443464C
:10D780003A4631462046BDE8F0410EF0CBBE00F0EF
:10D79000B5FD10F1860FEDD1F1E7BDE8F04100F0E5
:10D7A000ADBD00BF4B4E80002DE9F04FDFF880B0DB
:10D7B000D0F804E085B0BBEB1E2F0446DDE90E89EE
:10D7C0000D4616461F46DDF840A04FEA1E2C1CD021
:10D7D000DFF860E0F44518D0BCF1000F22D1CDE9AC
:10D7E000019ACDF8008000F027FD10F1860F1BD1C3
:10D7F0003B46324629462046CDE90F9ACDF838807F
:10D8000005B0BDE8F04F0EF0F0BC3B46324629466D
:10D810002046CDE90F9ACDF8388005B0BDE8F04F2D
:10D8200000F00ABD6FF0860005B0BDE8F08F00BFC4
:10D83000004E80004B4E800030B44468240A06D06D
:10D84000064DAC4206D030BC6FF08600704730BC4D
:10D850000EF015BD30BC0FF0BBB800BF4B4E8000C2
:10D860002DE9F7430D46DDE90A891646134942685A
:10D870001F46B1EB122F04464FEA12230ED0104A76
:10D88000934200D0ABB93B46324629462046CDE90B
:10D8900000890FF071F810F1860F0CD13B4632462B
:10D8A00029462046CDE90A8903B0BDE8F0430FF0D0
:10D8B00063B86FF0860003B0BDE8F083004E8000CF
:10D8C0004B4E8000F0B4DFF82CC05468DDE90456FC
:10D8D000BCEB142F4FEA142702D0074CA74204D107
:10D8E000CDE90456F0BC00F05FBD6FF08B00F0BCDA
:10D8F000704700BF004E80004B4E80002DE9F04382
:10D90000DFF84490DDB2446845F000754D45DDF820
:10D910002C804FEA1424DDE90767DDE909CE0CD03D
:10D9200014B10A4DAC420CD1CDE90AE8CDE9087C2E
:10D930000796BDE8F0430EF02FBF6FF08500BDE8FD
:10D94000F0836FF08600FAE7050000024B4E80007E
:10D95000F7B5089E0E4FF5B2044645F000754868CD
:10D96000BD424FEA10200DD010B10A4DA8420CD193
:10D97000009604F108000EF004FF08B905232360A7
:10D9800003B0F0BD6FF08500FAE76FF08600F7E7AF
:10D99000050000024B4E8000F7B5089E0E4FF5B211
:10D9A000044645F000754868BD424FEA10200DD08E
:10D9B00010B10A4DA8420CD1009604F108000EF0F7
:10D9C000E2FE08B90523236003B0F0BD6FF08500C7
:10D9D000FAE76FF08600F7E7050000024B4E800083
:10D9E0002DE9F04144681D46DDE9087CDDE9063695
:10D9F000240ADDF828E003D0DFF82080444508D170
:10DA0000CDE909E5CDE9077C0696BDE8F04101F0D6
:10DA100029B86FF08600BDE8F08100BF4B4E800052
:10DA20004268044BB3EB122F01D10FF008B86FF02E
:10DA3000850070474B4E800010B50C4C20680FF0ED
:10DA40005DFE0B4A1368591C11604BB9094A482006
:10DA5000D2F8003443F00703C2F80034F1F7B0FE07
:10DA60002068BDE810400FF04FBE00BF70220020BC
:10DA7000D07101200080045038B5164D28680FF091
:10DA80003DFE154B1C68013C1C60ECB94820F1F7C9
:10DA9000A5FE0722114BC3F80823D3F8002422F077
:10DAA0000702C3F80024C3F80041D3F80021C3F8EB
:10DAB0000441D3F804214FF48072C3F80841D3F82D
:10DAC0000831074BC3F888212868BDE838400FF0BB
:10DAD0001BBE00BF70220020D071012000800450C6
:10DAE00000E100E070B5154D154E2B68B34222D011
:10DAF000FFF7A2FF01F03AFA124A134B134952F80A
:10DB0000040B43F8040B8B42F9D101F07FFA38B1D2
:10DB10000EF071FD0446FFF7AFFF3CB92E6005E043
:10DB200000F03EFE044618B1FFF7A6FF204670BD88
:10DB30000FF024F8EEE70024F8E700BF6C22002085
:10DB40001173650014FB030000C080511CD3805189
:10DB5000F8B505460E4618461C2117461C460FF020
:10DB60001CFE6B6821491A0AB1EB132F1BD1204A06
:10DB7000337822611F4A13F00303E26066610CD020
:10DB8000023303F00303012B26D86B880733DB082D
:10DB90006360194B23600020F8BD6B880733DB08F6
:10DBA0006360164BF6E7164B9A4212D16A69154B21
:10DBB0001344022B13D90023224642F8183FC4E92C
:10DBC000033362616A69104B9A4201D12023E7E76F
:10DBD00047B1C4E90067DEE76FF08400DCE76FF06F
:10DBE0008500D9E76FF09600D6E700BF4B4E800066
:10DBF00019E4020045CB03000000002040008151E1
:10DC0000004E8000FF3F008004C0FF7F0022074BD2
:10DC1000C3F81021C3F80C21C3F80021C3F8042174
:10DC2000C3F80821C3F81421704700BF0050045006
:10DC300008B5FFF7EBFF01230360104B0A6832B908
:10DC4000D3F80C211AB9D3F80821002AF6D00B68B2
:10DC50007BB90B4B99420ED0A3F58473D3F80831EE
:10DC6000002B14BF6FF002004FF0FF30FFF7CEFF24
:10DC700008BD0020FAE74FF0FF30F7E700500450EE
:10DC80000851045038B505460C4691B100210120D9
:10DC90000CF04CFF08480949C0F80055C0F804458D
:10DCA000FFF7C6FF0021044608460CF03FFF204660
:10DCB00038BD6FF00104FAE70050045000510450E1
:10DCC000034B0449C3F800050348FFF7B1BF00BF89
:10DCD00000500450045104500450045010B5044640
:10DCE000002101200CF022FF064B0749C3F8004534
:10DCF0000648FFF79DFF0021044608460CF016FF7A
:10DD0000204610BD005004500851045008500450E3
:10DD100038B50C4659B1074D0749C5F80005074805
:10DD2000FFF786FF10B9D5F80835236038BD6FF0CE
:10DD30000100FBE700500450105104500C500450F7
:10DD400070B51C4E44680288B6EB142F43884FEA26
:10DD5000142514D14069184B98420CD003F5FF43A9
:10DD60007D330344012B22D8B2F5105F1FD102236B
:10DD700000200B6070BD47F212139A42F6E70F487D
:10DD8000854214D102F44F40B0F5824F09D144F2DC
:10DD90001210073382424FEAD303E9D15B0001330B
:10DDA000E6E7B2F5885FE2D10733DB08E0E76FF022
:10DDB0008600DFE7004E800001C0FF7F4B4E8000F1
:10DDC00000212DE9F043064695B0084601F052F8CF
:10DDD0000DF12705044625F01F0520B115B0BDE85B
:10DDE000F0430EF008BC4FF01009DFF880800122EC
:10DDF00010211F480EF06BFC1D4A2B1900932021A7
:10DE00001023CDF80490A2F1200000F089FE07460F
:10DE100050B1002001F01CF838460EF0ECFB07462C
:10DE2000384615B0BDE8F083D8E90C321034013320
:10DE300042F10002302CC8E90C32D8D101F008F8C8
:10DE400026B12246314628460EF034FC2E46074CB9
:10DE50000FCE0FC496E80F00203584E80F0095E838
:10DE60000F00103484E80F00DAE700BFB863002029
:10DE7000D8630020F0B5194D194FAB6B8DB0BB4284
:10DE800029D0184E30680FF039FC40230022194683
:10DE900028460FF077FC302168460EF048FC044617
:10DEA00078B96846FFF78CFF044690B930230246E4
:10DEB000194668460FF066FC01220023C5E90C23D1
:10DEC000AF6330680FF020FC20460EF094FB0DB0DD
:10DED000F0BD0E24F5E70020F9E700BFB86300208D
:10DEE000B4A5B4A5742200202DE9F04F99B00DF12E
:10DEF000570902F10F0A04468846154629F01F0902
:10DF00004FEA1A1A32B1002900F08580B2F5803F3D
:10DF100000F28180414F424E38680FF0EFFBD6E9A6
:10DF20000C32134308D12046FFF7A4FF044618B172
:10DF300038680FF0E9FB5AE0D6E90C231AEB02022D
:10DF400043F10003B3F5803F14D3302102A80EF053
:10DF5000EEFBF8B902A8FFF733FF04460028E7D12B
:10DF600030230246194602A80FF00CFC00220023C1
:10DF7000C6E90C230021084600F07CFF044660B986
:10DF800010249DB9284600F063FF2846FFF718FFCC
:10DF90000446CDE76FF09204CAE738680FF0B4FB8F
:10DFA000204619B0BDE8F04F0EF025BB102D4FF004
:10DFB00001024FF010011B48AB4628BF4FF0100B79
:10DFC0000EF085FB174A10232021CDE90094A2F121
:10DFD000200000F0A5FD824668B1002000F038FF67
:10DFE00038680FF091FB50460EF005FB04462046C2
:10DFF00019B0BDE8F08F5A46404649460FF04DFC37
:10E00000D6E90C32013342F10002C6E90C32A5EB2D
:10E010000B05D844B5E76FF08604E8E774220020CA
:10E02000B8630020D8630020F0B40568049C65BB89
:10E0300014F47C1604600AD0C4F30546164D24F48B
:10E040007E14AC42466024D1F0BC00F075B8134D8C
:10E050002540B5F1607F0AD1E5B245F0007505F1C4
:10E060007E45033D122DE9D80D4E765DE6E7B5F10C
:10E07000707FE3D10D8805F4E047B7F5005F02BF7C
:10E080000126C5F30225AE40D8E76FF08800F0BC4A
:10E0900070476FF08500FAE70002C0030000C07F00
:10E0A000B926040010B4046844B15AB1084B24F4F2
:10E0B0007E149C4208D110BC0EF0A6BB6FF0880005
:10E0C00010BC70471046FBE76FF08500F8E700BF13
:10E0D0000002C003F8B51E46036805460F4603B3A9
:10E0E00011B34168914222D8124A23F47E1393421D
:10E0F00011D10EF009FC044678B905F10C0138463F
:10E100006A680FF0CAFB6B684FF4C271284633602F
:10E110000FF043FB03E06FF09604002333602046CA
:10E12000F8BD6FF08804FAE76FF08604F7E76FF048
:10E130008904F4E70002C0032DE9F0410E461C46B5
:10E1400033880546B3F5105F11463DD10F2C0BD82F
:10E1500073681F481A0AB0EB132F07D01D4B9A4261
:10E1600004D06FF086042CE0202CFAD805F5B277A5
:10E170002246384605F5A4780FF08FFB2246434629
:10E1800039463046FFF7E4FC0446D0B905F1640691
:10E190000121304600F06EFE18B1BDE8F0410EF0EE
:10E1A0002ABA414605F1500000F008FD0446304609
:10E1B00000F04EFE0CB12046EFE7102385F84C40EE
:10E1C000AB602046BDE8F0816FF08504F9E700BF41
:10E1D0004B4E8000004E8000602A2DE9F04105463C
:10E1E0000F4616461FD8DFF84880D8F800000FF019
:10E1F00085FA28460EF0A6FC044620B93246384679
:10E200000C490FF04AFB284600F006F90546D8F8FD
:10E2100000000FF079FA002D14BF28462046BDE813
:10E22000F0410EF0E8B96FF08900BDE8F08100BF61
:10E2300078220020000000204FF0000C2DE9F04F64
:10E240008DB0DDF860900588DDE9166AC9F800C078
:10E2500004460F4690460393CAF800C0002E44D0EF
:10E26000D0F804C0DFF890B04FEA1C2EBBEB1C2F97
:10E2700026D104A94569FFF763FD0146C8B9049B8F
:10E280009E421AD35FFA85FB594643463A462046DA
:10E2900000F020F9014660B95846CDE9006A039BB9
:10E2A00005AA00F0DDFA014618B9BDF81630C9F824
:10E2B000003008460DB0BDE8F08F6FF08901F8E737
:10E2C000BEF1000F14D125F0FF04B4F5E24F04D1E4
:10E2D0000DB0BDE8F04F0EF043BFB4F5824F07D14B
:10E2E0000DB0BDE8F04F0EF062BF6FF08601E0E7C1
:10E2F0006FF08501DDE700BF4B4E80002DE9F04354
:10E30000DFF8A090D0F804C00546B9EB1C2F0F46EB
:10E3100016469846048893B04FEA1C2E2DD14288A9
:10E320000732B2F5C47F4FEAD20937D224F0FF0298
:10E33000B2F5E24F11D14A4606A90EF0A5FE48B942
:10E3400005ABCDE901834A463B462846009606A91F
:10E35000FFF772FF13B0BDE8F083B4F5105F06D08D
:10E36000B4F5885F03D042F204039C4216D14A46BA
:10E3700006A90020FFF7B8FDE1E7BEF1000F0DD1BF
:10E380004AB124F0FF04B4F5E24F07D113B0BDE861
:10E39000F0430EF079BE6FF08600DBE76FF085008A
:10E3A000D8E700BF4B4E800030B4074C041961F130
:10E3B0000005032C75F1000502D330BC00F050BA03
:10E3C0006FF0850030BC7047FF3F00806029F8B5D2
:10E3D00005460E4618D80E4F38680FF08FF92846BC
:10E3E0000EF0B0FB0EF007F9044640B90949324679
:10E3F00028460FF052FA602106480FF0CEF938682F
:10E400000FF082F92046F8BD6FF08904FAE700BFEB
:10E41000782200200000002008B503789B0705D073
:10E42000054860210FF0B9F9002008BD0EF0A6FBE9
:10E430000028F5D00220F8E700000020F7B52449B5
:10E4400043680446B1EB132FDAB23DD1032A03D15E
:10E450006FF0840003B0F0BD466901A9F5B228460B
:10E460000EF01AFB0028F5D121466A4601980EF0FD
:10E47000E8FA044610BB009FA74218D89DF8043064
:10E4800007F0070223F01F0343EA820301A88DF877
:10E4900004308DF80560FFF7BFFF394628460EF0BF
:10E4A00016FB70B903B0BDE8F0400EF028BB601950
:10E4B000FFF706FC0028CBD10134DCE76FF09800B1
:10E4C000C8E76FF09200C5E76FF08B00C2E700BFAE
:10E4D0004B4E80002DE9F04F89B005460E46174699
:10E4E0001C460EF00CFB002840F030816B69009058
:10E4F000C3F3013262F305108DF8000010F0300014
:10E5000008D1A968890710D06FF08608404609B085
:10E51000BDE8F08F102808D1BDF8023023F4F8735D
:10E5200043F4A873ADF8023089E0E96801F0FE4CCD
:10E53000BCF1A06F0BD0DFF84CC261450AD0DFF808
:10E5400048C2614515D0DFF844C261450ED0DBB248
:10E55000F82B07E01421009B61F3933300932B8881
:10E56000B3F5105F1BD06FF08508CFE72421009B27
:10E57000F2E7AB685B04F6D52B8803F44F41B1F5A5
:10E58000824F02D0B1F5884FEDD1DBB2122B01D012
:10E59000412BE8D13821009B61F393330093002392
:10E5A0004FF0010B984619469C46D5F808E0DFF875
:10E5B000E09159F804AB1EEA0A0F08D00BFA0CF3ED
:10E5C00043EA080303F07F08012341EA0A010CF142
:10E5D000010CBCF1070FECD12BB19DF8033068F3AF
:10E5E00047038DF803303EEA0101BCD16B88FF2B55
:10E5F00039D005D8802B38D0C02BB4D1022306E007
:10E60000B3F5807F33D0B3F5C07FACD106239DF83E
:10E61000021063F306118DF8021018B91EF0030FF3
:10E620007FF472AF2B79022B2ED022D8012B7FF4EE
:10E630006BAFBDF8021063F3C811ADF80210012AE8
:10E640003AD0032A25D0002A7FF45EAF2B88B3F599
:10E65000105F88D1182C04D0202C02D0102C7FF40D
:10E6600053AF4C4D2CE00323D1E70123CFE7042324
:10E67000CDE7032B02D0FF2B7FF446AF0221BDF87C
:10E68000023061F3C8134DE7BDF8023043F4C073A4
:10E6900048E7202C05D006D8102C02D0182C7FF487
:10E6A00033AF3D4D0CE024F02003412B01D0302C42
:10E6B000F5E70137013CF4E7302C7FF425AF374D07
:10E6C0004FF000080F344FEA141906EB08000EF063
:10E6D00024F8002852D008F10108C145F5D11F2CBB
:10E6E0002ED11C22002101A80FF0E4F84FF0000BFE
:10E6F0004FF0FF3A05EB0B124FEA0B130692BBF1FA
:10E70000000F26D1009A0792BDF802203B44C2F3C5
:10E71000C11205920DF1040C03F1100E6246186847
:10E720005968083303C273459446F7D101A906EB33
:10E730000B00FFF7A7FA804670B10EF0E0F905E094
:10E74000494630460EF0C3F90028CAD06FF092084F
:10E75000DCE6CDF81CA0D7E71C2101A80BF1010BCA
:10E760000FF01BF8D945C5D11F2C3FF4CFAEBA200E
:10E77000FFF7B4FA00283FF4C9AEE7E76FF08A0864
:10E78000C4E600BF00444004000002090002C003C8
:10E79000300E04004000815100000020108404501D
:10E7A00010B590B01C22002101A80FF083F8F820CA
:10E7B0000DF0B3FF00B3202200200DEB0201FFF7A4
:10E7C00093FB0446F0B94FF48071104A104B01A836
:10E7D000CDE901230F4BCDE903130F4BF82106932D
:10E7E00020230DEB0302FFF775FE202104460DEBFD
:10E7F00001000EF0D2FF05E0F9200DF08EFF002899
:10E80000D9D10446204610B010BD00BF002400013D
:10E81000014B4E800010C004F800FF7F73B5C5B2F5
:10E820000E46284601A914460EF036F988B9BDF8FF
:10E830000630C3F3C113013BDBB2022B8FBF6FF075
:10E840008600054AD25C054B9EBF13433360C4E982
:10E85000005002B070BD00BFCC260400004B4E80BB
:10E860002DE9FF41884601A9064614461D460A9F28
:10E870000EF012F948B9B6F1F80348F1FF38022B4F
:10E8800078F1000804D26FF0860004B0BDE8F08192
:10E890000EF035F9002861D1002CF4D09DF8041059
:10E8A00011F00F0240F0C380BDF80630C3F3C1136E
:10E8B000013BDBB2022B00F2BD80634801F030085F
:10E8C000C05C624BB8F1100F43EA000363602AD1C9
:10E8D0005F4B2360204602A9FFF732FA0028D4D10B
:10E8E000029BBB4200F2AC8044F2121221880198D4
:10E8F000914204BF042205F8012B0B9A21461360B4
:10E900009DF804302A78C3F3011363F301022A70DF
:10E9100003AA08BF07F1FF370EF093F8002870D064
:10E920006FF09800B1E713469DF807C0DFF824E1C7
:10E930004FEA5C00A8B9D00454BF134642F4806388
:10E94000990448BF43F40063A360019BC3F385337C
:10E95000242B35D0382B0ED0142B35D06FF09200ED
:10E9600093E7C10704D5062B67D85EF823100A4346
:10E9700040080133DEE747F2121347F2411C9DF8CD
:10E98000060000F07000302808BF63463248E0609F
:10E990009DF806002380C0F3021001380528BFD877
:10E9A0000FF2040C5CF820F0FFE90200D1E902004C
:10E9B000EFE90200F3E9020021E90200F9E90200AF
:10E9C0004FF410532548E2E74FF410532448DEE794
:10E9D000C0206080B8F1000F7FF47CAFB3F5105F0A
:10E9E00002D193073FF476AF6FF096004DE7FF201A
:10E9F000EFE74FF48070ECE74FF4C070E9E7802058
:10EA0000E7E72B78039A6E7062F384032B702388F8
:10EA100003F44F42B2F5824F04D139462846FFF73E
:10EA2000D5FC32E7B3F5885F7FF42FAFF5E76FF0E1
:10EA300088002AE76FF0910027E76FF0830024E752
:10EA40006FF0890021E700BFCC260400004B4E8008
:10EA500001108001300E0400000002090002C00312
:10EA6000004440042DE9F0470688174606F44F425B
:10EA700086B0B2F5824F9946DDE911A3884602D0EF
:10EA8000B2F5884F1DD1F6B20024224D41881D40B9
:10EA900023F0004323F47F03B3F1106FCAF8004062
:10EAA0001D4B45F010650ED19D420ED1038823F019
:10EAB000FF03B3F5E24F0ED06FF0860006B0BDE85D
:10EAC000F0870026E0E79D4202D0144B9D42F3D12F
:10EAD0006FF08500F2E7304605AA00F06DFBB8B98B
:10EAE000059B5B68BB42E7D1304600F0A5FB0028E0
:10EAF000EED0109B3A4602930F9B414601930E9B2A
:10EB000005980093CDF80CA04B4600F0C1FCD5E76A
:10EB10002046D3E70000FFF60000020900000109CB
:10EB200037B54FF480740194214C41F00051A1613C
:10EB300040F6110143F00053A3622123E16104F187
:10EB40002001616101212262E362069A194B01AD45
:10EB50001A60079A256042F000521125C3E901129C
:10EB60002022DFF854C02061C4E902C504F1100579
:10EB700065606162DA60BFF35F8F4FF0A34214609B
:10EB8000BFF35F8FBFF35F8F1361BFF35F8FBFF37F
:10EB90005F8F03235363BFF35F8FBFF35F8F936375
:10EBA000BFF35F8F0EF075F8431CFBD003B030BD90
:10EBB000E4710120D47101200400002038B504461E
:10EBC0000D4619B10A688B681AB953B96FF0210064
:10EBD00029E033B94B6823F00802102A01D0202B1A
:10EBE00036D12561EB68D3B91B4B04F17801236062
:10EBF00001236360AB6804F114009A069B01DBB249
:10EC000002F0E0421A4342F48032112300F026F869
:10EC1000AB684BB100201023C4E9020303E068692C
:10EC200098470028E0D038BD2A68A3691A606B684D
:10EC3000A26943F0005393602268A36992699268C5
:10EC4000DA60A3691033A361636801336360E1E7AD
:10EC50006FF04100E7E700BF4C0E0400026100F1D5
:10EC60001402826000F110024160C2600A604268D2
:10EC7000034991604268D360436810334360704732
:10EC800004000020BFF35F8F094A1368BFF35F8F52
:10EC900043F48071BFF35F8F1160BFF35F8F23F484
:10ECA0008073BFF35F8F1360BFF35F8F704700BF48
:10ECB0000010805108B5FFF7E5FFBFF35F8F064AEC
:10ECC0001368BFF35F8F43F00103BFF35F8F1360DF
:10ECD000BFF35F8F08BD00BF0010805170B50026E4
:10ECE000C0E9006605460C46FEF7A6FE01232B7020
:10ECF000FFF7C8FFBFF35F8F204BDB68BFF35F8F69
:10ED00009B08013BACB3226842B19A4205D9FEF799
:10ED1000B3FE6FF03F002E7070BD1346D4E90115AD
:10ED2000E068002908BF4FF40071002808BFF120F7
:10ED30002469BFF35F8F114A9360BFF35F8FBFF306
:10ED40005F8F1564BFF35F8FBFF35F8F5064BFF3B6
:10ED50005F8FBFF35F8F5163BFF35F8F44F48024F5
:10ED600044F00104BFF35F8F1460BFF35F8F002096
:10ED7000D2E74FF40071F1202546DAE70010805108
:10ED800070B503780D461446002B52D0BFF35F8F49
:10ED90002C4A136BBFF35F8F03F00E010A294BD08F
:10EDA00013F00C0F02D14FF0FF3070BD4368D3B9A0
:10EDB000BFF35F8F5368BFF35F8F032BF3D9224BF1
:10EDC0002249BFF35F8FD2F88060BFF35F8FBFF33C
:10EDD0005F8F43F8046BBFF35F8F8B42F1D1FFF776
:10EDE00069FF01234360BFF35F8F164B9A68BFF33F
:10EDF0005F8F0132B4EB021F21D8BFF35F8F5A68D7
:10EE0000BFF35F8FB4EB820FCDD884B1BFF35F8FB8
:10EE1000D3F88020BFF35F8F291D05F8012BA9428D
:10EE20004FEA122204F1FF34EFD0002CF5D100207C
:10EE3000BBE76FF02000B8E76FF05100B5E76FF067
:10EE40003F00B2E700108051101080512010805117
:10EE500010B5044608B1037843B1FEF70DFE044B2C
:10EE600018680EF051FC0CB10023237010BD00BFD8
:10EE70007822002073B50D460646FEF7DDFD15F03D
:10EE8000010509D001A800F073F9044620B1FEF78E
:10EE9000F3FD204602B070BD184B18680EF02EFC32
:10EEA0000EB101233370BFF35F8F4FF0A3430022F5
:10EEB000DA61BFF35F8FBFF35F8F4FF0FF321A63EA
:10EEC000BFF35F8FBFF35F8F3422DA61BFF35F8FD1
:10EED00001220B4BC3F8042375B101980EF0C3F95E
:10EEE000042104460DEB01000EF057FC002CD0D09D
:10EEF0003046FFF7ADFFCCE72C46CAE7782200206A
:10EF00000080045038B5164CD4F80051C5B1BFF399
:10EF10005F8F4FF0A343996ABFF35F8FBFF35F8F9B
:10EF20004FF0FF321A63BFF35F8F0023C4F8003144
:10EF3000D4F800310B4B1868BDE838400EF0F7BB31
:10EF4000D4F8083153B100F0A9F80EF05AF8C4F81B
:10EF50000851D4F808310121034BECE738BD00BF5C
:10EF600000800450802200207C22002008B5074B3E
:10EF700018680EF0CBFB064B18680EF0C7FBBDE817
:10EF80000840002248201146F0F73CBC80220020B7
:10EF90007C22002038B5094B1C7864B1084B4FF037
:10EFA000FF311D6828460EF0B3FB4FF0FF310446D9
:10EFB00028460EF0BAFB204638BD00BF92790120EA
:10EFC0008022002038B5074B4FF0FF311D682846DE
:10EFD0000EF09EFB04464FF0FF3128460EF0A5FBD5
:10EFE000204638BD7C22002010B5064CE36C3BB9AE
:10EFF000214651F84C3B98690EF020F80123E36458
:10F00000014810BD147201206072012010B50A4B36
:10F010000A4C236003F5C04363602461FFF7E4FFFB
:10F02000236D0020B3F5007FCCBF4FF480634FF415
:10F030000073A36010BD00BF002080511472012036
:10F0400010B50446114B18680EF058FB104B1A68A7
:10F05000236122605A6862609A68A2600D4A126851
:10F060009A660023A364FEF7E7FC04220A4BC3F868
:10F07000042320460DF0B6FF20B920460DF0B7FF5F
:10F0800000B910BDFFF79EFFF3E700BF8422002008
:10F0900014720120780E040000800450004870476C
:10F0A00014720120042210B50446084BC3F808234B
:10F0B000FEF7E2FC064A236912689A66002363643D
:10F0C000044BBDE8104018680EF01EBB00800450D1
:10F0D000780E040084220020244B0340B3F5806F97
:10F0E00030D016DC402B2FD008DC102B2ED0202B5C
:10F0F0002ED0181E18BF012040007047B3F5807F46
:10F1000028D0B3F5007F27D0802B14BF02200B201E
:10F110007047B3F5804F21D00BDCB3F5805F1FD073
:10F12000B3F5005F1ED0B3F5006F14BF02200620B8
:10F130007047B3F5004F17D0B3F5803F14BF0220DE
:10F1400003207047112070470A2070470C20704739
:10F150000920704708207047072070471420704727
:10F1600005207047042070470F207047F0FF010012
:10F1700070B50E4D0E4E044628680EF0BFFA30688A
:10F1800028B980220B49FEF7AFFE60B92020094A5A
:10F19000013852F8202030602260002428680EF0E8
:10F1A000B3FA204670BD0224F8E700BF8822002091
:10F1B000807201208472012012281BD0A0F112035A
:10F1C000302B2DD826280DD81738C3B20B2B27D8B3
:10F1D0001648184100F00100C0F1FF2000F57F0043
:10F1E0007A3070472738C3B21148D84000F0010088
:10F1F00087387047B1F5807F0ED006D8E02914BF5C
:10F200006FF086006FF085007047B1F5C07F0AD0BF
:10F2100040F209239942F2E7064B00201360704741
:10F220006FF0860070476FF085007047EEF7FFFFC4
:10F230001102000C0C100400A0F11203DBB21E2B13
:10F240009DBF0348D84000F001000020704700BF78
:10F250002102214270B50446A4B0466811A80D46AB
:10F26000FFF7EEFE174B11A819680DF0E1FE2146DD
:10F270006B46002211A80EF046F9044680B911A889
:10F280000EF0E5F8DDE90012034628460EF04BF8D3
:10F2900011A80EF09BF911A80DF0BBFE044648B171
:10F2A00011A8FFF7FFFE20460DF0A5F90446204601
:10F2B00024B070BD11A8FFF7F5FE314668460EF088
:10F2C0006CFAF4E71C10040070B5D51D1C78ED082D
:10F2D0000646042C084611464FEA450286B002F164
:10F2E00001021DD10A9C94421AD1104C104A34409C
:10F2F00044F0106494424FF0000414D15A1CCDE93C
:10F3000002526A1C134401AACDE904530194FFF789
:10F3100053FF18B9019802A9FFF79CFF06B070BD12
:10F320006FF08600FAE72046F8E700BF0000FFF61E
:10F33000000002092DE9F041038803F44F44B4F5BD
:10F34000824F02D0B4F5884F22D1DEB2C56803F4F3
:10F35000E0401F4B00241F4693F800C0B4451BD16A
:10F36000D2F80080B0F5804F0CBFD3F80CC0D3F8B2
:10F3700008C0D3F804E0B8F1000F0BD18C4509D1D7
:10F38000C2F800E08C450DD06FF08600BDE8F0813A
:10F390000026DBE7F045F5D00134132C03F114030C
:10F3A000DAD1F1E7142303FB04773B7C13B96FF048
:10F3B0008500EBE7422E09D1064B9D4206D003F2B1
:10F3C0000B139D4202D00A339D42DDD10020DDE7C0
:10F3D000900E0400000800062DE9F34105881F4641
:10F3E00005F44F43B3F5824F0E468046418802D064
:10F3F000B3F5884F1BD1EDB2422D3DD8402D13D827
:10F40000A5F11203DBB21E2B36D81E4A42FA03F3D3
:10F41000DA0731D4CC1DE40864000134089BA34210
:10F4200007D26FF0890024E0CC1DE408F6E7002441
:10F430002546284601AAFFF7BFFED0B9D8F8042018
:10F44000114BB3EB122F19D0123DEDB21E2D15D872
:10F450000E4BEB40DB0711D539460423019A01F826
:10F46000013B304600F0A6F80DF0C5F808B9099B3D
:10F470001C6002B0BDE8F0810024DAE76FF085007F
:10F48000F7E700BFDEFFFFBF004E80002100004015
:10F490002DE9F0411546C4B003AC1E460DF1040839
:10F4A0000FABC8E90021C4E90132226020AB102271
:10F4B0000746002107A8E3600EF0FCF94A9A6B00AA
:10F4C00001339A426DD13378042B6AD14C9B9D4213
:10F4D0006AD8731CCDE907536B1C1E44384607A934
:10F4E000CDE90956FFF7B6FE0546002855D131A8EB
:10F4F000FFF7A6FD2E4B31A819680DF099FD0A26DD
:10F50000002239460BAB31A80DF0FDFF054600285F
:10F5100034D131A80DF09BFF054602460B994046B9
:10F520000DF0D8FEDDE90C122B4607A80DF0FBFE0E
:10F5300031A80EF04BF831A80DF06BFD0546E8B987
:10F54000013EDDD131A80DF0BFFF064631A80DF018
:10F550007EFF23460246D6E900010DF0D4FE636823
:10F5600022680C93A3684B990D93E3680BA80B9248
:10F570000E930DF0AFFE4D9B0B9A1A60D4E900106C
:10F580000EF00BF9D4E902100EF007F928460DF041
:10F5900032F8054631A8FFF785FD284644B0BDE89E
:10F5A000F0816FF08605F8E76FF08905F5E700BF99
:10F5B000341004002DE9F04796B0814603A80E46AA
:10F5C00015465768FFF73CFD254B03A8D3F800A06C
:10F5D0004FF0000851460DF02BFD6B4600222946E6
:10F5E00003A80DF090FF044618B103A8FFF75AFDD9
:10F5F00021E03A46494600980DF0C0FEDDE90123BE
:10F60000294603A80DF04EFF03A80DF0DFFF03A865
:10F610000DF0FFFC0628044611D108F10108B8F1ED
:10F620000A0F04D0514603A80DF002FDD5E703A848
:10F63000FFF738FD6A24204616B0BDE8F0870028A1
:10F64000D3D103A80DF040FF05463A460168304685
:10F650000EF023F93A466968F0190EF01EF9C4E776
:10F660003410040073B50446EFF31186402383F38E
:10F670001288BFF36F8F8368594003EA02050A407E
:10F6800053400022009309496B4601920CF0B5FBF0
:10F69000DDE9003223EA020304F10C003146A360E5
:10F6A0000CF016FB284602B070BD00BF39D803002D
:10F6B000F8B50E4B06461D68AB789B0712D56F68F0
:10F6C00016F8014B29462CB90A20B847002805DB5B
:10F6D000204609E02046B8470028F1DAAB7843F02D
:10F6E0000403AB704FF0FF30F8BD00BF94F503008A
:10F6F0000CB430B58BB004460D462022002102A880
:10F700000EF0D8F80223002D06948DF80A300C4B29
:10F71000039312DB01D06B1E1C440FAA0E9902A8A2
:10F720000794019200F002F915B1069B00221A70AD
:10F730000BB0BDE8304002B070470024EDE700BFD9
:10F7400089DC0300242AF0B5044601D8012A40D1FF
:10F750002E4B1622F0F74CF91A5001B10C60002024
:10F76000F0BD2F463D4615F8010B2028F9D0A0F139
:10F7700009060346042EF4D92B282CD02D282CD191
:10F7800001262B78BD1C302B2DD1287840F020008D
:10F79000782824D132F0100021D16B782C46102229
:10F7A00002350020392B82BF03F1FF3343F02003E1
:10F7B000263B303B9A421AD9A0FB02040CB9C01870
:10F7C00001D346F002062F462C4617F8013B3D4672
:10F7D000E8E70746C6E70026D3E70026D3E7002A76
:10F7E00008BF0822DDE7002A08BF0A22D9E701B1D5
:10F7F0000C60F20748BF4042B307B1D5034B222249
:10F80000F0F7F6F81A504FF0FF30A9E70C000000AF
:10F810002DE9F0410126B24201DCBDE8F081074646
:10F820003B461F4613F8014B002CF6D0252CF8D18F
:10F830001D780237252DF3D00023DFF8EC809C469D
:10F840001C461F2C27D8A5F1200EBEF1100F06D89C
:10F8500028FA0EFE1EF0010F53D12E2D3CD02E2D76
:10F8600027D8242D33D02A2D36D0BCF1000FD4D088
:10F87000B445D5D145F020070B68A7F1650CBCF164
:10F88000020F01D9612F42D1073323F00703083358
:10F8900001360B60BFE77F2CDFD96C2D23D01DD83C
:10F8A000682D27D06A2D01D04C2DDED144F4207470
:10F8B00008E0A5F1300EBEF1090FEED80A2404FBD2
:10F8C00003E3202417F8015B002DBAD1CDE7BCF18A
:10F8D000000F18D0B34218D00023F3E7742DF1D0F5
:10F8E0007A2DEFD0C1E7250648BF44F4007444F0F8
:10F8F0008004E7E7E50548BF44F4007444F48074ED
:10F90000E0E70024DEE79C46E6E76325B2E7692DE1
:10F9100002D007D8632D03D0250601D5A405B3D4A2
:10F920000433B5E7732DF6E7892801002DE9F04F80
:10F93000837893B08046D0F804909C07CDE90812F4
:10F9400014D50B4600250B92187888B1252813D0C2
:10F950000133069341460135C847002880F2F283FF
:10F9600098F8023043F0040388F802304FF0FF3576
:10F97000284613B0BDE8F08F93F801A09A1CBAF1A5
:10F98000250F0692E6D04FF0000B5E465F465C46C0
:10F990001F2C23D8AAF12003102B22D8DFE803F074
:10F9A0001521211B2121210B212121132118212186
:10F9B000090044F00104069B13F801AB0693BAF169
:10F9C000000FE5D11BE044F0020444F00404F2E728
:10F9D00044F00804EFE744F01004ECE77F2C00F259
:10F9E000F680BAF12E0F00F0D38000F2AC80BAF1AD
:10F9F000240F00F0D380BAF12A0F00F0B480BBF1DD
:10FA0000000F06D0099B5A460BA908980B93FFF7E5
:10FA1000FFFE002E4AF02003B8BF24F040040493F8
:10FA2000A3F16503BCBF0026A4B2022B04D94AF09F
:10FA30002003612B40F086826FEA0A0A0AF0200355
:10FA400007930B9B073323F0070303F108020B9284
:10FA5000049A612AD3E9000104F0400340F0E480F5
:10FA6000002B079B0CAA44F4C05408BF4FF0FF368C
:10FA7000009333460EF081F801304FF0010CDDF8B1
:10FA800030A0C3B2B3420393A8BF03F1FF36702383
:10FA9000CDE9043C0AF10903122B0DD90AF16303E5
:10FAA000C62B40F2F3800AF2E73340F2CE72934263
:10FAB0008CBF0423032305939DF83430D80700F14D
:10FAC000E780A20700F1E780C4F3800B4FEA4B1BED
:10FAD0005FFA8BFB13F00C0F00F0E980BBF1000F15
:10FAE0000CBF03230423BB420EDA2007A7EB030756
:10FAF0000BD42F4441462020C847002805F10105BA
:10FB0000FFF62EAFBD42F5D10027BBF1000F07D0A5
:10FB100041465846C847002805F10105FFF620AFC9
:10FB20009DF83430AD4C13F0080FAD4B08BF1C46A8
:10FB30002646324616F8010B002840F0AF802C1BF9
:10FB400002EB040B7AE1AAF13003092B3FD814F041
:10FB5000400F4FF00A020ABF44F0200402FB0636B1
:10FB600002FB073727E7BBF1000F7FF424AF0B9AA6
:10FB7000600652F8043B0B9201D51E461BE7002B92
:10FB8000A7BF44F020041F465F4244F0280412E758
:10FB900063063FF5EDAE44F040040CE7BBF1000F07
:10FBA0003DD014F0400A099B0BA908980CBF3A46B7
:10FBB00032460B93FFF72CFE0B9B53F8042B0B9351
:10FBC000BAF1000F01D01646F5E61746F3E6BAF192
:10FBD0006C0F16D00CD8BAF1680F19D0BAF16A0FB1
:10FBE00003D0BAF14C0F7FF40AAF44F42074E2E67C
:10FBF000BAF1740F3FF4DFAEBAF17A0F3FF4DBAE27
:10FC0000FDE6200648BF44F4007444F08004D2E6C8
:10FC1000E30548BF44F4007444F48074CBE65E46C8
:10FC2000BB4634463746C6E6002B049B08BF062673
:10FC3000652B0FD1721C44F48054D2B21346112AA2
:10FC40004FF0650E4FF0000228BF11239446CDF807
:10FC500010E007E0049B662B10D144F40054B44636
:10FC600001221123CDE9002C0CAA00F015FBDDF8D0
:10FC700030A0C3B20393022305930BE716F0FF02F3
:10FC8000DCD16523944604930123EBE7022312E7BA
:10FC90004FF02D0B1EE74FF02B0B1BE7079B414648
:10FCA000C01AC0B2C8470028BFF643AF58E614F4E4
:10FCB000405F40F09780039B002E03F1480308BF8C
:10FCC00001266B44133B039A1AB113F8012D302A15
:10FCD00075D014F0100F039B18BF33461AF1040FB0
:10FCE00072DBB24570DA534544F400547DDD0AF10D
:10FCF00001069E1B2AEAEA730133BBF1000F00D014
:10FD00000133002E73D0721C13449F42CCBFFF1AE4
:10FD1000002714F0090F03D12F44BD426BD10027F7
:10FD2000BBF1000F07D041465846C847002805F1EF
:10FD30000105FFF615AE230510D541463020C84712
:10FD40000028FFF60DAE079B41460235C3F178004F
:10FD500000F0F800C8470028FFF602AE200704D4E0
:10FD6000AB467D195D454ED10027A10469D52AEA2D
:10FD7000EA737642AAEB030A039A013B05F1010BF1
:10FD8000524589BF0CAA3020524450799E4242DC31
:10FD900041460493C84700280AF1010A049BFFF674
:10FDA000DFAD5A1C09D141462E200493C8470028D4
:10FDB000FFF6D6AD05F1020B049B5D46DCE7039A26
:10FDC000013AD2B203927EE75E1E14F4006F059AE8
:10FDD00014BF0523032313448FE700BF1E2504002F
:10FDE0001A250400A10485D4EFE7002682E7E20685
:10FDF00048BF013389E741462020C847002805F164
:10FE000001058ADAACE541463020C84700280BF1ED
:10FE1000010BA7DAA4E541460393C8470028FFF683
:10FE20009FADE6060AD5039B013307D105F1020B0E
:10FE300041462E20C8470028FFF692AD5D465F443C
:10FE400012E241469DF83500C8470028FFF688AD0C
:10FE5000002E5DDD41462E20C8470028FFF680AD0C
:10FE600001240CAB039A4146A346A242CABFE21842
:10FE700030205079C8470028FFF672AD01340CAB32
:10FE8000A642EFDAAC1C5C44049B4146079A981AE0
:10FE9000C0B2C8470028FFF663ADBAF1000F414673
:10FEA000B6BF2D202B20CAF1000AC8470028FFF654
:10FEB00057AD059B042B37D14FF47A764146033476
:10FEC000BAFBF6F505F13000C0B2C8470028FFF6CE
:10FED00047AD06FB15AA642641460134BAFBF6F588
:10FEE00005F13000C0B2C8470028FFF639AD06FB67
:10FEF00015AA0A2641460134BAFBF6F505F1300091
:10FF0000C0B2C8470028FFF62BAD06FB15AA12E0C9
:10FF1000E40601D46C1CB7E741462E20C8470028F0
:10FF200005F10204B0DA1BE5059B0234032BD2D0A5
:10FF3000059B012BDDD10AF1300004F1010B414694
:10FF4000C0B277E7AAF16303122B00F2E580DFE885
:10FF500013F013005400E300E300E300E300540057
:10FF6000E300E300E300E300E300FC00DD00E30066
:10FF7000E3002900E300AB000B9B01260DF1300AE2
:10FF80001A1D1B680B928DF8303020072CD50AEB18
:10FF9000060B54465C4529D1A5EB0A0ABF1B04EBAE
:10FFA0000A0B4BE70B9B1A1D0B92D3F800A0A94B31
:10FFB000BAF1000F08BF9A4614F0400F504614BF24
:10FFC00031464FF0FF310DF0B9FC0646DDE7414602
:10FFD0002020C8470028FFF6C3AC013CA642F6D358
:10FFE0002F443D1B2746D2E73C46F7E7414614F82D
:10FFF000010BC8470028CDDAB2E421060B9B32D5AD
:020000023000CC
:10000000A2052BD5073323F0070303F10802D3E938
:1000100000010B9224F0100B00291FFA8BFB32DA3F
:1000200040424BF4806B61EB41010CAC0A23224649
:100030000DF090FC1BF0400FA0EB040200F09C8040
:100040002BF0010396429BB240F39F80BAF1000F60
:1000500040F09D802BF011039BB21FE01A1D186821
:100060000B92C117D6E71A1DE00519680B9201D44F
:100070000846F6E7A20547BF48B241F3C01108B2EF
:1000800041F3C031C6E750EA0103CED16306CCD5B7
:10009000002ECAD124F011043246A3B2344640F2F5
:1000A00006410B426FD126E024F010040A23A4B2CB
:1000B00014F0800C0B9A4CD014F4007115BF073269
:1000C000101D22F007020B900FBF106802F108010B
:1000D0000B91D2E9000150EA010247D124F0160B3E
:1000E00062061FFA8BFB45D5002E43D124F017047E
:1000F0003246A3B2344619075FD4D90704D5A742C4
:1001000072DD3C1BA6183C46A34650E044F01004A8
:1001100010234FF0780ACBE74AF02003782B04D164
:10012000CAF1780343F01003C2E741462520C847CF
:100130000028FFF615AC41465046C8470028FFF698
:100140000FAC0235069BFFF7FFBB08234FF0000AF8
:10015000AEE7111D10680B9114F48071BBD014F43C
:1001600000711ABFC0B2614680B2B4E724F0060441
:100170001FFA84FB0CAC5AE714465B46D9068ED5B1
:10018000BAF1000F05D10134B5E71446F6E734465D
:10019000F4E70234AFE741462020CDE90332C847F7
:1001A0000028FFF6DDAB0BF1010BDDE903325F4503
:1001B000F1DC2C1B04EB0B055C46D90616D5414639
:1001C00030200392C8470028FFF6CAAB039ABAF161
:1001D000000F32D0023541465046C8470028039AE6
:1001E000FFF6BEAB2E441DE016468DE740F20641F9
:1001F0000B42F7D013F0020F05F1010541460392BF
:1002000014BF2B20202013F4806F18BF2D20E4E7AB
:10021000414630200392C847002805F10105039AA2
:10022000FFF69EAB731B9A42F2DB16460DF1300AC5
:100230002EB902EB050B3F1B00E60135D2E7013E6C
:10024000414603921AF80600C8470028039AEFDADD
:10025000FFF786BB2225040041462020C84700281E
:1002600005F10105FFF67CAB7B1B002BF4DC69E795
:100270001FB502AB074A00934FF0CC330DF047FC9B
:10028000DDE90201C00840EA4170C90805B05DF827
:1002900004FB00BFCDCCCCCC2DE9F04F9BB00F0DB3
:1002A00004460A939DF890300592C1F30A520C93CC
:1002B000C1F31303C90F07917AB950EA03017ED144
:1002C0000599302301274B71079B0A6043F0020315
:1002D0000B7138461BB0BDE8F08F40F2FF718A42C7
:1002E0000BD10343079B059A4FF0000714BF43F05F
:1002F000080343F004031371EBE7A2F2354A43F419
:100300008015234304F001024FEA85080CBF27F053
:100310000107012748EA9478089208BF7F054FEA51
:10032000840602BF7F0DB7FA87F77F09BAF1000F85
:10033000C0F2B680504600F0EFF9BAF1030FC8BF23
:100340000138049000F0F4F9049B7C3016A9A3EB6B
:100350000A0A8244184600F07DFA12AB204629466C
:10036000019310AB16AA0297009353460DF018FBA9
:10037000049B04460D46152B00F28E8014ABA94A4F
:100380003046414600934FF0CC33DDE9109A0DF032
:10039000BEFB149B159A9B0843EA827303EB83030D
:1003A000B34210D14146304600F0CAF9049B834263
:1003B0008CBF4FF000084FF00108002715E01D46E4
:1003C000DFF864A29DE7089B002B55D1013E48F160
:1003D000FF31F01B61F1000100F0B2F9049BDDF880
:1003E000208083428CBF002701270C9B002B40F00C
:1003F000C880DDF8289000264FF00A0B0696099673
:10040000DDE91001FFF734FFDDE912A3CDE90D01AD
:10041000194650460F93FFF72BFF0A4603460D99E6
:100420000B908B420E9B72EB03010F9B80F0C480FC
:10043000204629460F92FFF71BFF0B9B002E14BF8F
:100440004FF0000808F001080F9A0BFB10460BFB59
:1004500003F50D9BF6B204461093554514BF0027D3
:1004600007F001070E9B0D46139211930B9B1293FD
:10047000069B01330693C3E7B01C48F1000100F06E
:100480005FF9049B83428CBF00200120B9EB000080
:100490006AF10002CDE910024FF000084746A4E7D8
:1004A000CAF1000B584600F03DF9BAF1FF3F0CBF0E
:1004B0008146A0F10109ABEB090B0AEB0903584691
:1004C000049300F035F916A9A0F17D0A584600F012
:1004D0004FF912ABA9EB0A0A2046019310AB29464B
:1004E00016AA0093534602970DF05AFAB9F1010F7C
:1004F00004460D460ED8089B13B94FF0010874E767
:10050000109B4FF00108119A013B42F1FF32CDE9F7
:10051000103252E7B9F13E0FBED84FF0FF33A9F1C8
:100520002000C9F1200103FA09F203FA00F023FACE
:1005300001F103FA09F3024326EA03060A4328EA13
:10054000020856EA08060CBF4FF001084FF00008F9
:1005500033E700FB02F60133A1FB001232448C4268
:1005600075EB0206F5D2049ADDF828901344259A1B
:100570001344D20F9342B8BF13469945A8BF99467A
:1005800039E70A21002201230846E8E70BFB01FEB8
:100590000CF1010CA0FB0B017144844275EB010EC0
:1005A000F4D2CC450DDDB9F1000F02D154EA0501BA
:1005B00007D0012309933BE70A2000214FF0010CEB
:1005C000EBE7002F32D04FF00A0B50461946FFF7E9
:1005D0004FFE0BFB00F20B9152450E9026D1002EE0
:1005E00014BF4FF0000808F00108DDE91001FFF723
:1005F0003FFE8A460D9029462046FFF739FE0D9AA8
:100600000E9B0BFB10460D4604461293F6B2CDE945
:10061000102A0B9A9A460B9B1392069A0132069265
:10062000D3E700BFCDCCCCCCCCFBFFFFB8F1000FA3
:1006300005D0052E03D104F001060436F6B2069B60
:10064000DDF810809844099B53B9DDE912239D42DF
:1006500008BF944204D1089B002B4AD1002F48D0F8
:10066000042E94BF0026012630194FF00A024FF0E5
:1006700000034FF0010745F100011446904271EB71
:10068000030538D2F6B1B9451CDA0C9B6BB108EB07
:100690000703259ADDF828901344012BB8BF0123E6
:1006A0009945A8BF99464F450CDD053008F1010872
:1006B00007F1FF374FF00A024FF0000341F100014C
:1006C000DFF794FF4F450FFA88F8059BA8BF4F4608
:1006D0004FF000093FB2B84408F1FF3607F10508B2
:1006E0009844B9450EDB059B1A461E60079B1371A3
:1006F000EFE50126B8E704FB03F50137A2FB04236D
:100700002B44BBE70A220023DFF770FF303209F1E8
:10071000010908F8012DE4E7014B5843800C7047AC
:1007200041340100014B5843000D7047FB2E0B0074
:10073000024B5843C00C0130704700BF4F9312006A
:1007400070B50346094A00204FF0CC364FF03335E0
:1007500006FB03F402FB0144A3FB023121449D424A
:1007600075EB010401D30130F2E770BDCDCCCCCCE8
:100770001A232DE9F04FB0FBF3FA334E03FB1A03B3
:1007800089B004460D4606EB0A1653B9D6E9002394
:10079000C1E90023D6E90201C5E9020109B0BDE8BB
:1007A000F08F2A4A02EBC303D3E9008904AB404629
:1007B00049460093D6E902230DF0A9F906AB83461A
:1007C0000F46404649460093D6E900230DF09FF9B5
:1007D00000238146DDE9066216EB0B0652EB0708A3
:1007E00028BF012333B1049B059A013342F1000273
:1007F000CDE9043220460391FFF79AFF07461A20FD
:1008000000FB0AF0FFF794FF3F1A32464346484682
:10081000039900970DF092F90D4A4FEA141C6400F9
:1008200004F01E0352F82C40DC4004F003042418AA
:10083000304641F10001DDE90423C5E900414146AC
:1008400000970DF07BF9A7E720F0030050EF0300BD
:100850004C1004002DE9F04F1A2700F11905DFF8BC
:10086000E0A089B004460E46B5FBF7F56F434FEAAA
:10087000051B0AEB05153A1A0AD1D5E90023C1E98F
:100880000023D5E90201C6E9020109B0BDE8F08FF5
:100890002C4B03EBC203D3E9008904AB4046494625
:1008A0000093D5E902230DF032F95AF80B206B685A
:1008B000013ACDE9020106A963F100034046009127
:1008C00049460DF024F98A46029900238146DDE964
:1008D00006526D18039952EB010828BF012333B16A
:1008E000049B059A013342F10002CDE904323846F7
:1008F000FFF71EFF07462046FFF71AFF3F1A2A465A
:1009000043464846514600970DF018F90E4A4FEA03
:10091000141C640004F01E0352F82C40DC4004F068
:10092000030401342418284641F10001DDE90423C1
:10093000C6E90041414600970DF000F9A3E700BF6A
:10094000F0F0030050EF0300A010040038B5044C91
:10095000044DAC4200D138BD54F8043D9847F8E747
:1009600000000000000000007047072A70B54FF03B
:1009700000020CBF0E252025845CA4F13003DBB2FD
:10098000092B05D9A4F16103052B11D8573CE3B21B
:10099000D6074FEA52044CBF0E5D1B0102F1010263
:1009A00054BFDBB23343AA420B55E5D1012070BDE1
:1009B0000020FCE730B505468BB00C462422002110
:1009C00001A80CF077FF284601A9F2F713FD10B932
:1009D0009DF8243013B12368013323600BB030BD80
:1009E00008B502780B789A4208D10622013101300D
:1009F0000CF06FFFB0FA80F0400908BD0020FCE762
:100A00000346007F48B15A7F0AB9987F28B19B6995
:100A1000C91A642994BF002001207047F8B5016904
:100A200004460A9E21B34842089DA84222D1257F50
:100A3000E5B1D4E90070834208BFBA421AD1A36875
:100A4000069A9A4216D1E368079A9A4212D1099BF4
:100A500099420FD131462046FFF7D2FF50B9A37F0C
:100A600043B9637F03B9A6610123A3772846F8BD84
:100A70004069D9E70025F9E7F8B5057F04460A9EE5
:100A800005B3D0E90071994208BF97421CD1836831
:100A9000069A9A4218D1C368079A9A4214D14369B8
:100AA000089A9A4210D10369099A9A420CD13146A8
:100AB000FFF7A6FF40B9637F43B9A37F03B9A661DF
:100AC000012363772846F8BD0025FBE70546F9E7D3
:100AD00070B50D68069C954218D2FF2C16D81A687E
:100AE000224402321F2A11D89DF8106000EBC50283
:100AF00000F8356005985470506001200A68013292
:100B00000A601A68144402341C6070BD0020FCE7BF
:100B100008B5ECF7CDFA0430D0E8AF0F003818BFB5
:100B2000012008BD08B50BF05FF838B102200122A2
:100B30006FF00A01ECF718FB002008BD0120FCE76C
:100B400008B5ECF7B5FA0430D0E8AF0F003818BF9D
:100B5000012008BDD0E8AF0F7047F8B51F4651EA35
:100B6000000304460E46154604D000F0FF021AB9F1
:100B7000FF232B600020F8BD013A012A2A60F9D832
:100B8000ECF796FA4FF4A4722B68240A02FB0300D8
:100B9000436E44EA0664A342ECD1836D33B9002F5F
:100BA000E8D0C06D003818BF0120E4E70120E2E77B
:100BB00008B5ECF77DFA00F53A73D3E8EF0F013092
:100BC000C3E8E20F002AF8D150B9ECF771FA00F54A
:100BD0003A73D3E8EF0F0130C3E8E20F002AF8D1EF
:100BE00008BD70B50024264625464DB9ECF760FADD
:100BF0004FF4A47303FB0400856D003D18BF01256D
:100C0000C6B10126631C022B4FF00104EDD1ECF7B5
:100C10004FFA1030D0E8EF3FC0E8E25F002AF9D188
:100C2000ECF746FA0C30D0E8EF3FC0E8E26F002A5C
:100C3000F9D170BD4FF4A476ECF73AFA664330442C
:100C4000C36D002BDDD1ECF733FA304490F86060CF
:100C5000D8E722B900220023C0E900237047013100
:100C6000130E41EA0222C0E9002370472DE9F74341
:100C70000646894617461D46ECF71AFAEFF3118827
:100C8000402383F31288BFF36F8FECF711FA836D63
:100C900004469E4201D1426E82BBECF709FAD0F8BD
:100CA000A03104469E422BD1D0F8AC2152B301268C
:100CB00031466846FFF7CDFFDDE90023C9E900238F
:100CC0004FF4A47303FB064494F87B303B70A36E8F
:100CD00001242B60ECF7ECF988F31188BFF36F8FD8
:100CE00044B12C68ECF7E4F93C30FFF733FF031B09
:100CF0005C425C41204603B0BDE8F0830026D7E7A4
:100D00000024E7E71446E5E770B500231646002205
:100D100086B0CDE9042300230D4603930DF10B02A9
:100D200003AB04A90446FFF7A1FF30B1DDE90423BA
:100D30002046CDE9005602F021FF06B070BD10B587
:100D4000044611F8012B12F0FD0218BF012200F039
:100D500097F9204610BD73B505460C46ECF7A8F987
:100D6000EFF31186402383F31288BFF36F8F0023C4
:100D70002146284601AA0193FFF7EFFE044650B131
:100D8000ECF796F94FF4A472019B02FB0300846D0B
:100D9000204605F0ADFCECF78BF986F31188BFF324
:100DA0006F8F204602B070BD08B5ECF781F90C30AA
:100DB000FFF7D0FE003818BF012008BD08B5104667
:100DC0001946FFF7C8FF10B1F1F7B4FE012008BDC6
:100DD00038B5ECF76DF9EFF31185402383F31288F2
:100DE000BFF36F8FECF764F9846D003C18BF0124EA
:100DF000ECF75EF9D0F8A03103B10134ECF758F903
:100E000085F31188BFF36F8F204638BD73B500237B
:100E1000164600220446C0E90023ECF749F9EFF337
:100E20001185402383F31288BFF36F8FECF740F9ED
:100E300090F87B30B34205D1426E1AB1816D79B919
:100E4000C36D73B9ECF734F990F8C331B3420FD1E5
:100E5000D0F8AC2162B1D0F8A03193B1012100E00B
:100E600000216846FFF7F5FEDDE90023C4E9002311
:100E7000ECF71EF985F31188BFF36F8F204602B09F
:100E800070BDD0F8A431002BF2D0E7E72DE9F34193
:100E900000251E46FF2304461746037045708570E3
:100EA000C570057145718571ECF702F9EFF3118892
:100EB000402383F31288BFF36F8F012338463146F6
:100EC00001AA0195FFF749FE70B1ECF7F1F84FF474
:100ED000A472019B02FB0303D86EB3F8702093F851
:100EE00072302060A280A371ECF7E2F888F31188D9
:100EF000BFF36F8F204602B0BDE8F08173B5154691
:100F00001C46ECF7D5F8EFF31186402383F31288E3
:100F1000BFF36F8F00232146284601AA0193FFF7F4
:100F20001CFE044640B1ECF7C3F84FF4A472019BD9
:100F300002FB030090F87A40ECF7BAF886F31188C8
:100F4000BFF36F8F204602B070BD0020704770471E
:100F500070477047D0E8AF0F704708B5ECF7A8F8B6
:100F60000830FFF7F7FF003818BF012008BD002246
:100F7000F0B58A4201D30120F0BD8456835C002C79
:100F800000EB020501DB0132F3E703F0E004C02CC3
:100F900020D18027012403F01F0322448A4217D264
:100FA0002C4415F8016F06F0C00CBCF1800F0FD176
:100FB00006F03F06A54246EA8313F2D19F4207D8C6
:100FC000B3F5881F04D2A3F55843B3F5006FDAD206
:100FD0000020D1E703F0F004E02C05D14FF40067C6
:100FE000022403F00F03D8E703F0F804F02CEFD14C
:100FF0004FF48037032403F00703CEE708B5ECF77E
:1010000057F80830FFF7A6FF003818BF012008BDC9
:1010100038B50D461446ECF74BF8C0F82453ECF7FE
:1010200047F8C0F8284338BD38B5022304460D46BA
:101030001022002100F8013B0CF03CFC65702D0AE9
:10104000A570204638BD0078003818BF01207047D1
:1010500000787047007870470130704708B5037812
:101060000A789A4208D14AB1013101300CF031FCC2
:10107000B0FA80F0400908BD0020FCE71046FAE70E
:1010800010B50346FF2403F8014B0024C0F80140CB
:101090009C8039B1FF2A05D00C68C0F801408988CE
:1010A0009980027010BD0078FF3818BF012070478A
:1010B0000078704701307047034610B500B10AB997
:1010C000012010BD016808780028F9D14C8842F64B
:1010D0002A318C42F4D111680029F2D11360EFE774
:1010E00010B50446E9F766FB00F5CE739C4207D0C5
:1010F00000F5C86300F2DC7294420CBF1846002071
:1011000010BDD0E8AF0F704770B5054606780846A9
:101110000C46FFF79FFF86420FD12046FFF79CFF4A
:1011200006462046FFF796FF31460246681C0CF043
:10113000D0FBB0FA80F0400970BD0020FCE770B52C
:10114000044608460D46FFF785FF04F8010B102200
:10115000002120460CF0AEFB2846FFF77DFF064637
:101160002846FFF777FF314602462046BDE870402B
:101170000CF093BB0346D3E8EF0F421CC3E8E12F0A
:101180000029F8D17047D0E8EF3FC0E8E21F002AFD
:10119000F9D170472DE9F8430446EFF31188402355
:1011A00083F31288BFF36F8F00F12C05284600F0FF
:1011B0004CFE04F14407064618B9384600F04BFED1
:1011C000064628460025112200210CF073FB384604
:1011D00011222946E587A4F8405084F842500CF0CB
:1011E00069FB04F15E07A4F85650A4F85850A4F81F
:1011F0005A50A4F85C5004F1CC091637B94514D103
:101200000021C4F8B81088F31188BFF36F8F201D38
:10121000FFF7B9FF04F10C00FFF7B5FF04F1100070
:10122000FFF7B1FF3046BDE8F88311220021A7F196
:1012300016000CF03FFB27F8045C07F8025CDCE7C3
:1012400070B5044616460D46FFF7A4FF04F12800CA
:101250000021FFF798FF04F124000521FFF793FF19
:10126000324629462046BDE8704000F0BFBB2DE95C
:10127000F04704460E4691469846BDF82070BDF8EA
:1012800024A000F00CFB054610B10FB1574509D959
:1012900000226FF07F012046FFF7D2FF002528468D
:1012A000BDE8F0870E22002104F5D3700CF002FB9C
:1012B0009DF828300B9984F8AC3104F12800C4E97A
:1012C0006798A4F8A471A4F8AAA1FFF75CFF04F53D
:1012D000CE713046F4F7B0FD011EE0DA0022DAE705
:1012E00070B506468EB010460D46FFF7F9FE04466F
:1012F00058B3314600F0D3FA38B3214601A800F0C4
:1013000084FA214607A800F09DFA0DB307A82E8A9B
:1013100000F0A3FD86421BD901A82E8A00F099FD9A
:10132000864215D8EFF31183402282F31288BFF36F
:101330006F8F2A8AA4F85A2083F31188BFF36F8F26
:10134000162104F12800FFF71EFF00200EB070BD2B
:1013500000226FF001012046FFF772FFF5E7F8B5B4
:10136000164607460D46E9F725FA00F5E4739E4256
:10137000044606D000F60804A64200F5C86315D15D
:101380001C463946204600F08AFA78B13DB12A461B
:101390002046BDE8F8406FF00401FFF751BF04F1AB
:1013A00028000C21BDE8F840FFF7EDBEF8BDF8B508
:1013B000174605460E46E9F7FDF900F5EC739F4226
:1013C000044606D000F61804A74200F5C86317D1FA
:1013D0001C462946204600F062FA88B13EB13246EA
:1013E0002046BDE8F8406FF00401FFF729BFC4F8BC
:1013F000345604F128000821BDE8F840FFF7C3BEC9
:10140000F8BD70B5064610460D46FFF769FE044666
:1014100098B1314600F043FA78B145B12B8AB4F85F
:1014200018249A4203D2B4F816249A4207D2002212
:101430006FF001012046FFF703FF002070BD062179
:10144000A4F81A3404F12800FFF79DFEF5E770B503
:10145000064610460D46FFF743FE044630B33146BC
:1014600000F01DFA10B30DB1EB6833B900226FF034
:1014700001012046FFF7E4FE18E004F128021046BF
:10148000FFF73FFE9B88298A994203D2B4F81614CD
:10149000994203D200226FF01501EAE7032807D131
:1014A0000421A4F818341046FFF76DFE002070BD2B
:1014B000092803D10A21A4F81C34F4E70D28E9D146
:1014C0000E21A4F81E34EEE72DE9F04385B017464F
:1014D0001D4681460E46BDF83080E9F76BF900F5F0
:1014E000DA739F42044606D000F2F474A74200F576
:1014F000C8630CD11C464946204600F0D0F930B1F3
:101500004EB132466FF004012046FFF799FE0020ED
:1015100005B0BDE8F083D4F82416ADB108EB0103A3
:10152000102B03D932466FF07901EDE701F57E709B
:101530004246294620440CF0B0F9D4F82436012064
:101540004344C4F82436E3E7102901D02A46EAE7E9
:1015500004F12800FFF717FE0B4620460C21CDE9C9
:101560000155009504F57E72ECF7ACF9CFE7F8B5BC
:10157000064610460D46FFF7B3FD044660B13146FE
:1015800000F08DF940B10DB1EB683BB900226FF06E
:1015900001012046FFF754FE0020F8BD99882A8AF1
:1015A000914203D200226FF01501F2E7EFF31181AF
:1015B000402282F31288BFF36F8F2D8A988804F13E
:1015C0002C0204F1C80304F1D80653F8047BB3429B
:1015D00042F8047BF9D11B7813700123E587A4F846
:1015E000400084F8423081F31188BFF36F8F1221DD
:1015F00004F12800FFF7C7FDCEE7F0B5064687B037
:1016000010460D46FFF76CFD044600285ED03146BB
:1016100000F045F9002859D00DB1EE6836B9002226
:101620006FF001012046FFF70BFE4FE021466846B0
:1016300000F0EBF8B7882B8ABB424AD2684600F02C
:1016400008FC874245D8EFF31180402383F31288CA
:10165000BFF36F8FB2792F8AC2F34003B5881607A4
:1016600048BF43F00203510748BF43F00403D606C6
:1016700048BF43F00803910648BF43F010035206E9
:1016800048BF43F0200304F1D90204F1440104F1FE
:10169000E90652F804CBB24241F804CBF9D11278F2
:1016A0000A70002284F85C300123A4F85670A4F874
:1016B0005850A4F85A2084F85D3080F31188BFF3A5
:1016C0006F8F142104F12800FFF75DFD002007B0A3
:1016D000F0BD00226FF01501A4E770B5044608467E
:1016E0000D46FFF7B5FC02280ED1002328462370D3
:1016F000FFF7B2FC06782846FFF7AEFC4378204699
:1017000046EA0326668070BD2846FFF7A1FC102834
:101710000FD1022328462371FFF79EFC631D00F1C1
:10172000100250F8041B904243F8041BF9D1201D0D
:10173000E9E70020E7E7002138B504460D462430EC
:10174000FFF721FD04F12800FFF71DFDA4F8121496
:10175000C4F81414C4F81814C4F81C14C4F83416CB
:10176000102204F57E700CF0A5F82946182204F525
:10177000CE700CF09FF82946142204F5DA700CF0B4
:1017800099F82946102204F5E4700CF093F82946E4
:1017900004F5EC702022BDE838400CF08BB8E8F777
:1017A000D3BFD0E8AF0F7047D0E8EF3FC0E8E21FEB
:1017B000002AF9D1704770B5EFF31186402383F307
:1017C0001288BFF36F8F00F12C0300F1400453F82F
:1017D000045BA34241F8045BF9D11C8800F1440585
:1017E0000C809B788B7000F15C032C4603CC9C42F0
:1017F00010605160254602F10802F6D1238813805B
:1018000086F31188BFF36F8F70BDF0B50446EFF318
:101810001187402383F31288BFF36F8F054601F1D0
:101820002C0601F14403324603CA9A4228606960DB
:10183000164605F10805F6D187F31188BFF36F8FBF
:101840002046F0BDF0B50546EFF31187402383F342
:101850001288BFF36F8F024601F1440601F15C0369
:10186000344603CC9C4210605160264602F10802C7
:10187000F6D12388138087F31188BFF36F8F284632
:10188000F0BDEFF31183402282F31288BFF36F8F14
:10189000C0F82C1683F31188BFF36F8F704730B4F4
:1018A000EFF31184402585F31288BFF36F8FD0F8D2
:1018B0002C2684F31188BFF36F8F8A4202D130BC8B
:1018C00001F0E3BF002030BC7047EFF311834022EA
:1018D00082F31288BFF36F8F0022C0F82C2683F3A7
:1018E0001188BFF36F8F7047EFF31183402282F3AB
:1018F0001288BFF36F8FC0F8301683F31188BFF3DF
:101900006F8F704730B4EFF31184402585F3128850
:10191000BFF36F8FD0F8302684F31188BFF36F8F39
:101920008A4202D130BC01F0B0BF002030BC704709
:10193000EFF31183402282F31288BFF36F8F0022EE
:10194000C0F8302683F31188BFF36F8F7047F0B56E
:10195000064685B008461546E8F788FF1F46044648
:10196000F0B13146FFF7CEFFD0B104F11006D5B982
:10197000294604F10C00FFF717FF3046FFF714FF6C
:101980002046FFF7D5FF04F10800FFF70DFF2B46B7
:101990002A4605212046CDE901550095EBF792FF37
:1019A000002005B0F0BD3046FFF7FBFE0023022803
:1019B00014BF06210721CDE9013300932A463B4697
:1019C0002046EBF77FFF014670B904F10C00FFF7EA
:1019D000EBFE3046FFF7E8FE2046FFF7A9FF04F1D3
:1019E0000800FFF7E1FEDBE70120DAE72DE9FF4120
:1019F0008B1C04460D46164648D011F17A0F48D08C
:101A000011F1800F0CBF4FF00B084FF011080027A9
:101A10002046FFF75AFF394604F12000C4F8247627
:101A200084F82876A4F82074FFF7BEFE04F11400B1
:101A30003146FFF7B9FE231D1846FFF7B2FE07280F
:101A400003D039461846FFF7AFFE0122294640462B
:101A5000EBF78AFB06B17542CDE901560025092155
:101A60002B462A4620460095EBF72CFF294604F129
:101A70001800FFF799FE04F11C00FFF795FE04F132
:101A8000080004B0BDE8F041FFF78EBE4FF00F082C
:101A9000BDE74FF01008BAE7F8B5034610460D460B
:101AA000E8F7BCFE044650B11946FFF7F8FE30B126
:101AB0003DB92A466FF001012046FFF797FF00204D
:101AC000F8BDEB681BB199882A8A914203D800229D
:101AD0006FF01501F0E7EFF31181402282F31288D5
:101AE000BFF36F8F2D8A988804F12C0204F1C8038C
:101AF00004F1D80653F8047BB34242F8047BF9D1D1
:101B00001B7813700123E587A4F8400084F8423065
:101B100081F31188BFF36F8F0221201DFFF744FE70
:101B2000CDE7F0B5034687B010460E46E8F776FEDF
:101B3000044650B11946FFF7B2FE30B146B93246FD
:101B40006FF001012046FFF751FF002007B0F0BD04
:101B500016220021684604F1D905F7680BF0AAFEA9
:101B600029466846FFF7B9FD014627B1386810B12C
:101B700009B1BB881BB900226FF01501E2E703F041
:101B80001CFF002842D1EFF31180402383F3128819
:101B9000BFF36F8FBA79B6F810C0C2F34003BE88A6
:101BA000170748BF43F00203510748BF43F004033F
:101BB000D70648BF43F00803910648BF43F010031F
:101BC0005206294648BF43F0200304F1440204F1C1
:101BD000E90551F8047BA94242F8047BF9D1097860
:101BE0001170002284F85C300123A4F856C0A4F8D8
:101BF0005860A4F85A2084F85D3080F31188BFF350
:101C00006F8F04216018FFF7CFFD9EE701209DE74D
:101C100038B5034610460D46E8F700FE044650B1BD
:101C20001946FFF73CFE30B13DB92A466FF001017D
:101C30002046FFF7DBFE002038BDEFF31183402282
:101C400082F31288BFF36F8F2A8AA4F85A2083F395
:101C50001188BFF36F8F0621201DFFF7A5FDEAE76E
:101C600030B5034685B010460C46E8F7EBFD054657
:101C700030B31946FFF713FE10B344B122466FF09C
:101C80000401284605B0BDE83040FFF7AFBE284646
:101C9000FFF71BFE214605F10800FFF785FD2346EF
:101CA000224602212846CDE901440094EBF70AFEC2
:101CB000214605F1180005B0BDE83040FFF774BDBE
:101CC00005B030BDF0B5034685B010460D4616464A
:101CD000E8F7CCFD0446C8B31946FFF713FEA8B3D6
:101CE00004F10C008DB10021FFF75EFD04F110003E
:101CF000FFF75AFD2046FFF71BFE6FF004012A464E
:101D000005B0BDE8F040FFF771BEB18A04F10807E5
:101D100039B9FFF749FD384605B0BDE8F040FFF797
:101D200043BD0121FFF740FDB18A04F11000FFF728
:101D30003BFD29463846FFF737FD2B462A4604214E
:101D40002046CDE901550095EBF7BCFD05B0F0BD8F
:101D50002DE9FF47034610460E46E8F75FFD0446AF
:101D600060B11946FFF79BFD40B10EB1338A4BB904
:101D700000226FF001012046FFF738FE002004B07A
:101D8000BDE8F087EFF31187402383F31288BFF398
:101D90006F8F0025D4F8B89004F15E0804F58B7AB3
:101DA000D4F8B830AB420AD84D46032D11D987F389
:101DB0001188BFF36F8F00226FF01B01DBE74046F5
:101DC0005146FFF74BF908F116080028EDD101350F
:101DD000E6E7162303FB0543318A04F58B725E3375
:101DE00004F5937052F8046B824243F8046BF9D106
:101DF00012781A701623012203FB0543A3F8701012
:101E000083F87220D4F8B830AB4204BFAD18C4F8E0
:101E1000B85087F31188BFF36F8F00212046FFF77A
:101E200054FDA4F8201404F12000FFF7BDFC04F1D8
:101E30000800FFF7B9FC0B460A46CDE901110091F5
:101E400020460A21EBF73EFD98E7807D7047408AE7
:101E50007047808A7047407E7047808A7047C08A8A
:101E60007047007E704710B5194610468EB0E8F7EF
:101E7000A9FC034610B900200EB010BD041D204679
:101E8000FFF78FFC0728F6D1184607AA01A9FFF72C
:101E900092FC2046FFF785FC0728ECD19DF81A300C
:101EA000002BE8D09DF83500E6E71FB50021029130
:101EB0000799019106990091E8F7F2FF05B05DF8E6
:101EC00004FB30B589B015461C46FEF72BFE58B111
:101ED00021462846E8F776FC044640B901226FF017
:101EE0007F010B20EBF740F9002009B030BD01461F
:101EF00001A8FFF7A7FC9DF81D301BB19DF81C3011
:101F00001B0704D401226FF085010A20EAE70121B2
:101F1000204609B0BDE83040E8F736BE30B589B09C
:101F200015461C46FEF7FEFD58B121462846E8F747
:101F300049FC044640B901226FF07F010B20EBF70A
:101F400013F9002009B030BD014601A8FFF77AFC63
:101F50009DF81D301BB19DF81C30DB0604D4012216
:101F60006FF085010A20EAE70221204609B0BDE8AA
:101F70003040E8F709BE2DE9F04116461C46FEF751
:101F8000D1FD58B130462146E8F71CFC054648B95A
:101F900001226FF07F010B20EBF7E6F800263046B8
:101FA000BDE8F0810C30FFF7FCFB20B901224FF0B7
:101FB000FF310520F0E74FF0010805F10807D7E8E9
:101FC000EF3F002B03D1C7E8E28F002AF7D104D0FE
:101FD00042466FF00F010620DEE72146304601F051
:101FE000B5FB044640B10146284601F04EFC0646CA
:101FF00038B92046F0F79EFD00213846FFF7D4FBA4
:10200000C6E705F5BE712046F4F78AFA0546204674
:10201000F0F790FD002DC2DA00213846FFF7C4FB2F
:10202000424629461120B7E708B510461946E8F799
:10203000C9FB18B11430FFF7B4FBC0B208BD70B5CE
:102040000646457C847CFEF7FEFF08B9002070BD83
:102050003046FEF7FDFF0428F8D07369002BF5D059
:10206000B369013BB3F5007FF0D2002DEED005F04F
:10207000010304F001029342E8D105F02605003D7A
:1020800018BF0125C4F34000431B58425841DEE706
:1020900038B50446457CFEF7D6FF08B9002038BDA8
:1020A0002046FEF7D5FF0428F8D06369002BF5D051
:1020B000A369002BF2D0281E18BF0120B3F5007FC2
:1020C00088BF0020EBE770B50B460446024601F1DD
:1020D0001006154618685968083303C5B3422A46E6
:1020E000F7D11B7820222B70002104F114000BF093
:1020F000E1FB0023636384F83830204670BDD0E8EC
:10210000AF0F704738B500250446C0E90255056198
:102110001822294614300BF0CDFBD4E8EF3FC4E879
:10212000E25F002AF9D138BD2DE9F043054687B0BA
:10213000A1B3EFF31187402383F31288BFF36F8FAE
:102140000846FFF7DCFF28B30C791CBB8E680EB382
:10215000D1E903980846FFF7D5FF87F31188BFF34D
:102160006F8F4D451AD1EBF705FBFFF7C8FF4045D0
:1021700014D12846EBF726F880B1234622460321E6
:102180003046CDE90444CDE90245CDE90044EBF702
:102190001FFB03E087F31188BFF36F8F07B0BDE823
:1021A000F08310B5EFF31184402383F31288BFF35B
:1021B0006F8FFFF7A7FF84F31188BFF36F8F10BDF8
:1021C00008B590B1EFF31181402383F31288BFF378
:1021D0006F8FE9F71FFA20B10023C0E90033836055
:1021E000838181F31188BFF36F8F08BD38B5034633
:1021F00014460846EFF31185402282F31288BFF39C
:102200006F8FDA69944228BF144624B119B122466F
:1022100059690BF042FB85F31188BFF36F8F20469D
:1022200038BD38B5044608461146EFF31185402203
:1022300082F31288BFF36F8FE26991421A6005D270
:1022400085F31188BFF36F8F002038BD1AB110B12C
:1022500061690BF022FB85F31188BFF36F8F0120BA
:10226000F3E72DE9F047064640F6881500244FF4C1
:102270002F67E8F7E5FE036AA34201D800201FE0BC
:10228000E8F7DAFE07FB04030246D3F8EC9A0023D2
:1022900005F5A07100EB050C0144994519D0E646FF
:1022A000002051F8048F0EE05EF804AFB24509D16A
:1022B0004FF42F7101FB043302EB8300D0F86C095B
:1022C000BDE8F08701308045EED101330CF1100CF0
:1022D000E3E7013405F52F65CBE72DE9F04F91B029
:1022E0000546DDE91A9A90461F460C469DF8706037
:1022F000DDF874B099BBD0F82832002B46D059468F
:1023000006A801F0BCFA06F001038DF83830C6F3D8
:102310008003C6F34006CDE90854CDE90B798DF86A
:102320002880CDF834A08DF839308DF83A6034BB70
:10233000D5F82832B3B90126072100229DF83A309A
:10234000CDE9022BCDE900A33A464B462846CDE91C
:102350000448EBF73DFA304611B0BDE8F08FD1F8F4
:102360002032CAE7D5F82C1206A898470028E2D1F7
:10237000002608216FF007029DF83A30E0E7D4F814
:102380002032002BD7D0D4F82412EDE70126E2E763
:10239000F8B5044600274FF42F651426E8F750FEE1
:1023A000036ABB4201D8002021E0E8F745FE05FBA7
:1023B00007FC00EB0C03D3F8ECEA00230CF6282111
:1023C00001449E4501D10137E8E751F8042F7AB165
:1023D00006FB02C202F566720244944208D14FF431
:1023E0002F7202FB073300EB8300D0F86C09F8BDB5
:1023F0000133E6E72DE9F04FD1F80CB0ADF5057DDE
:1024000005460E4617469846BDF838A2BBF1000FA8
:1024100005D16FF00D000DF5057DBDE8F08FEAF7F1
:10242000D1FE0028F5D000245846234622462146F6
:10243000CDE901A403950094FFF74FFFC8B10DF15A
:10244000100921464FF4007248460BF033FA494612
:102450004FF400725846FFF7C9FE80B2CDE90190F3
:1024600043463A4631462846CDF800A005F063FEC3
:10247000D1E76FF00700CEE72DE9F04FCF68ADF55B
:10248000057D05460E4690469946BDF838B22FB9EF
:102490006FF00D000DF5057DBDE8F08FEAF792FEB7
:1024A0000028F5D03846FFF7DCFE0028F0D00024E5
:1024B000394623462246CDE901B403950094FFF73F
:1024C0000CFFC8B10DF1100A21464FF400725046BE
:1024D0000BF0F0F951464FF400723846FFF786FED4
:1024E00080B2CDE901A04B46424631462846CDF8A0
:1024F00000B005F020FECDE76FF00700CAE72DE938
:10250000F04FCD6889B0814616461C46BDF848702C
:102510009DF84C8025B96FF00D0009B0BDE8F08F33
:102520000AB9002BF7D14846EAF74CFE0028F2D052
:10253000B4F5007F4ED818F0050F45D1AB699F4226
:1025400045D807EB040B9B4544D82846FFF789FE86
:1025500082460028DFD0334601222946CDE9028990
:10256000CDE90047FFF7B9FEB8B3EFF3118340227E
:1025700082F31288BFF36F8F3CB1686922463146FF
:10258000384407930BF089F9079BDFB1EA695A4594
:1025900038BF5A46EA6183F31188BFF36F8F012376
:1025A000CDE9045300230293C8F340035046CDE91C
:1025B0000073324623460621CDF80C90EBF708F95C
:1025C0002046AAE72246E5E76FF00500A5E76FF091
:1025D0000600A2E76FF00C009FE76FF007009CE792
:1025E00030B587B005460C46EAF762FE88B128464A
:1025F000FFF7CEFE68B10023002C1A4614BF01215C
:102600000221CDE90433CDE90243CDE90033EBF7F4
:10261000DFF807B030BD2DE9F04105460F461446FE
:10262000FEF780FA064660B107B924B96B6913B1A9
:10263000AB69A34209D201226FF079011020EAF7B9
:1026400093FD00263046BDE8F081EFF3118840236A
:1026500083F31288BFF36F8F24B12246394668692D
:102660000BF01BF9EC6188F31188BFF36F8FE9E77A
:10267000F8B504460D460746069E01F1100EBC460D
:10268000286869680835ACE8030075456746F6D1E7
:10269000B6F5007F88BF0026297804F120004FF0AE
:1026A00000058CF80010A37494BF034633462946F6
:1026B000C4E905366274E5614FF400720BF0FAF874
:1026C00010222946C4E98855C4E98A5504F50C70DE
:1026D0000BF0F0F8C4F8405284F844522046F8BD9C
:1026E000FFF799BF68B10278012A04D1837903F01A
:1026F000C003402B04D0032A8CBF00200120704768
:102700000020704711B10B6801330B60704708B5AA
:1027100002780B789A4208D10622013101300BF081
:10272000D8F8B0FA80F0400908BD0020FCE7D0E8F6
:10273000EF3F0133C0E8E23F002AF8D1704710B5FF
:1027400078B171B1CB69032B0BD80468C3EBC30319
:10275000CC50CA188388938083799371CB690133F5
:10276000CB6110BD002310B50360C0F8033081B108
:102770000C4614F8013B024603F0FD03003B18BF72
:10278000012302F8013BD1F80130C0F80130A388E1
:10279000938010BD73B50D46A9B1D1E901349C42B7
:1027A00011D201466846FFF7DDFF2A680098631CD6
:1027B000C4EBC404AB60BDF80410131910519DF8AC
:1027C000062099809A7102B070BD38B50446F0B108
:1027D000EBF7CEFAEFF31185402383F31288BFF3B2
:1027E0006F8FEBF7C5FA036B9C4212D0EBF7C0FA80
:1027F000836D9C420FD10123282202FB030090F835
:102800004B40EBF7B5FA85F31188BFF36F8F204685
:1028100038BD0023F0E70024F3E72DE9F84306462E
:102820000D4617469846EBF7A3FAEFF311894023BC
:1028300083F31288BFF36F8FEBF79AFA036B9E4214
:102840003BD0EBF795FA836D9E4238D101222823C5
:10285000002103FB0203C3E91111A3F84C107DB161
:102860005442D5F800C004F02804443440F804C0B1
:102870000119AC888C80AC798C71012183F84C10E3
:10288000282303FB020484F84B7084F84D80EBF797
:102890006FFA046AA31B01265C425C41EBF768FAFD
:1028A00089F31188BFF36F8F66B15CB14246394638
:1028B0002846BDE8F843E9F727B90022C7E7002416
:1028C0002646EBE7BDE8F88370B50C46064698B39C
:1028D000C9B1EBF74DFAEFF31185402383F312886A
:1028E000BFF36F8FEBF744FA036B9E420DD0EBF70B
:1028F0003FFA836D9E421DD00024EBF739FA85F331
:102900001188BFF36F8F204670BD0023282202FB81
:10291000030292F84C20002AEED05B4203F0280319
:1029200044332146072218440AF0D3FFB0FA80F45A
:102930006409E2E70123E9E70446E4E7F8B5002586
:1029400004460F4605604560058111B3EBF710FAA8
:10295000EFF31186402383F31288BFF36F8FEBF7F9
:1029600007FA036B9F4205D0EBF702FA836D9F4293
:1029700009D10125282303FB0503443303CB1B881E
:10298000206061602381EBF7F3F986F31188BFF3D0
:102990006F8F2046F8BD037A427A002BC17908BFB9
:1029A0000020E9F7B1B8F0B591B00C46EBF7E4F9C7
:1029B0000546002849D0234613F8012B02A89B881E
:1029C0008DF80020D4F80120ADF80530CDF80120B5
:1029D000E9F7E0F8EBF74EFA05AF01460446384652
:1029E000FFF7ACFF6846E9F7B9F820B100220421EF
:1029F0006846E9F789F854B169462046FFF764FF55
:102A000028B10023042269462046FFF706FF6946E5
:102A10000020EEF739F9061E1BDA02A8FFF7BBFF0C
:102A20007CB19DF81C302046002B14BF3946002194
:102A30009DF81D309DF81B20FFF7EFFE2046F0F7B4
:102A400079F831460B20EBF7ADF90025284611B097
:102A5000F0BD14B12046F0F76DF86846E9F762FA68
:102A600004236A460F2108A8EBF7ACF908A8EBF796
:102A7000EFF900210846EBF795F9E7E7D0E8AF0F4B
:102A8000704770B50E46154604468AB003F099FFAC
:102A900031460820EBF786F900232246062102A8DA
:102AA0000095EBF7FDF902A8EBF7D2F90AB070BD7B
:102AB0002DE9F0470D460846E9F7B0F82846E9F752
:102AC00031FA002640274FF02808EBF751F9EFF3D1
:102AD000118987F31288BFF36F8FEBF749F908FB71
:102AE00006FA5044046B34B1EBF742F95044006BE2
:102AF00003F0FEFD0446EBF73BF989F31188BFF3C1
:102B00006F8FB4B129462046FFF7DEFE70B1204634
:102B1000FFF75BFE042805D0002320461A4619461D
:102B2000FFF77BFE00212046EBF776FA2046F0F710
:102B300001F8731C022B4FF00106C6D1BDE8F087E7
:102B400010B504468AB0E9F795FE204600F07AFFFA
:102B500048B1002302A8224604210093EBF7A0F914
:102B600002A8EBF775F90AB010BD70B504468AB03B
:102B70000E46E9F77FFE204600F064FF00284FD0A4
:102B800001212046EBF748FA204603F08CFE01466F
:102B90002046EBF761FA204603F0DDFE05467EB3E2
:102BA000EBF7E6F890F8793053B301232946002576
:102BB0001A462046FFF731FE2B4622460721009594
:102BC00002A8EBF76DF902A8EBF742F908212B46B2
:102BD0000DEB010022460095EBF762F902A8EBF736
:102BE00037F92046E9F7C0F80546C8B96FF0040187
:102BF0000920EBF7D7F82B4622461221009509E071
:102C00000123002229462046FFF707FE0023224623
:102C10000721009302A8EBF743F902A8EBF718F994
:102C20000AB070BD30B504468BB00D46E9F722FE00
:102C3000204600F007FFF8B100212046EBF7ECF941
:102C4000204603F088FE01462046FFF73DFE28B1EE
:102C5000002320461A461946FFF7DFFD0820694287
:102C6000EBF7A0F802A8002322460D210095EBF710
:102C700017F902A8EBF7ECF80BB030BD38B50446F5
:102C800000F0E0FEC8B1204603F065FE05460146AF
:102C90002046FFF719FE50B12046FFF796FD0228A7
:102CA00005D10123002229462046FFF7B6FD204624
:102CB000BDE838400021EBF7AFB938BD08B5FFF7E4
:102CC000DDFF002008BD30B504468BB00D46FFF790
:102CD000D5FF204600F0B6FE50B1002302A80093B5
:102CE00022462B460121EBF7DBF802A8EBF7B0F800
:102CF0000BB030BD10B50446FFF7C0FF02222046DE
:102D0000BDE8104000231146E9F728BE70B50D4616
:102D10000446FFF7B3FF03222B462046BDE8704070
:102D20001146E9F71BBE10B50446FFF7A7FF0023C5
:102D30002046BDE810401A460121E9F70FBEF8B55C
:102D400016461C469DF81870EBF716F8054658B164
:102D5000304601222146E9F7A5FE064638B96FF054
:102D600077010520EBF71EF800252846F8BD57B17E
:102D700003F02FFE04463046EFF7DCFE002C05DAA8
:102D800021460B20EEE703F01CFEF3E727B10020FD
:102D90000146EBF707F8E8E708206FF08B01F8E74A
:102DA000F0B50024059FE100C1F12006A1F1200546
:102DB00003FA06F622FA01F1314323FA05F5294315
:102DC00001550134A742EED1F0BD00238446F0B591
:102DD00018460D4619461CF80340DE00A6F12002F5
:102DE000C6F1200704FA02F224FA07F701333A4346
:102DF000B4409D4240EA040041EA0201EBD1F0BD3B
:102E000070B500230446E2188B4201D3012070BD47
:102E100012F8010B01330028F9D00506F4D500F1B2
:102E20003E02D2B21D2A16D900F12002D2B20F2AD8
:102E300013D900F11002D2B2042A0AD80322CD1A03
:102E4000954206D3E028E65C04EB030507D19F2EEC
:102E500009D80020DBE70122F1E70222EFE7ED28A5
:102E60000DD19F2EF5D828461A4410F8015B013386
:102E700005F0C005802DECD19A42F6D1C3E7F028C9
:102E800001D18F2EE4E7F428EDD18F2EEAE7F7B5D4
:102E900000260E6204460F46E9F7ECFE0546F0B147
:102EA000237A072B1ED8A37A0F2B1BD8022300935B
:102EB000384633462288FFF773FFA378BB70E37868
:102EC000FB7023793B7163797B71A379BB71237AA2
:102ED000FB71637A3B72A37A7B720A233B622846BA
:102EE00003B0F0BD3546FAE72DE9F041154604463A
:102EF0008CB020B9002210460CB0BDE8F0810A2940
:102F0000F8D10221FFF761FFE179227A94F802807B
:102F100094F803E094F804C06779A679637AADF871
:102F200000008DF80810684603A98DF809208DF877
:102F300002808DF803E08DF804C08DF805708DF8DF
:102F400006608DF80A30FFF7A2FF02460028D1D0B4
:102F50006B4603CB696019889B7828602981AB7226
:102F6000C9E773B504460020086223680D4603F5DF
:102F70000003B3F1807F3CD2A6792EB104F10800A2
:102F8000E9F778FE002834D0227C1AB1637C013B3B
:102F9000082B30D86379760046EA820628461E431D
:102FA000032300F8016B009322680023FFF7F8FE6B
:102FB00022792A7105222A62A27992B10222009214
:102FC0002289681DFFF7ECFEA37AEB71E37A2B727E
:102FD000237B6B72637BAB72A37BEB722B6A073331
:102FE0002B62237C23B12B6A627C591C2962EA5430
:102FF000012002B070BD0020FBE7012373B50B6216
:1030000042780378054643EA42030B7003780C4686
:103010008BB10423009342680023481CFFF7C0FED5
:103020000222206A009204302A892044FFF7B8FE69
:10303000236A063323626B788BB10226206A0096DE
:1030400000236A892044FFF7ABFE206A00963044D3
:10305000AA892044FFF7A4FE236A043323620120D7
:1030600002B070BD73B5037AC2785B00054643EACF
:1030700082030226027908460C46134300F8013BFE
:1030800000962A880023FFF78BFEAA78E2700422BC
:1030900022622A793AB10096EA88201DFFF780FE65
:1030A000236A334423622B7A53B10423206A0093AA
:1030B000EA6800232044FFF773FE236A0433236287
:1030C000012002B070BD2DE9F04F87B00E460746D3
:1030D0000092002848D0032946D90478072C43D809
:1030E000620002F0060204328A424FF0000036D13C
:1030F000CDE903000221781CFFF767FE04F0010808
:1031000004F00205C4F3400A97F803B0C4F3800446
:103110001FFA80F9B8F1000F24D00221381DFFF703
:1031200054FE82B23DB1301F042138440192FFF7B2
:103130004CFE0546019A8DF80B40009CADF80890B6
:103140008DF80AB08DF80C80ADF80E208DF810A027
:10315000059506AB13E90F0084E80F00012007B0C6
:10316000BDE8F08F4246DDE70020F8E7F8B51646E7
:10317000044608B306291FD10378062B1CD14378D7
:10318000D3B902210844FFF720FE022187B2054689
:10319000201DFFF71AFEB08001207A0045F3C425F8
:1031A000C7F30B0302F4805205F010059B1AC5EB20
:1031B00017353380B570F8BD0020FCE737B50446FD
:1031C0000020086222780D463F2A27D8E368B3F52D
:1031D000803F23D2237C072B20D8A37C012B1DD832
:1031E000E37C032B1AD8D30604D5637C3033DBB2DF
:1031F000682B13D82846062300F8012B0093D4E946
:103200000223FFF7CDFD237C0120EB71637C2B7241
:10321000A37C6B72E37CAB720B232B6203B030BDDB
:103220002DE9F0411546044690B020B9002420460F
:1032300010B0BDE8F0810B29F8D110F8018B062100
:10324000FFF7C3FD06460F46E07994F90810627A4D
:10325000A37A8DF810008DF81110684607A9CDE902
:1032600002678DF800808DF812208DF81330FFF77B
:10327000A5FF04460028D9D06B462A4604AE1D4659
:1032800003CDB542106051602B4602F10802F6D121
:1032900028681060CBE7F8B50E46471C00210446AD
:1032A0003B46316213F8012F12B101311329F9D1D4
:1032B0002578092D15D8132913D0A01CFFF7A0FDE0
:1032C00048B133463570627803F8012F7A18974277
:1032D00002D102313162F8BD17F8014F03F8014FF6
:1032E000F5E70020F7E77FB503460846114641F6AB
:1032F0001402934228D00FD841F6090293421FD0FE
:1033000041F6110293422BD041F60502934213D0AD
:10331000002007B05DF804FB41F61F02934217D06E
:1033200041F63F02934217D041F616029342EFD185
:103330006A46E9F767FDECE76A46FFF7D5FDE8E77F
:103340006A46E9F7E9FCE4E76A46FFF7BCFEE0E716
:103350006A46FFF70BFFDCE76A46FFF761FFD8E735
:103360006A46E9F7B9FDD4E741F63F0241F60903A1
:10337000984218BF90420CBF0120002070470929D5
:103380009DBF0088C84000F0010000207047092957
:103390009DBF4088C84000F00100002070470346F0
:1033A000002280889A80704703460022C088DA8015
:1033B000704770B506460C4688B0054626F8041BD3
:1033C00003A8FDF731FE03A93046FEF77CFE204638
:1033D000E9F7CEFD014603A8FDF726FE41F60503F9
:1033E0009C4205F1400633D041F63F039C422DD06C
:1033F0002046FFF7B9FF002814BF1022082241F62B
:103400003F03E11A4B424B4120213046009103A972
:10341000FFF72EF942F6542341F6160242F65C21DC
:1034200003A8944218BF1946FDF7FEFD022300933E
:10343000012305F522761A46304603A9FFF718F94D
:103440000023284685F8D03408B070BD1122D6E795
:1034500009220123D8E730B5044689B041F61101AD
:1034600003A8FDF7E1FD03A92046FEF72CFE42F676
:10347000472103A8FDF7D8FD0225012303A91A4619
:10348000009504F13C00FFF7F3F842F6462103A84B
:10349000FDF7CAFD14230822009303A9002304F5B5
:1034A0002170FFF7E5F842F6482103A8FDF7BCFDBF
:1034B000012303A91A46009504F2CC40FFF7D8F87F
:1034C00042F6452103A8FDF7AFFD0023082203A91A
:1034D000009504F21470FFF7CBF842F6442103A8DC
:1034E000FDF7A2FD2B462A4603A9009504F65C10C1
:1034F000FFF7BEF82022002104F6A8300AF0DAF91E
:10350000D222002104F6C8300AF0D4F92346012162
:1035100004F1D20283F8C91B15339342FAD1002378
:103520002046C4F89A3CC4F89E3CA4F8A23CC4F8D7
:10353000A43CC4F8A83CA4F8AC3C84F8AE3C09B068
:1035400030BDF0B58DB0044617460021202203A8F7
:103550001E46129D0AF0AEF900230B9394F8AE3C80
:1035600013B900200DB0F0BD284603A9FFF793FE64
:103570000028F6D01523297805F1140203FB014138
:103580002B4601F6C83153F8040B934241F8040B63
:10359000F9D101221B7820460B702B78234483F845
:1035A000A42C00233A4600933346E9F7EFFC0028A9
:1035B000D7D029780830FFF7E2FE0028D1D004F5F3
:1035C000217420460B9A03A9FFF78AF80028C8D077
:1035D0003A4633462046E8F7ABF9C3E72DE9FF4109
:1035E00090F8AE1C044617461E469DF828509DF8DC
:1035F0002C8019B9002004B0BDE8F081092DF9D85C
:10360000411981F89A8C00210091E9F7BFFC8DF8EF
:103610000C508DF80D800028ECD029460830FFF7BB
:10362000B6FE0028E6D004F214740222204603A954
:10363000FFF756F80028DDD03A4633462046E8F733
:1036400077F9D8E710B5044688B041F61E0103A803
:10365000FDF7EAFC03A92046FEF735FD42F6A52159
:1036600003A8FDF7E1FC03230093012303A91A46F5
:1036700004F13C00FEF7FCFF42F6A42103A8FDF78D
:10368000D3FC20230093022303A91A4604F52170DA
:10369000FEF7EEFF00232046C4F8CC34C4F8D03443
:1036A000C4F8D434C4F8D834A4F8DC3408B010BD5D
:1036B000D0F8D404704700F2DD40C0E88F1F704797
:1036C000D0E8AF0F7047D0E8EF3FC0E8E21F002A14
:1036D000F9D1704738B54FF07F42FF230025C0E98C
:1036E00005320122C0E90D52C2844FF6FF72044632
:1036F0004584C0E90055C0E902550561C5610584EE
:1037000080F8231080F824308562858580F82E505B
:1037100080F83030C56380F84050A0F84220A0F80F
:10372000445080F84650A0F8485080F84A5080F83D
:103730004B3080F84C5080F84D50F82229464E30DE
:103740000AF0B8F884F84651204638BDFDF703BBAF
:10375000D0E8AF0F70470023D0E8EF2FC0E8E13F7B
:103760000029F9D170472DE9F8430446EFF3118899
:10377000402383F31288BFF36F8F00F12C05284696
:10378000FEF763FB04F14406002857D001272846C2
:103790000025112200210AF08DF830461122294619
:1037A000E587A4F8405084F842500AF083F804F109
:1037B0005E06A4F85650A4F85850A4F85A50A4F83D
:1037C0005C5004F1CC091636B1454AD10025C4F845
:1037D000B85088F31188BFF36F8F201DFFF7BBFF30
:1037E00004F10800FFF7B7FF04F10C00FFF7B3FF87
:1037F00004F11000FFF7AFFF04F11400FFF7ABFF77
:1038000004F11800FFF7A7FF04F11C00FFF7A3FF66
:1038100004F12000FFF79FFF2046A4F82054C4F8CD
:10382000245684F82856FEF750F82046FEF780F814
:103830002046FDF780FF3846BDE8F8833046FEF7A6
:103840000AFB0028A2D104F10C00FFF781FF002839
:103850009CD104F10800FFF77BFF071E18BF01276A
:1038600095E711220021A6F116000AF023F826F8A8
:10387000045C06F8025CA6E76FF08500704710B59F
:103880000446E9F7D1FC204610BD10B50C4611B92D
:103890000024204610BDEFF31182402383F31288E9
:1038A000BFF36F8FD0F838368B4217D1D0E9303163
:1038B0000B4314BF01230023D0E9300182F31188A8
:1038C000BFF36F8F002BE3D0FFF740FF0028DFD05E
:1038D000231A5C425C41EFF72DF9DAE70023EBE7AE
:1038E0002DE9F04717461E460546002848D0994660
:1038F00056EA0203904643D0E6F75CFF00244FF0FF
:10390000400E00F5486C604508D13CBBBDE8F0476F
:1039100001226FF01B010D20E9F726BCEFF3118A9D
:103920008EF31288BFF36F8FD0F83836AB4213D1C5
:10393000D0E930124A4508BF41450CBF01220022A0
:103940008AF31188BFF36F8FD2B913B9002C08BF67
:10395000044600F5C860D6E70022F1E72046FFF7ED
:1039600002FFEFF31183402282F31288BFF36F8FBF
:10397000C4E93076C4F8385683F31188BFF36F8FEB
:10398000BDE8F0872DE9F84316461F468046FEF74E
:1039900017FCE6F70FFF4022044600F548639C42FF
:1039A00001D1BDE8F883EFF3118C82F31288BFF3E5
:1039B0006F8FD4F83816414512D1D4E93001B9429D
:1039C00008BFB0424FF0000502D1C4F838560125B7
:1039D0008CF31188BFF36F8F25B904F5C864DEE757
:1039E0000025F5E72046FFF7BEFEEFF311834022E6
:1039F00082F31288BFF36F8F4FF000084FF0000979
:103A0000C4E9308983F31188BFF36F8F0028C8D0D1
:103A100030463946BDE8F843E9F79CBFD0E8EF3FB0
:103A2000C0E8E21F002AF9D170477047704703468B
:103A3000D3E8EF0FC3E8E21F002AF9D17047D0E8BE
:103A4000AF0F704708B5EFF31182402383F312885C
:103A5000BFF36F8FEAF75EF982F31188BFF36F8FC0
:103A6000003818BF012008BD38B51446EFF31185A2
:103A7000402383F31288BFF36F8FEAF75BF918B125
:103A80008068031B5842584185F31188BFF36F8F3C
:103A900038BD38B50246002400250846C2E9004575
:103AA000EFF31184402383F31288BFF36F8FEAF79B
:103AB00031F918B1D0E90001C2E9000184F311889D
:103AC000BFF36F8F104638BD70B515461C46EFF337
:103AD0001186402383F31288BFF36F8FEAF72AF928
:103AE000014680B10C30FFF7AAFF003818BF012053
:103AF000287001F11000FFF7A2FF2070012091F85B
:103B00002320049B1A7086F31188BFF36F8F70BD5A
:103B10001FB5194600238DF80F300DF10F030093E8
:103B200010460DF10E030DF10D02FFF7CDFF9DF8CC
:103B30000F0005B05DF804FB1FB5194601238DF891
:103B40000E300DF10F03009310460DF10E030DF131
:103B50000D02FFF7B9FF9DF80E0005B05DF804FBFC
:103B600013B5044601466846FFF793FFDDE90023DD
:103B7000204602B0BDE81040EAF7FABC70B5044632
:103B80008AB0104619469DF838509DF83C6024B321
:103B90002246FFF769FF00B30EB3204602F0DBFEBA
:103BA00001462046FEF790FE28B1002320461A4623
:103BB0001946FEF732FE00212046EAF72DFA0B20C7
:103BC0007142EAF7EFF802A800232246122100967C
:103BD000EAF766F902A8EAF73BF90AB070BD294690
:103BE0002046EAF739FA29462046E8F7DBF9294664
:103BF00020460AB0BDE87040EAF7B0B9704700202F
:103C00007047ECF759B900EBC10040884008704795
:103C1000F8B50346FFF7F7FFB0FA80F0C0F11F00D8
:103C200003EB800CDCF81060CA00171D0C4606324E
:103C30008DB256B9012101FA00F0D9680143D9606B
:103C4000CCF81040DD539D52F8BDF1000431585AB4
:103C5000D85303EBC0009E52C5805D52F4E710B507
:103C600000EBC104E388994202F104010AD1012367
:103C700003FA02F2C36823EA0203C360002340F898
:103C8000213010BDA28840F8213000EBC20100EBCA
:103C9000C300CB808280F4E708B50346FFF7B3FF8B
:103CA000B0FA80F21846BDE80840C2F11F02FFF7E3
:103CB000D6BF2DE9F843B1FA81F3C3F11F0200EB3F
:103CC0008209D9F8107006460D4687B94FF0FF34C7
:103CD000C3F120039C40F3681C4014D094FAA4F272
:103CE000B2FA82F2131D56F82340214608E03C4602
:103CF0004FF0030821463046FFF785FFA84205D361
:103D00003046FFF7ACFF2046BDE8F88306EBC4045D
:103D1000E488B8F10108C9F81040D7D0A742E9D12A
:103D2000D4E738B50446FFF76EFF0D46034611464B
:103D30002046FFF768FF03449BB204EBC5055A0019
:103D400020466A80FFF75FFF014424F8313038BD18
:103D500070B50B460446FFF756FF04EBC305511A36
:103D60009B1A89B203444E009BB26E8004EBC200E2
:103D70005D00458024F8321020461146FFF743FFCE
:103D8000014424F8313070BDF8B5002951D00468E1
:103D90000D1F2D1BEE0825F007056219538813F03F
:103DA000010306D183F31188BFF36F8F04231846F4
:103DB00002DF31462046FFF726FF304434F830302A
:103DC000C01A864207D0002383F31188BFF36F8F98
:103DD0000423184602DF5388314623F00103538041
:103DE0002046FFF710FF371804EBC7035B88DA079C
:103DF00008D439462046FFF74FFF3A463146204661
:103E0000FFF78FFF655B751B04EBC5035B88DB0762
:103E100009D429462046FFF73FFF3246294620466F
:103E2000FFF77FFF2E4631462046BDE8F840FFF7FA
:103E3000EFBEF8BD70B509B9002070BD056801F08E
:103E400007030B33CC0804EBD304AB6828469C4231
:103E500028BF1C462146FFF72CFF06460028EBD062
:103E600001462846FFF7CFFEA04207D9284632195F
:103E7000FFF76EFF11462846FFF7CAFE05EBC602A4
:103E800010465388043043F001035380D5E71146B0
:103E9000FFF7D0BF043A2DE9F843CC1D114424F0BC
:103EA000070421F00706A6EB04084FEAD807B7FA83
:103EB00087F24FF00009C2F12405AD000735C2F1C9
:103EC0002002ED0804604946A760C4F80C909200F7
:103ED00004F1100009F0EEFCAAB2530043F0010314
:103EE00063807B1B9BB204EBC5015800A4F80090D3
:103EF000488024F83520A6F8029024F8083004EB16
:103F0000C7035A88294642F001025A802046BDE87C
:103F1000F843FFF77DBE002070470FB407B504A932
:103F200051F8040B0191EAF7AFFC03B05DF804EB24
:103F300004B070470FB407B504A951F8040B019100
:103F4000EAF7A2FC03B05DF804EB04B07047F0B5EB
:103F500064230446042500204FF00A0C11B1013DF2
:103F600001D12570F0BDB2FBF3F79A42FEB202D246
:103F7000012B00D030B130360139013004F8016B2B
:103F8000C9B2C0B203FB1722B3FBFCF3D2B2E5E720
:103F9000A0F13003DBB2092B02D80B700020704770
:103FA000A0F16103052B02D857380870F6E7A0F19D
:103FB0004103052B01D83738F7E76FF0150070473C
:103FC000F7B5054601F0010000EB51069E424FEAAD
:103FD000510703D90026304603B0F0BD58B1287808
:103FE0000DF10701FFF7D4FF0028F3D19DF807304A
:103FF000013502F8013B01351744BA42EBD015F800
:10400000010C0DF10701FFF7C3FF0028E2D19DF875
:1040100007402401E4B2147015F8020BFFF7B8FF53
:104020000028D7D19DF807301C4402F8014BE4E783
:10403000838B13F0070306D10368002B18BF0320FE
:1040400008BF00207047022B05D1C08BB0FA80F06A
:10405000400980007047012B04D10368002B18BF72
:104060000520EDE70020704710B50C4600B111B9EE
:104070006FF0150010BD081D00F087F80028F9D179
:10408000A368032BF6D9F3E72DE9F0410D46074667
:104090001946281D90461E4600F088F8044638B19F
:1040A0003346424629463846A446BDE8F0416047BB
:1040B000BDE8F08110B4EFF31182402484F312883C
:1040C000BFF36F8F816110BC0121EAF70FBC38B5D7
:1040D0000C46054658B151B10B6843B14B6833B13A
:1040E0002022002109F0E6FB00202C6138BD6FF092
:1040F0001500FBE7F8B504460E46FFF7B5FF051EB1
:104100003BDBEFF31182402383F31288BFF36F8F01
:104110004FF6FF71E38BA78B8B4207F007072ED07A
:10412000062F2FD8DFE807F0182E082E18041800E5
:104130006FF08505002303E00133E38302250123AB
:1041400082F31188BFF36F8FBBB100233A4631462B
:104150002046FFF799FF10E000233360636823B91E
:10416000C4E9006627B13D46E4E71E606660F9E7F2
:1041700002212046EAF7BAFB3D462846F8BD6FF01B
:104180000A05D7E76FF00405D4E7034658B1426843
:1041900002F00302012A03D0032A04D1026812B1FB
:1041A0000020986070476FF0150070474268034622
:1041B00002F00302032A4FF00002816014BF104690
:1041C00000685A607047704770B41E461546DDE9B6
:1041D000032381690468C06B06FB0141294484689C
:1041E0002468A44670BC604707B51021019104996A
:1041F0000091FFF7E9FF03B05DF804FB00224B6874
:1042000001334B60C069924208BF834208BF4A60D5
:104210007047F7B5426C85695200AD1A63F100062C
:10422000099B2A46009333460446089FFFF7DCFFAC
:1042300050B92046626C0897521946F1000303B04A
:10424000BDE8F040FFF7D0BF03B0F0BD10B5411C92
:1042500004460F22FF20F4F7ADF8207010BDF7F7E9
:104260000FB810B5437804468B4209D1411C0F2288
:10427000FF20F4F79FF823781B1A5842584110BDCD
:104280000020FCE710B541780446FFF7EAFF40B193
:104290004FF6FF7362889A4206D16068431C584209
:1042A000584100F0010010BD0020FAE710B5826906
:1042B000416C86B0521A02AC63F100030094FFF720
:1042C00093FF002808DB2046FFF7DCFF30B1002019
:1042D0009DF80920089B1A7006B010BD6FF0010010
:1042E000FAE730B58269416C87B0521A02AD63F1CA
:1042F000000300950A9CFFF777FF00280ADB284699
:10430000FFF7C0FF50B1049B33B99DF809201AB1E3
:104310002260002007B030BD2360FAE76FF0010093
:10432000F8E770B5064608460D461446FFF7AAFFA3
:1043300008B9002070BD20466178FFF792FF002881
:10434000F7D06388002BF4D163680133F1D1A26800
:10435000B3699B1A726CB3FBF2F102FB1133002BB1
:10436000E7D168786378C31A58425841E2E773B5D9
:10437000DDE90656CDE900560446FFF74AFF20B9AD
:10438000324629462046FFF7CCFF02B070BD30B55B
:104390000C46D1E900130546426C8BB0521843F12C
:1043A0000003C4E90023406CA969A1EB40018A42E3
:1043B00013D1ABB9E9699A184B1E06A9C4E90023C9
:1043C000019102A928460091FFF7D1FF002805DBE3
:1043D00008D1D5E90223C4E9002300200BB030BD89
:1043E000013BEAE7089B2360F7E72DE9F04F994688
:1043F0000646884614464FF0FF378DB0CDE90629B2
:10440000DDE916A308AD02930DF1170B22464B46CA
:1044100030460095FFF7E8FE024600283FD13046BF
:1044200006A9FFF7B4FF00283DD1099A42451AD1E9
:10443000FA17904208BFB94503900CD022464B466C
:104440003046CDF800B0FFF731FF831C02460399D8
:1044500023D18DF8171028469DF81710FFF701FF9C
:10446000024640B94F46DDE90612029B9A4208BF58
:1044700051450FD10022189F2E460CAB03CE9E4211
:1044800038607960354607F10807F5D1199BC3E913
:10449000004904E00C469146B8E70028DBD01046FE
:1044A0000DB0BDE8F08F0246F9E70368012B81BF2C
:1044B000C91801F1FF315B42194008467047F6F711
:1044C00051BF2DE9F04389B00746DDE910851DB9DC
:1044D000002009B0BDE8F0838169066803FB01662E
:1044E000036C16441C6864422C400DD0C06B83687A
:1044F0004246D3F8049031462346C8470028E8D105
:104500002D1BE5D02644A0442A464146684609F0C2
:10451000C4F93C6C0DEB050022686179521B09F06F
:10452000C9F9F86B23688268314654686A46A04727
:10453000CFE737B51025CDE90015D0E902230446B1
:10454000FFF7BFFF024650B92946206CFFF7ADFFC9
:10455000D4E902311B1A61F10001C4E902311046AD
:1045600003B030BD2DE9F0414FF0FF3200268CB092
:1045700004960592ADF8122044F2012207920DF143
:104580000F02009232461D4604460696FFF78EFE45
:10459000831CB0463AD18DF80F60A269616C12EBB2
:1045A00008024FEA410145F10003521A08A963F1DC
:1045B000000320460091FFF717FE002828DB9DF836
:1045C0000F209DF82110531CDBB2994204BF023228
:1045D000D3B2129A04A8013206928DF81130FFF777
:1045E00035FED4E90267A369626C13EB080345F159
:1045F00000059B1A65F100052046C4E9023504A9AF
:10460000FFF797FF20B9C4E9026701E00028C4D092
:104610000CB0BDE8F081F0B500240546264685B013
:1046200003AFEB69A34202D8002005B0F0BD002221
:104630002346284600970396FFF753FE08B1831CD4
:10464000F3D1039B0022009328462346FFF78AFFFD
:104650000028EAD10134E4E71FB504461022FF2107
:10466000684609F027F90023ADF80230236968464F
:10467000029394F824308DF80130FFF7E7FD694686
:104680002046FFF756FF04B010BD30B58BB004468E
:104690001022FF2102A809F00DF90023A268ADF84D
:1046A0000A30636C06A89B18049394F824301022F7
:1046B0008DF80930236C597909F0FCF8D4E902131C
:1046C00041BB626CA1695000884288BF013BA1EBED
:1046D0004202C4E9022302A8FFF7B8FD02A920465E
:1046E000FFF727FF204604F10801FFF787FD04F1DB
:1046F00024030093D4E902232046FFF7D7FD831C4F
:104700004FF0000514D184F82450E3680020C4E978
:1047100004530BE0D4E90402814273EB0202D0D3CC
:10472000204606A9FFF705FF0028C7D00BB030BD13
:104730000028EAD0FAE737B5CDE900121546D0E9EE
:1047400004230446FFF7BDFE00280CDB2946206C3D
:10475000FFF7ABFED4E904321B184FF0000042F122
:104760000002C4E9043203B030BD2DE9F04F002649
:10477000ABB000F124050095D0E9022304460B9666
:10478000FFF794FD821C0CD100962046D4E9022349
:10479000FFF7E8FE60BB00952046D4E90223FFF74F
:1047A00085FD28BB002294F8243020460693E36858
:1047B0000CA9CDE90C23FFF721FD0C9BA5690493FF
:1047C0000D9B20460593049BED18059B43F10006C5
:1047D000636CED1A12AB66F1000601931EAB0093F9
:1047E0002A463346CDE90E56FFF7C1FD002802DA0E
:1047F0002BB0BDE8F08F2CD09DF879300DF1580921
:1048000084F82430636C5B00EB1A089366F10003B4
:104810000993149BCDE90E36DDE90EA720465246DA
:104820003B46CDF80090FFF7DFFC0028E0D12046A2
:104830000EA9FFF7ACFD0028DAD1484694F8241001
:10484000FFF70FFDF8B9DDE90823BB4208BF524569
:10485000E2D1069B204684F82430FFF7FDFE0028B5
:10486000C6D10BAB00932046DDE90423FFF739FDE9
:1048700008B1831CBCD10B9B20460093DDE90423C7
:10488000FFF770FEB4E7BDF85A30002BDBD0D4E957
:10489000022310A903911AA902912046CDE9002311
:1048A0001799CDE910A7FFF7A0FD0028A0DBDDE9EF
:1048B0001023BB4208BF5245C5D1BDF85A60082E2F
:1048C00028D9B8462269DDF860B01892226C1268C7
:1048D000524202F020030793079D22ABB54228BF46
:1048E000354600935A46434620460195FFF76CFC37
:1048F00000287FF47DAF2A46204622A9FFF71BFF40
:1049000000287FF475AF15EB0B0248F10008761B09
:104910009346E1D1069B48468DF85930FFF796FC47
:1049200049462046FFF705FE00288CD060E70022AC
:1049300000232DE9F04F00269FB000F12809CDE9B2
:10494000082304464FF0FF324FF0FF334846FFF78D
:1049500086FC374635460DF148080DF1580AE369E3
:10496000AB4207D8E369BB4250D1002E4ED16FF065
:1049700085032DE0626CA1695000884294BF2B46EC
:104980006B1EA1EB42022046CDE900A8CDE9082329
:10499000FFF73FFC0346D8B99DF8593084F824301E
:1049A000199B03F47023B3F5803F2DD24246514644
:1049B0002046FFF7B6FC38B3199B013703F47F425A
:1049C000B2F5844F0ED1DBB2012B0AD06FF07A031F
:1049D00048460393FFF773FD039B18461FB0BDE8DD
:1049E000F08F0646204608A9FFF708FCDDE90823FA
:1049F0002046CDE900A8FFF7BAFC031EE8DB9DF8CE
:104A0000593084F82430ADD00135A8E7AB4243D10A
:104A1000636C089A0EADD21A099B204663F100031D
:104A20000095FFF7E1FB03460028D1D1284694F812
:104A30002410FFF716FC18B9204608A9FFF7DEFB83
:104A4000DDE9086712AB16AD019332463B462046BE
:104A50000095FFF7DEFB03460028B9D1199B03F44C
:104A60007023B3F5803F38D22846FFF70BFCA0B384
:104A7000199B03F47F42B2F5844F2AD004F124033A
:104A8000009332463B462046FFF710FC0346981C35
:104A900032D1002384F824300026636C089A099DE3
:104AA0005B00B2EB030B65F10005B0462F46CDE984
:104AB00008B503950DF1680A0495039B5E45AB416B
:104AC0001DD3DDE90823C4E90487C4E902230AAD44
:104AD0004FE0DBB2012BD1D078E7236A13F001035A
:104AE0007FF445AF009332463B462046FFF73AFD40
:104AF00003460028C2D06BE7002BCDD068E72B46D9
:104B00005A462046CDF800A0FFF76EFB034600286A
:104B10007FF45EAF059094F824105046FFF7A1FB98
:104B200078B1BDF86A10059B08291E4607D9206C8C
:104B3000FFF7BBFC1C9B049F18448619B046CDE9C7
:104B400008B5636CBBEB03039B4665F10005B4E756
:104B5000D4E904879F4208BF904504D1BDF82A10CC
:104B6000002940F0BF80616C521A63F10003C4E970
:104B70000223424573EB070710D320460095FFF749
:104B800033FB034600287FF423AF284694F8241013
:104B9000FFF767FBD4E902230028D9D1626CA3692F
:104BA0005200E1689B1A61F10001CDE9083120460D
:104BB00008A9FFF723FB12AB019316AB0093204625
:104BC000DDE90823FFF7D3FB031EFFF601AF012B3E
:104BD00010D00023626CA169A06802EB4202891A1E
:104BE0009B4208BF88427FF4F3AE2046FFF734FDB6
:104BF0000346EDE60023D4E90257626C07939DF863
:104C00005930551984F8243047F100071AAEA169CC
:104C1000CDE90857A1EB42018D4224D30021D4E90C
:104C2000022307AD00293BD00022204608A9CDE988
:104C30000823FFF7E3FADDE9086720463B463246E2
:104C40000095FFF74EFB034610B1811C7FF4C0AE08
:104C5000079B3246009320463B46FFF783FC034602
:104C60000028B6D0B4E63B462A4620460096FFF719
:104C7000BBFA034600287FF4ABAE30469DF86910BE
:104C8000FFF7EFFA28B1BDF86A3013B91B9B013367
:104C900004D0626C551947F10007B8E70121BEE75F
:104CA00020460095FFF71DFB034610B1821C7FF4E0
:104CB0008FAE079B20460093D4E90223FFF752FCF6
:104CC000034600287FF484AE616CA26901EB4101C8
:104CD000521AE1681218C4E90401A2602046FFF7E5
:104CE00044FDBCE76FF01C0372E638B50D46044680
:104CF00010B96FF0150038BD283006F08DFDE06B5F
:104D00008368DB689847024620640028F1D01021B0
:104D1000FFF7CBFB60641368013B1F2BE9D8A36945
:104D200000EB80008342E4D3E369012BE1D9204604
:104D3000FFF7FDFD20B90123002084F82530DAE7D4
:104D4000002DD8D02046FFF766FC2046FFF7EFFD88
:104D50000028F0D0CFE70021FFF7C7BF2DE9F04FC3
:104D6000894617461E46054685B0002800F0858016
:104D700090F82530002B7DD03146006CFFF795FB75
:104D80006B6CAA6903EB8301521A9642824674D86F
:104D9000B6F5803F71D20EB1002F6ED0BAF1000F80
:104DA00003D0082E94BF9A469A4405F128084FF084
:104DB000FF324FF0FF334046FFF751FA4FF0000B40
:104DC000EB695B4553D0D5E90221002A40D0D5E9F3
:104DD00004431AEB040043F100038242994137D3A4
:104DE0006B6C9A4200D19EBB10220021684608F0ED
:104DF00061FD95F82430082ECDF80490ADF80260DE
:104E00008DF801301BD902946846FFF71FFA082E6F
:104E100006D9324639462846FFF78DFC044638B994
:104E200069462846FFF785FB002814BF0446344630
:104E30004046FFF744FB204605B0BDE8F08F731EE7
:104E4000072BE1D83246394602A808F026FDDBE7F9
:104E50002846FFF71AFC04460028E9D12846FFF748
:104E600084FC04460028E3D10BF1010BA8E76FF0A6
:104E70001B04DDE76FF00C04DDE76FF01504DAE7E3
:104E800000231A46FFF76ABF2DE9F04F8846154602
:104E90001E4604468BB0002850D090F82530002BD9
:104EA0004FD0D0E902234FF0000904AF0DF1180BE9
:104EB000CDE902B7D4E90201CDE90001414620461F
:104EC000CDE90423FFF791FA002813DB10D039460F
:104ED0002046DDF814A009F10109FFF758FA48B996
:104EE000DDE9042314994945E2D2079A424504D0EA
:104EF0006FF001000BB0BDE8F08FBDF81A70002F05
:104F0000F6D0082F0AD83DB1BE423246284628BF07
:104F10003A4608A908F0C1FC3846EBE7002DFBD063
:104F2000089A53460244B74294BF0197019620461F
:104F30000095FFF749F90028EED0DBE76FF0150088
:104F4000D8E76FF00C00D5E737B5002500951C4673
:104F5000FFF79AFF002802DBA04228BF204603B0DB
:104F600030BD002307B51A460093FFF78DFF03B04D
:104F70005DF804FB704730B54C680368A34201D26A
:104F8000012030BD8A682244934201D30020F8E713
:104F9000D1E90452954203D36FF00B038B61F5E71F
:104FA000CA681B1B42F835304368086902EBC0022F
:104FB00053600B6901330B61E2E737B50C46C0B2B1
:104FC00001A91546E9F78CFD00280CDB019850B1CA
:104FD00021462A46E9F7AAFD04460198FFF7CAFFD1
:104FE000204603B030BD6FF01504F9E72DE9FF410D
:104FF000D1F80C80054640461F460C461646E1F7A0
:1050000063FBBDF8283080B2CDE9018000933246C1
:105010003B462146284603F08EF804B0BDE8F081F7
:10502000F0B587B01F4604460D46164600F052FF05
:10503000022302930DF116030193BDF83030ADF851
:105040001600009332463B462946204603F073F88B
:1050500007B0F0BD70B58AB0BDF8386015460021C4
:10506000212201A81C4608F025FC8EB9202C12D85C
:105070002246294601A808F010FC04F128036B44DD
:1050800001A803F8246CEBF749FE20460AB070BD76
:105090006FF00604F9E76FF00C04F6E72DE9FF4125
:1050A0001F460D4616460446EBF75CFE8046E1F7C8
:1050B0000BFBBDF8283080B2CDE901800093324669
:1050C0003B462946204603F036F804B0BDE8F0819F
:1050D000704700207047F7B50C4601A916461F46D9
:1050E000089D00F039F850B96A683846A24228BFD6
:1050F00022462968B047AB681C6003B0F0BD0020B1
:10510000FBE70020E9F73ABE00221146E9F704BEAA
:10511000034610B508460AB10021116053B1D0B161
:10512000411E11F8010F80B113F8014BA04201D1CB
:105130003D28F6D100200EE0013313600AE03D283F
:1051400008D0B0FA80F0400905E018782F28F6D191
:10515000002AF1D1012010BD10B509B100230B6068
:1051600058B103461A781C4601332AB13D2A03D0B0
:105170002F2AF7D101B10B60201A10BD2DE9F341A0
:10518000DDF8208007460C4615461E460190B8F112
:10519000000F07D0D8F8001081B9D8F804E0BEF1AC
:1051A000000F14D1384601A9E9F76AFE58B1C76863
:1051B00033462A4621460198B84704E001AAFFF782
:1051C000A7FF0028E9D1002002B0BDE8F081D8F89F
:1051D00008302A46089321463346F446019802B027
:1051E000BDE8F04160470830704713460A46D0E9F1
:1051F0000001FFF7A9BEF0B5002704464FF00045B7
:1052000085B000F1080680F85C7008236A462946DC
:105210003046FFF799FE831C21D1B5F1004F4FF0C6
:1052200000070FD10823294630460DEB0302CDE9D4
:105230000277FFF793FD002802DB3846C4E91557D3
:1052400005B0F0BDA36D3046CDE902370823616D8E
:105250000DEB0302FFF782FD00EAE070F0E70028A3
:10526000EEDB0099B9420ED194F85C20C5F34303FC
:10527000934217D8009B01982F466565A3650028C7
:10528000DED00546C1E73046FFF7FAFD0028D7DB40
:1052900008236A46294630460097FFF75FFD00283D
:1052A000E2DACDE784F85C30E4E77FB500F1080589
:1052B000044628460E46FFF7E3FD002818DB284683
:1052C00006F18041FFF7DCFD002811DB46F0010606
:1052D00008236A4631462846FFF736FE002807DBDA
:1052E000009939B931462846FFF7CAFD002818DA77
:1052F00004B070BD082328460DEB0302FFF724FE1F
:105300000028F5DB019B0BB9029AA26503930823E1
:10531000284600990DEB0302FFF720FD0028E1DA93
:10532000E6E70199C1B1082328460DEB0302FFF718
:105330000BFE0028DCDB009B284602930823019922
:105340000DEB0302FFF70AFD0028D1DB039B0BB92D
:10535000009BA3650020CBE7009B6365FAE72DE97E
:10536000F04F9BB004468846CDE90123002900F0A8
:10537000A1804A21404608F0E1FA019B814693B39F
:10538000029BB3FA83F56D094FF0000B4946404686
:10539000E9F700FA4FF0FF36DA4620F0404020F0FF
:1053A0001F0040F00043009304F10803039394F8B6
:1053B0005C305B4519DA53453CD3009F760006F01C
:1053C0001E0637436DB90125DDE9012304F1080606
:1053D000304607F18041FFF7C1FC002839DB002D82
:1053E0003AD1002035E00125CEE7009B039803EB7E
:1053F0004B073946492307AAFFF7A6FD831C06D1B0
:10540000B6F1FF3F08BF5E460BF1010BCFE7002866
:105410001FDB002200F168036B44484503F84C2C65
:1054200005D14A46404607A908F053FA58B10AF197
:10543000010AE9E7BAF10F0F3FD8009B84F85CA09E
:1054400043EA4A07BEE7002DBED039462046FFF7A3
:105450002CFF1BB0BDE8F08F00230693636D002B7B
:1054600022DA636D47F0010505932946082330468B
:1054700005AAFFF773FC0028EBDBA36D304605930C
:10548000616D082305AA0695FFF768FC0028E0DB9C
:10549000636D4246C4E9155339464B463046FFF723
:1054A0005DFC00EAE070D4E72046FFF7A4FE002888
:1054B000D7D0CEE76FF01500CBE76FF01B00C8E741
:1054C0002DE9F0410D4607464A2194B0284608F0E0
:1054D00035FA01462846E9F75DF9002620F04044F8
:1054E00024F01F0407F1080897F85C30B34201DA92
:1054F000002417E066F344044923404601AA44F01F
:105500000041FFF721FD031E01DC0136ECE700221C
:1055100050336B44284601A903F84C2CE1F7CAF834
:105520000028F2D1204614B0BDE8F08110B5044641
:1055300061B1FFF7C5FF58B140F0004101F1804172
:1055400004F10800BDE81040FFF70BBD6FF0150037
:1055500010BDF8B5044616461D46B1B1AAB1FFF715
:10556000AFFFA0B140F0004000F1804708342B4667
:10557000324639462046FFF7E7FCA84207D13946B4
:105580002046BDE8F840FFF7ECBC6FF01500F8BD11
:10559000F5F776BEF5F7E6BEF8B504464FF0FF33F3
:1055A0004FF0FF3200690E46FFF7F2FF63680BB958
:1055B000256825B1E3687BB9A3686BB9012504EBC5
:1055C000C5070022002339466069F5F761FD18B967
:1055D0007E6054F83500F8BD2069FFF7DBFF00203E
:1055E000F9E7F8B504460D464FF0FF334FF0FF32B0
:1055F0000069FFF7CDFF63689D4208D0E3689D42D4
:1056000016D02069FFF7C6FF6FF01500F8BD002621
:10561000002554F83610606904EBC60706F049F817
:1056200044F836507D602069FFF7B4FF2846EDE767
:105630000126EDE70368994202D08368994202D1BE
:105640000069FFF7A7BF7047F8B50546D0F84401D9
:10565000FFF7A2FF044638B3D5F8443100215B6957
:1056600038269A6908F026F92346012203F81C2BF4
:10567000C4E9043395F8B8100022032928BF032198
:1056800005F137008A42636907D3A361D5F8440165
:105690002146FFF7CFFF0020F8BD06FB02F7C75DEC
:1056A00001323B446361EDE76FF00B00F4E7D0F8A3
:1056B0004401FFF796BF08F0FDB808F0EEB80146C8
:1056C0000068E9F7B3BD08B5E9F7E0FDBDE80840BB
:1056D000EAF716B90B4601461846FEF790BA0021C4
:1056E0000120E9F7A3BD836E83F30B8870476FF049
:1056F0008500704761B662B680F31188BFF36F8F83
:10570000704772B6002383F31188BFF36F8FBFF326
:105710004F8F30BF62B6BFF36F8F704772B60023F2
:1057200083F31188BFF36F8FBFF34F8F20BF80F3D8
:105730001188BFF36F8F62B6704740E800F313F42F
:10574000803FD8B208BF6FF01500704730B50C68C5
:105750004B6885B00A894D890094013B24F01F04F1
:10576000234402F01F0242EA451223F01F03694658
:105770008DF808200393EAF777F905B030BD08B536
:10578000EAF76EFB08B5EAF757FB002008BD704743
:10579000002303824369C3607047016A8968EAF79E
:1057A000DFBBEFF31182402383F31288BFF36F8FC7
:1057B00000230B60436833B9C0E9001182F31188FC
:1057C000BFF36F8F704719604160F7E7034610B56C
:1057D000EFF31181402282F31288BFF36F8F0068CC
:1057E00028B15C680268A0421A6008BF5A6081F361
:1057F0001188BFF36F8F10BD027A013202727047B9
:10580000034618465B68002BFBD17047426810B511
:105810002AB10B461C465B68002BFBD162604160DD
:1058200010BD10B5044620B908460B7A01330B723F
:1058300010BD034618465B68002BFBD1FFF7E6FF5F
:105840002046F5E792B281600160C2808280704795
:1058500083680B440360704703680B6043684B60C8
:1058600083688B6070478388026819448180D018F0
:10587000704730B484880568A3188380281930BC29
:1058800008F00BB810B5838802685C1C8480D15482
:10589000D01810BD30B5838802689D1C8580D4184F
:1058A000D154090A617030BD034600689A88401AD5
:1058B00011441860998070470268531E0360838802
:1058C0000133838002F8011C704703468288521A14
:1058D00082800068084418607047034600689A8810
:1058E000521A01449A801960704710B5036801216B
:1058F0001C78FFF7EAFF204610BD10B503680221AF
:105900001C88FFF7E2FF204610BD7FB5064614460F
:105910000A888B78ADF8002000210D220DF10300DC
:105920008DF8023007F0C6FF6A466946304604F03B
:1059300032FE28B9BDF800209DF802302280A37005
:1059400004B070BD13B50C4601AA0331FFF7DDFFAB
:1059500048B90322204601A907F0BBFFB0FA80F046
:10596000400902B010BD0020FBE770B50D460021D4
:105970000446FFF7F1FB0D2818D1237B302B13D100
:10598000002305F8063B04F10C062A4620460123B5
:1059900002210234FEF714FBB44205F1FF35F4D1C5
:1059A000002070BD0123ECE7312BFBD06FF0150018
:1059B000F7E7E9F71FBB0020704710B50C460178E8
:1059C000227888B08A420ED06946EAF7EBFD20467D
:1059D00004A9EAF7E7FD102268460DEB020107F083
:1059E00078FF08B010BD012A06D0022A07D072B98C
:1059F00040886388C01AF4E740686368FAE71022B9
:105A0000611C013008B0BDE8104007F062BF6FF0C4
:105A10001500E6E7042A0AD0102A0DD0022A4FF01A
:105A2000000315D103700B884380012070470123C8
:105A300003700B684360F8E7022300F8013B01F1B3
:105A4000100351F8042B994240F8042BF9D1ECE7EC
:105A500018467047012310B50621044600F8013BA3
:105A6000F4F76EF818B9A37963F03F03A37110BD82
:105A70000B6803608B8883808B798371037823F0B4
:105A80000203037070470078C0F34000704738B5D8
:105A90000446807AEAF73AFA6169054649B1637AC1
:105AA000DB0704D4036A20461B689B6898470023E1
:105AB000636121462846BDE8384005F04ABF2DE91C
:105AC000F0410C461746054601F10C0800F10C01A7
:105AD00040461E46FFF7C0FE6269E36839469B1ADE
:105AE00013FA87F36B82012340466B722F82FFF714
:105AF000ECFEE368284673600023628AE3607281EB
:105B000063823460BDE8F08138B50C46D1E90032DB
:105B10000546DA600B684A895A820868EAF79EFAF5
:105B200020461022002107F0C5FE2846BDE8384077
:105B3000FFF7ADBF438A23B9C068B0FA80F04009CF
:105B40007047002070477047D0F8A43083B15A7C6A
:105B5000D1070DD5D2060DD51B7C102B0CBF04230D
:105B600003234372807A98428CBF00200120704743
:105B70000223F6E70323F4E70F2806D80D280BD8F5
:105B8000052814BF022003207047132804D01A28C8
:105B900014BF022001207047012070470B6803608A
:105BA0008B8883808B7983717047034610B5D3E867
:105BB000EF0F40EA0102C3E8E42F002CF7D110BD3B
:105BC0000B4601461878EAF779BD38B5C3681D78E9
:105BD000F5B90F21B3F80100EDF7B4F80446B8B1F8
:105BE0002946ECF7F3FFA378012B04D02046BDE84B
:105BF0003840ECF79FBF231DD3E8AF3FDB07F5D557
:105C000020460321ECF7E2FF032000F0BEFCEDE7A5
:105C100038BD08B5C3680121B3F80100EDF792F86B
:105C200018B1BDE80840ECF785BF08BD08B5C368EA
:105C300001211888EDF786F818B1BDE80840ECF7A7
:105C400079BF08BD01210C30FFF747BE38B5C568E4
:105C50000121B5F80100EDF775F8044698B12B78ED
:105C60003BB9D5F80330C0F89930D5F80730C0F803
:105C70009D30201D4FF40031FFF797FF2046BDE80F
:105C80003840ECF757BF38BD30B40446084602EB45
:105C9000C3039A4201D130BC7047114611F8085B2A
:105CA000A54206D1018A53789942F4D330BC536897
:105CB00018470A46EDE7D0E8EF3F0B40C0E8E23F67
:105CC000002AF8D170472DE9F047D0F80C80028AFD
:105CD00098F800309B00013393423DD9BDE8F0872E
:105CE00008EB86030F21B3F80100B3F80370EDF75A
:105CF00029F8044628B100F1C00947B92046ECF75D
:105D000019FF013698F800309E42E9DBE6E7656945
:105D1000002DF3D0A2692B6895422046636108BF2D
:105D2000A361ECF7A9FEF5F79FFBC5F800A0236A75
:105D30007BB9C4E90755D9E8EF3F013BC9E8E23F29
:105D4000002AF8D100212046013FECF7A1FEBFB2A6
:105D5000D3E71D602562EEE70026B246D2E7C0F326
:105D60000723537000231070000ED070C1F307207A
:105D7000090E9370137150719371D171704710B502
:105D8000EBF732FF04466FF480711030FFF793FF9A
:105D90002046BDE8104000F0F0BBC368DB78012B63
:105DA00001D1FFF7ECBF7047C368DB78012B01D14D
:105DB000FFF7E5BF70470020704710B502884388A1
:105DC0009A4218D8052A16D9B3F5486F13D8848893
:105DD000B4F5FA7F0FD2C18840F67640A1F10A02ED
:105DE00092B2824207D804FB0333B3EB810F34BF76
:105DF0000120002010BD0020FCE738B5C3680F214A
:105E0000B3F801001D78ECF79DFF044638B365B187
:105E10002846EAF75DFF294602462046EDF712FACA
:105E20002046BDE83840ECF785BE8378012B07D1CA
:105E300003F04FFE2046FFF787FE002808BF052528
:105E40002846EAF745FF294602462046EDF7FAF9CB
:105E5000002DE5D00521204600F061FCE0E738BDCB
:105E600070B5C6680F21B6F801003578ECF76AFF07
:105E7000044670B34DB12846EAF72AFF2946024688
:105E80002046EDF7DFF9204603E0F378C27A9A4224
:105E900003D1BDE87040ECF74DBE8278C372012A91
:105EA00008D10BB103F015FE2046FFF74DFE002888
:105EB00008BF05252846EAF70BFF2946024620467B
:105EC000EDF7C0F9002DDED00521204600F027FCBB
:105ED000D9E770BD0020704708B5F2F77DF918B119
:105EE000408A003818BF012008BD73B506460D462C
:105EF00042F22F00002101AAEAF788FF044648B9C0
:105F00000198C368B3F801203280B3F803302B80C6
:105F1000EAF7A4F8204602B070BDEAF7FFBF3C28BC
:105F200038B5054614D1EBF75FFE6FF48071103081
:105F3000FFF7C1FE0020EAF743FC044670B3057387
:105F40000021ECF743FE2046BDE83840ECF7F2BDF7
:105F5000022823D1002102460846EDF71BFA044629
:105F600050B1031DD3E8AF3FDB070AD50321ECF79F
:105F70002DFE2046ECF7DEFDBDE83840032000F0A2
:105F800004BB403005F0E3FD10F00C0102D12046C7
:105F90002573ECE72046EAF7C1FFEAE738BD70B5A4
:105FA00006460D464FF0FF304FF0FF31EAF744FE52
:105FB000044668B103210C30FFF755FC068085705C
:105FC0002146BDE87040002240F20640EAF71EBFBD
:105FD0006FF0680070BDC368187808B1FFF79FBF05
:105FE0001846EBF729B838B54FF0FF3105464FF0AA
:105FF000FF30EAF721FE044668B102210C30FFF7BA
:1060000032FC2B88214603800022BDE8384042F252
:106010001600EAF7FBBE6FF0680038BDF8B507461A
:106020000E464FF0FF304FF0FF311546EAF704FE01
:10603000044678B106210C30FFF715FC3B884680FA
:10604000038085802146BDE8F840002242F222000C
:10605000EAF7DCBE6FF06800F8BD2DE9F047814635
:1060600088464FF0FF304FF0FF3117461E469DF82F
:1060700020A0EAF7E1FD0546A0B107210C30FFF7AB
:10608000F2FBB9F8003080F802800380C770067117
:10609000A0F805A02946BDE8F047002242F23200F0
:1060A000EAF7B4BE6FF06800BDE8F087F0B5C568E8
:1060B00001212F8887B0B8B2ECF744FE064660B3E2
:1060C00002ACD5F80220D5F8063001946989009118
:1060D00003F0EAF918B34FF0FF304FF0FF31EAF761
:1060E000ABFD0546B0B112210C30FFF7BCFB0346F7
:1060F000224623F8027B144603CC596006A98C4241
:106100001860224603F10803F5D1294642F21A002D
:10611000EAF734FE3046ECF70DFD07B0F0BD4FF066
:10612000FF304FF0FF31EAF787FD04460028F1D039
:1061300002210C30FFF797FB2146078042F21B003B
:10614000E6E770B506460D464FF0FF304FF0FF31E1
:10615000EAF772FD044660B103210C30FFF783FBC0
:10616000068085702146BDE8704042F22100EAF7C2
:1061700005BE70BD73B5C368D9789A781E8842EAA7
:106180000122ADF8002059791A79B4B242EA01220D
:10619000ADF80220D9799A79204642EA0122ADF879
:1061A00004201A7A5B7A012142EA0323ADF8063013
:1061B000ECF7C8FD054628B902212046FFF7C1FFCC
:1061C00002B070BD6946ECF7D1FF38B91E212046F8
:1061D000FFF7B7FF2846ECF7ADFCF1E74FF0FF30D3
:1061E0004FF0FF31EAF728FD04460028F2D00E21D7
:1061F0000C30FFF738FB00230680C0F80A30BDF8EA
:10620000003021464380BDF802308380BDF8043061
:10621000C380BDF80630038142F22000EAF7AEFDEC
:10622000D8E7072208B507F054FBB0FA80F0400920
:1062300008BD0B6803608B8883808B7983717047FE
:10624000D0E8AF0F7047F8B50F46144638BB4FF093
:10625000FF304FF0FF31EAF7EFFC054610B327217E
:106260000C30FFF700FB224606463946FFF7E1FFF8
:10627000C31D04F1100152F8040B8A4243F8040BC9
:10628000F9D11022002106F1170007F013FB29466F
:10629000BDE8F840002242F22700EAF7B7BD6FF0F0
:1062A0001500F8BD6FF06800FBE7037A02465B0754
:1062B00005D501462E3211F8010BFFF7C4BF704718
:1062C00038B54FF0FF3105464FF0FF30EAF7B4FC28
:1062D000044658B129460C30FFF7D4FA2146BDE8F0
:1062E0003840002242F22D00EAF790BD6FF06800BE
:1062F00038BD10B400F11003D3E8EF2F22F40051A1
:10630000C3E8E41F002CF7D1930403D5012110BC8E
:1063100000F031B910BC704770B5044686B00E4627
:1063200001300131FFF77DFF2E3416220021054692
:10633000684607F0BFFA10226946204607F0C9FAFE
:1063400040B11022204606F12E0107F0C2FAB0FA41
:1063500080F04009284300F0010006B070BD38B558
:106360004B6805460C4673B90B7A13B9037A5B0781
:1063700009D520682A7803789A4204D02946FFF785
:10638000CBFF00B1656038BD00F1100208B50346CF
:106390001046FFF755FFC1050DD5D2E8EF0F40F4C9
:1063A0000050C2E8E10F0029F7D11846BDE80840C7
:1063B000002100F0E0B808BD10B50C4630B919B1A5
:1063C000F1F7B6FE00B1441C204610BD0024FBE7E7
:1063D00018B111B10846EBF775B86FF015007047AA
:1063E00007B580B906216846F3F7AAFB40B99DF8C6
:1063F0000530684603F03F038DF80530EBF762F88F
:1064000003B05DF804FB6FF01500F9E713B504461F
:1064100080B106216846F3F793FB48B99DF8053033
:10642000694603F03F0320468DF80530FFF7D0FFA3
:1064300002B010BD6FF01500FAE708B5EBF7D4FB1A
:1064400010B11030FFF7FCFE012008BD037AD90718
:1064500004D523F001030372EBF7A8B8990704D51C
:1064600023F002030372EBF73BB97047002070473B
:10647000D0E8AF0F70472DE9F74F884601904FF0F5
:10648000FF314FF0FF30EAF7D7FB0446002849D030
:1064900020210C30FFF7E7F90027064600212022D3
:1064A00007F008FA3946D8F8005006F1010BD8F881
:1064B00004309F4208D3317000222146019803B076
:1064C000BDE8F04FEAF7A2BC6A78881C13181F2BAE
:1064D00095F800C05FFA80F908D9BCF1090FC9F13D
:1064E0001F0217D1002A15DD4FF0080C5FFA82FA5F
:1064F0000AF1010E0BF801E00131C9B20BF801C03D
:1065000069685844D14407F0C8F901375FFA89F146
:106510000835CCE72046E9F7A1FD6FF0150003B080
:10652000BDE8F08F6FF06800F9E770B506460D46DC
:106530004FF0FF304FF0FF3186B0EAF77DFB0446A5
:10654000B0B10C3095B10121FFF79CF9204606F15E
:10655000100203A908230095EAF75CFB00222146FC
:1065600042F20A00EAF752FC06B070BD2946EBE79A
:106570006FF06800F8E7FFF7D8BF183005F0E9BA08
:10658000EBF7F0BCD0E8AF0F7047032808B501D097
:10659000EBF778FDBDE80840EBF788BD01F120037B
:1065A000013813F8012D8B4200F8012FF9D1704703
:1065B00000230B60436813B9C0E9001170471960EC
:1065C00041607047D0F8B400003818BF0120704710
:1065D0000846896918301160426800211A6010F875
:1065E0000D2C07F067B9D0E8AF0F7047034610B520
:1065F000D3E8EF0F40EA0102C3E8E42F002CF7D103
:1066000010BD2438ECF70CBA002203680BB9184609
:1066100070478B4210D10B6842B9426803609142C7
:1066200000D14360002301200B6070471360436872
:10663000994208BF4260F5E71A461B68E6E710B5C5
:106640000446006918B1E9F709FD0023236110BD74
:1066500070B516460D4601210446ECF719FA012ED5
:1066600017D0022E17D1236913B12046FFF7E7FF99
:10667000256121690A8A012A39D9CB681B8804332C
:106680009BB29A4233D32AD92046BDE87040FFF727
:10669000D6BF206918B92046FFF7D1FF01E02A8A4A
:1066A00022B92846BDE87040E9F7D8BC018A438A80
:1066B00046695B1AC168891B5B1A9A4207D9014671
:1066C0000022204600F009FB00232361E9E7E96886
:1066D0000C30FFF7CEF82846E9F7C0FCC9E70023E5
:1066E00023612046BDE87040012200F0F6BA70BD7B
:1066F000034610B500F1C8021046FFF774FF60B101
:10670000411CD2E8EF4F844204D1C2E8EC1FBCF137
:10671000000FF6D1F0D1184610BD0346FBE710B5C7
:10672000437B0446023B062B25D8DFE803F00D042B
:1067300024242417220001730021ECF747FABDE856
:1067400010400220EBF7A8BD8378012B11D1403017
:1067500005F0FFF9BDE81040EAF746BC0088FFF7F6
:106760001EFC38B9637B072B03D108212046ECF7C8
:106770002DFA002010BD6FF07F00FBE710B5044636
:10678000D0F8A40028B9207A04F17001F1F724FDB3
:1067900038B1E278438A2AB903F02100003818BFE3
:1067A000012010BD03F02400F8E72DE9F843089E0E
:1067B0008146102E0C4690461F462FD84FF0FF30D2
:1067C0004FF0FF31EAF738FA054658B31C210C3078
:1067D000FFF749F80346B9F80020394623F8022BA1
:1067E0002268C0F80220626800F10C045A60B8F810
:1067F000003032464381204607F04FF8102E05D076
:106800000021C6F11002A01907F054F82946BDE88E
:10681000F843002242F21900EAF7F8BA6FF01500C7
:10682000BDE8F8836FF06800FAE782780346012A32
:1068300006D1C07A28B1D3F8A40010B1007C70470B
:106840000020704738B583780446012B23D1437B61
:10685000072B23D10B0601F07F050CD54FF4004127
:106860000430FFF7C3FE2046A57202F0B7FE08B160
:10687000637AA37238BD437AAB4212D2837AAB42B9
:106880000FD2031DD3E8EF1F21F40041C3E8E21F3C
:10689000002AE8D0F6E76FF01500EBE76FF07F0015
:1068A000E8E70020E6E78378012B0CBF407A002060
:1068B000704773B506460C46FFF7E5F86D4631465E
:1068C000A8B16846FFF7D4F829460020ECF7E2FCAF
:1068D00058B12388A0F88C306388A0F88E30A38844
:1068E000A0F89030E388A0F8923002B070BDFFF7B6
:1068F00063FD0346006800909A889B79ADF80420F8
:106900008DF80630E0E738B5037A04468B42154629
:1069100015D100F170010722284606F0DAFF80B198
:10692000E378072243B904F17E01284606F0D1FF3F
:10693000B0FA80F0400938BD04F17701F5E7002096
:10694000F9E70120F7E708B5ECF7D0FC10B1ECF758
:10695000F1F8012008BD8378012B0CBF70300020B6
:10696000704720B183781940081E18BF0120704776
:10697000F8B507460D464FF0FF304FF0FF31EAF70C
:106980005BF90646D0B10E210C30FEF76CFF0446D1
:106990000E22002106F08EFF3B88314623802B8893
:1069A000002263806B8842F21300A380AB88E380EF
:1069B000EB882381BDE8F840EAF728BA6FF0680059
:1069C000F8BD8378012B01D102F0A0BF6FF0150054
:1069D00070478378012B01D1F1F780B86FF0150073
:1069E0007047704710B50446F5F71CFA234653F874
:1069F000442BD2F8B41061B96164D2F8B81061B90F
:106A0000C2E92D33F5F722FA2068BDE81040ECF713
:106A1000B9B88B42F6D00968EDE70B60C2F8B83020
:106A2000F0E703682BB141681A688B42026008BF27
:106A30004260704770472DE9F843446B2CB154F81D
:106A4000085905B1083D00270CB9BDE8F883D4E921
:106A500000682EB3F5F7E6F90022D6F8B43004F159
:106A6000440163B1994233D1636C4ABBD6F8B82074
:106A7000C6F8B430914201D1C6F8B8306764F5F772
:106A8000E5F904F13009002200234846F4F7BAFC86
:106A9000064600BBD8F804300BB120469847276063
:106AA000E3680BB120469847D8F820300BB1204658
:106AB0009847DDB1AB6803B1083B2C461D46C3E7E0
:106AC0001360D6F8B830994208BFC6F8B820D5E7A9
:106AD0001A461B68C5E7B36923B16FF06D02F1690F
:106AE000206898473046E9F7B9FACCE72B46E4E747
:106AF00038B5406B0D4620B150F8084904B1083C48
:106B000000B938BD43689B680BB1294698472CB142
:106B1000A36803B1083B20461C46F1E72346FAE789
:106B2000F8B50E4600210746154600234FF22442D1
:106B30000846ECF785FE044630B104210C30FEF720
:106B400092FE0770467045802046F8BD70B5054638
:106B50000068B8B1407B072814D1002A0CBF01207F
:106B600002200E7A864210DCC87A07280DD98A6185
:106B7000CB6105F1300004F0E1FE2846FFF732FF5B
:106B8000002070BD6FF07F00FBE76FF01500F8E7A5
:106B9000406B28B1838B08388B4201D08068F8E7BE
:106BA000704710B54AB989B2FFF7F2FF28B14368C0
:106BB0009B6913B1BDE81040184710BD38B50D46AC
:106BC0000521FFF7E5FF002329461A46FFF7BEFF20
:106BD000044610B12846E9F741FA204638BD73B59E
:106BE0000B8A0446032B0D4611D9042105F10C0034
:106BF000FEF773FE2B8A42889A4208D1417831B160
:106C00000378122B06D0132B01D0012B4AD1002080
:106C100002B070BD082AFAD12468637B072BF6D135
:106C2000E37893B102220120FFF77AFF054600289E
:106C3000EDD002210C30FEF716FE0023294603702A
:106C400043702046FFF7BAFFE1E7EB6813201A888C
:106C5000ADF800205A88ADF802209A88ADF80420DB
:106C6000DB880222ADF80630FFF75AFF0546002800
:106C7000CDD069462046ECF779FA0646022105F1A7
:106C80000C00FEF7F0FD86F00103DBB2038029461D
:106C90002046FFF793FF002EB9D069462046FFF744
:106CA00067FEB4E7022201202568FFF739FF04469A
:106CB0000028ACD002210C30FEF7D5FD0023214680
:106CC000037043702846BDE7406B28B183890838BC
:106CD0008B4201D08068F8E7704738B50B8A0546CB
:106CE000032B0C4604D82046BDE83840E9F7B6B976
:106CF000042104F10C00FEF7F0FD41882846FFF75F
:106D0000E3FF0028EFD0436821465B699847EAE734
:106D100070470346006828B15968026888421A60C3
:106D200008BF5A6070470346002003B970471A8AAB
:106D30005B681044F9E710B5D4680231237813B9C1
:106D40002170012010BD8B42FBD0038A023B0382DD
:106D500000201061F6E72DE9F04104468868FFF74E
:106D6000E2FF638B628D0D46934228BF1346834238
:106D70001DD300276165D1F808808F60F5F752F8C0
:106D800041462046ECF792FE064638B1C5F8088029
:106D90006765F5F75BF83046BDE8F081618D638B80
:106DA0002846994228BF1946EFF782FDF1E76FF0B8
:106DB0007906F0E72DE9F041046A074644B154F83A
:106DC000A06906B1A03E0022154607F104080CB9DF
:106DD000BDE8F081636D9BB905B98AB94046FFF7FC
:106DE00098FF054658B101462046FFF7B4FF00283A
:106DF000EED07B682B60BB687D6003B9BD60224626
:106E000036B1D6F8A03003B1A03B34461E46DEE7CB
:106E10003346FAE708B503680A8A1868C96801F0BA
:106E20006AFE002008BD38B5054601F10C000C468D
:106E3000FEF763FD2D680146238A2868E26801F0A9
:106E400049FE002038BD38B504460D46ECF72EFE4D
:106E500030B1294604F15800BDE8384004F06EBD59
:106E600038BD70B5044601F10C000D46FEF745FD36
:106E7000266801462B8AEA68306801F02BFE1E2145
:106E800000222046ECF76AFE014610B12046FFF7CB
:106E9000DAFF002070BD70B40668326A5AB3144637
:106EA00054F8A03903B1A03B002211467CB9438DB0
:106EB000408B8B4201D890421FD9824238BF024694
:106EC0009942306838BF194670BCEFF7B9BB8442AD
:106ED00007D0658D648BA94238BF2946A24238BFCE
:106EE000224633B1D3F8A05005B1A03D1C462B4635
:106EF000DCE71D46FAE71146D9E770BC704773B569
:106F00001446014605464FF49572206801F0F6F9E3
:106F1000207530B92946206801F051FE20B90823B8
:106F20002375002002B070BD237AB3B1A3F118021B
:106F3000534253419B000193638A29460093AE68F4
:106F4000238AE2682068B047002808DB238A83424E
:106F50000CD1002301202375E4E70223EBE710F1B5
:106F6000FF0F03D34042C0B22075DAE70E20FBE7E3
:106F7000F8B5936805460F461446166863B950681D
:106F800001210C30FEF76FFCA0602B681B78002BF2
:106F900014BF022301230370A3681B78012B03D0C5
:106FA000022B1FD000201CE02B681B78002BF9D18E
:106FB000606804210C30FEF756FCE06007802A6808
:106FC000E36852885A806168728D738B088A9A428E
:106FD00094BFC0EB0200C0EB0300042894BF002064
:106FE0000120F8BD2B681B78022BDBD160681221D1
:106FF0000C30FEF738FCE06007802B68E268591C13
:107000000232113351F8040B994242F8040BF9D1C2
:107010006168728D738B088A9A4294BFC0EB02003C
:10702000C0EB03001228D9E7D0680431037813B904
:107030000170012070478B42FBD0002091680B8AC1
:10704000043B0B82106170472DE9F04188461746DA
:107050000121042205461E46ECF780FD044670B16E
:1070600004210C30FEF7FFFB80F80080A0F80170CF
:10707000C67021462846BDE8F041FFF7E4BEBDE8F2
:10708000F0811FB5CDE9012300231A460093EEF7E6
:10709000E5F805B05DF804FB0022036803B970470A
:1070A0008B420FD10B683AB942680360914200D11C
:1070B000436000230B60704713604368994208BF28
:1070C0004260F6E71A461B68E8E7D0E8EF3F43F076
:1070D0000802C0E8E12F0029F7D1C3F3C0007047D0
:1070E00007B5CA680C211388528800920D22ECF76C
:1070F0000BFE03B05DF804FB07B50022CB680A2144
:107100001B8800920B22ECF7FFFD03B05DF804FB37
:107110002DE9F041CB6804461F88BBB2162B26D957
:107120000321ECF76DFD064618B302210C30FEF783
:107130009AFB4FF04108002580F8008045703146E9
:107140002046FFF780FE2368A4F81A8067851B6835
:107150000433D3E8EF1F41F48031C3E8E21F002A73
:10716000F7D12046FFF797FE2846BDE8F0810420BE
:10717000FBE70E20F9E770B504460E460022002317
:107180000846F4F73FF9054658B101462046ECF7AA
:107190008DFC044618B12946304604F0DAFB20463F
:1071A00070BD6FF00104FAE737B50C46054601F1F2
:1071B0000C00FEF7A2FB228A03460192E26812212C
:1071C000009228461322ECF7F9FF03B030BD37B523
:1071D0000C46054601F10C00FEF78FFB228A0346A0
:1071E0000192E2682846009200221146ECF7E6FF81
:1071F00003B030BD2DE9F04342F60103002591B004
:10720000D2F8008007460E4600680BA9D8F8049013
:1072100014468DF82C50ADF82E30FEF7CEFB00282A
:1072200000F082804FF4205338680BA98DF82C5061
:10723000ADF82E30FEF7C1FB38B1A3681BB15A88F8
:10724000B24200D25E80012010E061680846FFF77C
:107250006AFDB8F82A20B8F81A309A4294BFC0EBF9
:107260000200C0EB0300032803D8002011B0BDE8E2
:10727000F0830846FEF7C4FA054661680846FFF742
:1072800052FD6B8A2A8AA3EB020C6B69EA68D21A58
:10729000ACEB0203B8F81AC0B8F82A20944594BFA2
:1072A000C0EB0C00C0EB0200834228BF03466BB961
:1072B000887AE8F72BFE00220023FEF76EFA0546D7
:1072C0000028D2D001466068FEF7ABFA0023009395
:1072D0003946D7F804801023484602AAC047071E43
:1072E00022DB227CE068BA421AD001460BA8FEF7E6
:1072F00091FBC8B1FAB202A906A8FEF78BFB98B1C0
:1073000006A90BA8FEF759FB70B90023042163748A
:1073100005F10C00FEF7A7FAA0600680A36891E7CC
:1073200002A906F0D6FAEFE70023A3608BE72DE968
:10733000F04F064685B0104690469946FFF7F3FC9D
:10734000738B728D8B46934228BF1346834275D947
:10735000736840460393FEF753FA4FF0000A044661
:107360004046FFF7E0FCE168228A658A6369AD1A4E
:10737000CB1AED1A778B738D9F4294BFC0EB070039
:10738000C0EB0300854228BF054625BB98F80A00DC
:10739000E8F7BCFD00220023FEF7FFF9044608B918
:1073A000574627E001464046FEF73BFA4046FFF7C6
:1073B000BAFCE168228A658A6369AD1ACB1AED1AB4
:1073C000778D738B9F4294BFC0EB0700C0EB030027
:1073D000854228BF0546CDF80090DBF804700A44CA
:1073E00003985946ABB2B847071E07DABAF1000F47
:1073F00018BF5746384605B0BDE8F08F0E9BABB9B5
:10740000394604F10C00FEF72EFA4046FFF78BFCDC
:10741000738D728BB944934228BF13468342BA449A
:107420001FFA89F9BCD9AF429AD0B9E7394620464C
:107430000F9A0E9B98470028E2D1B1E70027D9E7C1
:1074400000232DE9F34117681446D7F8048001465C
:10745000137306469522404600F050FF0546207300
:1074600030B93146404601F0A8FB28B90823237300
:10747000002002B0BDE8F081A068798B7A8D038A84
:10748000914294BFC3EB0103C3EB0203012BEFDD79
:1074900002210C30FEF7E7F9CDE900558046A388BC
:1074A00031463846A268FFF742FF031E06DA13F1A1
:1074B000FF0F2ABF5B420E23DBB2D8E70120A8F8FA
:1074C0000030D6E700232DE9F34117681446D7F8BA
:1074D00004800146137306469522404600F00EFFD5
:1074E0000546207330B93146404601F066FB28B9A5
:1074F00008232373002002B0BDE8F081CDE90055D8
:1075000031463846A388A268FFF711FF002807DA42
:1075100010F1FF0F32BF0E204042C0B22073E9E7E6
:107520000120E8E7F8B5054650F8044C071F00F1C4
:107530004C03D3E8EF1F21F00401C3E8E21F002A47
:10754000F7D1FCB12B6D83B9636873B1201DFFF7D0
:10755000E0FB064601463846FFF7FDFB90B1636845
:107560003360A368666003B9A660384605F154012C
:10757000FFF701FE30B1384604F10C01BDE8F840D8
:10758000FFF7F9BDF8BD08B5437B072B01D00020FC
:1075900008BD0421FFF798FB0028F8D000F14C0348
:1075A000D3E8AF3FDB07F2D550F8040CF0E738B56D
:1075B0000546D1E8AF3FDB0716D550F8040C98B16B
:1075C0002B6D8BB90430FFF7A4FB044660B1014674
:1075D000281FFFF7C0FB38B155F8043C5A682260F9
:1075E0009A685C6002B99C6038BD70B50E4615465D
:1075F000FFF7C9FF78B1036A6BB1184650F8A0399C
:1076000003B1A03B691C428D448BA24228BF224695
:10761000914202D93BB9002070BD2A463146BDE8EF
:107620007040ECF79BBAD3F8A04004B1A03C1846D8
:107630002346E8E7EDF79CBD08B5FFF7A4FF40B18E
:10764000006A30B1024652F8A03903B1A03B0020D5
:1076500002B908BD518B528D8A4228BF0A4690421A
:1076600038BF104633B1D3F8A01001B1A0391A4683
:107670000B46EDE71946FAE710B504466C38EDF70E
:1076800069F854F86C0C1321BDE81040FFF747B8B7
:1076900070B550F8043C0446061F002B34D039B1B5
:1076A000036D002B30D01B7CDA072DD505231EE09F
:1076B00005682846EEF7E4FF6B7A012B24D0246D91
:1076C00014B3237CDB071FD5E368002BEED03046D4
:1076D0006269617CECF742FA054638B1D4E90512DB
:1076E000E368984750B12846E8F7B8FC0E2300221B
:1076F0003046BDE870401146ECF7F6BF29463046EB
:10770000ECF7D4F90028EED170BD70B5CE68044610
:1077100033880D469AB2162A06D800220423114651
:10772000ECF7E2FF002070BD412243854283FFF762
:10773000B2FB0023314620462A8AF1E708B5002330
:107740000A8AC968ECF7D0FF002008BDFFF7F6BF32
:10775000FFF7F4BFFFF7F2BFFFF7F0BFFFF7EEBF91
:10776000FFF7ECBFFFF7EABFFFF7E8BFFFF7E6BFA1
:10777000FFF7E4BFFFF7E2BF70B50D46FFF703FF69
:10778000044628B92846E8F769FC6FF07F0070BD11
:1077900000F10C062946304604F0D0F8246AC4B142
:1077A00054F8A05905B1A03D0022104607E022463A
:1077B0007DB1D5F8A03003B1A03B2C461D46831CFB
:1077C00001D1002AF4D131462046FFF7D4FC00282D
:1077D000EDD10020DBE738B505460C46F4F722FB77
:1077E0002846FFF7D0FE20B9F4F730FB6FF07F009A
:1077F00038BD0023236083683BB9C0E90144FFF72B
:10780000D9FAF4F723FB0020F2E71C608460F6E766
:1078100010B50C46FFF7B7FE90B1036A43B153F8B9
:107820004C2CA03B9169A14209D0D3F8A030F5E7D8
:10783000406828B18369A34202D00068F9E7104686
:1078400010BD0120704708B5FFF79DFE78B1036AAF
:107850006BB1A03B03F15002D2E8EF0F20F008001B
:10786000C2E8E10F0029F7D1D3F8A030F0E708BD56
:1078700008B50421FFF728FA20B14C30D0E8AF0F4B
:10788000C0F3C00008BD10600020704710B5029C16
:10789000A36833B1B1F5807F28BF0E21CAB221465B
:1078A0009847A37DE268013BDBB2A37522B11BB907
:1078B0002046BDE81040104710BD106091800020A8
:1078C0007047B1F5807F28BF0E21009AC9B21368B6
:1078D000184700207047072208B505F0FAFFB0FAF4
:1078E00080F0400908BD70B50378044693420E4607
:1078F000154603D10130FFF7EEFF70B9A37AAB4212
:107900000DD1314604F10B00FFF7E5FF20B1012353
:107910005B4203F00A03E01870BD0023F8E7002083
:10792000FAE7034610B5D3E8EF0F40EA0102C3E8D7
:10793000E42F002CF7D110BD034610B5D3E8EF0FAC
:1079400000EA0102C3E8E42F002CF7D110BD0B6858
:1079500003608B8883808B79837170472DE9F041B8
:107960000C46069D06466FF0040105F11800FFF76E
:10797000E3FFF4B13046EDF7E9F8014648B3836818
:1079800053B100221F6805F11C0C2BB1634508D1CF
:107990002B463046EDF72EF8B4F5807F28BF0E2435
:1079A0000FE027B138681A463B460746EDE73846F0
:1079B000F9E7AB8A2BB923462246294630462F6881
:1079C000B8476B682BB12A463046E1B2BDE8F041BA
:1079D0001847BDE8F08111F1680F01D0FFF7BEBF75
:1079E0007047D0E8AF0F704770B50D46064611F8E6
:1079F000010BEBF77BFC044610B12C89EBF79AF8EE
:107A0000A87A05F10B01EBF771FC28B16B8A9C4257
:107A100038BF1C46EBF78EF8AB8AA34207D0AB69A0
:107A2000AC8223B121463046BDE87040184770BD96
:107A300010B5144602210C30FDF715FF6389038051
:107A4000002010BD10B5144604210C30FDF70BFFCB
:107A500023890380E3894380002010BD10B51446BC
:107A600002210C30FDF7FFFE23890380002010BDAA
:107A700010B5144604210C30FDF7F5FE2389038070
:107A800063894380002010BD08B501210C30FDF74B
:107A9000EAFE03460020187008BD08B501210C302D
:107AA000FDF7E1FE01230370002008BD38B515463F
:107AB00000F10C0404212046FDF7D5FE2B8903803C
:107AC000EB8943802B7C33B94FF420512046FDF7DE
:107AD000E1FE002038BD42F60101F7E738B5154652
:107AE00000F10C0404212046FDF7BDFE2B89038024
:107AF000EB8943802B7C022B04D0032B09D02B680D
:107B0000598801E042F602012046FDF7C3FE00203D
:107B100038BD42F60301F7E770B51446002500F1C1
:107B20000C066268EBB29A4205F1010501D800200B
:107B300070BDA268304632F81310FDF7ABFEF0E7D7
:107B4000FFF7EABF30B5144685B0054602210C3078
:107B5000FDF789FEA388002203800023CDE90233CC
:107B60000023CDE900232846A268A189E8F794FA0A
:107B7000A389834214BF6FF00B00002005B030BD15
:107B80007FB5154606460C460C300421FDF76BFE0A
:107B9000AB8800220380EB88043C43800023CDE9BE
:107BA00002330023CDE9002321463046AA68E8F7D6
:107BB00073FA844214BF6FF00B00002004B070BD54
:107BC000F7B5089D06460C462F6851B973B90023D6
:107BD0002A460893E1B23046BC4603B0BDE8F04007
:107BE0006047B1F5807F28BF0E24F0E7009313466D
:107BF0002A46B847089423462A4621462F68EAE7D2
:107C0000F0B50D4687B0114606461A460C9C5DB984
:107C100083B92768002322463046BC46E9B20C935C
:107C200007B0BDE8F0406047B5F5807F28BF0E255E
:107C30002768EFE703A8FDF705FEBDF81030012B1C
:107C400008D8002300932246194630462568A847E5
:107C500007B0F0BD022103A8FDF73FFE0346BDF8C3
:107C6000102033F8027B0021974228BF1746009767
:107C7000224630462568A847394603A8FDF72DFE61
:107C8000DBE738B5BDF810401546A2420CD84CB120
:107C90006BB1A41A8C42A8BF0C46A4B22246591953
:107CA00005F0FBFD204638BD6FF00604FAE76FF0E3
:107CB0000D04F7E730B585B0C96814461D46ECF7EA
:107CC00021FF00B100890223ADF80E000093294680
:107CD0002046BDF820200DF10E03FFF7D2FF05B0BE
:107CE00030BD1FB50C461946E36810461C78BDF838
:107CF00018203CB110240133069404B0BDE81040B4
:107D0000FFF7BFBF5B88ADF80E30022300930DF183
:107D10000E03FFF7B6FF04B010BD30B51D460023BB
:107D200085B014468DF80C30ECF7CEFE10B1037A16
:107D30008DF80C300123294600932046BDF8202001
:107D400003ABFFF79EFF05B030BD38B5144600F118
:107D50000C0506212846FDF786FD23890380E3896B
:107D60004380237C002B42F6010308BF4FF42053CD
:107D7000838021680B781BB1022B06D0002038BD10
:107D800028464988FDF786FDF8E71022284601318C
:107D9000FDF76FFDF2E710600020704738B515461B
:107DA00000F10C0404212046FDF75DFD2B890380C2
:107DB0006B894380E9680B782BB920464988FDF729
:107DC00069FD002038BD102220460131FDF751FD2C
:107DD000F7E7002203680BB9184670478B4210D1B1
:107DE0000B6842B942680360914200D143600023AE
:107DF00001200B60704713604368994208BF4260DE
:107E0000F5E71A461B68E6E710B5ECF7B7FD044640
:107E100040B1014611F8010BE8F7EEFA00232360A8
:107E20006360A36010BD70B500F170060546314671
:107E3000007AFEF751F804463146287A1CB1BDE8B5
:107E40007040FFF7E1BFECF799FD10B104604460AA
:107E5000846070BD022A10B508D1002300F17001C2
:107E60001A46007AECF7CCFE022010BDFFF7DBFFCC
:107E7000FAE7F0B5076806463D78144689B035BB89
:107E80007B88B3F5245F04D01BD8A3F52053032BC4
:107E90001DD8ADF80A10022220460DF10A0104F0A7
:107EA000BAFA48B97B88022220460DF10A01ADF8E2
:107EB0000A3004F0B0FA70B16FF01503C4F89031D5
:107EC00006E003F55643FF339BB2042B15D9012579
:107ED000284609B0F0BD009003AA13233146776805
:107EE000B847021E02DAC4F89021F1E703A9204640
:107EF00004F091FA0028EAD0DEE7ADF80A10022279
:107F000020460DF10A0104F086FA0028D4D17B88BE
:107F10000222ADF80A300DF10A01E8E738B514463F
:107F200000F10C0502212846FDF79DFC63890380C2
:107F3000A18A2846FDF7AEFC042104F11800FFF7E2
:107F4000F0FC002038BD08B50C3029B10121FFF745
:107F5000E8FCC043084008BD6FF00101FFF7ECFCEE
:107F600000F00100F7E710B50446FFF7ECFF38B169
:107F70002146BDE81040012211F8010BECF704BEC8
:107F800010BD2DE9F0419846BDF818300646012B8A
:107F900017462ED84344012B45462DDCECF794FDC3
:107FA000044618B9ECF790FD044640B3B8F1000F51
:107FB00011D00023217A21FA03F2D00703D53A78B1
:107FC000DA40D2071ED50133032BF4D13B7803F0FE
:107FD00007031943217206F17001601CFFF7B7FC1B
:107FE000337A012120462370FFF7BDFF2846BDE804
:107FF000F0816FF00605F9E76FF00C05F6E76FF01A
:108000001005F3E76FF01205F0E770B5044615466A
:10801000FFF717FC48B12046ECF756FD28B1037A6C
:10802000DB0702D50121FFF79EFF85B9207A04F115
:108030007001ECF7A3FC024648B1014685600423B9
:10804000BDE8704011F8010B0832E8F7C7B970BD00
:108050002DE9FF41884616461F46044628B96FF0B1
:108060001505284604B0BDE8F08102A9FDF77DFCA6
:1080700005460028F3D1204601A9FDF76DF80198C7
:10808000D0B9002002A9ECF741FC044648B9ECF74E
:108090001BFD044678B3002302A900F8013BFFF75B
:1080A00056FCB8F1000F22D0022269463846B0478C
:1080B000002808DA0546D4E70A222946F7F742FBEA
:1080C0000028DED0CBE79DF800300228237204D0D0
:1080D00000212046FFF747FFC3E79DF80110012963
:1080E000F6D8204601F00101FFF72DFFB9E7204641
:1080F000ECF776FEB5E76FF00B05B2E737B504464F
:108100000D46ECF703FC024698B1037A0C308DF86B
:108110000430FFF766FC10F0010318BF01238DF84F
:108120000530022301AA29462046E8F76DF903B07D
:1081300030BD0346F7E738B5BDF81010BDF818405C
:108140001046A142059D0CD84CB16DB1641A9C42F9
:10815000A8BF1C46A4B22246294405F09EFB204637
:1081600038BD6FF00604FAE76FF00D04F7E713B5BA
:10817000044610B9002002B010BD00238DF8043071
:1081800042F60303006801A9ADF80630FDF715FCBF
:108190000028EFD1E36898880028ECD12046EDF75D
:1081A0002DF8013080B2E6E770B5CC681E46A379A1
:1081B00088B008468DF80C301546FFF7D8FFADF8AB
:1081C0000D00246823786BB96388ADF80F30052360
:1081D000009331462846BDF8302003ABFFF751FD30
:1081E00008B070BD631C0DF10F02113453F8041B6D
:1081F000A34242F8041BF9D11323E9E71FB5CDE9E7
:10820000012300231A460093EDF728F805B05DF826
:1082100004FBEDF755B938B5044659B100F17005C6
:108220002946007AEDF7B0FA2946207ABDE83840B1
:10823000FFF764BF38BDF8B506460F46ECF782FB82
:10824000394604463046FDF747FE48B344B304F1CF
:1082500008056FF001012846FFF76EFBC20703D542
:1082600039463046EDF790FA6FF002012846FFF7E5
:1082700063FB830703D539463046FFF73FFF2846A7
:10828000FFF7AFFB60B9234603F8010BC4F8010008
:10829000C3F80300D5E8EF3FC5E8E20F002AF9D1A3
:1082A000F8BD38B5A0F14705441C15F8010C294666
:1082B0000C35FFF7C0FFA542F7D138BD1FB50C46FE
:1082C0001946E36810461A788DF8082093F90120C2
:1082D0008DF809205A88ADF80A201A79DB888DF8C4
:1082E0000C20ADF80D300723BDF81820009302AB29
:1082F000FFF7C7FC04B010BDFFF79EB938B54C8A34
:10830000D3070546C4F30E0404D514F0950F2AD004
:108310004B6843B3900704D514F4957F25D08B6840
:108320001BB3144014F4DE7F0DD0EB7A2BB9284632
:10833000FEF724FAD8B9052038BD14F0300F04D167
:1083400014F4C07F07D10020F6E72846FEF7ABFA09
:108350000228F5D8EFE7D5F8A430002BEBD05B7CF2
:10836000DB06E8D5EFE70220E6E70320E4E70F208D
:10837000E2E72DE9F041437B0646072B0C46154604
:1083800086B040F0858000238DF8143042F6030358
:10839000206805A9ADF81630FDF70FFB90B96768A6
:1083A000002F75D001232146009004AAB847012868
:1083B0006ED19DF8103013F0300F69D02046EDF7E4
:1083C000BDFA0446002320688DF8143042F60213EB
:1083D00005A9ADF81630FDF7F0FA18B12046EDF713
:1083E000ADFA0446002742F60218206802A98DF86B
:1083F0000870ADF80A80FDF7E0FAF8B900232068AC
:108400008DF8143042F6021305A9ADF81630FDF7C9
:10841000D4FA00283CD16768002F39D0009002239D
:108420002146304605AAB847022831D1BDF814309C
:1084300005EA0300003818BF01202AE042F60303D2
:10844000206803A98DF80C70ADF80E30FDF7B5FA71
:108450000028D3D04FF42053206804A98DF8107061
:10846000ADF81230FDF7A9FA0028C7D042F6010393
:10847000206805A98DF81470ADF81630FDF79DFA47
:108480000028BBD02046EDF759FA04460028ACD1AD
:10849000002006B0BDE8F081F8B514460F469422DE
:1084A00061680646FFF72AFF20BB0122304661685B
:1084B000FFF75FFF08B3A2891B2130460232FFF7A6
:1084C00094F80546E0B1A1890C300231FDF7CBF9F3
:1084D00020F8027BA289A16805F0DFF9D4E9041233
:1084E00028460123ECF7F4F929463046BDE8F84068
:1084F000FFF742B94FF0FF30F8BD6FF01500FBE712
:108500006FF00B00F8E770B50B460546144629B925
:1085100021462846EDF790FC28B970BD4FF6FF7252
:10852000914207D121812246284663680021BDE897
:1085300070401847E28901339BB29A422381E7D207
:10854000F1E72DE9F04F89B006461446129F11B9A4
:1085500013F0030807D03A46002130467B6809B083
:10856000BDE8F04F1847C14642F6010A03F47F7395
:10857000D518AC4207D13A464146304609B0BDE86D
:10858000F04FFFF7C0BF3A7C6388002A14BF524601
:108590004FF42052ADF802201022ADF808301FFA37
:1085A00083F83B68B4F800B000210DEB02000193A2
:1085B0008DF8009005F07EF901AB06933A463046FF
:1085C0007B68CDF80CD0ADF81CB003A998470434F3
:1085D0000028CED109B0BDE8F08F2DE9F0478EB06C
:1085E00006461746169D31B12A4600216B680EB02B
:1085F000BDE8F0471847A3B11278062A02D0142A22
:108600000FD102214FF00008C146013B8DF8101038
:108610009CB207F1010A94420BD214B9B8F1000FD1
:1086200052D12A46002130466B6898470EB0BDE80B
:10863000F0871422002109A805F03CF9BAF80020BF
:1086400093B2002BEDD0BAF802101FFA81F8B8F1FE
:10865000000FE6D04345E4D89DF8103013B3022B49
:1086600025D02B7CADF80C10002B42F6010308BF7F
:108670004FF42053ADF8063004AB029301AB0993DD
:1086800002ABADF834200C932A4630466B688DF867
:10869000049009A998470028C8D03A78A41AA4B22F
:1086A0009244B8E7BAF80430ADF81230D9E70AF1CD
:1086B00004030DF111000AF1140C53F804EB6345A7
:1086C00040F804EBF9D1CCE72A46414630460EB0DB
:1086D000BDE8F047FFF717BFF0B5102B8FB0054688
:1086E000149C06D02246002163680FB0BDE8F0401C
:1086F0001847638904A8ADF80C30A3892689ADF822
:108700000E30022302908DF8103002F110010DF1AD
:10871000110352F8047B8A4243F8047BF9D12168A3
:10872000C1B9002142F6020310220AA88DF80410F4
:10873000ADF8063005F0BEF801AB099302AB0C931F
:10874000224628466368ADF8346009A9984728B9DD
:108750000FB0F0BDFDF731F90028E2D022462846DF
:108760002189FFF7D0FEF3E72DE9F04F8FB00746E0
:10877000189D002940F09E80002B00F09B8010780F
:1087800001281DD0022840F095804FF01209013BCE
:108790009BB299458DF8100000F28C804FF00008D4
:1087A000B3FBF9FBC246541CCDF8008004AEBBF10C
:1087B000000F09D12A4638460099FFF7A4FE76E05B
:1087C00008464FF00409E2E723880193BDF804301E
:1087D0000093B8F1000F53D19DF81030002B37D023
:1087E000022B3CD02968002945D12B7C042B4DD18C
:1087F0004FF42053304602A98DF808A0ADF80A3096
:10880000FDF7DBF800283BD042F60103304603A910
:108810008DF80CA0ADF80E30FDF7CFF880B342F61E
:108820000203304609A98DF824A0ADF82630FDF7E3
:10883000C4F828B342F60303304609A98DF824A0F2
:10884000ADF82630FDF7B9F800BB4FF0010819E08C
:10885000A378E27843EA0223ADF81230C2E7A31C02
:108860000DF1110204F1120153F8040B8B4242F88E
:10887000040BF9D1B6E73046FDF79FF80028B4D0D5
:108880004FF000080BF1FF3B4C4490E71022002111
:108890000AA805F00FF8BDF804302A46ADF83430C8
:1088A00038466B68099609A998470028EAD10FB0A5
:1088B000BDE8F08F2A46002138466B689847F6E7F6
:1088C0002DE9F74F0C9C804691461E460D4641B956
:1088D0006BB92668002322460C93E9B24046B446A1
:1088E00032E0B1F5807F28BF0E252668F2E7636885
:1088F000002B59D1013E25896789B6B202F1010AE0
:10890000002E33D099F80010B14228BF314601291A
:1089100007D80023224604210C9325684046AC4624
:1089200012E0BAF80020023993B289B2002B5AD073
:108930009D42D4F800B001D89F4209D200232246BC
:108940000E214046DC460C9303B0BDE8F04F604773
:10895000228140460091224600210AF10203D847B5
:10896000002840D099F80030B3420BD92146404648
:10897000EDF77AFC002836DA00230C9322460E210C
:108980002568CBE7238962899A4205D100230C939D
:10899000224619462568C1E70133238199F8003042
:1089A000F61AB6B29A44ABE70096134627682246F9
:1089B000B847C0B1238A013B9E4205DA0C952B468D
:1089C00022462946266889E7638921461E44404697
:1089D0006681EDF749FC002805DA0C952B46224606
:1089E0000E2126687AE703B0BDE8F08FF8B505469A
:1089F0000E461046546951B9182204F05BFF334605
:108A00003246214628462768B8470020F8BD137C27
:108A1000042B12D10021182204F04CFF338A214686
:108A200028466381EDF7F6FC0028EED000232146AE
:108A30001A4628462668B047E7E70120E6E773B5FF
:108A400004460D46F3F7EEF929462046FEF7E0FE10
:108A5000014620B902B0BDE87040F3F7F7B94668A7
:108A60002046EBF70DFFF3F7F1F92EB100230E21AD
:108A70001A4620460095B04702B070BD2DE9F84374
:108A80008C68054616469846BDF8209024B154F8E7
:108A90001C7907B11C3F0CB9BDE8F8832389B342A8
:108AA0000FD16A7AA37D9A420BD34B4642462146A8
:108AB0002846D4F800C0E04718B921462846EDF70B
:108AC0002FFD2FB1F96901B11C393C460F46E2E791
:108AD0003946FAE7F7B50D46044616461F46ECF749
:108AE00035F8014628B133462A4620460097FFF75D
:108AF000C5FF03B0F0BDF0B587B005460E4617467A
:108B0000ECF724F8044640B13A46314603A8FCF796
:108B100099FEBDF81030042B01D807B0F0BD042138
:108B200003A8FCF7DAFEBDF8101046880288B142AF
:108B3000F3D32146031D00962846FFF79FFF3146D9
:108B400003A8FCF7CAFEE4E72DE9F0410546884694
:108B5000EBF7BAFF0446E0B1037ADB0719D500F161
:108B60000C073846FEF73DFF10F0010611D1B8F1B1
:108B7000000F0FD06FF002013846FEF7DDFE10F057
:108B8000020F284609D0FEF75EFE01212046FFF7BE
:108B9000EAF901263046BDE8F081FEF752FE0028D2
:108BA000F8D02846FEF764FE0028F3D06FF00201EB
:108BB0003846FEF7C1FE2846E5E701207047012050
:108BC000704713B5C068144668B100238DF80430AF
:108BD0004FF4C05301A9ADF80630FCF7EEFE10B912
:108BE000236801332360012002B010BDC37A827C68
:108BF000D0F8EC0003F00103C07802F0010250B994
:108C0000002B0CBF032301231AB15A1E53425341B8
:108C10005B004B707047002B0CBF03230023002A1E
:108C2000F7D0002B0CBF02230123F2E70720704787
:108C300008B50621FEF748F800B1EC3808BDD0E8C9
:108C4000AF0F084100F00100704738B50F2104460E
:108C50000430FFF7F4FF08B1002038BDD4F8A400B9
:108C600090B904F170052A462020217AEFF73AFAEC
:108C7000C4F8A40040B92A460420217AEFF732FA5A
:108C8000C4F8A4000028E7D0438A13F0240FE3D0EF
:108C9000A27A022A0CD9417CC907DDD5032A07D064
:108CA0009A06D9D5007CA0F1100358425841D4E768
:108CB0000120D2E738B50A46034609B9012038BD7C
:108CC000488A10F0240FF9D0197D5D7B147CA942ED
:108CD00028BF29468C4201D90020F0E7800607D43E
:108CE000517CC9070BD4187A003818BF0120E6E779
:108CF0000521181DFFF7A3FF0028F1D1ECE7197A31
:108D00000029E9D00521181DFFF799FF18B9197A34
:108D100001390129E0D9527CD207CFD4E3E708B565
:108D2000D0F8EC3002469B7A032B17D006D8581E99
:108D3000012894BF00200120C00008BD042B1AD1D7
:108D4000037D417B8B4228BF0B46102B15D105219B
:108D50000430FFF774FF08B90320EEE7137A002B05
:108D6000FAD00521101DFFF76AFF40B9137A013BC5
:108D7000012BE2D8F0E70820DFE70620DDE700203E
:108D8000DBE701238B40DB43D0E8EF2F1A40C0E83C
:108D9000E12F0029F8D1704701238B40D0E8EF2F55
:108DA0001A43C0E8E12F0029F8D1704708B50E2119
:108DB000FFF7F2FF002008BD10B50721044604307C
:108DC000FFF7EAFF0820EDF7BDFD20B92046BDE81A
:108DD0001040EDF703BF002010BD38B505460B4627
:108DE00004300D21FFF72BFFA0B1DC68D5F8EC3083
:108DF0000220197A03F1700200F0FBFE80B12246D6
:108E000000F12E0304F1100152F8040B8A4243F8DA
:108E1000040BF9D128460921FFF7BEFF002038BD19
:108E20000820FCE738B505460B4604300D21FFF756
:108E300006FFA0B1DC68D5F8EC300420197A03F104
:108E4000700200F0D6FE80B1224600F11E0304F14C
:108E5000100152F8040B8A4243F8040BF9D128465A
:108E60000721FFF799FF002038BD0820FCE738B53F
:108E700002210446EDF74AFF054680B106210C3079
:108E8000FCF7F1FCD4F8113000220360B4F815307F
:108E9000294683802046EDF75BFE002038BD082080
:108EA000FCE738B504210446EDF730FF0546A0B1D4
:108EB00010210C30FCF7D7FC04F1270304F1370232
:108EC00053F8041B934240F8041BF9D120460022BA
:108ED0002946EDF73DFE002038BD0820FCE770B5BF
:108EE0000C460D210646EDF711FF054698B11021FD
:108EF0000C30FCF7B8FC214604F1100351F8042BA8
:108F0000994240F8042BF9D1304600222946EDF76A
:108F10001FFE002070BD0820FCE72DE9F04104464B
:108F20008CB01022002108A804F0C4FC237A052B81
:108F30001ED8DFE803F0060303061D21D4F8D8305D
:108F40000893D4F8EC3004F1470204F1C706CDE9E8
:108F5000016204F1270703F17E0204F13708009251
:108F600039464246773304F19700EFF753F998B149
:108F700008200CB0BDE8F081D4F8E430002BE0D03C
:108F800008AD03F110062A4618685968083303C271
:108F9000B3421546F7D1D4E7D4F8EC3004AD03F171
:108FA0007E027733019304F10A0302920093424652
:108FB00039463046039508AB00F0EBFE0028D7D1C8
:108FC0000D212046FFF7E8FE2946FFF788FFD0E78E
:108FD0002DE9F043044691B0102200210CA804F0C2
:108FE00069FC237A052B1ED8DFE803F0060303068D
:108FF0001D22D4F8D8300C93D4F8EC3004F1470299
:1090000004F1C705CDE9015204F1370603F17E02F0
:1090100004F12707009231463A46773304F197006E
:10902000EFF7F8F8A0B10825284611B0BDE8F083A5
:10903000D4F8E430002BDFD00CAD03F110062A4643
:1090400018685968083303C2B3421546F7D1D3E70D
:10905000D4F8EC300DF1200803F177027E33019350
:1090600004F1110302920093324639462846CDF8A6
:109070000C800CAB00F08DFE0028D4D1237A052B98
:109080000FD1D4F8E010A9B30B460DF1300C01F16B
:10909000100E624618685968083303C27345944637
:1090A000F7D1D4F8EC300DF1100903F17E027733DB
:1090B000019304F10A03029200933A46314628468E
:1090C000CDF80C900CAB00F064FE0028ABD1102260
:1090D000494604F1B70004F0FCFB80B94146204644
:1090E000FFF7FDFE054600289DD10121201DFFF759
:1090F00053FE99E710220CA804F0DCFBD1E70B2506
:1091000092E72DE9F041D0F8EC700446FD78CE6886
:1091100090B0002D5CD1102229460CA804F0CAFBA7
:10912000237A052B1DD8DFE803F0060303061C2174
:10913000D4F8D8300C9307F177030DF1200802938F
:109140007E3704F111030093CDF80C8001970CAB2E
:1091500004F1270204F1370104F1C70000F019FE01
:10916000A8B10825284610B0BDE8F081D4F8E03059
:10917000002BE0D00DF1300C03F1100E62461868A0
:109180005968083303C273459446F7D1D3E71022D8
:109190003146404604F09DFBC0B9227D637B06A9A1
:1091A000069048609A4294BF00920093ADF8140074
:1091B00004F14703D4F8EC0005AAFDF7F6FA0028FD
:1091C000CFDB0121201DFFF7E7FDCBE70B25C9E72A
:1091D000012D18D1051D10212846FFF7D2FD31467B
:1091E00004F1B70306F1100251F8040B914243F861
:1091F000040BF9D107212846FFF721FD28B10921E9
:109200002846FFF7C9FD0025ACE70A212846FFF7ED
:1092100016FD0028F3D1204610B0BDE8F041FFF75D
:10922000D7BE012303FA01F1CA4330B5D0E8EF3FBE
:1092300003EA0204C0E8E54F002DF7D101EA03007C
:10924000003818BF012030BD70B504460025D0F8A5
:10925000EC60031DD3E8EF2FC3E8E15F0029F9D1EB
:1092600004F59C7002F075FC2572D4E8EF3FC4E869
:10927000E25F002AF9D1F3782BB90B212046BDE833
:109280007040FFF789BD0121F8E7F0B589B0DDE94D
:109290000E6705463078109C8DF80000387801F193
:1092A000100C8DF801001068CDF8020090889279BA
:1092B000ADF806008DF808201A686846CDF8092038
:1092C0009A889B79ADF80D2022468DF80F3011F861
:1092D000013B10F801EB614583EA0E0302F8013B04
:1092E000F5D122462146284601F055F9034628BB10
:1092F00007932346B7F80520D7F80100ADF81420EE
:10930000D6F801200490CDF81620B6F8052004F117
:109310001000ADF81A2004A913F8016B11F8012B05
:10932000984282EA060203F8012CF5D12246214632
:10933000284609B0BDE8F04001F02DB909B0F0BDF4
:109340007FB503210546D0F8EC40EDF7DFFC06467B
:10935000C0B110210C30FCF786FA04F17E0377349B
:1093600002900193009405F1100305F1090205F143
:10937000270105F14700FFF788FF044628B1304672
:10938000E6F76CFE082004B070BD02463146284660
:10939000EDF7DEFB281D2146FFF7F3FC2046F2E740
:1093A00008B5D0F8EC200346D27832B90321FFF794
:1093B000F3FCBDE80840FFF7C3BF021D0A211046B9
:1093C000FFF73DFC10B904211846F0E710460021D4
:1093D000FFF7E2FC002008BD70B5061DCD6804460D
:1093E0000B213046FFF7CDFC2B4604F1170205F1A7
:1093F000100153F8040B8B4242F8040BF9D1D4F856
:10940000EC30DB783BB920460421FFF7C5FCBDE812
:109410007040FFF746BD05213046FFF710FC20B92C
:109420002046BDE87040FFF7BBBF237A012B09D06F
:10943000022B13D120460421FFF7AEFCBDE870409B
:10944000EDF702BD0A213046FFF7F9FB0028F1D005
:1094500030460021FFF7A0FC002070BD0820FCE78B
:1094600070B500F1700605460C46072230460968C3
:1094700004F02FFAB8B963681A682A679A88A5F8C1
:1094800074209B7985F87630D5F8A4305BB1A2685A
:10949000934208D062681168C3F801109188A3F85C
:1094A00005109279DA7170BD2DE9F3470B9F0546DF
:1094B000CDE90023FFF7BCFB0646002800F08580BD
:1094C000BDF8289000F10408B9F1000F28D1DDE9BA
:1094D0000032134324D103214046FFF7B0FBF8B11B
:1094E00001214046FFF7ABFBD0B1347D737B38469A
:1094F0009C4228BF1C4606F14701224604F0CDF9E4
:109500000F2C05D84946C4F11002381904F0D2F9DD
:1095100040460121FFF740FC012002B0BDE8F08782
:10952000D5F8A440002C52D105F1700A52462020F3
:10953000297AEEF7D7FD0446C5F8A400002846D1E5
:1095400052460120297AEEF7CDFD0446C5F8A40065
:10955000B9F1000F15D1DDE90032134311D13CB34D
:10956000638A9A060ED5257C04F11E012A463846E8
:1095700004F093F90F2DCBD80021C5F11002781912
:10958000C4E7ACB1638ADB0712D50822694604F14F
:10959000440004F09EF958B902220AA904F14C00D3
:1095A00004F097F920B9257C04F14E012A46DEE744
:1095B0000F214046FFF743FB20B102220621284637
:1095C000E9F740FE3046FFF73FFE0020A5E7B9F17E
:1095D000000FC0D0D6E76FF0850070472DE9F3414A
:1095E000C67804463EB1012E3DD06FF015042046EA
:1095F00002B0BDE8F081FFF71BFB054610B96FF024
:109600007F04F4E7061D03213046FFF718FB10B175
:109610006FF00F04EBE701213046FFF710FB002845
:10962000F6D12046FFF711FB28B9204602B0BDE86D
:10963000F041EDF7A7BDD4F8A41020460B7C01F152
:109640001C02009301F11E031431FDF7AEF804462D
:109650000028CCD10B212846FFF79EFB0121304684
:10966000FFF79AFBC3E7FFF7E3FA05460028C6D0E9
:10967000071D04213846FFF7E2FA002851D10321E3
:109680003846FFF7DCFA0028C2D131463846FFF7EA
:10969000D6FA0028BCD12846EDF7F4F968B1D4F821
:1096A000A43083B9207A04F17001EEF791FCC4F87C
:1096B000A40040B96FF00B0499E72046FFF7C5FA04
:1096C0000028ECD191E72846EDF79EFA044610B148
:1096D0006FF068048BE70B212846EDF717FB064671
:1096E0000028F5D001210C30FCF7BDF80921804697
:1096F0002846EDF71BFD2346224688F80000314638
:1097000005F1EC00FDF722FA044618B13046E6F701
:10971000A5FC6CE70F213846FFF73EFB01212846E8
:109720009EE76FF0040462E7F8B5031D06460F4696
:1097300018460221FFF783FA044620B1B6F8E84044
:10974000B4FA84F4640903211846FFF778FA58B193
:1097500039463046EEF708FA052194B1D6F8EC0008
:10976000FCF7DDFF0020F8BD01211846FFF767FA7E
:109770000028EDD10F211846FFF761FA0028E7D144
:10978000EAE73046EDF7C2FA054688B101210C3010
:10979000FCF769F8234607702246294606F1EC00DB
:1097A000FDF7D4F90028DDD02846E6F757FCD9E7C5
:1097B0006FF06800D7E770B505460820EDF7C2F8EE
:1097C0000446E8B1061D08213046FFF7DAFA002DFD
:1097D0003DD00721FFF7D5FA284604F1970305F19C
:1097E000200250F8041B904243F8041BF9D10A21CF
:1097F0003046FFF724FA68B109213046FFF7CCFA6A
:109800000720EDF79FF8044618B3EDF7E7F900B32A
:10981000082115E010213046FFF711FA0921002830
:10982000EBD13046FFF70BFA0028E9D0D4F8EC3042
:109830002046DB7843B9FFF770FB01460028DFD0F4
:109840002046FFF771FFDBE7FFF7C2FBF5E70B21CF
:10985000F6E770BDF0B587B00E461546FFF7E8F99C
:10986000044620B96FF01505284607B0F0BDD4F8BE
:10987000EC70301EE27AA37CFF7818BF0120291E0D
:1098800018BF012102F0010203F0010337BB91422E
:1098900001D09842E6D1271D0C213846FFF7C1FCC4
:1098A0000028DFD0C4E93865E5B104F1570102AE04
:1098B0002A4600230846009600F046FA054600288E
:1098C000D2D11022D4F8E4103046114404F001F84B
:1098D00040B104212046FFF727FFC5E79042DAD0C8
:1098E0009942D7E7D4F8EC30DB7843B9042120461D
:1098F000FFF752FA2046FFF7D4FA0546B4E70D21E8
:109900002046FFF749FA10213846F1E710B5FFF776
:109910008FF9044610B96FF0150010BD0A2104300C
:10992000FFF77FFC0028F6D0237A062B11D8DFE85A
:1099300003F00E04040A100C0C0001212046BDE8BF
:109940001040FFF7F1BE0421F8E70221F6E70821F5
:10995000F4E70020E1E770B50B460446D0F8EC5080
:109960000D210430FFF76BF990B10420297A05F13D
:109970007002DE6800F03DF908B9082070BD32467B
:1099800032F8023B8383D6F8023043615368836127
:1099900094F8E93023F0010284F8E9209A070AD507
:1099A00008212046FFF7F8F9EB7843B1B4F8E81046
:1099B00079B10020E2E75B07F6D50A21F1E794F8D8
:1099C000E930002BF2D12046EDF7C0F90028EDD0A8
:1099D000D3E72046EEF7C8F8EBE72DE9F0410E4655
:1099E0000446D0F8EC80ECF7C7FFF768261D054663
:1099F0000A213046FFF715FC38B16DB92046397899
:109A0000EEF7B2F80020BDE8F0810B213046FFF7F9
:109A100008FC0028F1D1F1E76B69002BEED040463D
:109A20009847EBE770B50446A0F1EC0650F84C3BC4
:109A3000E83CD3F8A45002F08CF803212046FFF74D
:109A4000FEF8A0B108213046EEF78EF83DB16B8AE2
:109A500013B16B7C9B0702D5284600F0DEF8304638
:109A6000BDE870404FF4B872002103F023BF01211C
:109A70002046FFF7E4F80028E4D10F212046FFF745
:109A8000DEF80028DED1E1E710B504460821A0F594
:109A90009C70EEF769F8A4F59A700421BDE81040B7
:109AA000FFF77AB908B59AB98378012B10D106214E
:109AB000FDF76EF810F8043C23F0010300F8043CB5
:109AC00030F8041C21B9BDE80840EC38EEF74CB87A
:109AD00008BD70B50446FFF7ABF80546002875D001
:109AE000061D03213046FFF7AAF800286ED0D4F8EF
:109AF000A40008B100F091F8207A04F17001EEF7AB
:109B000067FAC4F8A40028B92846BDE870400821C7
:109B1000FFF70ABE0E213046FFF791F828B1D4F8BE
:109B2000A420537C43F0020353742B7A032B0DD8EB
:109B3000002B4CD1D4F8A420537C23F02003537481
:109B4000D4F8A420537C23F001030DE0053B012B46
:109B5000F0D8D4F8A420537C43F020035374D4F8F5
:109B6000A420537C43F0010353742B7D697BD4F80C
:109B7000A4208B4228BF0B46304613740521FFF703
:109B80005EF8D4F8A420537C40B343F010030D21B9
:109B900030465374FFF753F8C0B12021D4F8A40025
:109BA00000F037F8D4F8A43005F147021E335735DA
:109BB00052F8041BAA4243F8041BF9D10023D4F83D
:109BC000A42053619361D4F8A420938370BD052130
:109BD0003046FFF734F80028ACD0C0E723F010037C
:109BE0005374F3E7437C5B0602D40121E7F7A6BC7C
:109BF000704770B504460D461646EEF773FA38B94D
:109C000031462846EEF7E4F910B1438A1C434482FA
:109C100070BD438A19434182704710B5037A0446E8
:109C20005B0701D5E7F75CFD214611F8010BE6F76C
:109C300083FC2046BDE810406022002103F03ABEBC
:109C400070B504461546184698B0002C3DD05422F5
:109C500003A9A847051E38DB204601A9FBF785FEAE
:109C6000064690BB69462046FBF776FA009830BB63
:109C700075B3002001A9EEF7ABF90446002840D0E7
:109C8000542D32D09DF80C30102B36D8502D34D1B5
:109C900011232A46C36003A9103003F0FEFDE27BC6
:109CA000B4F80D3053EA024327D1637CDA0719D5A3
:109CB00013F0300F16D123F00103637412E00A226F
:109CC0003146F5F73FFD0028D2D06FF0150609E0C8
:109CD00029463F2001AAEEF705FA18B1602229466D
:109CE00003F0E8FD304618B070BD2A4603A90C30D9
:109CF00003F0D3FD237B112BD1D02046FFF78DFF3E
:109D0000E3E76FF00B06EDE702460146542311F836
:109D1000010B0C32E6F702BC531E1944024411F841
:109D2000013900F8013B9042F9D1704710B5431E4C
:109D300000F11002073013F8011F12F8014D8342A1
:109D40001C701170F7D110BDF0B50E4614461D46BB
:109D500097B00146202205A81C9FFFF7DDFF2022B7
:109D600031460DA8FFF7D8FF2146102201A88DF833
:109D70005450FFF7D1FF3B46412205A901A8EEF759
:109D8000DFFA044610B93846FFF7D0FF204617B077
:109D9000F0BD2DE9F04316461D4697B00446DDE9B7
:109DA0001F98102205A8219FFFF7B6FF1022314609
:109DB00009A8FFF7B1FF102229460DA8FFF7ACFF55
:109DC00003221E9911A8FFF7A7FF494611F8013B8E
:109DD000D9F801008DF847308B880622129012A81E
:109DE000ADF84C30FFF798FF414611F8013B0622D1
:109DF0008DF84E30D8F801300DF14F00CDF84F30CE
:109E00008B88ADF85330FFF787FF2146102201A859
:109E1000FFF782FF3B46412205A901A8EEF790FA21
:109E2000044610B93846FFF781FF204617B0BDE859
:109E3000F0830C220369C9B202FB0133986C00F075
:109E40000700704770B50346C9B20069EFF3118689
:109E5000402484F31288BFF36F8F0C2505FB0104A7
:109E6000A46C14F0C00401D0A24210D1012205FB61
:109E700001008264002086F31188BFF36F8F28B938
:109E80005B6803EBC1035B689847002070BD4FF02F
:109E9000FF30F0E78022FFF7D5BFF8B5069F0546F3
:109EA0000469C9B2EFF3118C402080F31288BFF32C
:109EB0006F8F0C2606FB0146B06C00F0070EBEF15A
:109EC000010F11D1B76400268CF31188BFF36F8F97
:109ED00046B90C2000FB0144C4E910236B6853F819
:109EE000313098473046F8BD00F0C00087420CBFC3
:109EF0006FF077064FF0FF36E6E713B58024009445
:109F0000FFF7CBFF02B010BD0069CBB200EB4310EE
:109F1000002110471046F1F7A7BA00F089BBEFF710
:109F2000B9BE40F272607047084608B51146F3F7B3
:109F30007FF8002818BF6FF0040008BD08B5F3F7DC
:109F4000D7F9002818BF6FF0040008BD2DE9F047CD
:109F50000024836886B0884691465B6902AA01A9FD
:109F60009847A2462546029BAB4202D806B0BDE800
:109F7000F0870026019F07EBC5077B6804933A68CA
:109F80000AEB0603B24202D89A460135EBE749468E
:109F90000394059303A8C0470028E7D0049B01362B
:109FA0001C44ECE770B5037B04460BB100F056FB94
:109FB0000026A06800B970BDB0F5007F28BF4FF43F
:109FC000007005460246D4E90010EEF7DFFB636837
:109FD0002B44636023680BB12B442360A3685B1B95
:109FE000A360002BE5D0237B0136002BE1D0304667
:109FF00000F035FB0028DCD00120DCE741EA020359
:10A000000846C3F30B0109B9EEF7E4BB6FF0150086
:10A010007047084611461A4621B103431B0701D178
:10A02000EEF7D8BB6FF015007047436800205B68FF
:10A03000DB680B607047436802EA01005B6821EA55
:10A0400002015860002099607047436800205B68F7
:10A0500059607047436800205B68996070474368A7
:10A060005B681A6821EA020011405860002099607C
:10A07000704730B50369586800B30024884219D18D
:10A0800008688CB99C685860A14200D19860002093
:10A0900008602AB15A680A609A68596002B99960E2
:10A0A00000200FE02846E9E720609868814208BF59
:10A0B0009C60ECE705680446002DF3D1002AE9D145
:10A0C0006FF0150030BDF0F7C5B830B543681360C8
:10A0D000057A446804EBC504A34202D36FF0010083
:10A0E00030BD5C7908338C42F1D10020F8E710B420
:10A0F0000269436891681B68D3F8304171B17CB143
:10A1000000240C619168C97B19B94FF48051C3F8E0
:10A11000081391688C7B1CB100238B7310BC7047B3
:10A12000D3F8141121B10021C3F81411D3F814315C
:10A1300092681368002BF1D0516810BC18470B4689
:10A14000026992E8030083E8030000207047436837
:10A150001B68D3F88004C3F8800470474268136812
:10A16000D3F84C0150B10020926912780A70C3F8FC
:10A170004C01D3F84C2101229A6270474FF0FF3016
:10A180007047002A0FDD42681368D3F84C0158B1BC
:10A190000020C3F84C01D3F84C01012092691278D9
:10A1A0000A70986270470020704710B543681C68B9
:10A1B0000369EFF31180402282F31288BFF36F8F9F
:10A1C0009A68D17B39B9917301229B68DA734FF495
:10A1D0008053C4F8043380F31188BFF36F8F10BD30
:10A1E00003699A68D17B21B10121917300229B6898
:10A1F000DA737047026903469168C87B40B15B68B7
:10A200001B68D3F8300118B100230B61936898895B
:10A21000704743681B68D3F84C01003818BF012011
:10A22000704743681B68D3F8042312035CBF4FF4E4
:10A230000022C3F80423704743681B68D3F8042343
:10A24000120344BF4FF40022C3F8082370472022B2
:10A2500043681B68C3F804237047202243681B68C7
:10A26000C3F80823704738B5436804461D68D5F81D
:10A270000433DB0405D4D5F8040310F4002006D120
:10A2800038BDFFF7B7FF0028F5D00120F8E72046DA
:10A29000BDE83840FFF7BDBF0120704703699868EB
:10A2A00001609B685A60704713B501AA0446FFF726
:10A2B0000CFF002805DB019B226819791868EEF76E
:10A2C00085FC02B010BD70B5044600220121C620F5
:10A2D000E5F798FAC620E5F773FA63680121D868B4
:10A2E000FFF7E2FF20462169EEF728FD054678BB1F
:10A2F00061680B68D3F8002242F48022C3F8002280
:10A300000822C3F800254A69C3F83C270122C3F894
:10A3100040071A65D3F83021002AFBD00021C3F88A
:10A3200000156668F0683468FFF7BEFF0823C4F8BC
:10A330000035327A52B9B369C4F804370123C4F83E
:10A340000837C4F84C21D4F84C21A362284670BDCC
:10A350006FF08505FAE7F8B506690546B368012789
:10A360009C8910339442A8BF1446D3E8EF2F002AEB
:10A3700003D1C3E8E07F0028F7D10CBF3B460023A0
:10A3800025D1B3682246986803F087FAEFF311806D
:10A39000402383F31288BFF36F8F6B68B1681B682B
:10A3A000D3F830213AB914460A6180F31188BFF31B
:10A3B0006F8F2046F8BD8A68C3F83C270022C3F897
:10A3C0004047C3F83021D3F830211F65EDE71C4624
:10A3D000EFE708B50220EEF70DF9002008BD08B53B
:10A3E000006990F83830994207D290F839303BB183
:10A3F000C9B2F0F7FDF9002008BD6FF01500FBE7CA
:10A400006FF00A00F8E71FB5002304690393636B3C
:10A410008A07029301F00103C3F1410358BF43F0DF
:10A420000803204601A9019300F0C3FB002806DBC6
:10A43000204600F0CDFB0123002084F8393004B021
:10A4400010BD10B504692046F0F7DCF9002819DBCF
:10A450004FF0FF324FF0FF3304F13C00F1F738F8D2
:10A46000204600F0DBFB00231A4694F8380004F184
:10A470001001984202DC0020228710BD41F8042F11
:10A480000133F6E76FF00D00F7E710B54FF0FF303E
:10A490004FF0FF31EEF7BAFE044628B9C6F7A0FB2D
:10A4A000044618B1EEF7BAFE204610BDEEF7B6FE30
:10A4B0002046E6F7DBF8F7E738B50B8A0D463BB1E7
:10A4C00001F10C00FBF711FA012818D0022803D083
:10A4D0006FF01504204638BD4FF0FF304FF0FF31CC
:10A4E000EEF794FE04460028F4D1E868D6F7B3FAF4
:10A4F0000446EEF793FEACB1EEF790FFEAE74FF0BB
:10A50000FF304FF0FF31EEF781FE04460028E1D125
:10A51000E868EFF71BF80446EEF780FE002CD9D16F
:10A52000EEF77CFF2846E5F799FD0024D2E7EEF729
:10A530009FBF10B532220021044603F0BBF920234F
:10A5400023708023A3706FF03F0363710423A37211
:10A550002823A3730223E3730423A3756FF0480336
:10A5600063763F23A3766FF01303E3760F232377FD
:10A57000302384F82030402384F82130792384F874
:10A5800022307E2384F82330802384F8263004236D
:10A5900084F8273010BD08B50323DBF78FFF0020B8
:10A5A00008BD08B5EFF7E2FA002008BD08B5F2F7DC
:10A5B0009FFE48B1002383F31188BFF36F8F0423FC
:10A5C000184602DF6FF0040008BD08B54FF0FF31F8
:10A5D0004FF0FF30EEF71AFEDBF778FFBDE80840DA
:10A5E000EEF71CBE684620F007018D4601B5D5F791
:10A5F0007BF8BDE8014085467047684620F00701BA
:10A600008D4601B5D5F762F8BDE801408546704733
:10A61000684620F007018D4601B5D5F795FBBDE8EA
:10A6200001408546704708B5DBF76AFB002008BD8E
:10A630007047012802D10020D4F73CB97047704719
:10A64000D3F77EBF08B5D5F7B3FD30B1EFF3058082
:10A650000338032894BF0020012008BD7047012063
:10A66000704703460020184700F0A9BF024610B506
:10A67000116891B1B1FA81F3C3F11F000123834046
:10A6800021EA0303D2E8EF4F8C4204D1C2E8EC3F49
:10A69000BCF1000FF6D1EBD110BD6FF00B00FBE762
:10A6A00010B50368CB40DB0710D401238B40026850
:10A6B00043EA0201D0E8EF4F944204D1C0E8EC1F16
:10A6C000BCF1000FF6D1F2D1002010BD6FF01500E3
:10A6D000FBE7F7B51646DDE90847019001A81D46DE
:10A6E000EFF76EFC019BB6F1000C18BF4FF0010CA8
:10A6F00000EB83000B1E18BF0123002D43EA4C031F
:10A700000CBF4FF0000C4FF00C0C002C43EA0C0374
:10A710000CBF4FF0000C4FF4706C002F43EA0C0399
:10A720000CBF4FF0000C4FF4403CD0F8802043EABF
:10A730000C0322EA030301B109780EB136787600E2
:10A7400019430DB12D78AD0031430CB124782402AA
:10A7500029430FB13F783F040C433C43C0F880408D
:10A7600003B0F0BD1FB50DF10F03019300238DF869
:10A770000F101A4619460093FFF7ABFF05B05DF8BE
:10A7800004FB10B504460846EFF72AFC04EB40042E
:10A79000207DC0F3401010BD10B504460846EFF709
:10A7A0001FFC04EB4004207DC0F3400010BD10B539
:10A7B00004460846EFF714FC04EB4004A08A400B63
:10A7C00010BD70B5044608461646EFF709FC083080
:10A7D00034F810300D46DA0509D5C3F3432304EBF2
:10A7E000C3023146284654F8333052689847A3686C
:10A7F0002BB131462846E268BDE87040184770BD6D
:10A8000010B504460846EFF7EBFB04EB4000838AE3
:10A81000DA051DD5C3F3432123F4F853838204F1F1
:10A82000120204F1580032F8023F13F4807F03D083
:10A83000C3F3432399420BD08242F4D1002204EBAC
:10A84000C1035A6004F16000BDE81040FFF728BF63
:10A8500010BDF0B504460020012705468446954208
:10A860000AD1D4F8443133B10023C4F84431D4F8C8
:10A87000443140F40030F0BDEBB29B0003F580762C
:10A880009B0807FA03F3194208D054F806E0BEF11A
:10A89000000F03D044F806C0A65918430135DEE77F
:10A8A00038B504460D46FFF76CFFA8B12046FFF708
:10A8B00073FF88B92046FFF77AFF0123226883409F
:10A8C000C2F81833236803EB8000D0F8103523F06A
:10A8D0000303C0F8103538BD2846BDE838400021D4
:10A8E000FFF740BF2DE9F0431746044685B0084600
:10A8F000EFF776FBD7F800800E460546B8F1000F5B
:10A900001ED02046FFF748FF18B12046FFF739FF59
:10A9100020BB00230DF10F02CDE900338DF80E307E
:10A920008DF80F30304643460DF10E01FFF7D1FE92
:10A9300004EB4502938A23F0020343F00103938260
:10A940007B689BB33146204693F80080D3F804908F
:10A95000FFF722FF28B1B9F1000F1FD06FF01500EB
:10A9600027E004EB4500838A23F4604323F02003AF
:10A970008382B9F1000F11D0B8F1030FEED87B68D4
:10A9800021685B6893F800C04FEA8C031944B8F162
:10A99000000F11D1C1F81085C1F8108504EB4502F4
:10A9A000938A23F01C0343EA88039382BB684BBB62
:10A9B000002005B0BDE8F083D1F8102522F0030295
:10A9C000C1F8102522681344D3F8102522F4473229
:10A9D00022F47C72C3F8102541F6F072D3F81015FA
:10A9E00002EA061242EA08420A43C3F8102504EBC1
:10A9F0004C03A3F86460838A43EA4C3343F020039A
:10AA00008382CBE73146D3E900782046FFF7F8FE92
:10AA1000002FCDD063689F4206D004F16000FFF79D
:10AA200025FE002804DAC4E7A3689845F5D1002084
:10AA300004EBC003C3E9017804EB4505AB8AC0B25F
:10AA400043EA402343F48073AB82B1E7C0E90312C9
:10AA5000704770B504461546FFF793FE48B10846A7
:10AA6000EFF7BEFA04EB40040020A38A5B0B2B70C7
:10AA700070BD6FF01500FBE790F87400003818BF48
:10AA800001207047EFF7E2BA2DE9F341044617467B
:10AA9000FFF777FE0D462668F0B12046FFF77CFEF3
:10AAA0008046C8B92046FFF782FE820002F5807317
:10AAB00046F80380F35823681344D3F8102542F076
:10AAC0000102C3F8102527B1012322688340C2F890
:10AAD000143302B0BDE8F081D6F8143328469B0346
:10AAE0005CBF4FF40033C6F81433EFF779FA04EB88
:10AAF0004004A38AC3F38203042B11D0052B11D089
:10AB000001A80195EFF75CFA019BC168D94001F0FB
:10AB100001010231284602B0BDE8F041FFF722BE34
:10AB20000321F7E70221F5E7FFF7BABEC9B2EFF755
:10AB300053BE70B504460D46D1E900614FF47A72F8
:10AB40000023C803490CD5F751FD2368C3F80C65F1
:10AB5000C3F804052B6803F04002C3F38013237489
:10AB6000A368B3B1002A4FF0000314BF03250125E9
:10AB70002468012DC4F80031D4F80021C4F3083052
:10AB80001CBFC4F80431D4F80431E4F719FEC4F84A
:10AB9000045370BD38B5C0E90223437933B90123AA
:10ABA000437109B1FFF7C5FF002038BD6FF0770092
:10ABB000FBE708B543792BB1022B06D0FFF7B9FFAD
:10ABC000002008BD6FF07600FBE76FF00F00F8E79C
:10ABD000012203681A6002234371704710B5EFF336
:10ABE0001184402383F31288BFF36F8F0379072BFF
:10ABF00011D80B7001330371012302680978D2F870
:10AC000008058B4003430020C2F8083584F31188FF
:10AC1000BFF36F8F10BD6FF00B00F7E770B5EFF368
:10AC20001185402383F31288BFF36F8F0022012622
:10AC30000179D3B2994206D80023037185F31188B4
:10AC4000BFF36F8F70BD046806FA03F3D4F80815DC
:10AC5000013221EA0303C4F80835E9E770B5036857
:10AC60000446D3F80414D3F800512DB10022012575
:10AC7000C3F80021D3F80021D3F80421BAB100228F
:10AC8000C3F80421D3F804313DB10325D4E90232DD
:10AC90004FF480709847AB070BD5012363710021F7
:10ACA000D4E90232BDE870404FF482701847002D9D
:10ACB000ECD170BD704770470120002101F031B820
:10ACC0002DE9F04106460D460C468F18BC4202D1D4
:10ACD000601BBDE8F081A046336830461B6818F859
:10ACE000011B98470028F3D04446EFE770B50546AE
:10ACF0000C46084649B1DBF7E7FC2B6802462146C3
:10AD00002846BDE870405B68184770BD08B5FFF77E
:10AD1000EDFF08BD03681B6818470020704700203E
:10AD20007047704770477047042070470420704791
:10AD300000207047002070477047012343600020C7
:10AD40007047002070474FF0FF3070470020704779
:10AD500082B002AB03E9060002B0704700207047E2
:10AD60000020704770477047704710B504460421B3
:10AD7000F8F747FF204610BD02780B789A420DD1B4
:10AD800042684B689A4209D102890B899A4205D1DF
:10AD9000C068CB68C31A58425841704700207047BA
:10ADA00038B505460C46FFF7E7FF88B92B780E2B20
:10ADB0000ED123780E2B0BD160686968EA68E368CE
:10ADC0000A440344904238BF994234BF0120002016
:10ADD00038BD02780B789A4205D140784B78C31A77
:10ADE0005842584170470020704702460078B0B181
:10ADF000D3689BB1012802D1506858B970470E281A
:10AE000008D1506858B1128942B91B1834BF0120CB
:10AE100000207047013B584258417047002070475E
:10AE200030B500F5F26353E90201421C41F1000420
:10AE300052EA040504BF0122002443E9022450EA37
:10AE4000010304BF0120002130BD70B50D4604464A
:10AE500000F5F066B44202D10024204670BD94F89B
:10AE600023302BB129462046FFF786FF0028F4D176
:10AE70002834EFE770B50D46044600F5F066B4429D
:10AE800002D10024204670BD94F823302BB129460E
:10AE90002046FFF785FF0028F4D12834EFE730B5CE
:10AEA00000F5F065A84201D1002030BD90F82330B4
:10AEB00023B91C46944203D1002BF6D02830F1E789
:10AEC0003BB951F82430A3EB000CDCF1000343EB59
:10AED0000C030134EEE7104608B519B9102202F050
:10AEE000E9FC08BD0A8C028091F822208270D1E929
:10AEF0000423C0E90223F4E72DE9F04F97B0074699
:10AF0000DDE921459A4691469DF88060ADF8041030
:10AF10009AB1013B0F2B10D89DF804306BB166B984
:10AF2000A378013B012B40F2EA80904602EB0A1B1A
:10AF30004046FFF75AFF002838D1022632E040464B
:10AF40000093FFF72DFF009B19460028F5D14145DE
:10AF500001F11003F3D15B459846E9D1402200216D
:10AF600006A802F0A7FC1022002102A802F0A2FC11
:10AF70004FF000084FF0010B09EB08113846009123
:10AF8000FFF763FF00990346002840F082803846AF
:10AF9000FFF770FF014658B11DB12A463846FFF74A
:10AFA0009AFF0326304617B0BDE8F08F4946CEE73A
:10AFB0004246384606A9FFF772FF0346002800F014
:10AFC000A08002AA02F808B006AA42F8283008F1C8
:10AFD0000108C245D0D14FF426720021204602F06C
:10AFE00069FC25462346012204F520715A62283364
:10AFF0008B42FBD14FF0000ABDF80430A2702380D1
:10B0000007F5F063D3E90023C4E90223C4F81080F4
:10B0100006AB53F82A4005F1180C09EB0A1300930C
:10B020000FCB8CE80F0002AB1AF803B0BBF1000F96
:10B0300045D194F8202094F8213085F8382085F8FF
:10B040003930BBF1000F3DD04FF00003002285F8EE
:10B050003A300023C5E90A23BBF1000F39D101A919
:10B0600004F12000FFF7B5FE98B394F82230022BCC
:10B070002FD1384685F83BB0FFF7D2FEC4E9060170
:10B080000AF1010AC245C5E90C0105F12805BFD343
:10B0900088E790F82220012A06D001A920300093E9
:10B0A000FFF797FE009B28B9002D3FF47AAF2A46A0
:10B0B000194673E7D3E906210A4385D0F4E7002354
:10B0C0001A46BAE794F8223085F83A30D4E90423D6
:10B0D000C0E74FF0010B09EB0A1385F83BB00FCB2B
:10B0E00084E80F00BDF804303846238484F822B089
:10B0F000FFF796FE84F823B0C4E90401C0E70626F2
:10B1000050E704264EE77FB5ADF814100A99029176
:10B11000099901919DF8201000910599FFF7ECFE27
:10B1200007B05DF804FB0346007828B118690138C0
:10B130000F288CBF0020012070472DE9F0478D7843
:10B140000646022D0C468AB067D10846FFF7EBFF92
:10B15000D0B1D4E90202D6F88017D6F884379A42E3
:10B1600008BF88425BD104F11807B8464FF00009C8
:10B17000D4F810A0D1450BD14FF0000823699845B1
:10B180002AD304230025A37028460AB0BDE8F0871F
:10B1900098F82330DBB141463046FFF756FE0546AE
:10B1A00000283CD090F82230022B38D121462030A4
:10B1B000FFF70FFE98B3D5E90402D8E906139A42C7
:10B1C00008BF88422BD1D5E90632134329D109F1B2
:10B1D000010908F12808CDE797F82330CBB13946AB
:10B1E0003046FFF732FE282205460021684602F06D
:10B1F00061FB0123EC4603932B4608AD624603CA6C
:10B20000AA4218605960944603F10803F6D1106809
:10B21000186008F101082837B0E70625B4E70525CE
:10B22000B2E70325B0E72DE9F04780460F464FF01F
:10B23000000AD1F8109001F11806D14503D101257B
:10B240002846BDE8F08731464046FFF7FEFD96F8F8
:10B2500023500446C5F10203DBB288B190F82220E6
:10B260009A420DD139462030FFF7B3FD40B14DB1C0
:10B27000D4E90402D6E906139A4208BF88420CD0EA
:10B280000025DDE7D4E9060150EA0103D8D0D6E96C
:10B290000623994208BF9042D2D10AF1010A28360A
:10B2A000CBE72DE9F74F8B780546012B0C4640D1B3
:10B2B0000846FFF738FF00283DD0D4E90202D5F850
:10B2C0008017D5F884379A4208BF884235D1214685
:10B2D0002846FFF7A8FF80B34FF0000B4FF0020A9B
:10B2E0004FF000084FF0000904F1180623699B4550
:10B2F00005D302230020A37003B0BDE8F08F96F8B9
:10B300002330314628460193FFF79FFD019B0746F6
:10B310002BB9C0E906890BF1010B2836E6E780F866
:10B3200022A02846FFF77CFDC7E90401C6E9060113
:10B33000F1E70620E0E70220DEE70520DCE72DE963
:10B34000F04F8B780746012B0D468BB05ED1084637
:10B35000FFF7E9FE00285BD0D5E90202D7F8801795
:10B36000D7F884379A4208BF884253D129463846D5
:10B37000FFF759FF00284DD04FF0000A4FF00008AA
:10B380004FF0000905F118062B69534505D8032332
:10B390000020AB700BB0BDE8F08F31463846FFF7A8
:10B3A00054FD96F823B00446BBF1000F05D1C0E967
:10B3B00006890AF1010A2836E6E796F82210A1B9B3
:10B3C0002822684602F076FA01236A4603930DF1BB
:10B3D000200C134603CB6345206061601A4604F1DC
:10B3E0000804F6D118682060E3E7338C038496F8EC
:10B3F000223080F82230D6E9040150EA010302D15C
:10B400003846FFF70DFDC4E90401D2E70620C1E785
:10B410000220BFE70520BDE708B5FFF790FF08BD94
:10B4200000F002B800F018B838B500F06AFD4FF42B
:10B430007A74A0FB040547F61222002304FB015195
:10B44000D5F7D4F838BD08B5F0F732FD18B1BDE82E
:10B450000840F0F751BD08BD2DE9F041044618B988
:10B46000BDE8F041FFF7EFBFF0F722FDC0B300F0F9
:10B4700048FD4FF47A76A0FB060547F6122206FB3C
:10B4800001510023D5F7B2F8B046051941F1000784
:10B4900000F037FDA0FB0804002306FB014147F63E
:10B4A0001222D5F7A3F82C1A67EB0101012C71F1D8
:10B4B000000315DBB4F1004F71F10001A8BF6FF07C
:10B4C000004447F6122C40F2E73000214FF47A7224
:10B4D0000023E4FB0C01D5F789F800F022FCD7E744
:10B4E000BDE8F08183689B6A03B118477047D0E8D4
:10B4F000AF0F7047EFF736BF30B503690833D3E8B5
:10B50000EF4FC3E8E52F002DF9D103690433D3E8E9
:10B51000EF2FC3E8E01F0028F9D130BD2DE9FF412E
:10B5200004460D4600293DD00869FFF7E0FF0028DA
:10B5300038D0A3685B6C8BBB6F46A3685B6B13B1A1
:10B540002046984770B310220021384602F0B2F925
:10B55000A3689B6933B31022394620469847061EDC
:10B5600020DD4FF0000868680022002307EB080187
:10B5700000F0EFF868B12B690C33D3E8EF1F01310D
:10B58000C3E8E21F002AF8D1002206212846FFF76F
:10B59000B3FF08F10108B045E5D1CEE72046984752
:10B5A0000028C9D104B0BDE8F0810120EFF792BABC
:10B5B0000020EFF78FBA40F21342EFF7DFBA08B17D
:10B5C000E4F70ABE704710B5436904463BB9002052
:10B5D000E2684042537843F00103537010BD98472E
:10B5E0000028F4D00028B8BF4042FF28A8BFFF20A1
:10B5F000E3681870ECE740B1C368587810F00100B8
:10B600001EBF1878B0FA80F040097047EFF311833D
:10B61000402383F31288BFF36F8FFEE708B5FFF76F
:10B62000F5FF10B400F10C04C0E9034400240475D4
:10B6300010BCF8F72FBC38B50446EFF31185402352
:10B6400083F31288BFF36F8FF8F79EFB04F10C00B1
:10B6500000F058FB30B1294604F11400BDE8384031
:10B6600000F036BB85F31188BFF36F8F38BD10B57E
:10B6700082696AB1C36842EA0301890708D1416956
:10B68000A2FB011424B95B182CBF0121002102D3B5
:10B690006FF0150005E001619B1A42698A4201D8EA
:10B6A000002010BD026901311A60826903619B1A92
:10B6B000F3E72DE9F04105460F46EFF311884023EB
:10B6C00083F31288BFF36F8F0669FEB90468A04246
:10B6D0001CD0DCB1D4E9003213605A60237CC4E989
:10B6E000006623F002032374A66004F1180000F042
:10B6F000CFFB2046C4F88060676100F0B6FA41468F
:10B7000005F10800BDE8F04100F0E2BA3E60EB69E7
:10B710002F61013BEB6188F31188BFF36F8FBDE8A8
:10B72000F081402408B5EFF3118384F31288BFF34E
:10B730006F8FF9F7E6FFF6E7D0E9003213605A6041
:10B740000023027CC0E9003322F00202027483600D
:10B75000704713B501240094EFF7C8FC02B010BD88
:10B76000034610B50846EFF31184402282F3128895
:10B77000BFF36F8F5A6A4AB1DA68D96902F08DF85F
:10B78000002084F31188BFF36F8F10BD6FF022008B
:10B79000F7E7F8B50546EFF31186402383F31288E7
:10B7A000BFF36F8F0468A0421AD0CCB12046FFF7D8
:10B7B000C3FF04F1180000F06BFB6FF02207204676
:10B7C000C4F8807000F051FA2C68A54215D0A4B1DD
:10B7D0002046FFF7B1FF04F1180000F059FBEEE737
:10B7E000002300226A622A6AEA6143B1314605F108
:10B7F0000800BDE8F84000F06BBA0123F1E786F3DA
:10B800001188BFF36F8FF8BD90F90E308B4201D0D5
:10B81000F0F788BA0020704703460020C3E90033E0
:10B82000C3E902007047D0E9003213605A60002378
:10B83000027CC0E9003322F0020202748360704788
:10B840002DE9F041904604460D469DF81820EFF38F
:10B850001187402181F31288BFF36F8F02B14568D1
:10B86000224652F80C6F964217D0B6B100253046EA
:10B87000FFF7D9FF06F1180000F00AFB3046C6F8C2
:10B880008050C6F8148000F0F0F904F10800394641
:10B8900000F01EFA2846BDE8F081A3B10820F0F7B9
:10B8A00033FE002832D00122C0F804800260016813
:10B8B00001F003015DB922680A43026062682060FA
:10B8C0006AB960600BE04046C8F80030EFE72A68CC
:10B8D000032A10D80160616839B9C4E9000000206A
:10B8E00087F31188BFF36F8FD5E70A6802F0030270
:10B8F00002430A60E5E722F003020A4302602A6875
:10B9000002F0030240EA02032B60E8E76FF00B004D
:10B91000E6E710B5044630B10268930703D04468E7
:10B9200009B100F04EFB204610BD0023C0E90033F2
:10B93000037200F10C03C0E903337047012307B51C
:10B94000009300230A461946FFF77AFF03B05DF81B
:10B9500004FB002307B50A4600931946FFF770FF62
:10B9600003B05DF804FB00210068FFF7D2BF3AB1D5
:10B970008A4205D3C0E90212C0E9000000207047E6
:10B980006FF015007047012302688B4022EA030321
:10B99000036022FA01F000F001007047704710B513
:10B9A000032104460C30FFF7EEFF30B104F1100024
:10B9B00000F06EFAB0FA80F0400910BD20B100220C
:10B9C0009430114600F0F6B9704770B5C36804466C
:10B9D000C3F340069B0716D4856802210C30FFF79D
:10B9E000D2FF80B1D5F88C206AB194421DD1226873
:10B9F0009EB9D5F89030C5F88C209C4201D1C5F88D
:10BA0000902000232360E36813F01F001EBF43F063
:10BA10000203E36040F0020070BD3260D5F8902070
:10BA2000944208BFC5F89060EBE716461268DBE762
:10BA300073B50446EFF31185402383F31288BFF3F7
:10BA40006F8F00230193D0E90423B3F1004F08BFA7
:10BA5000012A05D085F31188BFF36F8F02B070BD46
:10BA6000A0F1100603210438FFF78DFF0028F1D064
:10BA7000A369304601A90193EFF76CFEEAE738B5F8
:10BA800004460D461022002101F014FF656038BD08
:10BA9000EFF31183402282F31288BFF36F8FC068E7
:10BAA00000F01F0083F31188BFF36F8F704713B549
:10BAB00001900846EFF31184402383F31288BFF30B
:10BAC0006F8F01A9EFF746FE84F31188BFF36F8FE4
:10BAD00002B010BD10B5FFF7EAFF041E08DDEFF35A
:10BAE0001180402383F31288BFF36F8FF0F786F93C
:10BAF000204610BD70B50D46EFF31186402383F349
:10BB00001288BFF36F8FEFF777FE044686F3118834
:10BB1000BFF36F8F38B14FF0FF324FF0FF3305F1B5
:10BB20001000EFF7D5FC204670BD08B5A822002113
:10BB300001F0C0FE08BD38B530220D460021044694
:10BB400001F0B8FE4FF480736560E36038BDFFF725
:10BB50009FBF38B50446EFF31185402383F3128865
:10BB6000BFF36F8FFFF71BFF2046FFF72EFF85F314
:10BB70001188BFF36F8F38BDF8B504460D46EFF35B
:10BB80001187402383F31288BFF36F8FC36803F0DC
:10BB90001F03002B14BF0126002609D0FFF7FFFE6C
:10BBA0002046FFF712FF29462046EFF7B5FD034672
:10BBB00087F31188BFF36F8F3BB14FF0FF324FF027
:10BBC000FF3305F10800EFF783FC3046F8BDD0E9FC
:10BBD000003213605A600023027CC0E9003322F077
:10BBE0000202027483607047EFF30580003818BFCB
:10BBF000012070476FF057007047D0E900321360A2
:10BC00005A600023C0E90033704708B5FFF7F5FF1D
:10BC1000037C23F0020303740023836008BD38B55E
:10BC200004460D46EFF7DAFF237C43F0020323744A
:10BC3000D5B1A5602B689D4209D16B68C4E900535A
:10BC40001C606C6010E06A689A42F6D01B68002B9A
:10BC5000F3D093F90E1094F90E209142F3DD5A6857
:10BC6000C4E9003214605C6038BD10B5EFF3118494
:10BC7000402383F31288BFF36F8FEFF76FFF84F3D6
:10BC80001188BFF36F8F10BD08B5037C014613F018
:10BC9000280F0CD183680BB1FFF7B7FF0B7C084668
:10BCA00023F004030B74BDE80840EFF757BF08BD4D
:10BCB00010B5EFF31184402383F31288BFF36F8F25
:10BCC0001838FFF7E1FF84F31188BFF36F8F10BDC1
:10BCD0000846EFF7BBBF38B5054604680020AC4204
:10BCE00000D138BD002CFCD02046FFF78EFF04F1B8
:10BCF000180000F0CDF82046EFF730FF2C68012047
:10BD0000A542EDE710B5EFF31184402383F31288C9
:10BD1000BFF36F8FFFF7DFFF84F31188BFF36F8FDF
:10BD200010BD70B506460D46F0F728F9B5F1FF3F96
:10BD300008BFB6F1FF3F04460CD047F611200021A2
:10BD40004FF47A7547F612220023E4FB0501D4F77D
:10BD50004DFC70BD4FF0FF30FBE708B5C3171F3037
:10BD600043F10003400940EAC360C117F0F706F948
:10BD7000400108BD38B50446EFF31185402383F335
:10BD80001288BFF36F8F037C5B070ED5183000F06D
:10BD90007FF8237C204623F004032374EFF7DEFEB4
:10BDA0002846BDE83840EFF751BF85F31188BFF34F
:10BDB0006F8F38BD38B5EFF31185402383F31288B8
:10BDC000BFF36F8F0468A04213D0A4B1C4F88010F1
:10BDD00062612046FFF719FF04F1180000F058F8DF
:10BDE0002046EFF7BBFE012085F31188BFF36F8F6C
:10BDF00038BD0020F8E72046F6E72DE9F047064673
:10BE00000F4691469A46EFF31188402383F3128838
:10BE1000BFF36F8F0068864206D028B173689842DE
:10BE20000CBF0025056868B90024B9F1000F02D0E5
:10BE300051462046C84788F31188BFF36F8F2046CC
:10BE4000BDE8F0875146B84704460028EDD135B12A
:10BE50007368AB4200D02C6828462546E3E72C46A1
:10BE6000FAE708B50246F0F7FBF970B1D0E9043102
:10BE70009B1A61EBE272B3F1004F72F1000104DA38
:10BE8000002AACBF1846002008BD6FF00040FBE759
:10BE9000024638B5EFF31185402383F31288BFF3D0
:10BEA0006F8F0368D3B1F0F7DBF904461046F0F763
:10BEB000E9F900224FF000438442C0E9042305D091
:10BEC000002085F31188BFF36F8F38BDF0F7D0F9EC
:10BED000FFF7C7FF0021EDF7DDF8F1E7D0E9041324
:10BEE000B3F1004F08BF012904D100204FF00041F9
:10BEF000C2E904016FF01500E3E708B5F0F7CAFAEC
:10BF000008BDF0F7C7BAB3F1FF3F08BFB2F1FF3F7A
:10BF100070B506461D46144614D01A4316D0002BA1
:10BF200008DBF0F7B7FA041941EB0501C6E9004157
:10BF3000304670BD6FF001031C1B4FF0FF3363EB05
:10BF40000501F3E74FF0FF342146EFE70024FBE75C
:10BF5000B3F1FF3F08BFB2F1FF3FF8B50746164601
:10BF60001C4610D054EA020311D0F0F793FAB04205
:10BF70000A46A14103460AD2F31A64EB0204C7E958
:10BF800000343846F8BD4FF0FF331C46F7E7002376
:10BF9000FBE7043270B504460ED2EFF3118540265C
:10BFA00086F31288BFF36F8F41F00401984785F341
:10BFB0001188BFF36F8F08B9002070BD40F8044BA3
:10BFC000FBE720B1011F50F8040CFFF734BB7047AA
:10BFD0007047FFF721BC4FF0FF324FF0FF33EFF710
:10BFE0004FB9EFF7BFB900207047704710B504464E
:10BFF00008B1F0F733FC2046BDE81040F0F71EBC56
:10C000000346C068F8B15888E8B11B8803F44F4272
:10C01000B2F5824F02D0B2F5884F09D1DBB2272B9F
:10C020002AD008D8172B0FD0222B34D0122B16D0A1
:10C030006FF085007047302B2FD0413B012BF7D894
:10C04000FF2839D100207047C028FBD0E128F9D063
:10C05000B0F5807F14BF6FF086000020704720F09D
:10C060002003C02BEED020F08003B3F5807FE9D011
:10C0700040F209239842EDE7E928E3D0EF28E1D028
:10C0800040F21B139842DDD040F299139842D9D068
:10C0900040F23B23EEE7E928F1E720F02003C02B34
:10C0A000D0D020F04003B3F5807FCBD0B0F5C07F77
:10C0B000C8D0B0F5007FCDE7B0F5E07FCAE73AB170
:10C0C000002918BF00232121D21A184401F0F2BB25
:10C0D00070472DE9F04F9B46002389B08DF81B3047
:10C0E000159B9146DDE912A7002B0D460B460CBFB0
:10C0F0004FF400624FF4806207A9DDF85080F0F73A
:10C100004FFD0446D0B9079E284631880DF11B0229
:10C11000F0F7C2FD044688B99DF81B30BB421FD81A
:10C12000CDE90338CDE901BACDF800902B46D6E928
:10C1300009123046F1F7E2FB044608B1C8F8007076
:10C140003A4621465046D8F80030FFF7B8FF079826
:10C15000F1F7BCFA002C18BF204609B0BDE8F08FFB
:10C160006FF08904EAE741F2062398421AD8B0F545
:10C17000905F09D241F2010398420CD0B0F5885F7C
:10C1800009D06FF0850070476923A0F5905080B208
:10C19000C340DB07F5D511F0070F14BF6FF0860021
:10C1A00000207047B0F5105FEBD121F04003802BE9
:10C1B00006D0B1F5807F14BF6FF086000020704775
:10C1C0000020704770B5446A05460E463CB9012010
:10C1D000F0F72EFB686228B12046AE6270BD6FF0AA
:10C1E0008A00FBE76FF08C00F8E7F8B51E460F46B3
:10C1F00015460388C2B103F4E043B3F5805F02D073
:10C20000B3F5005F10D1089BE90019600088FFF7C3
:10C21000AAFF044630B92A463946304601F03DFBB4
:10C22000079B1D602046F8BD6FF08504FAE710B546
:10C230000446406A10B1A16AFFF7D8FE0020C4E9A5
:10C24000090010BD38B50446FFF7F1FF237F012B2D
:10C250000FD0023B012B0FD8236A012B14BF6FF0C4
:10C26000960500252C220021204601F023FB2846BC
:10C2700038BD236A002BF1E76FF09605F2E738B579
:10C2800014460288049D02F4E040B0F5805F07D0B8
:10C29000B0F5005F04D002F44F42B2F5824F0ED1E8
:10C2A000AC420FD81846224601F0F7FA00212A1BAB
:10C2B000204401F0FFFA0020059B1C6038BD6FF0A0
:10C2C0008500FBE76FF08900F8E7F0B50F461E46E2
:10C2D000154685B0CAB100230122336003A9F0F7E7
:10C2E0005FFC044670B9CDE9005603983B46D0E99F
:10C2F0000912F1F7A1FA04460398F1F7E7F9002CC7
:10C3000008BF0446204605B0F0BD6FF08904F9E788
:10C31000F0B50F461E46154685B0FAB1002303A9B5
:10C320001A463360F0F73CFC044688B9039803884A
:10C330005B0410D5CDE900563B46D0E90912F1F770
:10C340008FFA04460398F1F7C1F9002C08BF0446A0
:10C35000204605B0F0BD6FF08604F3E76FF0890466
:10C36000F6E710B50368044643B100F031F9002345
:10C370002360A3886FF30803A38010BD1846FCE771
:10C380002DE9FF41984600230C46016805461646F4
:10C390000393002939D14FF4C272083001F08AFAB0
:10C3A000B8F1000F204633460CBF4FF400624FF443
:10C3B000806203A9F0F7F4FB0446B8B9039F304646
:10C3C00039882A1DF0F768FC044678B96B7939463C
:10C3D00068F300036B71D7E9092328460096B8F18A
:10C3E000000F0FD0F1F7B4FA044610B12846FFF75A
:10C3F000B8FF0398F1F76AF9002C18BF204604B083
:10C40000BDE8F081F1F7C8FAEEE76FF08804EDE7D8
:10C410000123FFF7B5BF38B50368054614464BB195
:10C4200032B100F0C0F8044610B12846FFF799FF7A
:10C43000204638BD6FF08804FAE72DE9F041164632
:10C44000026805460F469846F2B14279D2071BD5DD
:10C450000279CAB1B2421AD800F0AEF8044618B157
:10C460000023C8F800602B7137B1324621463846A8
:10C47000D8F80030FFF723FE2846FFF772FF002CA4
:10C4800018BF2046BDE8F0816FF08804E8E76FF040
:10C490008904E5E71FB501240394089C0294079CD6
:10C4A0000194069C0094FFF714FE04B010BD2DE922
:10C4B000F04705469A46002388B0079325F00043CD
:10C4C00023F47F03B3F1106F0846DDE91096174699
:10C4D000DDF8488023D12B464FF4804207A9F0F7BE
:10C4E0005FFB044660B9CDE90368CDE901A907986F
:10C4F00000972B46D0E90912F1F772FA044628B1E9
:10C5000031464846F0F794FDC8F800600798F1F707
:10C51000DDF8002C18BF204608B0BDE8F0876FF0AA
:10C520008604EDE703461B88084603F4E043B3F5B1
:10C53000805F114602D0B3F5005F01D1F0F778BDFE
:10C540006FF0850070471C22002101F0B3B9037F12
:10C55000022B06D1036A5A1C03D001330362002068
:10C5600070476FF096007047034668B1017F8A1EDE
:10C57000012A0BD80329026A03D1012A01D1FFF74E
:10C5800061BE1AB1013A1A62002070476FF096003E
:10C590007047C0B2FF280CBF6FF0860000207047C4
:10C5A000F1F7A0BA70470368052B02D10830F1F704
:10C5B00079BD6FF08600704710B40468052C03D174
:10C5C00010BC0830F1F786BD6FF0860010BC7047D4
:10C5D0000368052B02D1083000F0D7B8002070475F
:10C5E0000020F1F747BC0020F1F77EBC002000F0EE
:10C5F000C6B8DAF745BC0A2842DCC31C1FDA10F1C2
:10C60000400F45D010F13F0F2BDA10F1410F42D00F
:10C6100010F1550F42D010F1490F14BF6FF0860092
:10C620006FF08400704709282DD8DFE800F0052C52
:10C630002C2F172C372C2C3A6FF0980070470330B2
:10C640000D2820D8DFE800F00A331F221F1F1F1F0C
:10C650001F1F071F1F076FF0940070476FF08500C2
:10C66000704710F1210F1FD00DDB10F1200F1ED0ED
:10C6700010F1100F14BF6FF086006FF09400704738
:10C6800064380928CFD96FF08600704700207047C2
:10C690006FF0840070476FF0890070476FF093006F
:10C6A00070476FF08C0070476FF0880070476FF034
:10C6B0009200704710B501380A44914200D110BD74
:10C6C00010F8013F11F8014B63400370F5E7014496
:10C6D000814200D1704711F8013D1A440A70120AD4
:10C6E000F6E730B5002503F58073013A002A0ADA2F
:10C6F000D8B2284303D0FF2B94BF00200120FF2B8A
:10C7000098BF013830BD845C1C448B5C013AE41A4C
:10C71000230AE4B2FF332543E8E707B501A9F1F79F
:10C72000F7FA003818BF012003B05DF804FBF7B535
:10C7300006460D46202D2F46A8BF2027002168461B
:10C74000F2F7CCFA044670B93A4631466846F2F739
:10C7500017FB10F1520F044608D0431CF4D0684672
:10C7600000F036FC34B1204603B0F0BD684600F05E
:10C770002FFCE3E7EC1B3E44F5D02546DAE700202A
:10C780007047F1F751BCF1F74FBC08B54FF4C271D7
:10C7900001F003F8002008BDF0B504461F460D4621
:10C7A0001646E5B04FF4C272002103A801F082F8EA
:10C7B000214633462A46009703A8F1F735FC044684
:10C7C00070B9DDE96A1203A8F1F76CFC044638B9C8
:10C7D000DDE96D236C9903A8F1F77CFC044610B1E8
:10C7E00003A8FFF7D2FF204665B0F0BD90F84C30AB
:10C7F00013B1503000F024BBD0F8543113B1D0F84D
:10C800005C011847184670472DE9F04704468068D8
:10C8100089469042174609D3201A1C3001F03DF892
:10C82000A368DB1BA3600020BDE8F08704F1640A65
:10C8300001215046F2F71EFB064618B1BDE8F0474D
:10C84000FFF7D9BE2046FFF7D1FF054600284BD1A0
:10C85000A26832F0100309D0A01A49461C3001F03A
:10C860001CF82A46A368A5609944FF1A07F1FF380F
:10C8700028F00F08A7EB080662B9102204F10C019A
:10C8800004F1500000F04CFA80BB1023A360012398
:10C8900084F84C30B8F1000F1CD04246494604F1F0
:10C8A000500000F03DFA0546C0B9012384F84C3031
:10C8B00004F15007384600F021FB054670B93846B0
:10C8C00000F079FB054648B9402104F10C0000F066
:10C8D00064FF03E094F84C30002BE9D15046F2F7A6
:10C8E000B7FA2DB12846A9E7B046F7E70546F5E7C0
:10C8F000002E98D0324609EB080104F10C0000F03C
:10C90000CCFFA3689B1B8DE7F8B543680546102B49
:10C910002FD800F1640601213046F2F7ABFA18B1C6
:10C92000BDE8F840FFF767BE2846FFF75FFF044603
:10C93000D0B9AA6805F15007102A05F10C050AD1F3
:10C940002946384600F01DFA044668B9384600F01A
:10C9500032FB044608E029463846C2F1100200F0D6
:10C96000DFF904460028EBD03046F2F771FA204692
:10C97000D6E76FF08600F8BD2DE9F0414FF00008D2
:10C98000DDE906CE04880D4616461F46CEF8008027
:10C99000BCF1000F15D024F0FF04B4F5E24F03D131
:10C9A000BDE8F041F2F718BDB4F5824F0DD13A461B
:10C9B00031462846CDF818E06346BDE8F04100F066
:10C9C00041BC6FF08600BDE8F0816FF08500FAE7AA
:10C9D0002DE9F04107463C88184604F44F43B3F56F
:10C9E000824F0D469046079E02D0B3F5884F0FD177
:10C9F000E4B2A4F14103012B01D9122C0BD1424620
:10CA0000294600F04AFF0020C6F80080BDE8F0810A
:10CA1000B4F5885FF2E77B88069A0733B2EBD30F51
:10CA20004FEAD30408D3014622462846F1F7D4FB47
:10CA30000028EBD13460E9E76FF08900E6E7F1F711
:10CA4000FDBCC0F30253013B10B5052B21D8DFE834
:10CA500003F01B0B0B0B0313032300F03000202803
:10CA6000136013D0002010BD0B8844F212118B42CA
:10CA70000CBF04230223F0E70B8844F212118B420F
:10CA80000CBF06230323E8E70123E6E70233136024
:10CA9000E8E76FF09800E6E713B50C46F1F738F9D0
:10CAA000C31C0FD0013009D004224FF0FF332146C0
:10CAB0000DEB0200019300F00CFF30B96FF08B001A
:10CAC00002B010BD6FF08400FAE70020F8E730B53F
:10CAD00089B0054618220C4601A8002100F0EAFEA4
:10CAE000012344EA052401A9BA2007940593F1F72C
:10CAF000C9F8002818BF6FF0920009B030BDF7B533
:10CB0000BA2001A9F1F704F9044610B1002003B0DE
:10CB1000F0BD019D2F0AEDB2AC4205D1BA20F1F76C
:10CB2000DDF80028F2D008E0E6193046F1F7D6F833
:10CB300030B13046FFF7F1FD10B96FF09200E6E733
:10CB40000134E9E738B503780446033303F00303FF
:10CB5000012B0FD86FF0210038BD60782844F1F721
:10CB6000AFF848B901352378C3F382039D42F4D36B
:10CB70000020F1E70025F6E70220EDE708B5F820F0
:10CB8000FFF7CBFD18B9F920FFF7C7FD10B16FF023
:10CB9000920008BDF820F1F793F80028F7D1F920AA
:10CBA000F1F78EF80028F4D0F1E74368A3F1100103
:10CBB000914241D8012243F80C2C53F8042C42F046
:10CBC000200243F8042C53F8082C42F0005243F89A
:10CBD000082C836800F11402A3F1100191422FD8B0
:10CBE000012243F80C2C53F8042C42F0200243F8A5
:10CBF000042C53F8082C42F0005243F8082CC36868
:10CC000003F15402BFF35F8F4FF0A3431A60BFF3E9
:10CC10005F8FC2680432BFF35F8F1A61BFF35F8F0B
:10CC2000BFF35F8F03225A63BFF35F8FBFF35F8F42
:10CC30009A63BFF35F8F7047103242F80C2CB7E74E
:10CC4000103242F80C2CC9E738B5BFF35F8F4FF0B4
:10CC5000A344E569BFF35F8FBFF35F8F1023636366
:10CC6000BFF35F8F012000F064FDBFF35F8F0023EF
:10CC70006363BFF35F8FBFF35F8FE36BBFF35F8FC0
:10CC80005B06F8D425B1BFF35F8FE561BFF35F8F1B
:10CC900038BD08B5F2F77EF930B9BFF35F8F4FF0BA
:10CCA000A343986ABFF35F8FBFF35F8F4FF0A34238
:10CCB000D36BBFF35F8F10F0240F03F0230304D076
:10CCC000FFF7C2FF6FF01F0008BD4FF0FF30002BD1
:10CCD000FAD1BFF35F8F1063BFF35F8F1846F3E79E
:10CCE000026913690BB1506918471846704708B5B7
:10CCF000826803465AB902681169426A114206D035
:10CD0000FFF7EEFF002808BF6FF0530008BD03F1E6
:10CD10001400702103F17802FFF747FF0020F5E7C8
:10CD200010B5047D03464CB3B2F1807F06D3FFF704
:10CD3000D7FF002808BF6FF03F0010BD4468062CE5
:10CD400006D9FFF7CDFF002808BF6FF04400F4E7D5
:10CD50000AB90020F1E78069016099698A60186862
:10CD600099698069C068C86099691031996159688A
:10CD700001315960996811449960EAE76FF0200029
:10CD8000DBE710B4037D002B56D08368C3B98369F9
:10CD900000F124021A60036882691B68013343F0C2
:10CDA00000539360046882692368A4690133E468CE
:10CDB0001B0203F4F8532343D36083691033836168
:10CDC000036882681C68131923EA040384699B1AA8
:10CDD00054F8042C42EA032244F8042C826952F8E5
:10CDE000084C234443F0005342F8083C03681A6897
:10CDF000C368134423EA0203C2691160C269C168AF
:10CE00009160C26902F11001C161C1688B420AD010
:10CE100000211161C168C2695B1A43F080439360CD
:10CE2000C3691033C3610368DA68436A23EA020303
:10CE3000436210BCFFF75BBF6FF0200010BC70476F
:10CE400038B5037D0446002B52D003685B69002B84
:10CE500051D00269D3685BB150699847054638B133
:10CE60002046FFF73DFF002818BF0546284638BD7D
:10CE7000214651F8783B626A9B6904F114001B68F3
:10CE8000F1F7ECFE0123636023699A689AB9A269FD
:10CE90001B6813602369A2695B6843F000539360C9
:10CEA0002268A36992699268DA60A3691033A3616A
:10CEB0006368013363600025236AA269C433136089
:10CEC0002368A2695B6943F0005393602268A369F9
:10CED00092695268DA60A36922681033A3616368BB
:10CEE000013363601269636AA56013436362BDE73F
:10CEF0006FF02005BAE76FF04705B7E738B5027D58
:10CF00000346002A40D00268816894688C4206D9A2
:10CF1000FFF7E6FE002808BF6FF0530038BD5468E5
:10CF2000B1FBF4F504FB151434B1FFF7D9FE00286A
:10CF300008BF6FF04500F1E7416AD06801435962CC
:10CF4000D3E90701C431526901601868D9694069A1
:10CF50000F328860D96922F00F0201F11000D86108
:10CF60001868406990420AD00C611868D969406914
:10CF7000121A42F080428A60DA691032DA61184689
:10CF8000BDE83840FFF7B3BE6FF02000C6E738B504
:10CF9000037D054663B1FFF77CFE431C044605D0C4
:10CFA0002846FFF79DFE002818BF0446204638BDDE
:10CFB0006FF02004FAE710B5037D04462BB120463C
:10CFC000FFF7E5FF431CFAD010BD6FF02000FBE730
:10CFD00010B5037804461BB1F0F74EFD0023237013
:10CFE000002010BD0368D868C0F300407047036894
:10CFF00003F58053586A00F4A020003818BF0120C0
:10D000007047022203689A6070470368D868F2F795
:10D0100063B8024608B51046FFF7E4FF0028FAD1CE
:10D02000BDE808401046FFF7F0BF03685A5070474C
:10D030000369996670470369986E7047C0F30B03E4
:10D04000482B4B6028BF482310F4003F8B6008BF7B
:10D050000023CB6010F4803308BFC1E9013300F432
:10D060007003B3F5700F14BF00238B6800284FF0D6
:10D07000010C4FF008028B60B8BF0023C1E905C264
:10D08000B8BFC1E9053370472DE9F04799460588D7
:10D0900043888AB003F10708009305F44F43B3F5C2
:10D0A000824F04468A4617464FEAD80602D0B3F5A7
:10D0B000884F3FD1EDB22022002102A800F0FAFBF8
:10D0C0000023BE42C9F8003041D8B8F5847F41D270
:10D0D00020466A463946F2F72DF9044630BB284609
:10D0E000009901AAF2F768F80446F8B9A5F14103DE
:10D0F000012B21D8324602A9F0F7F6FE28BB3146B3
:10D1000002A800F018FB40BB412D04D1202E02D113
:10D1100002A800F076FA3246504602A900F0BDFBA4
:10D12000202102A800F039FBC9F8006020460AB0AF
:10D13000BDE8F0870025BEE73A465146019800F069
:10D140006BFA0028ECD0FFF756FA0446EEE76FF0D2
:10D150008904EBE76FF08504E8E76FF09304E5E7F7
:10D160002DE9F341DDF820801E46438842450F46F5
:10D170001546019315D8294601AAF2F7DBF80446B3
:10D1800058B92B463A464146304600F0E9FA58B1C4
:10D190000A9B019A1A60099B1D60204602B0BDE8F7
:10D1A000F0816FF08904F8E76FF08604F5E72DE968
:10D1B000F0431F460688438895B0029306F44F4318
:10D1C000B3F5824F0546144602D0B3F5884F2FD1F0
:10D1D000F6B20A462346412103A8D5F80C9000F088
:10D1E000BFFA38B31C9B9C4227D82846214602AA86
:10D1F000F2F7A0F80546B8B9122EDDF8088001D084
:10D20000302E07D1424631464846009403ABF2F730
:10D210005BF8A8B92246384603A900F03EFB1E9BE6
:10D22000C3F800801D9B1C60284615B0BDE8F08344
:10D230000026CEE76FF08605F6E76FF08905F3E785
:10D240000546F1E78B4238B505460C46104607D334
:10D250000A46294600F021FB0020049B1C6038BDD3
:10D260006FF08900FBE710B59EB0024646F6110349
:10D270001AA901A8F1F7F2FC0023039A1021136008
:10D28000039A01A89360039B1AAA10330393FFF734
:10D290008CFCFFF7FEFC431C0446FAD001A8742165
:10D2A00000F07BFA20461EB010BDF8B506680546B2
:10D2B00096420C46A2EB060701DDF8F760FA394604
:10D2C000204600F03FF832466968E019BDE8F840B2
:10D2D00000F054B8FFF7E9BFF8B507461646D2E9A3
:10D2E00000208A420C460BDB551A294600F02AF82A
:10D2F0002246394670682844BDE8F84000F0CDBAAF
:10D30000891A3944F8E770B514460E461D46214681
:10D310001A46FFF7E1FF2146304605F10802BDE855
:10D320007040FFF7D9BF70B5054616461C461A4631
:10D33000FFF7BBFF2246314605F10800BDE870400B
:10D34000FFF7B3BF38B503460C4699B10022590721
:10D3500003D0013C03F8012BF9D124F00F052A4634
:10D360000021184600F0A6FA034600214219234482
:10D370009A4200D138BD02F8011BF9E78B18991ABF
:10D3800012B110F00F0F01D100F087BA0978013AFD
:10D39000C9B200F8011BF2E770B506460D46144607
:10D3A000FFF749FE013D026844EA05243046224366
:10D3B0000421BDE87040FFF738BE73B50546D0E9DB
:10D3C0000146CDE90023FFF736FE0068ED68C00096
:10D3D0009DF800209DF8073004EB0614A5F1080124
:10D3E00014D502F03F0242F0200243F00103601B1B
:10D3F0008DF800208DF80730FFF7A4FF083C0822C5
:10D4000069462046FFF7BAFF02B070BDA41B03F0C7
:10D410003F0342F0010243F0200304F108008DF8BD
:10D4200000208DF80730FFF78DFFE8E710B50446C0
:10D43000FFF701FEC2684AB142F420222046BDE84F
:10D440001040002142F40062FFF7EFBD10BDC0683C
:10D4500070472DE9F8430A680C4612F4700F15D195
:10D46000D0E90159D1F80880FFF7E5FD03682046AF
:10D47000DB0048BF63684FF0000744BFA9EB03031C
:10D48000ED1800F0B0F80646B74201DBBDE8F883BE
:10D49000414628466268FFF771FF63684D4498442F
:10D4A0000137F1E770B50C461E461046D1E901255B
:10D4B00005EB42052946FFF761FF62683046A9186F
:10D4C000BDE87040FFF75ABF38B50446FFF7B3FD1B
:10D4D000D4E9013501684268C90042BFE168691AB0
:10D4E0005B18002112B904F1140038BDD00707D52C
:10D4F0000B2901D9F8F743F904EB810043610131AD
:10D500002B445210EEE72DE9F04F044685B00E464D
:10D5100091460193FFF78FFDD4F848A00546BAF174
:10D52000000F07D02046F1F7BDFD1025284605B0B5
:10D53000BDE8F08F8768D4E9018BF1F755FD3268BB
:10D5400011064CBFC26842687168914204DD2046F2
:10D55000F1F7A8FD0D25E9E7E1603268204649EAC8
:10D5600002092A6949EA0202FFF716FF2A68D20077
:10D5700003D5E268ABEB020290443FB93146204646
:10D58000FFF767FF2B696BB90025CFE7FB0748BFA3
:10D59000019B4FEA670744BF43F82A800AF1010A5A
:10D5A000D844EAE702A800F043F8054618B120463F
:10D5B000F1F778FDBAE72046DDE90223FFF7FDFE2B
:10D5C00008210DEB010000F0E8F8DDE710B5044696
:10D5D000FFF72CFFBFF35F8F03222046BDE810400A
:10D5E0000821FFF722BD0368024613F4700F06D12D
:10D5F000806828B1D368506893FBF0F07047002032
:10D600007047037823F007030370C37F03F07F03A1
:10D6100043F04003C37770470B46D0E901108A42BC
:10D62000084402D31A4600F019B86FF04000704762
:10D6300010B50446F1F7D8FC436963B12046F1F711
:10D6400097FD50B9D4E900321343F7D0201DBDE84F
:10D650001040F1F78DBD6FF0020010BD2DE9F047CD
:10D660000446104639B122460023164612F8015BE3
:10D6700035B98B4202D16FF0530435E00133F4E742
:10D680008B42F8D04A1E9A4201D1022DF3D9A25CF6
:10D69000D2072FD5FF2415EA040228D1E443A1EBD9
:10D6A0000308C71800F06EF8E5B208EB070A424617
:10D6B00039460020F0F718FC0446E8B93B7881466B
:10D6C0002B403B703B4613F8012B9A4549EA02096F
:10D6D000F9D10023424631463846FFF702F8B9F146
:10D6E000000FE4D00028E2DA2046BDE8F0876400AD
:10D6F000E4B2D0E76624F7E70224F5E74FF0FF3203
:10D700004FF0FF33EDF7BCBDEDF72CBE00F0B4B821
:10D7100007B54FF0FF334FF0FF32CDE90023002271
:10D7200000F0B8F803B05DF804FB00F0AFB800F00B
:10D73000A9B8FEF712BB002313B58DF807308B4252
:10D7400006D19DF80700B0FA80F0400902B010BD84
:10D75000C45C9DF80720013322438DF80720EEE7D3
:10D760008B4230B50CD8002421469C4203D1081EC0
:10D7700018BF012030BD155D055529430134F4E77C
:10D780000020F7E710B58B4294BFC4184418A0429C
:10D7900000D110BD00F8012BF9E700231A4682B032
:10D7A00001908B4201D102B070470198C2540133FD
:10D7B000F7E72DE9F3470446DDE90A9815460E46DA
:10D7C00059B302F0010AEEF715FC0746EFF3118199
:10D7D000402383F31288BFF36F8FA80744BF002351
:10D7E000A360A36803EA0600BAF1000F0CD08642DA
:10D7F0000CD16A0744BF8343A36081F31188BFF350
:10D800006F8F02B0BDE8F0870028F2D159EA080313
:10D8100005D181F31188BFF36F8F0020F1E7C7E9CD
:10D8200018652246CDE9009804F10C00EEF758FA8D
:10D830000028F2D1386EE4E710B50B680446D0E951
:10D84000180212F0010F03EA000301D0984211D12F
:10D8500083B12366520748BF4A6804F1180044BFE9
:10D860001A434A60FEF714FB00232046C4F88030B8
:10D87000FEF70AFA002010BD0023C0E90000836013
:10D88000037370474FF0FF32F1F7ECBE0A460021F8
:10D89000F1F7E8BE5200FFF78CBF0A44431E9142E5
:10D8A00000D1704710B511F8014B914203F8014FB8
:10D8B000F9D110BD02440346934200D1704703F8EA
:10D8C000011BF9E7044608B5F3F740F82046E2F7F4
:10D8D000ABFA0139024410B5904201D1002005E0B5
:10D8E000037811F8014FA34201D0181B10BD01307D
:10D8F000F2E710B56AB10139841810F8012B11F85C
:10D90000013F9A4203D1A04201D0002AF5D1D01A9A
:10D9100010BD1046FCE70139034610B532B111F8CD
:10D92000014F013A03F8014B002CF7D11A440021B2
:10D93000934200D110BD03F8011BF9E702460144F0
:10D9400010B58A42134603D01C780132002CF8D15E
:10D95000181A10BD2DE9F843C3F137090746884668
:10D9600003F01F055FFA89F91646384641462A46F4
:10D970000023D2F73BFE4346D4B23A4688460746D8
:10D98000092C84BF4C44E4B2AA424FF0000204F1D7
:10D990003004934106F8014BE7D23046BDE8F883E6
:10D9A0002DE9F04F051889B0904641EB0104029330
:10D9B00004AB284621460093D2E9002300F0A7F8E3
:10D9C00006AB074689462846214600930025D8E93C
:10D9D000022300F09CF8DDE90423841851EB0306D0
:10D9E000069B28BF0125D8E90012ED18079B43F1DB
:10D9F0000003791849EB0202B94272EB0902D8E937
:10DA0000022134BF01200020A21846EB010180183A
:10DA1000029A41F10001A042A2F1410A71EB060213
:10DA2000CDF800A034BF012200225219CDE90653DF
:10DA300043F1000300F082F8129BC3E90001D8E92A
:10DA40000221DDE90653039114990129D8E900E088
:10DA500027D1A21A0399CDF800A066EB0101774502
:10DA600079EB000034BF01200020101A61F10001A1
:10DA7000844276EB010234BF01220022AA1A63F12C
:10DA8000000300F05BF8139BC3E90001DDE9062306
:10DA900020463146CDF800A000F050F809B0BDE8AE
:10DAA000F08F17EB070B49EB090C14EB040846EB5E
:10DAB0000601BB457CEB090934BF0127002718EBA1
:10DAC000070741F10008F3457CEB000C34BF01204F
:10DAD0000020381A68F10001801A039A61EB0201F4
:10DAE0006D195B41A74278EB060234BF0122002288
:10DAF000AD1843F10003874278EB010834BF0122DF
:10DB00000022AA1A029DA5F140050095B7E7F0B5DD
:10DB100000240D4606469446A0FB02012246059FBE
:10DB2000E5FB0C12A446E5FB0324E3FB061C12EB09
:10DB30000C0244F10004C7E90024F0BDF0B5059CD7
:10DB4000C4F14007C4F12006A4F12005E04002FA28
:10DB500006F6BB4022FA05F5BA403343C4F120066D
:10DB60002B4301FA06F6A4F12005304321FA05F50E
:10DB7000E140284319431043F0BD2DE9F04104462C
:10DB8000CE0FC1F30A55C1F3130140F2FF701671B5
:10DB900054EA01076BD1002D71D12C462946002B88
:10DBA000156060DB0C2B60DCC3F10D050120AD00BE
:10DBB00005F1FF3CA5F12107C5F1210600FA07F7A1
:10DBC00020FA06F600FA0CF03743061847EB070870
:10DBD000D6F1000E68EB480C013E48F1FF382640B4
:10DBE00008EA0108B04277EB080810DBC5F120080D
:10DBF000B5F1200624FA05F501FA08F858BF41FAF4
:10DC000006F645EA080558BF3543ED0703D5201849
:10DC1000044641EB070104EA0E0401EA0C019DF8F9
:10DC2000186018460D250532C6F1270604F00F03CB
:10DC3000240944EA0174091163B9A8420DDA013DCF
:10DC4000F4D21AE01DB90125A5F2FF35A7E741F48A
:10DC50008011F9E7092BC8BF9B193033A8425355EF
:10DC6000B8BF2846EBE70023D9E70D23D7E7854265
:10DC7000E8D146F0080600201671BDE8F081854223
:10DC8000E5D146F00406F6E7D1E9043293421EBF1F
:08DC90005A1C0A61187070476C
:08DC9800408AFD7F010000003D
:10DCA0003101020000000000E58F020000000000CA
:10DCB0000000000078DD030045B002000000000015
:10DCC00069B002000000000000000000B0DD0300A9
:10DCD0000000000094DD030000000000CCDD030024
:10DCE000C19B02000000000027A603000000000006
:10DCF00000000000E8DD03000000000004DE030077
:10DD00000000000020DE0300D3A303000000000099
:10DD10007DFE010000000000000000003CDE03006A
:10DD2000C16D0100000000008DB502000000000080
:10DD30000000000058DE030049050200000000005A
:10DD4000A3A5030000000000ADA503000000000033
:10DD5000ED860200000000009107020000000000B4
:10DD6000C5EC010000000000D350030000000000DB
:08DD700071AA0200000000008E
:10DD7800EA2304003CF9030040E70300DC24002008
:10DD8800246D0120558402000000000018240400BE
:10DD980068F903000CE70300E2240020906D0120DD
:10DDA800618A020000000000242404007CF90300BA
:10DDB8000CE70300E42400209C6D0120618A020026
:10DDC800000000002F24040090F903000CE7030072
:10DDD800E6240020A86D0120618A020000000000EE
:10DDE800F723040000000000ECE60300DE24002016
:10DDF800000000003D9F0300000000003A240400DA
:10DE0800B0F903005CE70300E82400204C2100205F
:10DE1800C7A2030000000000452404000000000021
:10DE280030E70300EA24002080210020A5910200A9
:10DE3800000000007B24040000000000F0F903004B
:10DE4800EC240020B86D01202D9302000000000092
:10DE5800FF23040000000000F4E60300E024002093
:0CDE6800000000006587020000000000C0
:10DE740000000000DF56030000000000DF5603002E
:10DE840000000000DF56030000000000DF5603001E
:10DE940000000000DF56030000000000DF5603000E
:10DEA40000000000DF56030000000000DF560300FE
:10DEB40000000000DF56030000000000DF560300EE
:10DEC40000000000DF56030000000000DF560300DE
:10DED40000000000DF56030000000000DF560300CE
:10DEE40000000000DF56030000000000DF560300BE
:10DEF40000000000DF56030000000000DF560300AE
:10DF040000000000DF56030000000000DF5603009D
:10DF140000000000DF56030000000000DF5603008D
:10DF240000000000DF56030000000000DF5603007D
:10DF340000000000DF56030000000000DF5603006D
:10DF440000000000DF56030000000000DF5603005D
:10DF540000000000299C020000000000DF560300BE
:10DF640000000000DF56030000000000DF5603003D
:10DF740000000000DF56030000000000DF5603002D
:10DF840000000000DF56030000000000DF5603001D
:10DF940000000000DF56030000000000DF5603000D
:10DFA40000000000DF56030000000000DF560300FD
:10DFB40000000000DF56030000000000DF560300ED
:10DFC40000000000DF56030000000000DF560300DD
:10DFD40000000000DF56030000000000DF560300CD
:10DFE40000000000DF56030000000000DF560300BD
:10DFF40000000000DF56030000000000DF560300AD
:10E0040000000000DF56030000000000DF5603009C
:10E0140000000000DF56030000000000DF5603008C
:10E0240000000000DF56030000000000DF5603007C
:10E0340000000000DF56030000000000DF5603006C
:10E0440000000000DF56030000000000DF5603005C
:10E0540000000000DF56030000000000DF5603004C
:10E0640000000000DF56030000000000DF5603003C
:10E0740000000000DF56030000000000DF5603002C
:10E0840000000000DF56030000000000DF5603001C
:10E0940000000000DF56030000000000DF5603000C
:10E0A40000000000DF56030000000000DF560300FC
:10E0B4000000000005EF020000000000DF5603002E
:10E0C40000000000DF56030000000000DF560300DC
:10E0D40000000000DF56030000000000DF560300CC
:10E0E40000000000DF56030000000000DF560300BC
:10E0F40000000000DF56030000000000DF560300AC
:10E1040000000000DF56030000000000DF5603009B
:10E1140000000000DF56030000000000DF5603008B
:10E1240000000000DF56030000000000DF5603007B
:10E1340000000000DF56030000000000DF5603006B
:10E1440000000000DF56030000000000DF5603005B
:10E1540000000000DF56030000000000DF5603004B
:10E1640000000000DF56030000000000DF5603003B
:10E1740000000000DF56030000000000DF5603002B
:10E1840000000000DF56030000000000DF5603001B
:10E1940000000000DF56030000000000DF5603000B
:10E1A40000000000DF56030000000000DF560300FB
:10E1B40000000000DF56030000000000DF560300EB
:10E1C40000000000DF56030000000000DF560300DB
:10E1D40000000000DF56030000000000DF560300CB
:10E1E40000000000DF56030000000000DF560300BB
:10E1F40000000000DF56030000000000DF560300AB
:10E2040000000000DF56030000000000DF5603009A
:10E2140000000000DF56030000000000DF5603008A
:10E2240000000000DF56030000000000DF5603007A
:10E2340000000000DF56030000000000DF5603006A
:10E2440000000000DF56030000000000DF5603005A
:10E2540000000000DF56030000000000DF5603004A
:10E2640000000000DF56030000000000DF5603003A
:10E2740000000000DF56030000000000DF5603002A
:10E2840000000000DF56030000000000DF5603001A
:10E2940000000000DF56030000000000DF5603000A
:10E2A40000000000DF56030000000000DF560300FA
:10E2B40000000000DF56030000000000DF560300EA
:10E2C40000000000DF56030000000000DF560300DA
:10E2D40000000000DF56030000000000DF560300CA
:10E2E40000000000DF56030000000000DF560300BA
:10E2F40000000000DF56030000000000DF560300AA
:10E3040000000000DF56030000000000DF56030099
:10E3140000000000DF56030000000000DF56030089
:10E3240000000000DF56030000000000DF56030079
:10E3340000000000DF56030000000000DF56030069
:10E3440000000000DF56030000000000DF56030059
:10E3540000000000DF56030000000000DF56030049
:10E3640000000000DF56030000000000DF56030039
:10E3740000000000DF56030000000000DF56030029
:10E3840000000000DF56030000000000DF56030019
:10E3940000000000DF56030000000000DF56030009
:10E3A40000000000DF56030000000000DF560300F9
:10E3B40000000000DF56030000000000DF560300E9
:10E3C40000000000DF56030000000000DF560300D9
:10E3D40000000000DF56030000000000DF560300C9
:10E3E40000000000DF56030000000000DF560300B9
:10E3F40000000000DF56030000000000DF560300A9
:10E4040000000000DF56030000000000DF56030098
:10E4140000000000DF56030000000000DF56030088
:10E4240000000000DF56030000000000DF56030078
:10E4340000000000DF56030000000000DF56030068
:10E4440000000000DF56030000000000DF56030058
:10E4540000000000DF56030000000000DF56030048
:10E4640000000000DF56030000000000DF56030038
:10E4740000000000DF56030000000000DF56030028
:10E4840000000000DF56030000000000DF56030018
:10E4940000000000DF56030000000000DF56030008
:10E4A40004DE0300EFA0030000000000DF560300B9
:10E4B40000000000DF56030000000000DF560300E8
:10E4C40000000000DF56030000000000DF560300D8
:10E4D40000000000DF56030000000000DF560300C8
:10E4E40000000000DF56030000000000DF560300B8
:10E4F40000000000DF56030000000000DF560300A8
:10E5040000000000DF56030000000000DF56030097
:10E5140000000000DF56030000000000DF56030087
:10E5240000000000DF56030000000000DF56030077
:10E5340000000000DF56030000000000DF56030067
:10E5440000000000DF560300BC1F0020C7A003002A
:10E5540000000000DF56030000000000DF56030047
:10E5640000000000DF56030000000000DF56030037
:10E5740000000000DF56030000000000DF56030027
:10E5840000000000DF56030000000000DF56030017
:10E5940029A7020063A6030000000000DF56030061
:10E5A40000000000DF56030000000000DF560300F7
:10E5B40000000000DF56030000000000DF560300E7
:10E5C40000000000DF56030000000000DF560300D7
:10E5D40000000000DF56030000000000DF560300C7
:10E5E40000000000DF56030000000000DF560300B7
:10E5F40000000000DF56030000000000DF560300A7
:10E6040000000000DF56030000000000DF56030096
:10E6140000000000DF56030000000000DF56030086
:10E6240000000000DF56030000000000DF56030076
:10E6340000000000DF56030000000000DF56030066
:10E6440000000000DF56030000000000DF56030056
:10E6540000000000DF56030000000000DF56030046
:10E6640000000000DF56030000000000DF56030036
:10E6740000000000DF56030000000000DF56030026
:10E6840000000000DF56030000000000DF56030016
:10E6940000000000DF56030041A6030063A6030048
:10E6A40000000000DF56030000000000DF560300F6
:10E6B400802100205DAC030000000000DF56030051
:10E6C40000000000DF56030000000000DF560300D6
:10E6D40000000000DF560300441F0020C7A0030011
:08E6E40000000000DF560300F6
:08E6EC00299F0300000000005B
:10E6F4005D88020013A00300FD9F03004D87020004
:08E704003D8702005587020069
:10E70C008D8802002BA0030037A003004BA0030050
:10E71C0055A003005FA00300A98A020073A00300A8
:04E72C0000000000E9
:10E7300007A4030043A4030035910200DFA30300F4
:10E74000AD840200959E0300FB9E030000000000C4
:0CE75000339E03000000000000000000E9
:10E75C005DA10300E18E02004FA103003D8D02007C
:10E76C003FA1030057A3030083A10300ABA1030047
:10E77C00E1A10300F5A1030023A2030039A20300C9
:10E78C00F5A1030013A203004FA203005BA2030038
:0CE79C0067A2030099A203009DA20300E5
:10E7A800E186010059D7010061A80200B9AD020055
:10E7B800050000000D38020006000000056902008F
:08E7C800040000008944020076
:10E7D0000000000000000000000000000000000039
:10E7E00000000000C557020000000000000000000B
:10E7F000B18F0100798C01002D8C01000000000018
:10E80000158E0100818E0100090D0300000000003B
:10E81000F0F7030008000000B4F303000700000055
:10E82000E0F4030005000000B0F203000D0000005A
:10E8300040F4030008000000E0F1030007000000BE
:10E84000C82204000000000000000000FD010200DA
:10E85000A904020000000000C7230400010000001A
:10E8600000000000D378030000000000000000005A
:10E87000D6230400010000000000000051800300C6
:10E880000000000000000000121E04000000000054
:10E890000000000061EB010000000000000000002B
:10E8A000CE2304000100000000000000F548020033
:10E8B0004155020000000000E223040001000000B6
:10E8C00000000000419C0300D18002000000000015
:10E8D000DC2304000100000000000000754C020071
:08E8E000B54D0200000000002C
:10E8F000020100003075000004000100EA07010178
:10E9000000000000000000002E090000FE000000D2
:10E91000EA07010100000000000200000101000000
:10E9200000000000000000000000000000000000E7
:10E9300022000000000000000000000000000000B5
:10E940000700010000000000010270726F66696C30
:10E95000652D68696C0000000000000000000000E8
:10E960001200000000000000000000000000000095
:10E970000100000000000000000000000000000096
:10E980000000000001000000000000000100000085
:10E99000FF0001000000000000000000FF00000078
:10E9A000000000000100000000000000FFFF000068
:10E9B0000000000000000000600060000000000097
:10E9C000000000002E090000FE000000EA0701011F
:10E9D0000000000000020000010100000000000033
:10E9E0000000000000000000000100000000000026
:10E9F0000000000000000000000000000000000017
:10EA000000A0105000820D500004055002000000CC
:10EA100000000000140000000100000001020825B1
:10EA200026270102030328049042BE11B400500BB4
:10EA3000EE03010204004C01E80B8604010203030B
:10EA400000000028000000200102FFFFFFFFFF037D
:10EA50000F141E28323C50647801020303010100A8
:10EA60000207000102040100010000010100000191
:10EA7000000100000100010000000102080F141E47
:10EA800028323C5064780000020B000001000B00AB
:10EA900002000A00050009000A000800140007002F
:10EAA0001E000600320005004B0004006400030055
:10EAB00096000200FA000100F401000001020303C5
:10EAC00002030001F401FA00960064004B003200DA
:10EAD0001E0014000A000500020001000C080217C5
:10EAE0000D010102090901010602091818030101BB
:10EAF0000909838385030201230202240910040407
:10EB000005050B0B040B2B1B1B159A9A1C021D16DB
:10EB1000130501490D150508061B1B0F0101000017
:10EB2000FEFEFEFEFEFEFEFEFEFEFEFEFEFEFEFE05
:10EB3000FEFEFEFEFE16FEFEFEFEFEFEFEFEFEFEDD
:10EB4000FEFE1F1FFE26FEFEFEFEFE30FEFEFE3215
:10EB5000FEFE32FEFE35FEFE3E3EFEFEFEFE3B3B70
:10EB600060009006BE022C01D012CE05280490420F
:10EB7000BE1164005006AE027205DA4308130001AC
:10EB80000202A201B003BE05EE024806A209C405B6
:10EB9000F40B241226FEFEFEFE2E3630FEFEFE3262
:10EBA000FEFEFEFEFE35FEFEFEFEFEFEFEFEFEFE4E
:10EBB0002E010203030102030301020412FEFEFE02
:10EBC000FEFEFEFEFEFEFE03030303030303030338
:10EBD000030303030303030314FEFE16FEFEFEFEFF
:10EBE000FEFEFEFE23FEFEFEFEFEFEFEFEFEFE2EF0
:10EBF000363039FEFE32FEFEFEFEFE35FEFEFEFE25
:10EC0000FEFEFEFEFEFE2E010203030028049042DB
:10EC1000BE117205DA4308132C00D002CE01044065
:10EC2000100028049042BE112C00D002CE01B40086
:10EC3000500BEE0364005006AE02B400500BEE031E
:10EC40000102030328049042BE1128049042BE1121
:10EC50000102030300010202903200200200000BB7
:10EC6000010000000700000000000000000000009C
:10EC7000000000000406080A0C0E10121416181CDE
:10EC80001E20222426282A2C2E30323436383A3CB4
:10EC90003E40424446484A4C4E021A500000000092
:10ECA0002800000018000000500100005001000082
:10ECB00000000000F0230000241300001879000079
:10ECC000E86700001C0C78051437A4380000000029
:10ECD000400600004006000040060000400600001C
:10ECE000000098086B039C18580200000000000008
:10ECF0000000000000000000F023000024130000CA
:10ED00003CF000003CF000000000000048A30000C0
:10ED100014A000003CA5000068A600000000000050
:10ED2000000000000000000000000000000040069D
:10ED30000C0334086009000000000000000000001F
:10ED4000E3A3C300B80000200200000BFC32002047
:10ED50000200000CFA3200200200000BFA32002000
:10ED60000100000C603300200100000C010208FFCC
:10ED70007F00200018000A800720029801AA800066
:10ED8000010203040203040401020304010101025D
:10ED90000101010102030402E4E1D8D2C6C9B4B101
:10EDA0009C93878D6C6378724E4B272D1B1E3639D2
:10EDB0000020602040608000010200050400080877
:10EDC000000000000000000000000101010101013D
:10EDD0000101010101010202020202020303040413
:10EDE0000505060607070808090A0B0C0D0E0F108B
:10EDF0001112131415161718191A1B001001000010
:10EE0000D200000030010000D80000000100000026
:10EE1000E400000002000000EA0000000200000020
:10EE2000EC00000003000000EE0000000400000001
:10EE3000F000000005000000F200000006000000E5
:10EE4000F400000007000000F600000008000000C9
:10EE5000F700000009000000F80000000A000000B0
:10EE6000F90000000B000000FA0000000D00000097
:10EE7000FB0000000F000000FC000000110000007B
:10EE8000FD00000013000000FE000000150000005F
:10EE9000FF00000018000000000000001B00000040
:10EEA000010000001F00000002000000230000001D
:10EEB0000300000028000000040000002D000000F6
:10EEC00005000000330000000600000039000000CB
:10EED000070000003F0000000800000000100200D2
:10EEE000FA0000000001000812000000000000000D
:10EEF000FF00000000000001030062746C65000068
:10EF00000000000000000000000000000000000001
:10EF100000000000000000000000000000000000F1
:10EF200000000000000000000000000001000000E0
:10EF30000338FDD87047000000000000000000000A
:10EF40000338FDD8704700000000000000000000FA
:10EF500001000000000000000500000000000000AB
:10EF600019000000000000007D000000000000000B
:10EF70007102000000000000350C000000000000DD
:10EF8000093D0000000000002D31010000000000DC
:10EF9000E1F505000000000065CD1D000000000047
:10EFA000F902950000000000DD0EE90200000000FB
:10EFB000514A8D0E000000009573C2480000000009
:10EFC000E941CC6B010000008D49FD1A07000000EB
:10EFD000C16FF28623000000C52EBCA2B100000064
:10EFE000D9E9AC2D780300003D9160E45811000090
:10EFF00031D6E275BC560000F52E6E4DAEB1010063
:10F00000C9EA268367780800ED95C28F055A2A0061
:10F01000A1EDCCCE1BC2D30025A4000A8BCA2204CA
:10F0200000000000000000000000000000000010D0
:10F030000000000000000000B9340332B7F4AD1442
:10F0400010DB1AB30892540E0D307D951447BA1A8E
:10F0500066088F4D26ADC66DF598BF85E2B74511A0
:10F06000CA96853D92BD1DEBFCA11860DCEF5216DF
:10F070003C92AE220BB8C1B4839D2D5B0562DA1CB5
:10F08000304C7E8F4E8BB25B16F4529F8B56A5127E
:10F09000FBD4827643ED8AF08FE7F93115651918B4
:10F0A00050F19BD94A13EEB4284CF0A686C1251F17
:10F0B000035FC270CB9E4916E642889C44EB201445
:10F0C000B0650836AD6EA58585F0CA14E2FD031A59
:10F0D0000B899979D5B13D09D8DA973A35EBCF103C
:10F0E000AC363F5E73BB38CF3E6752FA44AFBA15B9
:10F0F00001000000000000000000000000000020EF
:10F10000345065C05FC9A652BB13CBAEC440C21811
:10F1100006C8DF7100D5A87CF56F0FDA58FC2713FD
:10F120006E4756357D24206502C7E768E48CA41D30
:10F13000E9E60268D7CD39617977FCC2405BEF160A
:10F14000798CDE43FFA751F991F3B278F5BDBE117A
:10F15000E857E9D6E8BEE87BB054AC8F848D751BC8
:10F16000EA23A499E9F9D38BB7A3714061DA3E157C
:10F17000CEE33ECB73F948088C97B427D51B7010AB
:10F18000A2BFEFB9EB8532154DB44DB49BBB6F19DF
:10F1900096B6076CF8E7EEAD36D9B4F59135AE13F7
:10F1A000222218AF4E6A684D91DAAA3D4F40741E74
:10F1B0009FBD9EE006A1C09857C2A7FDA40E901760
:10F1C0000E7D497173E3208FB220D87605143B126F
:10F1D000853D7434811343B0AD297A5F27F4351C23
:10F1E000C8110400E37C030000000000C411040007
:10F1F00000000100C0110400A9810300000000000C
:10F20000601E002000000100B811040069E7010041
:10F21000000000000000000000000400B411040021
:10F22000B57C0300414F02003C1E002000000C0092
:10F23000B0110400A981030000000000341E00206A
:10F2400000000100A81104003DE7010000000000DB
:10F250000000000000000400A4110400B57C0300BD
:10F26000414F0200101E002000000C0004000000AE
:10F27000000000000000000000F8000058DE03005D
:10F28000010000000000010000200B0058DE030018
:10F290000200000000200C0000200B0058DE0300DC
:10F2A00003000000004017000090000058DE03003B
:10F2B00018120400E37C0300000000001412040094
:10F2C0000000010010120400A981030000000000EA
:10F2D000981E00200000010008120400ED4F0300FA
:10F2E00000000000B9240020000001000412040006
:10F2F000A981030000000000901E00200000010012
:10F30000FC110400ED4F03000000000098240020D1
:10F3100000000100F8110400A981030000000000B2
:10F32000881E002000000100F0110400ED4F0300D2
:10F33000000000007724002000000100EC11040010
:10F34000A981030000000000801E002000000100D1
:10F35000E4110400ED4F03000000000056240020DB
:10F3600000000100E0110400A9810300000000007A
:10F37000781E002000000100D8110400ED4F0300AA
:10F38000000000003524002000000100D41104001A
:10F39000A981030000000000701E00200000010091
:10F3A000CC110400ED4F03000000000014240020E5
:10F3B0000000010044120400E37C03000000000090
:10F3C00040120400000001003C120400A981030067
:10F3D00000000000B01E00200000010034120400F4
:10F3E0009D5003005550030000000000000009007C
:10F3F00030120400A981030000000000A81E0020B4
:10F400000000010028120400215003000000000049
:10F41000000000000000010024120400A981030084
:10F4200000000000A01E0020000001001C120400CB
:10F4300035EC0100000000000000000000000100A9
:10F4400074120400E37C030000000000701204004A
:10F45000000001006C120400A981030000000000FC
:10F46000EC1E0020000001006412040000000000F7
:10F470000000000000000000000000006012040016
:10F48000B57C0300414F0200C81E002000000C00A4
:10F490005C120400A981030000000000C01E0020CF
:10F4A0000000010054120400D5EC0100000000002F
:10F4B000000000000000040050120400A9810300B5
:10F4C00000000000B81E00200000010048120400E7
:10F4D0000000000085EC01000000000000000800B2
:10F4E00090120400E37C0300000000008C12040072
:10F4F0000000010088120400A98103000000000040
:10F50000181F00200000010080120400F1EC01002F
:10F510000000000000000000000001007C12040058
:10F52000B57C0300414F0200F41E002000000300E0
:10F5300078120400BD820300000000009412040051
:10F540000000010021F00100535503002D55030078
:10F55000000000005F53030000000000E7510300BB
:10F560006000002000000000060001000200000012
:10F5700074F50300000000005122040002000000A6
:10F58000E0CF1700000000205922040021000000F5
:10F59000E0FF0320201F00203DFF010000000000CD
:10F5A0008F57030098F50300B4F503004A000000EC
:10F5B000000000006047022098F50300C8F5030032
:10F5C0002E00000000000000904C022098F503007F
:10F5D000DCF503000201000000000000644D022081
:10F5E0000E030000F91202000F040000F5130200E0
:10F5F0001A010000475B0300050400003D070200FC
:10F6000013010000C75C03003E0100001509020061
:10F61000011200009B5D03000A1E0000A95D0300AB
:10F62000FF010000ED0702003E0100000D0802008E
:10F6300005040000CB5B030008040000615E0300CA
:10F6400030030000FB5D030010010000455C030077
:10F6500002010000E522020001120000B5110200C3
:10F660000A1E0000D75F030003090000390B0200E7
:10F67000040B00004D5C0300060A000075610300E6
:10F68000070A00002D5C03000C050000135C03005A
:10F69000050C0000AD60030098F50300A8F6030018
:10F6A0004700000000000000804E022098F5030093
:10F6B000BCF603000000000000000000A04F022084
:10F6C00098F50300D0F603004A0000000000000097
:10F6D000F04F0220E3690300356A030000000000D8
:10F6E0000000000000000000DF6B030000000000CD
:10F6F0000000000000000000000000000202010005
:10F7000011710300040401009D3C02000606010083
:10F71000F93E020008040100B93F02000A0201009C
:10F72000F97003000C040100E17003000E040100F5
:10F73000993D0200200401002D3E0200100401004A
:10F74000CD40020012020100A97103001E00040056
:10F750007577030052020000CF710300010402001C
:10F7600015480200030202000B77030005010200A6
:10F770003D770300070402004D77030009010200F2
:10F78000517703000B000200557703000D000200C3
:10F79000597703000F0002005D7703002102020089
:10F7A0006177030011010200657703001300020076
:10F7B00069770300170402006D7703001900020047
:10F7C000717703001B020300276E03001D02050072
:10F7D000636E030023040300156E030098F5030015
:10F7E000ECF703004C00000000000000485102202C
:10F7F000C8120400E37C030000000000C4120400EF
:10F8000000000100C0120400A981030000000000F4
:10F81000FC20002000000100B812040000000000DD
:10F82000000000000000000000000000B41204000E
:10F83000B57C0300414F02000421002000000300BA
:10F84000B0120400A981030000000000F420002091
:10F8500000000100A81204001B7D0300837F030049
:10F860000000000000000300A4120400A9810300AE
:10F8700000000000EC200020000001009C120400A9
:10F8800049540200000000000000000000000100D8
:10F89000B5750200259A0300B97E02000000000041
:10F8A00000000000017D02000000000000000000D8
:10F8B0000000000000000000000000000000000048
:10F8C000D173020006000000F97502000600000076
:10F8D000D993030010000000997702001000000087
:10F8E000DB99030001000000258E030010000000DA
:10F8F000579903000A000000DB8D03001000000090
:10F90000857D0200070000002D8C03001000000020
:10F91000A572020001000000B96F02004000000063
:10F920000391030010000000AD8D030001000000F2
:10F9300019840200F1830200000000005D850200CE
:10F94000DD8402001F9F03001B9F030010000000C6
:10F9500001FF00007D0100000010000000A0105019
:10F9600000820D50000405507F00000000A01050E0
:10F97000441F00200000000000000000FFFF010005
:10F9800000820D50BC1F002000000000010000009C
:10F99000FF07000000040550000000000000000008
:10F9A0000200000000A0105000820D50000405501D
:10F9B00000600C500000000000000000CCF90300C3
:10F9C0000024F400DC760120DB76012000600C507E
:10F9D000D8F9030001000000E0F903000400000072
:10F9E000240000002600000225060001270600036F
:10F9F0006D9202008BA40300B9A4030000A0105074
:10FA000000820D50000405500800000002000000B4
:10FA100004000000010000000000000000000000E1
:10FA20003BAD0300C1AC030043AD030023AD0300B5
:10FA300043AD030047AD030047AD030023AD030012
:10FA400025AD030023AD030027AD030025AD030062
:10FA500029AD03002DAD030031AD030035AD03002A
:10FA600039AD030039AD03001BAD03001FAD03002A
:10FA7000000000000000000069AD03006BAD030052
:10FA80005DAD030061AD030065AD030067AD03002C
:10FA900067AD030051AD030023AD030023AD0300A8
:10FAA00023AD030023AD030023AD03004DAD0300E0
:10FAB0001FAD0300000000000000000079AC020050
:10FAC000C1AC030099AA0200DDAC02003DAB02000C
:10FAD000ABB50300B1B50300B7B503007DAB0200C1
:10FAE00031AD0200B9AA0200986E0120A0DC03002B
:10FAF000B0DC030008DD030010DD030060DD03005F
:10FB000078DD0300AD2404000001000000000000C7
:10FB1000B5D8030000388A408F409440A140A640E9
:10FB2000AC401548CB40AE40A34000380038003808
:10FB30000038CE40ED409D41494156413241374168
:10FB40003C414141B941BE41D7410E42FA418D414C
:10FB50001B42804162426A42774274436E4366436D
:10FB60007F432E4824460038003800380038AF481C
:10FB7000D548F34863457D4585439D45A845BB452C
:10FB8000E345ED45CF45FC4515468C466E4695460A
:10FB90008E460038003800382842003800380038D7
:10FBA0000038003800380038003800380038003895
:10FBB0000038003819491949194919491949194989
:10FBC00019491949194919490038003800380038CD
:10FBD0000038003800380038003800380038003865
:10FBE0000038003800380038003800380038003855
:10FBF0000038003800380038003800380038003845
:10FC00000038003800380038003800380038003834
:10FC1000003800388C090038FFFFFF0000000000AA
:10FC200010270081878A001A7B627AA678797A8DFC
:10FC300000307B627AA778797A8D003078207B62F9
:10FC400079217A220C10865082A2808182A282873A
:10FC5000828D001A0030722095407AAC797B00309A
:10FC600078247B627AA884797A8D00307224A74048
:10FC70007B2479257A26856286A87284868D11A6D2
:10FC80008584116286A785868420862186228650F7
:10FC90009A5086A6867286A88685868D8462868D11
:10FCA000781086A67270001A00307ABB787900301E
:10FCB00000830030001C001C001C001C001B7C2268
:10FCC000001D1310D040001A001C001C001C001B5B
:10FCD0007C22001D001B7C22001D1310DA40001A3C
:10FCE000000C016A3427001A006E1027001A7B628C
:10FCF000782479257A260C1086500E1022590E1081
:10FD00001A59848FC50811B885850410295911A284
:10FD100084871AA211111120071890A2801A90202E
:10FD2000001919A272871AA61970001B7C201AA24A
:10FD30001A8013100B410E101D590410335986A25E
:10FD40001A72868D001A0030870811B8858211A2B8
:10FD500084871AA211111120031890A2801A9020F2
:10FD6000001915A281871AA215151520031890A253
:10FD7000801A902000190741865005240825042682
:10FD8000F5408650042406250526F54086500C24AF
:10FD900006250B26F54086500B2408251A26F5501B
:10FDA00000AB0C1A00300DA702720AAC060D0EA7AC
:10FDB00003720BAC060E02620CA872030C8D0030AD
:10FDC0007DBB0203048F05A6707003628650042079
:10FDD00072210E229A500070108A0E240B250E26D6
:10FDE000F35002728650042072210D229A50027242
:10FDF0001027108A0D240A250D26F35005A70D0E95
:10FE000005200C2105229A50007005BB030505A6AC
:10FE10000E05003002628650042072210D229A5095
:10FE20000070108A0D240A250D26F35000300DA70E
:10FE30000D0E05A67070027286500C200D21052251
:10FE40009A50007005BB030505A60E05003002623E
:10FE50000DA7027203620EA7037201BB0D0E00BB59
:10FE600002030D200E21802282AC8081812082211C
:10FE70003910A941006201A80180018D01240825E3
:10FE80000626B15000300324062508268650F3408C
:10FE9000032405250A268650F350026286500A2064
:10FEA00072210A229A503810003906200A210B22AA
:10FEB0009A500BA60B0C0BA80B050B8D38100039B4
:10FEC000003002620A8E0A8F0B8E0B8F0727875035
:10FED0000EA8720B0C200E210D229A500A200E2122
:10FEE0000E229A500062865003240D251A260821FE
:10FEF0000E221A510262008107271A2072211A224B
:10FF00009A5000AB0A1A003086500DBB08060DA6A9
:10FF1000040D032406250E26F3500E2007210E2281
:10FF20009A500EA7050E0E8D0E240D250B26F340BC
:10FF300086500A2408250D26F35002200D210E229A
:10FF40009A500E240C250B26F340865007200A21D8
:10FF50000D229A5003240C250E26F35005A60D0EF3
:10FF6000058D0030865001A700720AB901000624F1
:10FF70000A250426F55077A70472381000300118BE
:10FF800077A70401381000300420042104229A507D
:10FF900077A704723810003C001977A704013910C4
:10FFA000003C0030A0A27210685380A2811090A281
:10FFB00091100210965308105B541410FB54391022
:10FFC0008134001A000C865033A2041002102D4414
:10FFD0000810D74414105B45585226207821485207
:10FFE0002621001C7A20CC425852262078214852E3
:10FFF0001D2079214A52262026211D22001E7A200A
:020000024000BC
:10000000CC425852782479257D527A20CC42112056
:1000100084214852112010107A590E1036490121BE
:100020008526006886AC86012EA67070C1522E22ED
:1000300036102C2235A78682006CC80811B835818D
:10004000EA5026201121001C2620021012541121F2
:1000500026220718B120021015540810C754141096
:10006000515580210019E35226202621D05011221B
:10007000BC520068C152006C2320361026201B227F
:100080000318001E802100192621001A001B0B10E6
:100090002320001F001A2CBA73742CBA2C2C2CA706
:1000A0002C742DA7018677A72D2C001AA122DC52D3
:1000B00002108D53081054541410F65480A280720C
:1000C00090A29072808D908D001A003082A28210D2
:1000D00082A2827282A81082001A2C20132116227A
:1000E000071880A2818280219020B222001932223A
:1000F000DC5229A2322828A2323131A2292525A298
:10010000293030A2312222A2312F2FA2301F1FA26C
:10011000302E2EA22F1C1CA22F2D2DA22E1919A27B
:100120002E2C2CA22D1616A22D132FA6117030A640
:10013000127031A6137013A62C701120112108180B
:1001400002108D53081054541410F654A020B121FD
:10015000001926A62F7027A6307028A63170001A25
:100160001120842148521D20822148528A0811B84A
:100170008583142011211122001C05188024B12030
:100180008421001E001920201D211D22001C05189D
:100190008024B1208421001E0019E352262026214C
:1001A0001922001EDA501122BC5219222620BC52FC
:1001B00077A22872F810821077A785017710862021
:1001C000CC4285A6850183A6830183A6830113A261
:1001D00072101DA619701EA61A701FA613702C434C
:1001E000585278210810E044818F918F001A003016
:1001F00077A701003810013A001A00305852042144
:100200006853021039540810F0543810053A001A97
:1002100000305852262078214A52001A0030585295
:10022000151075536E53262002214A5200302DA21C
:10023000A1A12EA2A12D80A2812D90A2912E001A03
:100240002FA205102EA280802CA280332EA22E80F9
:100250002DA290902EA62E2C2EA62F2E2CA72D2E22
:100260002CA22C722C8D001A30A691912CA6818183
:100270002DA230911A10E24331A2A1A11810C5435A
:100280002EA2818131A231312CA22C2D31A2313309
:100290002FBA2E742EA62F3131A62C2CD1432EA688
:1002A00081312FA781312CA22C2D2EA22E2F31A6E9
:1002B0002C2C2EBA2E742DA22D2D2FA22E2E2DA633
:1002C0002D2D80A72F3131A72C80A0A230A12FA2E5
:1002D0002E3190A72F2D001A2EA281812CA22C2D19
:1002E000CD4331A67092ED4331A77092ED4330A219
:1002F000A1A12FA231A131A230822FA22F3031A78C
:1003000031812FA72F9130A23131A0A231A12CA28F
:10031000813030A231302EA62C2C31A22F2F2EA6C8
:10032000302E80A7312E2CA72C802EA2913031A206
:100330002F2C90A7312E001AB0A2A0A0001A2EA632
:1003400070921B442EA770921B442DA2A2B231A220
:10035000A1A12CA281B22FA2A13131A282312DA262
:10036000912D2FA22E2F2EA2A1A22C21F543AAC39C
:10037000E7D3EAE32CA6047477A72C00381477A6F9
:1003800004707814001A2DA205102EA633332FA660
:100390002D2D2EA22E2E2FA62F2D2EA22E332FA2A4
:1003A0002F2F30A62F2F2EA62E2F2FA62E3077A23E
:1003B0002F72001A90A77090908D001A2DA2A1A103
:1003C00080A281A190A2912D001A2FA205102EA229
:1003D00080802CA280332EA22E802CA22C802DA2D5
:1003E000909030A280902EA62E2C2DA62D302EA6D9
:1003F0002F2E2CA72D2E001A2CA281A12DA2818197
:100400002EA62D912DA22D2DA0A22C2C2CA22C2E6F
:100410002EA22E2E181085442FA2A03387442FBA67
:10042000A0042EA62E2C80A62E2F2CA6A02C2DA20A
:100430002DA02CA22C8090A62C2D001A702398445D
:100440008223984431A683922FA282A130A2A1A137
:1004500030A2313031A2818132A22F2F29A6313230
:1004600031A63191A0A229A131A22F312EA6812F30
:1004700032A630322FA6913032A281322FA22F2EF7
:100480002CA2812F2DA2299180A632312CA62C2DB1
:1004900032A62FA031A22C2929A2328090A6312980
:1004A000001A30A2A1A12DA2A2A22CA281A22FA249
:1004B00082A12DA2912D30A292302EA2A1A22C2198
:1004C000A04472C494D496E4006877A772043714E9
:1004D000006C001A2DA272872CA22D8177A7812C87
:1004E000391081362CA22D9177A7912C3910913695
:1004F000001A003077A60570001A90A68090001AA6
:1005000080A281A190A291A1001A31A272102CA206
:1005100080802DA290902EA62C2D2FA22C2D2FA2C4
:10052000332F2FA62F312EA72E2F2E8D001A2CA65B
:10053000819130A281812DA291912EA2A1A12CA204
:100540002C2C2EA62E2E2FA6302D2DA7302D2CA7ED
:100550002C2F2EA72F2E90A22D2F80A22C2EA0A2C2
:100560002E2F001A2EA670822E452EA770822E45A1
:100570002FA2A1922EA2A12E30A2819131A22E2FC4
:1005800032A6912E2EA7812E2CA6812F2FA6912F39
:1005900032A22C322CA22E2F2EA630312FA7303192
:1005A00030A72C2F31A7322E80A22E3090A22F31CF
:1005B000A0A23031001A2CA2A2812DA2A2912FA2BA
:1005C000A1922EA2A1822C2132450DC528D52BE562
:1005D000001A80A77080808D001A585202240725C7
:1005E0007D522620CC52E6508750262072210A22C6
:1005F0009A503810003906200A210B229A500BA677
:100600000C0B0BA80B070B8D381000390030E6508F
:1006100087500A8E0A8F0B8E0B8F0DA8720B0C2041
:100620000D2135229A500A202B229A50EA50585216
:1006300008222B230224352526262653E650008146
:10064000262072212C229A5000AB0A2C0030E65052
:100650002BA872062B8DEA50585202242B257D526E
:100660000820CC42000C006435A60A0CE6508750E6
:100670003520722135229A500BA7073506200B2111
:100680000B229A50381000390030000C006435A657
:100690000A0CE65087500B8F3520722135229A5074
:1006A000EA50585208220B23022435250D262653E2
:1006B0000030585226200B2148521D2006214A5254
:1006C000262026211D22001E1D2008214A522620F8
:1006D00026211D22001E0D20CC42E65087500B2003
:1006E0000C210A229A5082A70882828D003058522B
:1006F00008220C2378240A25262626530068262063
:10070000062100AB818000AB91900030585206204A
:10071000021050540810F35414105F5506240B2592
:100720007D521D2008214A52262026211D22001E0E
:100730001120CC5211240A257D520D20CC42E650C6
:1007400087500A200D212B229A50EA50CF550BA634
:100750002B700D240B257D520820CC4286500008BA
:1007600000B8797917A70173179E179E0BA278100E
:1007700017A217100C200E2280A60B7090A27210E8
:1007800082A6907092A6707068460E227AA8829215
:100790007A8D00300E210C2211A6819112A7819131
:1007A00013A2111114A2121215A6829216A78292F8
:1007B00015A2151216A2111611A7131481A2131453
:1007C00012A2171114A6151615A7151682A2141435
:1007D00016A2151513A6131292A2160B91A21113AD
:1007E00012103B46001B0A1040460C210E224246C6
:1007F00006217A5608217C5636A2060B36A2368789
:100800000AA608360A8D0030E650875091A29187DB
:1008100036A2768736A2913681A2818781A636815B
:1008200081A28172818D91A67070001A02248F4678
:10083000062408217A56EA501410C447F3460621CC
:100840007A560A8FEA501410C9471C4735A2811006
:1008500034A2911031A2353536A2343433A20410BB
:1008600035A2313634A2721033A2333531A7363176
:1008700036A6343331A73136318D39108134001A20
:1008800031A2911036A2041031A2313133A272107C
:1008900036A2363131A7313336A6363333A2363657
:1008A00033A2333634A2333335A2343635A2353150
:1008B00034A2313335A23572358D33A7007333A797
:1008C0003374339E339E339E352433253526F550BD
:1008D00035A2351034A2343533A2343433A2333642
:1008E00033A63331338D72203810052081A2348035
:1008F000818D7D1081A70081001A000C8650D008E0
:1009000011B8080132A2041032A6323284210C2020
:10091000A5570C212D2088571120AE57071880228B
:100920002D21C0205D578021AE5700190C210C20CD
:1009300088C75DD768E7D050112217570A20B957EA
:100940000030001B0C200B102D206847000C865037
:100950000821B6569C5632A2041032A632329208B2
:1009600011B80A0602210C20A5570C212D2088570A
:100970001120AE57031880222D21C0205D57802101
:10098000AE57001908212120A55721212D20885775
:100990002120AE57031880222D21C0205D578021D1
:1009A000AE5700190C2121220C205D5788C75DD756
:1009B00068E7DA5011221757212217570C20B95730
:1009C00077A680703E10003900AB0B90003031A646
:1009D000918136A7918131A2318236A2369233A617
:1009E00070B2734731A6918136A7918131A23192BD
:1009F00036A2368233A770B2734734A2A1A233A2C3
:100A0000B13335A6313631A7313636A7343333A664
:100A1000343380A2313690A23533A0A23633B0A24F
:100A20003531001A31A6918136A7918134A2313136
:100A300033A2313631A2A1B136A2A1A131A6313102
:100A400036A6363636A7363334A7343180A231364F
:100A5000A0A2363390A23334B0A23134001A80A25F
:100A6000811090A29110A0A27210B0A28090001AE2
:100A700031A6918190A7918180A63170A0A6A1A1F5
:100A8000B0A2B132001A35A2721035A835A180A2E9
:100A9000813590A29135808D908D001A082558528D
:100AA0007D520A20CC4258520821DB5708205F555E
:100AB0000822062302240A252626265377A6267016
:100AC0003E100B3900AB0B270030918F2CA2918781
:100AD0002DA272872CA22C2C2EA72C2D2CA22C33CD
:100AE0002CA72C2D2DA22E2E2FA22E2C2DA22D2F59
:100AF0002FA22F2F2FA22D2F2FA22F722F8D30A795
:100B00000074309E309E2F2430252F26F5502FA2C2
:100B10002F872DA22F2D2FA22D2D2FA22F2C2FA7C7
:100B20002F2E2F8D3910913481A22D72818D7C1042
:100B300081A7008177A7810037109134001A000C3B
:100B40007B62865078231BA67D721B9E341043481F
:100B50001B9E83241B257A26F5507A207A211B229E
:100B60009A501BA71B831B8D3910003D001A0030C3
:100B70005852782078211C229A501CA61C041C2054
:100B80009A501CA61C051C8D1C23195877A67A7038
:100B90003D1000307AA7007A00301DA77D721EA696
:100BA0001D701E9E83241E257A26F55038100030B5
:100BB0001EA77A723910003D1FA283101DB91D00B7
:100BC00020A6757021A2721022A6212122239E58F0
:100BD00024A6287025A67570A85823A72821238D40
:100BE00039106B4822A622215C481DA71D721D9E4C
:100BF0001F239E5826A21F2827A2262828A7272180
:100C0000288D381099482AA6727029A2272728A76C
:100C10002921288D3810874829A229292AA62A7235
:100C20007D481EA7202A28A6247025A61E70A85835
:100C30002BA6287024A22B2B20A62A7026A22B26B6
:100C400027A2272474487AA226727A8D001A0030CF
:100C500023A28372238D23241D252326F55028A249
:100C60002310001A25A725723810001A28A2282858
:100C7000A848061000385852022407257D52262025
:100C8000CC5200680AA60C800AAC0A013810003960
:100C90002AA67206E6502BA8722A2AAC2B0187508E
:100CA0000A2006212B229A502BA7072B2BAC2B01B5
:100CB0002A202B210B229A503810003900300610C0
:100CC0000038E65087500A8E0A8F0B8E0B8F2AA6AB
:100CD0000A0B2AAC2A0138100039EA50585208226F
:100CE0002A2302240B2523262653E6502AA60C236A
:100CF0002AAC2A0100AB0A2A0030061000385852EC
:100D0000E65087502AAC0D0F2AA62A0F2A20072169
:100D10002A229A502AA6062A2AAC2A012BAC0A0FAC
:100D20002BA62B0F2B202A212B229A502BBB2B0CCE
:100D30002ABB2A0CEA50585208222A230A242B25BF
:100D40000D2626530030003885A9010F001A11BA6C
:100D5000010F85A78511001A007001A67070007040
:100D600001A77D72001A007009A67070007009BB9F
:100D70007D0F7D2109620081001A81620081001AC5
:100D80000F210F260068868EC15236108636006C01
:100D9000021050590310875211A6267012A6277010
:100DA00013A62870E65036A8850F368D0121362609
:100DB000EA508742900811B8868615D418E41120AD
:100DC00012541D201121001C125411211D22031840
:100DD000C120001E12548021001926A6117027A6DA
:100DE000127028A6137026202621001C001C001C4F
:100DF000001B7C22001D262113106B491122BC52BE
:100E00002621E7D3EAE3001A00680F8E006C2CA2BB
:100E10000F10875902108759A0A2A02C15108959CC
:100E2000001A80A2802C90A2902C001AFA1ED65F85
:100E30000001010000020200001400000028000070
:100E40000040000001000000020000000F00000050
:100E50001000000010000000200000001000000042
:100E600010000000680E04001100000011280000AE
:100E700011080000010000007C0E040000000000CA
:100E80000000000000000000000000000000000062
:100E900030000000C0000000180000003100000019
:100EA0000000000030000000E00000001C00000016
:100EB00039000000000000003000000000010000C8
:100EC0002000000041000000000000003000000091
:100ED0004001000028000000510000000000000058
:100EE00030000000800100003000000061000000C0
:100EF0000000000030000000000200004000000080
:100F0000810000000000000017000000C000000089
:100F10001800000031000000000000001700000071
:100F2000E10000001D0000003B0000000000000088
:100F30001700000000010000200000004100000038
:100F40000000000012000000C000000018000000B7
:100F5000310000000100000012000000E00000006D
:100F60001C00000039000000010000001200000019
:100F7000000100002000000041000000010000000E
:100F80001200000040010000280000005100000095
:100F9000010000001200000080010000300000008D
:100FA00061000000010000001200000009020000C2
:100FB0004200000085000000010000004100000028
:100FC000FF000000200000002000000000000000E2
:100FD00041000000C001000038000000380000009F
:100FE0000000000042000000FF00000020000000A0
:100FF000200000000000000042000000C0010000CE
:10100000390000003900000000000000000010005E
:1010100020000000CF260400C000000020100400C3
:101020002600001000000000003000000C0000004E
:10103000000000003810040022000010000C000026
:10104000003100000C000000000000030000000060
:101050000000000000000000000000000000004050
:101060009559695955555455155555560405154109
:1010700010545540455155444045504450555545F0
:10108000004000404004449665555655454045543F
:101090005141154055915555555540510501000098
:1010A00054455454455505040010041014044000E0
:1010B0000000014055551541540400004400010052
:1010C0000000004041000044504445505400555534
:1010D0005455655100400040010000010005010029
:1010E000115451515455550500154150000004400C
:1010F000100104050000000005180918161814183E
:101100003F1811181E1800000028000002290000D6
:101110002A2B0000292B000002290000052A0000CC
:1011200002290000022900000328000000282B2AC1
:101130000000000000001C2A000000000000000069
:10114000000000000000462A00000000532A0000B2
:101150005B2A00000000000000000000000000000A
:10116000A42AA72A000000000000000000000000E0
:10117000000000000000000000000000000000006F
:10118000000000000000000000000000000000005F
:10119000000000000000000000000000000000004F
:1011A0000000F22B0000022900006F2A00006F2AC5
:1011B000000003280000022900006E2A00006E2AA9
:1011C0000000032800001A18000000280000282A48
:1011D0000000282A000003280000272A0000272AF0
:1011E000000003280000262A0000262A0000032809
:1011F0000000252A0000252A000003280000292AD3
:101200000000292A000003280000242A0000242AC4
:101210000000032800000A18000000280000042A2B
:101220000000042A000003280000012A0000012A0F
:10123000000003280000002A0000002A0000032804
:1012400000000018000000280000392A0000392A98
:10125000000003280000382A0000382A0000032874
:10126000000002290000372A0000372A0000032866
:1012700000000D18000000280000042900000229C9
:101280000000192A0000192A0000032800000F1886
:10129000000000280400AD270100060100002A2BF1
:1012A00000002A2B000003280000292B0000292B16
:1012B00000000328000002290000052A0000052A7A
:1012C0000000032800000118000000287C726F6CE9
:1012D000653D0077617463686572007C636F726559
:1012E0003D00636363376465376463383063663237
:1012F000323765616138646637656363373738371D
:1013000066663532353135376338004641494C0021
:101310007C726561736F6E3D25737C70726F666958
:101320006C655F696E6465783D25757C7068617376
:10133000653D25757C636F756E743D25757C6D65A7
:1013400061737572656D656E74733D25757C72652C
:101350006A65637465643D25757C71756965745F44
:1013600073696E63653D25757C6C6173745F67613D
:1013700074743D25757C6C6173745F676174745F10
:1013800061743D25757C6C6173745F676174745F13
:101390007374617475733D25647C6C6173745F61F3
:1013A00074745F6572726F723D25757C6C657665CD
:1013B0006C3D25757C706565725F76616C69643D16
:1013C00025757C636F6E6E65637465643D2575007D
:1013D0007C726561736F6E3D73746172742D73748A
:1013E00065707C73746167653D25737C626C655FB5
:1013F0006572726F723D25757C626C655F6472699F
:101400007665723D25647C73656375726974795F76
:101410006572726F723D25757C7365637572697450
:10142000795F6472697665723D2564007C726561DE
:10143000736F6E3D7363616E2D6D617463680050F0
:10144000524F4752455353007C726561736F6E3D36
:10145000636F6E6E6563742D7375626D6974746508
:1014600064007C726561736F6E3D636F6E6E656361
:10147000742D7375626D6974007C726561736F6E33
:101480003D73656375726974792D6576656E747CDC
:1014900073656375726974795F6576656E743D25F1
:1014A000757C6C6576656C3D25757C73616D655FDB
:1014B000706565723D25757C706565725F76616CDF
:1014C00069643D2575007C726561736F6E3D706166
:1014D0006972696E672D616363657074007C726503
:1014E00061736F6E3D7761746368646F672D7374A9
:1014F0006F70007C6E61746976655F6C696E6B738A
:101500003D307C6C696E6B733D307C70656E6469D8
:101510006E673D307C7363616E3D307C61647665DF
:1015200072746973696E673D307C77617463686457
:101530006F673D300053544F50504544007C7265F6
:1015400061736F6E3D636C65616E75702D74696D4E
:10155000656F75747C6E61746976655F6C696E6BBE
:10156000733D25757C73746F705F636F6D6D616E15
:1015700064733D2575004D333350524F46494C45F9
:101580007C317C50524F4245005245414459004DF8
:10159000333350524F46494C457C317C434C454196
:1015A0004E7C6E6F6E63653D007C726561736F6E1D
:1015B0003D696E76616C69642D636C65616E7570F2
:1015C0002D70726F6F66007C706565723D007C6285
:1015D00065666F72653D007C726561736F6E3D6913
:1015E0006E76616C69642D636C65616E75702D62D9
:1015F0006173656C696E65004D33332D434C454115
:101600004E5550007C726561736F6E3D636C656111
:101610006E75702D696E6974007C726561736F6E92
:101620003D636C65616E75702D736E617073686F6C
:10163000742D6D69736D61746368007C726561738C
:101640006F6E3D636C65616E75702D65786973743E
:10165000696E672D626F6E64732D6368616E676576
:1016600064007C72656D6F7665643D317C65786978
:101670007374696E675F756E6368616E6765643DFC
:101680003100434C45414E4544004D333350524F99
:1016900046494C457C317C41524D7C6E6F6E636592
:1016A0003D007C66726573683D3100424D535F4179
:1016B000524D4544007C726561736F6E3D7072657A
:1016C0006578697374696E672D6F722D756E7072AF
:1016D0006F76656E2D626F6E6400424D535F534BA3
:1016E0004950504544004D333350524F46494C45C4
:1016F0007C317C424D535F44454C4554457C6E6F74
:101700006E63653D007C726561736F6E3D626D73E3
:101710002D706F7369746976652D7375626D697468
:10172000004D333350524F46494C457C317C424D3D
:10173000535F444F4E457C6E6F6E63653D004D3385
:101740003350524F46494C457C317C424D535F5398
:101750004B49507C6E6F6E63653D004D3333505284
:101760004F46494C457C317C53544F507C6E6F6ED4
:1017700063653D007C726561736F6E3D696E766175
:101780006C69642D73746F702D6E6F6E6365007C71
:10179000726561736F6E3D73746F702D6E6F6E63E3
:1017A000652D6D69736D61746368007C6D61785F30
:1017B0006C696E6B733D25757C656D61696C5F64EA
:1017C000656C697665726965733D25757C616C65CC
:1017D00072745F64656E6965643D25757C626F6EC9
:1017E000645F64656C6574696F6E733D25757C62BA
:1017F0006D735F706F7369746976653D25757C6282
:101800006D735F736B69707065643D25750053453A
:10181000525645525F5354415453007C7265617374
:101820006F6E3D7761746368646F672D7374617266
:1018300074004D33332D50524F46494C452D4300D3
:1018400073656375726974792D626567696E00618D
:1018500064766572746973696E672D636C65617215
:10186000006164766572746973696E672D64617472
:1018700061006164766572746973696E672D737453
:10188000617274007C726561736F6E3D6164766530
:1018900072746973696E672D72656164790042457F
:1018A00047494E00706565722D6465766963652DE4
:1018B000626567696E007C726561736F6E3D696E0B
:1018C00076616C69642D73746172742D636F6D6DD4
:1018D000616E64007C726561736F6E3D636F6D6DE8
:1018E000616E642D6F766572666C6F7700646561FA
:1018F000646C696E65007C726561736F6E3D6472C5
:101900006F707065642D6761702D6576656E74000B
:101910007C726561736F6E3D6174742D6761702DAB
:10192000706169722D6D697373696E67007C726591
:1019300061736F6E3D656E61626C652D7375626D6E
:101940006974007C726561736F6E3D626D732D7595
:101950006E61726D65642D7375626D6974007C7261
:101960006561736F6E3D6174742D6761702D706871
:101970006173652D6D69736D61746368007C726558
:1019800061736F6E3D626D732D6761702D7061695B
:10199000722D6D697373696E67007C726561736F18
:1019A0006E3D626D732D77726974652D7465617219
:1019B000646F776E2D70656E64696E677C626D739F
:1019C0005F74656172646F776E5F6572726F727358
:1019D0003D31007C726561736F6E3D626D732D6485
:1019E000656C6574652D70726F6F662D74696D65B9
:1019F0006F7574007C70726F66696C65733D377CBF
:101A00006D6561737572656D656E74733D25757C6A
:101A100072656A65637465643D25757C6174745F85
:101A20006761705F72656A656374733D25757C627A
:101A30006D735F706F7369746976653D25757C623F
:101A40006D735F636C69656E745F636C65616E7501
:101A5000703D25757C626D735F74656172646F772C
:101A60006E5F6572726F72733D25757C776174630A
:101A70006865723D257500524553554C54007C7382
:101A800074617475733D7061737300454E440070EA
:101A9000726F66696C652D646973636F7665720039
:101AA0007C726561736F6E3D646973636F76657296
:101AB0002D7375626D69740071756965742D756E2D
:101AC0007375627363726962652D7375626D697493
:101AD000007C726561736F6E3D71756965742D75FB
:101AE0006E737562736372696265004D3333505271
:101AF0004F46494C457C317C53544152547C6E6F67
:101B00006E63653D007C726561736F6E3D626D73DF
:101B10002D6761702D64657461696C2D6D69736DDD
:101B200061746368007C726561736F6E3D6174748B
:101B30002D6761702D64657461696C2D6D69736DBD
:101B400061746368007C726561736F6E3D6D616C7A
:101B5000666F726D65642D7375626D6974007C7259
:101B60006561736F6E3D626D732D7375626D69741F
:101B7000007C726561736F6E3D7375627363726929
:101B800062652D7375626D6974007C726561736F37
:101B90006E3D756E65787065637465642D617474EF
:101BA0002D6572726F72007C726561736F6E3D623B
:101BB0006D732D706F7369746976652D77726974B2
:101BC000652D61636B007C726561736F6E3D626D44
:101BD000732D77726974652D61636B2D6D69736DFB
:101BE00061746368007C726561736F6E3D6E6567DA
:101BF00061746976652D77726974652D61636365BB
:101C000070746564007C726561736F6E3D616C65B4
:101C100072742D646973636F7665722D7375626D6E
:101C20006974007C726561736F6E3D776972652DB2
:101C30006D69736D61746368007C726561736F6E4A
:101C40003D63726F73732D6C696E6B2D616C657281
:101C5000742D6C65616B007C726561736F6E3D7590
:101C60006E7375627363726962652D7375626D69F7
:101C70007400756E73756273637269626564007C6B
:101C8000726561736F6E3D756E65787065637465BE
:101C9000642D6761702D6572726F727C626C655F16
:101CA0006572726F723D25757C626C655F647269E6
:101CB0007665723D25647C6C6173745F6174745FDA
:101CC0006572726F723D25757C70726F66696C65A6
:101CD0005F696E6465783D25757C70686173653DEC
:101CE00025757C616C6572745F736C6F743D2575CE
:101CF0007C616C6572745F6363633D25757C616CA8
:101D00006572745F73656E743D2575007C726561E4
:101D1000736F6E3D6761702D6576656E747C67616B
:101D2000705F6576656E743D25757C6C696E6B5F62
:101D3000726F6C653D25757C6863695F7265617360
:101D40006F6E3D25757C73616D655F706565723D75
:101D500025757C6576656E745F68616E646C655F21
:101D600076616C69643D25757C706565725F76612E
:101D70006C69643D25757C636F6E6E656374656424
:101D80003D25757C626C655F6472697665723D2580
:101D900064007C726561736F6E3D6561726C792D54
:101DA000646973636F6E6E656374006E75636F64F0
:101DB000652F676174742F63616368652F3000025B
:101DC0006E75636F64652D676174742D726576013D
:101DD000006E75636F64652F7365637572697479DE
:101DE0002F626F6E642F2575001F1C1F1E1F1E1F84
:101DF0001F1E1F1E1F006D616E7566006D6F64658E
:101E00006C0073657269616C0066770068770073B7
:101E1000770062742F6469730072302F61313A2049
:101E200020307825303878202072312F61323A20E6
:101E300020307825303878202072322F61333A20D4
:101E4000203078253038780A0072332F61343A20F8
:101E500020307825303878207231322F69703A205E
:101E600020307825303878207231342F6C723A2047
:101E7000203078253038780A0020787073723A2044
:101E8000203078253038780A004661756C74696EA8
:101E90006720696E737472756374696F6E20616414
:101EA000647265737320287231352F7063293A206C
:101EB0003078253038780A00556E68616E646C653C
:101EC00064204952516E3A2025640A002A2A2A2A9F
:101ED0002A205553414745204641554C54202A2A33
:101EE0002A2A2A0A0020204469766973696F6E20C5
:101EF0006279207A65726F0A002020556E616C69E4
:101F0000676E6564206D656D6F72792061636365CE
:101F100073730A002020537461636B206F766572BF
:101F2000666C6F772028636F6E74657874206172B9
:101F30006561206E6F742076616C6964290A0020E7
:101F4000204E6F20636F70726F636573736F7220C2
:101F5000696E737472756374696F6E730A00202002
:101F6000496C6C6567616C206C6F6164206F6620E2
:101F70004558435F52455455524E20696E746F2048
:101F800050430A002020496C6C6567616C207573B2
:101F900065206F662074686520455053520A002002
:101FA00020417474656D707420746F20657865636A
:101FB00075746520756E646566696E656420696E0A
:101FC000737472756374696F6E0A002A2A2A2A2A4A
:101FD00020425553204641554C54202A2A2A2A2A69
:101FE0000A002020537461636B696E67206572720A
:101FF0006F720A002020556E737461636B696E679F
:10200000206572726F720A002020507265636973D6
:1020100065206461746120627573206572726F72ED
:102020000A00202042464152204164647265737365
:102030003A20307825780A002020496D7072656357
:1020400069736520646174612062757320657272C2
:102050006F720A002020496E737472756374696F21
:102060006E20627573206572726F720A00202046BE
:102070006C6F6174696E672D706F696E74206C612E
:102080007A792073746174652070726573657276F5
:102090006174696F6E206572726F720A002A2A2A53
:1020A0002A2A204D5055204641554C54202A2A2A90
:1020B0002A2A0A002020537461636B696E672065C9
:1020C00072726F722028636F6E746578742061720B
:1020D0006561206D69676874206265206E6F742089
:1020E00076616C6964290A00202044617461204192
:1020F00063636573732056696F6C6174696F6E0AF0
:102100000020204D4D464152204164647265737336
:102110003A20307825780A002020496E7374727551
:102120006374696F6E204163636573732056696FD2
:102130006C6174696F6E0A005265736572766564CE
:1021400020457863657074696F6E20280053707540
:1021500072696F757320696E746572727570742020
:10216000284952512000535053454C20696E207429
:102170006872656164206D6F646520646F657320AB
:102180006E6F7420696E646963617465205053508A
:102190000A002A2A2A2A2A20484152442046415528
:1021A0004C54202A2A2A2A2A0A0020204275732009
:1021B0006661756C74206F6E20766563746F722033
:1021C0007461626C6520726561640A002020446558
:1021D000627567206576656E740A00202046617519
:1021E0006C7420657363616C6174696F6E20287311
:1021F00065652062656C6F77290A00415243485F2C
:10220000455843455054207769746820726561735E
:102210006F6E2025780A0A002A2A2A2A2A20446575
:10222000627567206D6F6E69746F72206578636583
:102230007074696F6E202A2A2A2A2A0A002A2A2AFA
:102240002A2A20257320256429202A2A2A2A2A0AB4
:1022500000464C4153485F30005352414D5F3000BF
:10226000657869740061626F727428290A00696474
:10227000006E616D650062742F25732F25303278F2
:102280002530327825303278253032782530327852
:102290002530327825752F25730062742F25732F12
:1022A0002530327825303278253032782530327832
:1022B000253032782530327825750062742F2573E9
:1022C000005A6570687972006274004254204C575D
:1022D00020575100574553545F544F504449522F93
:1022E0007A65706879722F7375627379732F626C77
:1022F0007565746F6F74682F686F73742F68636986
:102300005F636F72652E630062745F6863695F6507
:1023100076745F6765745F666C6167732868647262
:102320002D3E657674292026202831554C203C3CD2
:10233000202831292900415353455254494F4E20FA
:102340004641494C205B25735D20402025733A258A
:10235000640A006576745F666C61677320262028C6
:1023600031554C203C3C20283029290065727220D0
:102370003D3D20300009436F6E74726F6C6C657266
:1023800020756E726573706F6E736976652C20634D
:102390006F6D6D616E64206F70636F64652030785F
:1023A000253034782074696D656F75742077697491
:1023B00068206572722025640A0042542052582019
:1023C0005751006275660062742F63636300627424
:1023D0002F686173680062742F63660062742F73E4
:1023E000630062742F6B65797300636C6F636B407D
:1023F000313065303030007073612D726E6700725D
:1024000072616D2D636F6E74726F6C6C65724035A6
:1024100030303462303030006770696F4031306185
:10242000303030006770696F406438323030006798
:1024300070696F40353034303000756172744063BC
:1024400036303030007761746368646F67403130D4
:102450003830303000536F667444657669636520A8
:10246000436F6E74726F6C6C6572204153534552AA
:10247000543A2025732C2025640A0062745F686337
:10248000695F736463004D50534C20415353455270
:10249000543A2025732C2025640A004D50534C20BB
:1024A000576F726B000D0A006D61696E007379736E
:1024B000776F726B7100FFFFFFFF1F00FFC1FBE82A
:1024C0004C90728BE7B3518963AB2323004188663C
:1024D000AA1AFFFF443300647261676F6F6E2F6C3E
:1024E0006962732F73636865642F7372632F7363FC
:1024F0006865645F68616C5F74696D65725F67725F
:1025000074632E6300C8DA3098F9F034A44B6EBAC5
:10251000D30819CC0CEA51DA4700696E66006E6187
:102520006E00286E756C6C29004D333350524F4647
:10253000494C457C31006E75636F64652F6761742B
:10254000742F64617461626173655F6964656E7440
:102550006974790000FFFFFFFFFFFF00000000002B
:102560000000FFFFFFFFFFFF000000000000000071
:10257000000000001000800000805F9B34FB01041D
:102580000002000000020000000000000005000042
:10259000000000000000000000000000000500092D
:1025A00009090901020909090909090909090909AA
:1025B0000709090909090609090909090909090990
:1025C0000909090909090905030502000AE69D35FB
:1025D0000E480103CCDBFDF4AC1191F4EFB9A5F981
:1025E000E9A7832C5E2CBE97F2D203B0208BD28950
:1025F00015D08E1C742430ED8FC24563765C155265
:102600005ABF9A32636DEB2A65499C80DC01010157
:1026100001010203020203040005061F1F2918120C
:102620000308020305080A00080103040105040564
:102630000906070101060608000001000100030168
:10264000000302020100020000000000020301007A
:10265000030000010001000001000102020100026C
:10266000000000000002020100046C888391AAF5BA
:10267000A53860370BDB5A6083BE00070E091C1BB0
:102680001215383F363124232A2D00010405020695
:1026900008090F000718232323232323232323239D
:1026A00023232300010210141400001C2030401CBE
:1026B0002000001C203040004010141400001C209A
:1026C00030401C2000001C2030400040010302FF6D
:1026D000FFFFFF00000001000000000000000000FC
:1026E000000000FFFFFFFFFFFFFFFFFFFFFFFFFFF7
:1026F000FFFFFF00000000FFFFFFFFFFFFFFFFBC29
:10270000E6FAADA7179E84F3B9CAC2FC6325516BE4
:1027100017D1F2E12C4247F8BCE6E563A440F2771A
:10272000037D812DEB33A0F4A13945D898C2964F93
:10273000E342E2FE1A7F9B8EE7EB4A7C0F9E162B4C
:10274000CE33576B315ECECBB6406837BF51F5FF05
:10275000FFFFFF000000010000000000000000007B
:10276000000000FFFFFFFFFFFFFFFFFFFFFFFC5A1E
:10277000C635D8AA3A93E7B3EBBD55769886BC65C3
:102780001D06B0CC53B0F63BCE3C3E27D2604B008A
:10279000FFFFFFFFFF1F00001F0000000000000000
:1027A0007FFE0000E40700001D4000000000000064
:1027B0000000000000000000FFFFFFFF1FFF1B00E4
:1027C000BAABBABA10101010A0354D00FF000000CF
:1027D000C409000000000000005008500000000084
:1027E000000000000C000000010000FF7F0000005E
:1027F00000000000AAAAAAAA5555555501000000DC
:102800008D2D0100000000000D2D010000000000D2
:10281000A958000000000000592D01000000000030
:10282000552D010000000000B92D0100000000003E
:10283000712D010000000000892D01000000000042
:1028400048E00000FF000000D80501000100010180
:10285000010300001E001E02000000000000000036
:1028600012007C007E00E00103007E000A1E001EB4
:102870000000000000000000000000000000000058
:102880000000000000000000000000000000000048
:102890000000000000000000000000000000000038
:1028A0000000000000000000000000000000000028
:1028B0000000000000000000000000000000000018
:1028C0000000000000000000000000000000000008
:1028D00000000000000000000000000000000000F8
:1028E00000000000000000000000000000000000E8
:1028F00000000000000000000000000000000000D8
:1029000000000000000000000000000000000000C7
:1029100000000000000000000000000000000000B7
:1029200000000000000000000000000000000000A7
:102930000000000000000000000000000000000097
:102940000000000000000000000000000000000087
:102950000000000000000000000000000000000077
:102960000000000000000000000000000000000067
:102970000000000000000000000000000000000057
:102980000000000000000000000000000000000047
:102990000000000000000000000000000000000037
:1029A0000000000000000000000000000000000027
:1029B0000000000000000000000000000000000017
:1029C0000000000000000000000000000000000007
:1029D00000000000000000000000000000000000F7
:1029E00000000000000000000000000000000000E7
:1029F00000000000000000000000000000000000D7
:102A000000000000000000000000000000000000C6
:102A100000000000000000000000000000000000B6
:102A200000000000000000000000000000000000A6
:102A30000000000000000000000000000000000096
:102A40000000000000000000000000000000000086
:102A50000000000000000000000000000000000076
:102A60000000000000000000000000000000000066
:102A70000000000000000000000000000000000056
:102A80000000000000000000000000000000000046
:102A90000000000000000000000000000000000036
:102AA0000000000000000000000000000000000026
:102AB0000000000000000000000000000000000016
:102AC0000000000000000000000000000000000006
:102AD00000000000000000000000000000000000F6
:102AE00000000000000000000000000000000000E6
:102AF00000000000000000000000000000000000D6
:102B000000000000000000000000000000000000C5
:102B100000000000000000000000000000000000B5
:102B200000000000000000000000000000000000A5
:102B30000000000000000000000000000000000095
:102B40000000000000000000000000000000000085
:102B50000000000000000000000000000000000075
:102B60000000000000000000000000000000000065
:102B70000000000000000000000000000000000055
:102B80000000000000000000000000000000000045
:102B90000000000000000000000000000000000035
:102BA0000000000000000000000000000000000025
:102BB0000000000000000000000000000000000015
:102BC0000000000000000000000000000000000005
:102BD00000000000000000000000000000000000F5
:102BE00000000000000000000000000000000000E5
:102BF00000000000000000000000000000000000D5
:102C000000000000000000000000000000000000C4
:102C100000000000000000000000000000000000B4
:102C200000000000000000000000000000000000A4
:102C30000000000000000000000000000000000094
:102C40000000000000000000000000000000000084
:102C50000000000000000000000000000000000074
:102C60000000000000000000000000000000000064
:102C70000000000000000000010000000000000053
:102C80000000000000000000000000000000000044
:102C90000000000000000000000000000000000034
:102CA0000000000000000000000000000000000024
:102CB0000000000000000000000000000000000014
:102CC0000000000000000000000000000000000004
:102CD00000000000000000000000000000000000F4
:102CE00000000000000000000000000000000000E4
:102CF00000000000000000000000000000000000D4
:102D000000000000000000000000000000000000C3
:102D100000000000000000000000000000000000B3
:102D200000000000000000000000000000000000A3
:102D30000000000000000000000000000000000093
:102D40000000000000000000000000000000000083
:102D50000000000000000000000000000000000073
:102D60000000000000000000000000000000000063
:102D70000000000000000000000000000000000053
:102D80000000000000000000000000000000000043
:102D90000000000000000000000000000000000033
:102DA0000000000000000000000000000000000023
:102DB0000000000000000000000000000000000013
:102DC0000000000000000000000000000000000003
:102DD00000000000000000000000000000000000F3
:102DE00000000000000000000000000000000000E3
:102DF00000000000000000000000000000000000D3
:102E000000000000000000000000000000000000C2
:102E100000000000000000000000000000000000B2
:102E200000000000000000000000000000000000A2
:102E30000000000000000000000000000000000092
:102E40000000000000000000000000000000000082
:102E50000000000000000000000000000000000072
:102E60000000000000000000000000000000000062
:102E70000000000000000000000000000000000052
:102E80000000000000000000000000000000000042
:102E90000000000000000000000000000000000032
:102EA0000000000000000000000000000000000022
:102EB0000000000000000000000000000000000012
:102EC0000000000000000000000000000000000002
:102ED00000000000000000000000000000000000F2
:102EE00000000000000000000000000000000000E2
:102EF00000000000000000000000000000000000D2
:102F000000000000000000000000000000000000C1
:102F100000000000000000000000000000000000B1
:102F200000000000000000000000000000000000A1
:102F30000000000000000000000000000000000091
:102F40000000000000000000000000000000000081
:102F50000000000000000000000000000000000071
:102F60000000000000000000000000000000000061
:102F70000000000000000000000000000000000051
:102F80000000000000000000000000000000000041
:102F90000000000000000000000000000000000031
:102FA0000000000000000000000000000000000021
:102FB0000000000000000000000000000000000011
:102FC0000000000000000000000000000000000001
:102FD00000000000000000000000000000000000F1
:102FE00000000000000000000000000000000000E1
:102FF00000000000000000000000000000000000D1
:1030000000000000000000000000000000000000C0
:1030100000000000000000000000000000000000B0
:1030200000000000000000000000000000000000A0
:103030000000000000000000000000000000000090
:103040000000000000000000000000000000000080
:103050000000000000000000000000000000000070
:103060000000000000000000000000000000000060
:103070000000000000000000000000000000000050
:103080000000000000000000000000000000000040
:103090000000000000000000000000000000000030
:1030A0000000000000000000000000000000000020
:1030B0000000000000000000000000000000000010
:1030C0000000000000000000000000000000000000
:1030D00000000000000000000000000000000000F0
:1030E00000000000000000000000000000000000E0
:1030F00000000000000000000000000000000000D0
:1031000000000000000000000000000000000000BF
:1031100000000000000000000000000000000000AF
:10312000000000000000000000000000000000009F
:10313000000000000000000000000000000000008F
:10314000000000000000000000000000000000007F
:10315000000000000000000000000000000000006F
:10316000000000000000000000000000000000005F
:10317000000000000000000000000000000000004F
:10318000000000000000000000000000000000003F
:10319000000000000000000000000000000000002F
:1031A000000000000000000000000000000000001F
:1031B000000000000000000000000000000000000F
:1031C00000000000000000000000000000000000FF
:1031D00000000000000000000000000000000000EF
:1031E00000000000000000000000000000000000DF
:1031F00000000000000000000000000000000000CF
:1032000000000000000000000000000000000000BE
:1032100000000000000000000000000000000000AE
:10322000000000000000000000000000000000009E
:10323000000000000000000000000000000000008E
:10324000000000000000000000000000000000007E
:10325000000000000000000000000000000000006E
:10326000000000000000000000000000000000005E
:10327000000000000000000000000000000000004E
:10328000000000000000000000000000000000003E
:10329000000000000000000000000000000000002E
:1032A000000000000000000000000000000000001E
:1032B000000000000000000001000000000000000D
:1032C00000000000000000000000000000000000FE
:1032D00000000000000000000000000000000000EE
:1032E00000000000000000000000000000000000DE
:1032F00000000000000000000000000000000000CE
:1033000000000000000000000000000000000000BD
:1033100000000000000000000000000000000000AD
:10332000000000000000000000000000000000009D
:10333000000000000000000000000000000000008D
:10334000000000000000000000000000000000007D
:10335000000000000000000000000000000000006D
:10336000000000000000000000000000000000005D
:10337000000000000000000000000000000000004D
:10338000000000000000000000000000000000003D
:10339000000000000000000000000000000000002D
:1033A000000000000000000000000000000000001D
:1033B000000000000000000000000000000000000D
:1033C00000000000000000000000000000000000FD
:1033D00000000000000000000000000000000000ED
:1033E00000000000000000000000000000000000DD
:1033F00000000000000000000000000000000000CD
:1034000000000000000000000000000000000000BC
:1034100000000000000000000000000000000000AC
:10342000000000000000000000000000000000009C
:10343000000000000000000000000000000000008C
:10344000000000000000000000000000000000007C
:10345000000000000000000000000000000000006C
:10346000000000000000000000000000000000005C
:10347000000000000000000000000000000000004C
:10348000000000000000000000000000000000003C
:10349000000000000000000000000000000000002C
:1034A000000000000000000000000000000000001C
:1034B000000000000000000000000000000000000C
:1034C00000000000000000000000000000000000FC
:1034D00000000000000000000000000000000000EC
:1034E00000000000000000000000000000000000DC
:1034F00000000000000000000000000000000000CC
:1035000000000000000000000000000000000000BB
:1035100000000000000000000000000000000000AB
:10352000000000000000000000000000010000009A
:103530000100000001000000000000000000000089
:1035400084030000000000000000000000000000F4
:10355000000000000000000000000000000000006B
:10356000000000000000000000000000000000005B
:10357000000000000000000000000000000000004B
:10358000000000000000000000000000000000003B
:10359000000000000000000000000000000000002B
:1035A000000000000000000000000000000000001B
:1035B000000000000000000000000000000000000B
:1035C00000000000000000000000000000000000FB
:1035D00000000000000000000000000000000000EB
:1035E00000000000000000000000000000000000DB
:1035F00000000000000000000000000000000000CB
:1036000000000000000000000000000000000000BA
:1036100000000000000000000000000000000000AA
:10362000000000000000000000000000000000009A
:10363000000000000000000000000000000000008A
:10364000000000000000000000000000000000007A
:10365000000000000000000000000000000000006A
:10366000000000000000000000000000000000005A
:10367000000000000000000000000000000000004A
:10368000000000000000000000000000000000003A
:10369000000000000000000000000000000000002A
:1036A000000000000000000000000000000000001A
:1036B000000000000000000000000000000000000A
:1036C00000000000000000000000000000000000FA
:1036D00000000000000000000000000000000000EA
:1036E00000000000000000000000000000000000DA
:1036F00000000000000000000000000000000000CA
:1037000000000000000000000000000000000000B9
:1037100000000000000000000000000000000000A9
:103720000000000000000000000000000000000099
:103730000000000000000000000000000000000089
:103740000000000000000000000000000000000079
:103750000000000000000000000000000000000069
:103760000000000000000000000000000000000059
:103770000000000000000000000000000000000049
:103780000000000000000000000000000000000039
:103790000000000000000000000000000000000029
:1037A0000000000000000000000000000000000019
:1037B0000000000000000000000000000000000009
:1037C00000000000000000000000000000000000F9
:1037D00000000000000000000100000000000000E8
:1037E00000000000000000000000000000000000D9
:1037F00000000000000000000000000000FF0000CA
:1038000000000000000000000000000000000000B8
:1038100000000000000000000000000000000000A8
:103820000000000000000000000000000000000098
:103830000000000000000000000000000000000088
:103840000000000000000000000000000000000078
:103850000000000000000000000000000000000068
:103860000000000000000000000000000000000058
:103870000000000000000000000000000000000048
:103880000000000000000000010000000000000037
:103890000000000000000000000000000000000028
:1038A0000000000000000000000000000000000018
:1038B0000000000000000000010000000000000007
:1038C00000000000000000000000000000000000F8
:1038D00000000000000000000000000000000000E8
:1038E00001000000000000000000000000000000D7
:1038F0000000000000000000020100003075000020
:1039000004000100000000000000000000000000B2
:1039100000000000000000000000000000000000A7
:103920000000000000000000000000000000000097
:103930000000000000000000000000000000000087
:103940000000000000000000000000000000000077
:103950000000000000000000000000000000000067
:103960000000000000000000000000000000000057
:103970000000000000000000000000000000000047
:103980000000000000000000000000000000000037
:103990000000000000000000000000000000000027
:1039A0000000000000000000000000000000000017
:1039B0000000000000000000000000000000000007
:1039C00000000000000000000000000000000000F7
:1039D00000000000000000002912020000000000AA
:1039E00000000000000000000000000000000000D7
:1039F00000000000000000000000000000000000C7
:103A000000000000000000000000000000000000B6
:103A100000000000000000000000000000000000A6
:103A20000000000000000000000000000000000096
:103A30000000000000000000000000000000000086
:103A40000000000000000000000000000000000076
:103A50000000000000000000000000000000000066
:103A60003CDE030000000000000000000000000039
:103A70000000000000000000000000000000000046
:103A8000000000000000000000000000416E010086
:103A90000000000000010000000000000000000025
:103AA0000000000000000000000000000000000016
:103AB000000000000000000000000000670000009F
:103AC00000000000000000000000000000000000F6
:103AD00000000000000000000000000000000000E6
:103AE00000000000000000000000000000000000D6
:103AF00000000000000000000000000000000000C6
:103B000000000000000000000000000000000000B5
:103B100000000000000000000000000000000000A5
:103B20000000000000000000000000000000000095
:103B30000000000000000000000000000000000085
:103B40000000000000000000000000000000000075
:103B50000000000001000000000000000000000064
:103B60000000000000000000000000000000000055
:103B70000000000000000000000000000100000044
:103B80000000000000000000000000000000000035
:103B90000000000000000000000000000000000025
:103BA0000000000001000000000000000000000014
:103BB0000000000000000000000000000000000005
:103BC00000000000000000000000000001000000F4
:103BD00000000000000000000000000000000000E5
:103BE00000000000000000000000000000000000D5
:103BF00000000000010000000000000000000000C4
:103C000000000000000000000000000000000000B4
:103C100000000000000000000000000001000000A3
:103C20000000000000000000000000000000000094
:103C30000000000000000000000000000000000084
:103C40000000000001000000000000000000000073
:103C50000000000000000000000000000000000064
:103C60000000000000000000000000000100000053
:103C70000000000000000000000000000000000044
:103C80000000000000000000000000000000000034
:103C90000000000001000000000000000000000023
:103CA0000000000000000000000000000000000014
:103CB0000000000000000000000000000100000003
:103CC00000000000000000000000000000000000F4
:103CD00000000000000000000000000000000000E4
:103CE00000000000010000000000000000000000D3
:103CF00000000000000000000000000000000000C4
:103D000000000000000000000000000001000000B2
:103D100000000000000000000000000000000000A3
:103D20000000000000000000000000000000000093
:103D30000000000001000000000000000000000082
:103D40000000000000000000000000000000000073
:103D50000000000000000000000000000100000062
:103D60000000000000000000000000000000000053
:103D70000000000000000000000000000000000043
:103D80000000000001000000000000000000000032
:103D90000000000000000000000000000000000023
:103DA0000000000000000000000000000100000012
:103DB0000000000000000000000000000000000003
:103DC00000000000000000000000000000000000F3
:103DD00000000000010000000000000000000000E2
:103DE00000000000000000000000000000000000D3
:103DF00000000000000000000000000001000000C2
:103E000000000000000000000000000000000000B2
:103E100000000000000000000000000000000000A2
:103E20000000000001000000000000000000000091
:103E30000000000000000000000000000000000082
:103E40000000000000000000000000000100000071
:103E50000000000000000000000000000000000062
:103E60000000000000000000000000000000000052
:103E70000000000001000000000000000000000041
:103E80000000000000000000000000000000000032
:103E90000000000000000000000000000100000021
:103EA0000000000000000000000000000000000012
:103EB0000000000000000000000000000000000002
:103EC00000000000010000000000000000000000F1
:103ED00000000000000000000000000000000000E2
:103EE00000000000000000000000000001000000D1
:103EF00000000000000000000000000000000000C2
:103F000000000000000000000000000000000000B1
:103F100000000000010000000000000000000000A0
:103F20000000000000000000000000000000000091
:103F30000000000000000000000000000100000080
:103F40000000000000000000000000000000000071
:103F50000000000000000000000000000000000061
:103F60000000000001000000000000000000000050
:103F70000000000000000000000000000000000041
:103F80000000000000000000000000000100000030
:103F90000000000000000000000000000000000021
:103FA0000000000000000000000000000000000011
:103FB0000000000001000000000000000000000000
:103FC00000000000000000000000000000000000F1
:103FD00000000000000000000000000001000000E0
:103FE00000000000000000000000000000000000D1
:103FF00000000000000000000000000000000000C1
:1040000000000000010000000000000000000000AF
:1040100000000000000000000000000000000000A0
:10402000000000000000000000000000010000008F
:104030000000000000000000000000000000000080
:104040000000000000000000000000000000000070
:10405000000000000100000000000000000000005F
:104060000000000000000000000000000000000050
:10407000000000000000000000000000010000003F
:104080000000000000000000000000000000000030
:104090000000000000000000000000000000000020
:1040A000000000000100000000000000000000000F
:1040B0000000000000000000000000000000000000
:1040C00000000000000000000000000001000000EF
:1040D00000000000000000000000000000000000E0
:1040E00000000000000000000000000000000000D0
:1040F00000000000010000000000000000000000BF
:1041000000000000000000000000000000000000AF
:10411000000000000000000000000000010000009E
:10412000000000000000000000000000000000008F
:10413000000000000000000000000000000000007F
:10414000000000000100000000000000000000006E
:10415000000000000000000000000000000000005F
:10416000000000000000000000000000010000004E
:10417000000000000000000000000000000000003F
:10418000000000000000000000000000000000002F
:10419000000000000100000000000000000000001E
:1041A000000000000000000000000000000000000F
:1041B00000000000000000000000000001000000FE
:1041C00000000000000000000000000000000000EF
:1041D00000000000000000000000000000000000DF
:1041E00000000000010000000000000000000000CE
:1041F00000000000000000000000000000000000BF
:1042000000000000000000000000000001000000AD
:10421000000000000000000000000000000000009E
:10422000000000000000000000000000000000008E
:10423000000000000100000000000000000000007D
:10424000000000000000000000000000000000006E
:10425000000000000000000000000000010000005D
:10426000000000000000000000000000000000004E
:10427000000000000000000000000000000000003E
:10428000000000000100000000000000000000002D
:10429000000000000000000000000000000000001E
:1042A000000000000000000000000000010000000D
:1042B00000000000000000000000000000000000FE
:1042C00000000000000000000100000000000000ED
:1042D0000100000000000000FFFFFFFFFF000000E2
:1042E00001010600A000F000000000000000000036
:1042F00000000000000000000000000000000000BE
:1043000000000000000000000000000000000000AD
:10431000000000000000000000000000000000009D
:10432000000000000000000000000000000000008D
:10433000000000000000000000000000000000007D
:10434000000000000000000000000000000000006D
:10435000000000000000000000000000000000005D
:10436000000000000000000000000000000000004D
:10437000000000000000000000000000000000003D
:10438000000000000000000000000000000000002D
:1043900000000000A98D01000000000000000000E6
:1043A000010000000000000000000000000000000C
:1043B00000000000000000000000000000000000FD
:1043C00000000000000000000000000000000000ED
:1043D00000000000000000000000000001000000DC
:1043E0001C66012000000000000000001C0000000E
:1043F00000000000000000000000000000000000BD
:1044000000000000000000000000000000000000AC
:10441000000000000000000000000000000000009C
:10442000000000000000000000000000000000008C
:10443000000000000000000000000000000000007C
:10444000000000000000000000000000000000006C
:10445000000000000000000000000000000000005C
:10446000000000000000000000000000000000004C
:10447000000000000000000000000000000000003C
:10448000000000000000000000000000000000002C
:10449000000000000000000000000000000000001C
:1044A000000000000000000000000000000000000C
:1044B00000000000000000000000000000000000FC
:1044C00000000000000000000000000000000000EC
:1044D00000000000000000000000000000000000DC
:1044E00000000000000000000000000000000000CC
:1044F00000000000000000000000000000000000BC
:1045000000000000000000000000000000000000AB
:10451000000000000000000000000000000000009B
:1045200000000000F81D0020000000000000000056
:10453000000000000000000064260020302500205C
:10454000000000000000000000000000000000006B
:104550000000000000000000FD3B03000000000020
:1045600000000000AC110400000012000000000078
:10457000000000000000000000000000000000003B
:1045800000000000FD3B03000000000000000000F0
:10459000BC11040000001200173F030070F203007A
:1045A000D011040000000200DC1104000000020031
:1045B000E811040000000200F411040000000200F1
:1045C00000120400000002000C12040000000200AF
:1045D00020120400000002002C120400000002005F
:1045E0003812040000000A004C1204000000080009
:1045F000581204000000020000000000000000004B
:1046000000000000000000000000000000000000AA
:1046100061EC0100000000000000000068120400CE
:10462000000010000000000000000000000000007A
:10463000000000000000000000000000D150030056
:1046400000000000000000008412040000001200BE
:10465000000000008557030000000000000000007B
:10466000301F0020301F002000000000000000006C
:104670000E00000000C0105000000000000000000C
:10468000000000000000000000000000000000002A
:10469000000000000000000000000000000000001A
:1046A000000000000000000000000000000000000A
:1046B00000000000000000000000000000000000FA
:1046C00000000000000000000000000000000000EA
:1046D00000000000000000000000000000000000DA
:1046E00000000000000000000001000000A00D50CC
:1046F00000000000000000000000000000000000BA
:1047000000000000000000000000000000000000A9
:104710000000000000000000000000000000000099
:104720000000000000000000000000000000000089
:104730000000000000000000000000000000000079
:104740000000000000000000000000000000000069
:104750000000000000000000000000000000000059
:1047600000000000000000006D03020000000000D7
:1047700000000000000000003513020000000000EF
:1047800000000000000000002D08020000000000F2
:1047900000000000000000002D26020000000000C4
:1047A00000000000000000002925020000000000B9
:1047B0000000000000000000352D02000000000095
:1047C0000000000000000000CD29020000000000F1
:1047D00000000000C13E0200554702009176030030
:1047E00000000000000000007D420200257503006B
:1047F000AF750300F53B0200000000000000000060
:104800004D45020000000000000000001782030078
:10481000000000000000000000000000A0120400E2
:1048200000000200AC12040000000A00BC120400E8
:104830000000200000000000000000000000000058
:104840000000000000000000000000000000000068
:10485000557E0300000000002821002028210020B0
:1048600000000000000000000E0000003C210020BD
:104870003C2100207D7C02000000000000C20100FD
:104880000001030060210020000000000000000083
:104890000000000000000000DD7601202000000084
:1048A00000000000958F020000000000FF000000E3
:1048B0000080105000000000000000000000000018
:1048C00000000000000000000000000000000000E8
:1048D00000000000000000000000000000000000D8
:1048E000000000000000000000000000BC210020CB
:1048F000BC21002000000000010000000090D00357
:10490000FF0000000F00000078FA030004DE03003F
:10491000B4260020882500208C260020A86E0120C7
:1049200000C201001304000071020000FC210020FD
:10493000FC210020042200200422002000000000AE
:10494000000000000E000000000000001C220020FB
:104950001C22002000000000000000000E000000EB
:10496000000000003422002034220020000000005B
:10497000000000000E000000000000004C2200209B
:104980004C22002000000000000000000E0000008B
:1049900000000000EBBF0300E7BF030067742000C6
:1049A000EC2500203C26002014260020B027002003
:1049B000A027002000260020282600200100010159
:1049C00001000000000000000000000000000000E6
:1049D00000000000000000000000000000000000D7
:1049E00000000000000000000000000000000000C7
:1049F00000000000000000000000000000000001B6
:104A000001000000000000000000000000000000A5
:104A10000000000000000000000000000000000096
:104A20000000000000000000000000000000000086
:104A30000000000000000000000000000000000076
:104A40000000000000000000000000000000000066
:104A50000000000000000000000000000000000056
:104A60000000000000000000000000000000000046
:104A70000000000000000000000000000000000036
:104A80000001010100000000000000000000000023
:104A90000000000000000000000000000000000016
:104AA0000000000000000000000000000000000006
:104AB00000000000000000000000000000000000F6
:104AC00000000101000000000000000000000000E4
:104AD00000000000000000000000000000000000D6
:104AE00000000000000000000000000000000000C6
:104AF00000000000000000000000000000000000B6
:104B000000000000000000000000000000000000A5
:104B10000000000000000000000000000000000095
:104B20000000000000000000000000000000000085
:104B30000000000000000000000000000000000075
:104B400000000000302E332E300000000000000076
:104B50000000000000000000000000000000000055
:104B600000000000004E553534444B0000000000AA
:104B70000000000000000000000000000000000035
:104B8000000000000000302E332E30000000000036
:104B90000000000000000000000000000000000015
:104BA00000000000000000554E5345540000000076
:104BB00000000000000000000000000000000000F5
:104BC00000000000000000004E55434F4445000027
:104BD00000000000000000000000000000000000D5
:104BE0000000000000000000004E553534444B002A
:104BF00000000000000000000000000000000000B5
:0C4C000000000000000000000000640143
:104C0C000000000000000000000000000000000098
:044C1C000000000094
:104C2000F0240020F024002000000000A452022004
:104C3000000000000200000028000000000000004A
:104C40001025002010250020000000006800022030
:104C50000000000002000000A800000000000000AA
:104C60003025002030250020000000003C470220B5
:104C7000000000000100000024000000000000000F
:104C8000502500205025002000000000F452022092
:104C900000000000030000001C00000000000000F5
:104CA00000000000F8360220441000000000000060
:084CB0000000000000000000FC
:104CB8008825002088250020000000000000000052
:104CC8000E0000009C2500209C250020000000000C
:104CD800000000000E000000B0250020B0250020D4
:104CE80000000000000000000E000000C4250020A5
:104CF800C425002000000000000000000E00000095
:104D0800D8250020D8250020000000000000000061
:104D18000E000000EC250020EC250020000000001B
:104D2800000000000E0000000026002000260020E1
:104D380000000000000000000E0000001426002003
:104D48001426002000000000000000000E000000F3
:104D5800282600202826002000000000000000006F
:104D68000E0000003C2600203C2600200000000029
:104D7800000000000E0000005026002050260020F1
:104D880000000000000000000E0000006426002063
:104D98006426002000000000000000000E00000053
:104DA800782600207826002000000000000000007F
:104DB8000E0000008C2600208C2600200000000039
:104DC800000000000E000000A0260020A026002001
:0C4DD80000000000000000000E000000C1
:104DE400B4260020B42600200000000001000000CA
:104DF40080000000C866022048670220C8660220BE
:104E0400C86602200000000000000000E026002028
:104E1400E026002000000000300000002000000018
:104E240098790120987F01209879012098790120B0
:104E340000000000000000000C2700200C270020C8
:104E4400000000002802000020000000987F0120DC
:104E540098C40120987F0120987F01200000000061
:104E64000000000038270020382700200000000040
:104E7400380100001000000048530220C8660220D8
:104E840048530220485302200000000000000000A4
:104E94006427002064270020000000002000000098
:104EA4001800000098C4012098C7012098C401206C
:0C4EB40098C40120000000000000000075
:104EC000902700209027002000000000FFFFFFFF38
:104ED000A0270020A0270020000000000000000004
:104EE000B0270020B02700200000000000000000D4
:104EF000000000000000000000000000CC2700209F
:044F0000CC2700209A
:104F0400000000000000000000000000E027002076
:104F1400E027002000000300030010000000000050
:104F2400C0F60300D0500220000000000000000082
:104F340000000000082800200828002000000300CA
:104F4400030010004D3C0200DCF703002C52022049
:104F540000000000000000000000000030280020D5
:104F640030280020000003000300000000000000BF
:104F7400B8F503001C4D02200000000000000000F2
:104F840000000000582800205828002000000200DB
:104F940002001000E9280200ACF60300A04F022032
:104FA4000000000000000000000000008028002035
:104FB400802800200000030003000000000000001F
:104FC40098F60300584F0220000000000000000083
:104FD40000000000A8280020A828002000000D00E0
:104FE4000D0004000D060200A4F50300244B02206A
:104FF400000000000000000000000000D028002095
:10500400D028002000000100010000000000000082
:08501400CCF50300684E0220F8
:04501C0015E015E0A6
:040000031000F6CD26
:00000001FF
