2026-09-07 12:52:47,905 - twister - INFO - Using Ninja..
2026-09-07 12:52:48,342 - twister - INFO - Zephyr version: ncs-v3.4.0
2026-09-07 12:52:48,391 - twister - DEBUG - Running cmake script C:\ncs\v3.4.0\zephyr\cmake\verify-toolchain.cmake
2026-09-07 12:52:48,400 - twister - DEBUG - Calling cmake: ['C:\\ncs\\toolchains\\dcbdc366a1\\opt\\bin\\cmake.EXE', '-DFORMAT=json', '-P', 'C:\\ncs\\v3.4.0\\zephyr\\cmake\\verify-toolchain.cmake']
2026-09-07 12:52:49,634 - twister - DEBUG - Finished running C:\ncs\v3.4.0\zephyr\cmake\verify-toolchain.cmake
2026-09-07 12:52:49,634 - twister - INFO - Using 'zephyr/gnu' toolchain variant.
2026-09-07 12:52:51,213 - twister - DEBUG - Reading testsuite configuration files under C:\Users\eidos\GitHub\NU54DK_Arduino_Core\tests\zephyr\m3_runtime...
2026-09-07 12:52:51,220 - twister - DEBUG - Found possible testsuite in C:\Users\eidos\GitHub\NU54DK_Arduino_Core\tests\zephyr\m3_runtime
2026-09-07 12:52:51,220 - twister - DEBUG - Reading testsuite configuration files under C:\Users\eidos\GitHub\NU54DK_Arduino_Core\tests\zephyr\m4_api_contract...
2026-09-07 12:52:51,220 - twister - DEBUG - Found possible testsuite in C:\Users\eidos\GitHub\NU54DK_Arduino_Core\tests\zephyr\m4_api_contract
2026-09-07 12:52:51,229 - twister - DEBUG - Reading testsuite configuration files under C:\Users\eidos\GitHub\NU54DK_Arduino_Core\tests\zephyr\m6_core_api...
2026-09-07 12:52:51,229 - twister - DEBUG - Found possible testsuite in C:\Users\eidos\GitHub\NU54DK_Arduino_Core\tests\zephyr\m6_core_api
2026-09-07 12:52:51,229 - twister - DEBUG - Reading testsuite configuration files under C:\Users\eidos\GitHub\NU54DK_Arduino_Core\tests\zephyr\m7_core_api...
2026-09-07 12:52:51,229 - twister - DEBUG - Found possible testsuite in C:\Users\eidos\GitHub\NU54DK_Arduino_Core\tests\zephyr\m7_core_api
2026-09-07 12:52:51,237 - twister - DEBUG - Reading testsuite configuration files under C:\Users\eidos\GitHub\NU54DK_Arduino_Core\tests\zephyr\m14_core_contract...
2026-09-07 12:52:51,237 - twister - DEBUG - Found possible testsuite in C:\Users\eidos\GitHub\NU54DK_Arduino_Core\tests\zephyr\m14_core_contract
2026-09-07 12:52:51,237 - twister - DEBUG - Reading testsuite configuration files under C:\Users\eidos\GitHub\NU54DK_Arduino_Core\tests\zephyr\m14_variant_contract...
2026-09-07 12:52:51,237 - twister - DEBUG - Found possible testsuite in C:\Users\eidos\GitHub\NU54DK_Arduino_Core\tests\zephyr\m14_variant_contract
2026-09-07 12:52:51,237 - twister - DEBUG - Reading testsuite configuration files under C:\Users\eidos\GitHub\NU54DK_Arduino_Core\tests\zephyr\m14_pin_hil...
2026-09-07 12:52:51,244 - twister - DEBUG - Found possible testsuite in C:\Users\eidos\GitHub\NU54DK_Arduino_Core\tests\zephyr\m14_pin_hil
2026-09-07 12:52:51,245 - twister - DEBUG - Reading testsuite configuration files under C:\Users\eidos\GitHub\NU54DK_Arduino_Core\tests\zephyr\m15_board...
2026-09-07 12:52:51,245 - twister - DEBUG - Found possible testsuite in C:\Users\eidos\GitHub\NU54DK_Arduino_Core\tests\zephyr\m15_board
2026-09-07 12:52:51,246 - twister - DEBUG - Reading testsuite configuration files under C:\Users\eidos\GitHub\NU54DK_Arduino_Core\tests\zephyr\m15_hil...
2026-09-07 12:52:51,246 - twister - DEBUG - Found possible testsuite in C:\Users\eidos\GitHub\NU54DK_Arduino_Core\tests\zephyr\m15_hil
2026-09-07 12:52:51,246 - twister - DEBUG - Reading testsuite configuration files under C:\Users\eidos\GitHub\NU54DK_Arduino_Core\tests\zephyr\m15_wake...
2026-09-07 12:52:51,246 - twister - DEBUG - Found possible testsuite in C:\Users\eidos\GitHub\NU54DK_Arduino_Core\tests\zephyr\m15_wake
2026-09-07 12:52:51,254 - twister - DEBUG - Reading testsuite configuration files under C:\Users\eidos\GitHub\NU54DK_Arduino_Core\tests\zephyr\m16_ble_contract...
2026-09-07 12:52:51,254 - twister - DEBUG - Found possible testsuite in C:\Users\eidos\GitHub\NU54DK_Arduino_Core\tests\zephyr\m16_ble_contract
2026-09-07 12:52:51,254 - twister - DEBUG - Reading testsuite configuration files under C:\Users\eidos\GitHub\NU54DK_Arduino_Core\tests\zephyr\m16_ble_hil...
2026-09-07 12:52:51,254 - twister - DEBUG - Found possible testsuite in C:\Users\eidos\GitHub\NU54DK_Arduino_Core\tests\zephyr\m16_ble_hil
2026-09-07 12:52:51,263 - twister - DEBUG - Reading testsuite configuration files under C:\Users\eidos\GitHub\NU54DK_Arduino_Core\tests\zephyr\m16_ble_hil...
2026-09-07 12:52:51,263 - twister - DEBUG - Found possible testsuite in C:\Users\eidos\GitHub\NU54DK_Arduino_Core\tests\zephyr\m16_ble_hil
2026-09-07 12:52:51,263 - twister - DEBUG - Skip - test suite 'nucode.m16.ble_hil_peripheral' in 'C:\Users\eidos\GitHub\NU54DK_Arduino_Core\tests\zephyr\m16_ble_hil' is already added
2026-09-07 12:52:51,263 - twister - DEBUG - Skip - test suite 'nucode.m16.ble_hil_central' in 'C:\Users\eidos\GitHub\NU54DK_Arduino_Core\tests\zephyr\m16_ble_hil' is already added
2026-09-07 12:52:51,263 - twister - DEBUG - Reading testsuite configuration files under C:\Users\eidos\GitHub\NU54DK_Arduino_Core\tests\zephyr\m17_sensor_direct...
2026-09-07 12:52:51,263 - twister - DEBUG - Found possible testsuite in C:\Users\eidos\GitHub\NU54DK_Arduino_Core\tests\zephyr\m17_sensor_direct
2026-09-07 12:52:51,263 - twister - DEBUG - Reading testsuite configuration files under C:\Users\eidos\GitHub\NU54DK_Arduino_Core\tests\zephyr\m19_ble_gap_contract...
2026-09-07 12:52:51,263 - twister - DEBUG - Found possible testsuite in C:\Users\eidos\GitHub\NU54DK_Arduino_Core\tests\zephyr\m19_ble_gap_contract
2026-09-07 12:52:51,271 - twister - DEBUG - Reading testsuite configuration files under C:\Users\eidos\GitHub\NU54DK_Arduino_Core\tests\zephyr\m19_ble_gap_hil...
2026-09-07 12:52:51,271 - twister - DEBUG - Found possible testsuite in C:\Users\eidos\GitHub\NU54DK_Arduino_Core\tests\zephyr\m19_ble_gap_hil
2026-09-07 12:52:51,271 - twister - DEBUG - Reading testsuite configuration files under C:\Users\eidos\GitHub\NU54DK_Arduino_Core\tests\zephyr\m19_ble_gap_hil...
2026-09-07 12:52:51,271 - twister - DEBUG - Found possible testsuite in C:\Users\eidos\GitHub\NU54DK_Arduino_Core\tests\zephyr\m19_ble_gap_hil
2026-09-07 12:52:51,271 - twister - DEBUG - Skip - test suite 'nucode.m19.ble_gap_hil_peripheral' in 'C:\Users\eidos\GitHub\NU54DK_Arduino_Core\tests\zephyr\m19_ble_gap_hil' is already added
2026-09-07 12:52:51,279 - twister - DEBUG - Skip - test suite 'nucode.m19.ble_gap_hil_central' in 'C:\Users\eidos\GitHub\NU54DK_Arduino_Core\tests\zephyr\m19_ble_gap_hil' is already added
2026-09-07 12:52:51,279 - twister - DEBUG - Reading testsuite configuration files under C:\Users\eidos\GitHub\NU54DK_Arduino_Core\tests\zephyr\m20_ble_gatt_contract...
2026-09-07 12:52:51,279 - twister - DEBUG - Found possible testsuite in C:\Users\eidos\GitHub\NU54DK_Arduino_Core\tests\zephyr\m20_ble_gatt_contract
2026-09-07 12:52:51,279 - twister - DEBUG - Reading testsuite configuration files under C:\Users\eidos\GitHub\NU54DK_Arduino_Core\tests\zephyr\m20_ble_gatt_hil...
2026-09-07 12:52:51,279 - twister - DEBUG - Found possible testsuite in C:\Users\eidos\GitHub\NU54DK_Arduino_Core\tests\zephyr\m20_ble_gatt_hil
2026-09-07 12:52:51,279 - twister - DEBUG - Reading testsuite configuration files under C:\Users\eidos\GitHub\NU54DK_Arduino_Core\tests\zephyr\m20_ble_gatt_hil...
2026-09-07 12:52:51,279 - twister - DEBUG - Found possible testsuite in C:\Users\eidos\GitHub\NU54DK_Arduino_Core\tests\zephyr\m20_ble_gatt_hil
2026-09-07 12:52:51,289 - twister - DEBUG - Skip - test suite 'nucode.m20.ble_gatt_hil_peripheral' in 'C:\Users\eidos\GitHub\NU54DK_Arduino_Core\tests\zephyr\m20_ble_gatt_hil' is already added
2026-09-07 12:52:51,290 - twister - DEBUG - Skip - test suite 'nucode.m20.ble_gatt_hil_central' in 'C:\Users\eidos\GitHub\NU54DK_Arduino_Core\tests\zephyr\m20_ble_gatt_hil' is already added
2026-09-07 12:52:51,291 - twister - DEBUG - Reading testsuite configuration files under C:\Users\eidos\GitHub\NU54DK_Arduino_Core\tests\zephyr\m21_ble_contract...
2026-09-07 12:52:51,291 - twister - DEBUG - Found possible testsuite in C:\Users\eidos\GitHub\NU54DK_Arduino_Core\tests\zephyr\m21_ble_contract
2026-09-07 12:52:51,293 - twister - DEBUG - Reading testsuite configuration files under C:\Users\eidos\GitHub\NU54DK_Arduino_Core\tests\zephyr\m21_ble_hil...
2026-09-07 12:52:51,293 - twister - DEBUG - Found possible testsuite in C:\Users\eidos\GitHub\NU54DK_Arduino_Core\tests\zephyr\m21_ble_hil
2026-09-07 12:52:51,299 - twister - DEBUG - Reading testsuite configuration files under C:\Users\eidos\GitHub\NU54DK_Arduino_Core\tests\zephyr\m21_ble_hil...
2026-09-07 12:52:51,299 - twister - DEBUG - Found possible testsuite in C:\Users\eidos\GitHub\NU54DK_Arduino_Core\tests\zephyr\m21_ble_hil
2026-09-07 12:52:51,303 - twister - DEBUG - Skip - test suite 'nucode.m21.ble_security_hil_peripheral' in 'C:\Users\eidos\GitHub\NU54DK_Arduino_Core\tests\zephyr\m21_ble_hil' is already added
2026-09-07 12:52:51,304 - twister - DEBUG - Skip - test suite 'nucode.m21.ble_security_hil_central' in 'C:\Users\eidos\GitHub\NU54DK_Arduino_Core\tests\zephyr\m21_ble_hil' is already added
2026-09-07 12:52:51,304 - twister - DEBUG - Reading testsuite configuration files under C:\Users\eidos\GitHub\NU54DK_Arduino_Core\tests\zephyr\m21_ble_board_contract...
2026-09-07 12:52:51,304 - twister - DEBUG - Found possible testsuite in C:\Users\eidos\GitHub\NU54DK_Arduino_Core\tests\zephyr\m21_ble_board_contract
2026-09-07 12:52:51,307 - twister - DEBUG - Reading testsuite configuration files under C:\Users\eidos\GitHub\NU54DK_Arduino_Core\tests\zephyr\ac01_contract...
2026-09-07 12:52:51,307 - twister - DEBUG - Found possible testsuite in C:\Users\eidos\GitHub\NU54DK_Arduino_Core\tests\zephyr\ac01_contract
2026-09-07 12:52:51,309 - twister - DEBUG - Reading testsuite configuration files under C:\Users\eidos\GitHub\NU54DK_Arduino_Core\tests\zephyr\ac01_hil...
2026-09-07 12:52:51,309 - twister - DEBUG - Found possible testsuite in C:\Users\eidos\GitHub\NU54DK_Arduino_Core\tests\zephyr\ac01_hil
2026-09-07 12:52:51,310 - twister - DEBUG - Reading testsuite configuration files under C:\Users\eidos\GitHub\NU54DK_Arduino_Core\tests\zephyr\ac02a_ownership_contract...
2026-09-07 12:52:51,310 - twister - DEBUG - Found possible testsuite in C:\Users\eidos\GitHub\NU54DK_Arduino_Core\tests\zephyr\ac02a_ownership_contract
2026-09-07 12:52:51,314 - twister - DEBUG - Reading testsuite configuration files under C:\Users\eidos\GitHub\NU54DK_Arduino_Core\tests\zephyr\ac02b_b2_contract...
2026-09-07 12:52:51,314 - twister - DEBUG - Found possible testsuite in C:\Users\eidos\GitHub\NU54DK_Arduino_Core\tests\zephyr\ac02b_b2_contract
2026-09-07 12:52:51,317 - twister - DEBUG - Reading testsuite configuration files under C:\Users\eidos\GitHub\NU54DK_Arduino_Core\tests\zephyr\ac02b_analog_contract...
2026-09-07 12:52:51,317 - twister - DEBUG - Found possible testsuite in C:\Users\eidos\GitHub\NU54DK_Arduino_Core\tests\zephyr\ac02b_analog_contract
2026-09-07 12:52:51,317 - twister - DEBUG - Reading testsuite configuration files under C:\Users\eidos\GitHub\NU54DK_Arduino_Core\tests\zephyr\ac02b_hil_dut...
2026-09-07 12:52:51,320 - twister - DEBUG - Found possible testsuite in C:\Users\eidos\GitHub\NU54DK_Arduino_Core\tests\zephyr\ac02b_hil_dut
2026-09-07 12:52:51,321 - twister - DEBUG - Reading testsuite configuration files under C:\Users\eidos\GitHub\NU54DK_Arduino_Core\tests\zephyr\ac02b_hil_peer...
2026-09-07 12:52:51,321 - twister - DEBUG - Found possible testsuite in C:\Users\eidos\GitHub\NU54DK_Arduino_Core\tests\zephyr\ac02b_hil_peer
2026-09-07 12:52:51,321 - twister - DEBUG - Reading testsuite configuration files under C:\Users\eidos\GitHub\NU54DK_Arduino_Core\tests\zephyr\ac03_storage_contract...
2026-09-07 12:52:51,321 - twister - DEBUG - Found possible testsuite in C:\Users\eidos\GitHub\NU54DK_Arduino_Core\tests\zephyr\ac03_storage_contract
2026-09-07 12:52:51,329 - twister - DEBUG - Reading testsuite configuration files under C:\Users\eidos\GitHub\NU54DK_Arduino_Core\tests\zephyr\ac03_hil...
2026-09-07 12:52:51,329 - twister - DEBUG - Found possible testsuite in C:\Users\eidos\GitHub\NU54DK_Arduino_Core\tests\zephyr\ac03_hil
2026-09-07 12:52:51,329 - twister - DEBUG - Reading testsuite configuration files under C:\Users\eidos\GitHub\NU54DK_Arduino_Core\tests\zephyr\r01_serial...
2026-09-07 12:52:51,329 - twister - DEBUG - Found possible testsuite in C:\Users\eidos\GitHub\NU54DK_Arduino_Core\tests\zephyr\r01_serial
2026-09-07 12:52:51,338 - twister - DEBUG - Reading testsuite configuration files under C:\Users\eidos\GitHub\NU54DK_Arduino_Core\tests\zephyr\r01_serial...
2026-09-07 12:52:51,338 - twister - DEBUG - Found possible testsuite in C:\Users\eidos\GitHub\NU54DK_Arduino_Core\tests\zephyr\r01_serial
2026-09-07 12:52:51,338 - twister - DEBUG - Skip - test suite 'nucode.r01.none' in 'C:\Users\eidos\GitHub\NU54DK_Arduino_Core\tests\zephyr\r01_serial' is already added
2026-09-07 12:52:51,338 - twister - DEBUG - Skip - test suite 'nucode.r01.uarte' in 'C:\Users\eidos\GitHub\NU54DK_Arduino_Core\tests\zephyr\r01_serial' is already added
2026-09-07 12:52:51,338 - twister - DEBUG - Skip - test suite 'nucode.r01.spim' in 'C:\Users\eidos\GitHub\NU54DK_Arduino_Core\tests\zephyr\r01_serial' is already added
2026-09-07 12:52:51,338 - twister - DEBUG - Skip - test suite 'nucode.r01.spis' in 'C:\Users\eidos\GitHub\NU54DK_Arduino_Core\tests\zephyr\r01_serial' is already added
2026-09-07 12:52:51,338 - twister - DEBUG - Skip - test suite 'nucode.r01.twim' in 'C:\Users\eidos\GitHub\NU54DK_Arduino_Core\tests\zephyr\r01_serial' is already added
2026-09-07 12:52:51,338 - twister - DEBUG - Skip - test suite 'nucode.r01.twis' in 'C:\Users\eidos\GitHub\NU54DK_Arduino_Core\tests\zephyr\r01_serial' is already added
2026-09-07 12:52:51,338 - twister - DEBUG - Skip - test suite 'nucode.r01.all' in 'C:\Users\eidos\GitHub\NU54DK_Arduino_Core\tests\zephyr\r01_serial' is already added
2026-09-07 12:52:51,338 - twister - DEBUG - Reading testsuite configuration files under C:\Users\eidos\GitHub\NU54DK_Arduino_Core\tests\zephyr\r01_serial...
2026-09-07 12:52:51,338 - twister - DEBUG - Found possible testsuite in C:\Users\eidos\GitHub\NU54DK_Arduino_Core\tests\zephyr\r01_serial
2026-09-07 12:52:51,346 - twister - DEBUG - Skip - test suite 'nucode.r01.none' in 'C:\Users\eidos\GitHub\NU54DK_Arduino_Core\tests\zephyr\r01_serial' is already added
2026-09-07 12:52:51,346 - twister - DEBUG - Skip - test suite 'nucode.r01.uarte' in 'C:\Users\eidos\GitHub\NU54DK_Arduino_Core\tests\zephyr\r01_serial' is already added
2026-09-07 12:52:51,346 - twister - DEBUG - Skip - test suite 'nucode.r01.spim' in 'C:\Users\eidos\GitHub\NU54DK_Arduino_Core\tests\zephyr\r01_serial' is already added
2026-09-07 12:52:51,346 - twister - DEBUG - Skip - test suite 'nucode.r01.spis' in 'C:\Users\eidos\GitHub\NU54DK_Arduino_Core\tests\zephyr\r01_serial' is already added
2026-09-07 12:52:51,346 - twister - DEBUG - Skip - test suite 'nucode.r01.twim' in 'C:\Users\eidos\GitHub\NU54DK_Arduino_Core\tests\zephyr\r01_serial' is already added
2026-09-07 12:52:51,346 - twister - DEBUG - Skip - test suite 'nucode.r01.twis' in 'C:\Users\eidos\GitHub\NU54DK_Arduino_Core\tests\zephyr\r01_serial' is already added
2026-09-07 12:52:51,346 - twister - DEBUG - Skip - test suite 'nucode.r01.all' in 'C:\Users\eidos\GitHub\NU54DK_Arduino_Core\tests\zephyr\r01_serial' is already added
2026-09-07 12:52:51,346 - twister - DEBUG - Reading testsuite configuration files under C:\Users\eidos\GitHub\NU54DK_Arduino_Core\tests\zephyr\r01_serial...
2026-09-07 12:52:51,346 - twister - DEBUG - Found possible testsuite in C:\Users\eidos\GitHub\NU54DK_Arduino_Core\tests\zephyr\r01_serial
2026-09-07 12:52:51,346 - twister - DEBUG - Skip - test suite 'nucode.r01.none' in 'C:\Users\eidos\GitHub\NU54DK_Arduino_Core\tests\zephyr\r01_serial' is already added
2026-09-07 12:52:51,346 - twister - DEBUG - Skip - test suite 'nucode.r01.uarte' in 'C:\Users\eidos\GitHub\NU54DK_Arduino_Core\tests\zephyr\r01_serial' is already added
2026-09-07 12:52:51,346 - twister - DEBUG - Skip - test suite 'nucode.r01.spim' in 'C:\Users\eidos\GitHub\NU54DK_Arduino_Core\tests\zephyr\r01_serial' is already added
2026-09-07 12:52:51,346 - twister - DEBUG - Skip - test suite 'nucode.r01.spis' in 'C:\Users\eidos\GitHub\NU54DK_Arduino_Core\tests\zephyr\r01_serial' is already added
2026-09-07 12:52:51,346 - twister - DEBUG - Skip - test suite 'nucode.r01.twim' in 'C:\Users\eidos\GitHub\NU54DK_Arduino_Core\tests\zephyr\r01_serial' is already added
2026-09-07 12:52:51,346 - twister - DEBUG - Skip - test suite 'nucode.r01.twis' in 'C:\Users\eidos\GitHub\NU54DK_Arduino_Core\tests\zephyr\r01_serial' is already added
2026-09-07 12:52:51,346 - twister - DEBUG - Skip - test suite 'nucode.r01.all' in 'C:\Users\eidos\GitHub\NU54DK_Arduino_Core\tests\zephyr\r01_serial' is already added
2026-09-07 12:52:51,346 - twister - DEBUG - Reading testsuite configuration files under C:\Users\eidos\GitHub\NU54DK_Arduino_Core\tests\zephyr\r01_serial...
2026-09-07 12:52:51,346 - twister - DEBUG - Found possible testsuite in C:\Users\eidos\GitHub\NU54DK_Arduino_Core\tests\zephyr\r01_serial
2026-09-07 12:52:51,355 - twister - DEBUG - Skip - test suite 'nucode.r01.none' in 'C:\Users\eidos\GitHub\NU54DK_Arduino_Core\tests\zephyr\r01_serial' is already added
2026-09-07 12:52:51,355 - twister - DEBUG - Skip - test suite 'nucode.r01.uarte' in 'C:\Users\eidos\GitHub\NU54DK_Arduino_Core\tests\zephyr\r01_serial' is already added
2026-09-07 12:52:51,355 - twister - DEBUG - Skip - test suite 'nucode.r01.spim' in 'C:\Users\eidos\GitHub\NU54DK_Arduino_Core\tests\zephyr\r01_serial' is already added
2026-09-07 12:52:51,355 - twister - DEBUG - Skip - test suite 'nucode.r01.spis' in 'C:\Users\eidos\GitHub\NU54DK_Arduino_Core\tests\zephyr\r01_serial' is already added
2026-09-07 12:52:51,355 - twister - DEBUG - Skip - test suite 'nucode.r01.twim' in 'C:\Users\eidos\GitHub\NU54DK_Arduino_Core\tests\zephyr\r01_serial' is already added
2026-09-07 12:52:51,355 - twister - DEBUG - Skip - test suite 'nucode.r01.twis' in 'C:\Users\eidos\GitHub\NU54DK_Arduino_Core\tests\zephyr\r01_serial' is already added
2026-09-07 12:52:51,355 - twister - DEBUG - Skip - test suite 'nucode.r01.all' in 'C:\Users\eidos\GitHub\NU54DK_Arduino_Core\tests\zephyr\r01_serial' is already added
2026-09-07 12:52:51,355 - twister - DEBUG - Reading testsuite configuration files under C:\Users\eidos\GitHub\NU54DK_Arduino_Core\tests\zephyr\r01_serial...
2026-09-07 12:52:51,355 - twister - DEBUG - Found possible testsuite in C:\Users\eidos\GitHub\NU54DK_Arduino_Core\tests\zephyr\r01_serial
2026-09-07 12:52:51,355 - twister - DEBUG - Skip - test suite 'nucode.r01.none' in 'C:\Users\eidos\GitHub\NU54DK_Arduino_Core\tests\zephyr\r01_serial' is already added
2026-09-07 12:52:51,355 - twister - DEBUG - Skip - test suite 'nucode.r01.uarte' in 'C:\Users\eidos\GitHub\NU54DK_Arduino_Core\tests\zephyr\r01_serial' is already added
2026-09-07 12:52:51,355 - twister - DEBUG - Skip - test suite 'nucode.r01.spim' in 'C:\Users\eidos\GitHub\NU54DK_Arduino_Core\tests\zephyr\r01_serial' is already added
2026-09-07 12:52:51,362 - twister - DEBUG - Skip - test suite 'nucode.r01.spis' in 'C:\Users\eidos\GitHub\NU54DK_Arduino_Core\tests\zephyr\r01_serial' is already added
2026-09-07 12:52:51,363 - twister - DEBUG - Skip - test suite 'nucode.r01.twim' in 'C:\Users\eidos\GitHub\NU54DK_Arduino_Core\tests\zephyr\r01_serial' is already added
2026-09-07 12:52:51,363 - twister - DEBUG - Skip - test suite 'nucode.r01.twis' in 'C:\Users\eidos\GitHub\NU54DK_Arduino_Core\tests\zephyr\r01_serial' is already added
2026-09-07 12:52:51,363 - twister - DEBUG - Skip - test suite 'nucode.r01.all' in 'C:\Users\eidos\GitHub\NU54DK_Arduino_Core\tests\zephyr\r01_serial' is already added
2026-09-07 12:52:51,363 - twister - DEBUG - Reading testsuite configuration files under C:\Users\eidos\GitHub\NU54DK_Arduino_Core\tests\zephyr\r01_serial...
2026-09-07 12:52:51,363 - twister - DEBUG - Found possible testsuite in C:\Users\eidos\GitHub\NU54DK_Arduino_Core\tests\zephyr\r01_serial
2026-09-07 12:52:51,363 - twister - DEBUG - Skip - test suite 'nucode.r01.none' in 'C:\Users\eidos\GitHub\NU54DK_Arduino_Core\tests\zephyr\r01_serial' is already added
2026-09-07 12:52:51,363 - twister - DEBUG - Skip - test suite 'nucode.r01.uarte' in 'C:\Users\eidos\GitHub\NU54DK_Arduino_Core\tests\zephyr\r01_serial' is already added
2026-09-07 12:52:51,363 - twister - DEBUG - Skip - test suite 'nucode.r01.spim' in 'C:\Users\eidos\GitHub\NU54DK_Arduino_Core\tests\zephyr\r01_serial' is already added
2026-09-07 12:52:51,363 - twister - DEBUG - Skip - test suite 'nucode.r01.spis' in 'C:\Users\eidos\GitHub\NU54DK_Arduino_Core\tests\zephyr\r01_serial' is already added
2026-09-07 12:52:51,363 - twister - DEBUG - Skip - test suite 'nucode.r01.twim' in 'C:\Users\eidos\GitHub\NU54DK_Arduino_Core\tests\zephyr\r01_serial' is already added
2026-09-07 12:52:51,363 - twister - DEBUG - Skip - test suite 'nucode.r01.twis' in 'C:\Users\eidos\GitHub\NU54DK_Arduino_Core\tests\zephyr\r01_serial' is already added
2026-09-07 12:52:51,363 - twister - DEBUG - Skip - test suite 'nucode.r01.all' in 'C:\Users\eidos\GitHub\NU54DK_Arduino_Core\tests\zephyr\r01_serial' is already added
2026-09-07 12:52:51,363 - twister - DEBUG - Reading testsuite configuration files under C:\Users\eidos\GitHub\NU54DK_Arduino_Core\tests\zephyr\v04_pair_hil...
2026-09-07 12:52:51,363 - twister - DEBUG - Found possible testsuite in C:\Users\eidos\GitHub\NU54DK_Arduino_Core\tests\zephyr\v04_pair_hil
2026-09-07 12:52:51,374 - twister - DEBUG - Reading testsuite configuration files under C:\Users\eidos\GitHub\NU54DK_Arduino_Core\tests\zephyr\v04_pair_hil...
2026-09-07 12:52:51,374 - twister - DEBUG - Found possible testsuite in C:\Users\eidos\GitHub\NU54DK_Arduino_Core\tests\zephyr\v04_pair_hil
2026-09-07 12:52:51,383 - twister - DEBUG - Skip - test suite 'nucode.v04.pair_dut' in 'C:\Users\eidos\GitHub\NU54DK_Arduino_Core\tests\zephyr\v04_pair_hil' is already added
2026-09-07 12:52:51,383 - twister - DEBUG - Skip - test suite 'nucode.v04.pair_peer' in 'C:\Users\eidos\GitHub\NU54DK_Arduino_Core\tests\zephyr\v04_pair_hil' is already added
2026-09-07 12:52:51,383 - twister - DEBUG - Reading testsuite configuration files under C:\Users\eidos\GitHub\NU54DK_Arduino_Core\tests\zephyr\m23_inventory_contract...
2026-09-07 12:52:51,383 - twister - DEBUG - Found possible testsuite in C:\Users\eidos\GitHub\NU54DK_Arduino_Core\tests\zephyr\m23_inventory_contract
2026-09-07 12:52:51,387 - twister - DEBUG - Reading testsuite configuration files under C:\Users\eidos\GitHub\NU54DK_Arduino_Core\tests\zephyr\m24_serial_fabric_contract...
2026-09-07 12:52:51,387 - twister - DEBUG - Found possible testsuite in C:\Users\eidos\GitHub\NU54DK_Arduino_Core\tests\zephyr\m24_serial_fabric_contract
2026-09-07 12:52:51,388 - twister - DEBUG - Reading testsuite configuration files under C:\Users\eidos\GitHub\NU54DK_Arduino_Core\tests\zephyr\m24_uarte_driver_contract...
2026-09-07 12:52:51,388 - twister - DEBUG - Found possible testsuite in C:\Users\eidos\GitHub\NU54DK_Arduino_Core\tests\zephyr\m24_uarte_driver_contract
2026-09-07 12:52:51,391 - twister - DEBUG - Reading testsuite configuration files under C:\Users\eidos\GitHub\NU54DK_Arduino_Core\tests\zephyr\m24_spi_driver_contract...
2026-09-07 12:52:51,391 - twister - DEBUG - Found possible testsuite in C:\Users\eidos\GitHub\NU54DK_Arduino_Core\tests\zephyr\m24_spi_driver_contract
2026-09-07 12:52:51,393 - twister - DEBUG - Reading testsuite configuration files under C:\Users\eidos\GitHub\NU54DK_Arduino_Core\tests\zephyr\m24_twi_driver_contract...
2026-09-07 12:52:51,393 - twister - DEBUG - Found possible testsuite in C:\Users\eidos\GitHub\NU54DK_Arduino_Core\tests\zephyr\m24_twi_driver_contract
2026-09-07 12:52:51,396 - twister - DEBUG - Reading testsuite configuration files under C:\Users\eidos\GitHub\NU54DK_Arduino_Core\tests\zephyr\m24_uarte_onboard_hil...
2026-09-07 12:52:51,396 - twister - DEBUG - Found possible testsuite in C:\Users\eidos\GitHub\NU54DK_Arduino_Core\tests\zephyr\m24_uarte_onboard_hil
2026-09-07 12:52:51,396 - twister - DEBUG - Reading testsuite configuration files under C:\Users\eidos\GitHub\NU54DK_Arduino_Core\tests\zephyr\m24_uarte_onboard_hil...
2026-09-07 12:52:51,396 - twister - DEBUG - Found possible testsuite in C:\Users\eidos\GitHub\NU54DK_Arduino_Core\tests\zephyr\m24_uarte_onboard_hil
2026-09-07 12:52:51,396 - twister - DEBUG - Skip - test suite 'nucode.m24.uarte20_hil' in 'C:\Users\eidos\GitHub\NU54DK_Arduino_Core\tests\zephyr\m24_uarte_onboard_hil' is already added
2026-09-07 12:52:51,396 - twister - DEBUG - Skip - test suite 'nucode.m24.uarte21_hil' in 'C:\Users\eidos\GitHub\NU54DK_Arduino_Core\tests\zephyr\m24_uarte_onboard_hil' is already added
2026-09-07 12:52:51,396 - twister - DEBUG - Skip - test suite 'nucode.m24.uarte22_hil' in 'C:\Users\eidos\GitHub\NU54DK_Arduino_Core\tests\zephyr\m24_uarte_onboard_hil' is already added
2026-09-07 12:52:51,396 - twister - DEBUG - Skip - test suite 'nucode.m24.uarte30_hil' in 'C:\Users\eidos\GitHub\NU54DK_Arduino_Core\tests\zephyr\m24_uarte_onboard_hil' is already added
2026-09-07 12:52:51,396 - twister - DEBUG - Reading testsuite configuration files under C:\Users\eidos\GitHub\NU54DK_Arduino_Core\tests\zephyr\m24_uarte_onboard_hil...
2026-09-07 12:52:51,396 - twister - DEBUG - Found possible testsuite in C:\Users\eidos\GitHub\NU54DK_Arduino_Core\tests\zephyr\m24_uarte_onboard_hil
2026-09-07 12:52:51,404 - twister - DEBUG - Skip - test suite 'nucode.m24.uarte20_hil' in 'C:\Users\eidos\GitHub\NU54DK_Arduino_Core\tests\zephyr\m24_uarte_onboard_hil' is already added
2026-09-07 12:52:51,404 - twister - DEBUG - Skip - test suite 'nucode.m24.uarte21_hil' in 'C:\Users\eidos\GitHub\NU54DK_Arduino_Core\tests\zephyr\m24_uarte_onboard_hil' is already added
2026-09-07 12:52:51,404 - twister - DEBUG - Skip - test suite 'nucode.m24.uarte22_hil' in 'C:\Users\eidos\GitHub\NU54DK_Arduino_Core\tests\zephyr\m24_uarte_onboard_hil' is already added
2026-09-07 12:52:51,404 - twister - DEBUG - Skip - test suite 'nucode.m24.uarte30_hil' in 'C:\Users\eidos\GitHub\NU54DK_Arduino_Core\tests\zephyr\m24_uarte_onboard_hil' is already added
2026-09-07 12:52:51,404 - twister - DEBUG - Reading testsuite configuration files under C:\Users\eidos\GitHub\NU54DK_Arduino_Core\tests\zephyr\m24_uarte_onboard_hil...
2026-09-07 12:52:51,404 - twister - DEBUG - Found possible testsuite in C:\Users\eidos\GitHub\NU54DK_Arduino_Core\tests\zephyr\m24_uarte_onboard_hil
2026-09-07 12:52:51,404 - twister - DEBUG - Skip - test suite 'nucode.m24.uarte20_hil' in 'C:\Users\eidos\GitHub\NU54DK_Arduino_Core\tests\zephyr\m24_uarte_onboard_hil' is already added
2026-09-07 12:52:51,404 - twister - DEBUG - Skip - test suite 'nucode.m24.uarte21_hil' in 'C:\Users\eidos\GitHub\NU54DK_Arduino_Core\tests\zephyr\m24_uarte_onboard_hil' is already added
2026-09-07 12:52:51,404 - twister - DEBUG - Skip - test suite 'nucode.m24.uarte22_hil' in 'C:\Users\eidos\GitHub\NU54DK_Arduino_Core\tests\zephyr\m24_uarte_onboard_hil' is already added
2026-09-07 12:52:51,404 - twister - DEBUG - Skip - test suite 'nucode.m24.uarte30_hil' in 'C:\Users\eidos\GitHub\NU54DK_Arduino_Core\tests\zephyr\m24_uarte_onboard_hil' is already added
2026-09-07 12:52:51,404 - twister - DEBUG - Reading testsuite configuration files under C:\Users\eidos\GitHub\NU54DK_Arduino_Core\tests\zephyr\m24_twim_onboard_hil...
2026-09-07 12:52:51,404 - twister - DEBUG - Found possible testsuite in C:\Users\eidos\GitHub\NU54DK_Arduino_Core\tests\zephyr\m24_twim_onboard_hil
2026-09-07 12:52:51,413 - twister - DEBUG - Reading testsuite configuration files under C:\Users\eidos\GitHub\NU54DK_Arduino_Core\tests\zephyr\m24_twim_onboard_hil...
2026-09-07 12:52:51,413 - twister - DEBUG - Found possible testsuite in C:\Users\eidos\GitHub\NU54DK_Arduino_Core\tests\zephyr\m24_twim_onboard_hil
2026-09-07 12:52:51,415 - twister - DEBUG - Skip - test suite 'nucode.m24.twim20_hil' in 'C:\Users\eidos\GitHub\NU54DK_Arduino_Core\tests\zephyr\m24_twim_onboard_hil' is already added
2026-09-07 12:52:51,415 - twister - DEBUG - Skip - test suite 'nucode.m24.twim21_hil' in 'C:\Users\eidos\GitHub\NU54DK_Arduino_Core\tests\zephyr\m24_twim_onboard_hil' is already added
2026-09-07 12:52:51,416 - twister - DEBUG - Skip - test suite 'nucode.m24.twim22_hil' in 'C:\Users\eidos\GitHub\NU54DK_Arduino_Core\tests\zephyr\m24_twim_onboard_hil' is already added
2026-09-07 12:52:51,416 - twister - DEBUG - Reading testsuite configuration files under C:\Users\eidos\GitHub\NU54DK_Arduino_Core\tests\zephyr\m24_twim_onboard_hil...
2026-09-07 12:52:51,416 - twister - DEBUG - Found possible testsuite in C:\Users\eidos\GitHub\NU54DK_Arduino_Core\tests\zephyr\m24_twim_onboard_hil
2026-09-07 12:52:51,418 - twister - DEBUG - Skip - test suite 'nucode.m24.twim20_hil' in 'C:\Users\eidos\GitHub\NU54DK_Arduino_Core\tests\zephyr\m24_twim_onboard_hil' is already added
2026-09-07 12:52:51,418 - twister - DEBUG - Skip - test suite 'nucode.m24.twim21_hil' in 'C:\Users\eidos\GitHub\NU54DK_Arduino_Core\tests\zephyr\m24_twim_onboard_hil' is already added
2026-09-07 12:52:51,418 - twister - DEBUG - Skip - test suite 'nucode.m24.twim22_hil' in 'C:\Users\eidos\GitHub\NU54DK_Arduino_Core\tests\zephyr\m24_twim_onboard_hil' is already added
2026-09-07 12:52:51,419 - twister - DEBUG - Reading testsuite configuration files under C:\Users\eidos\GitHub\NU54DK_Arduino_Core\tests\zephyr\m25_analog_fabric_contract...
2026-09-07 12:52:51,419 - twister - DEBUG - Found possible testsuite in C:\Users\eidos\GitHub\NU54DK_Arduino_Core\tests\zephyr\m25_analog_fabric_contract
2026-09-07 12:52:51,420 - twister - DEBUG - Reading testsuite configuration files under C:\Users\eidos\GitHub\NU54DK_Arduino_Core\tests\zephyr\m25_event_fabric_contract...
2026-09-07 12:52:51,421 - twister - DEBUG - Found possible testsuite in C:\Users\eidos\GitHub\NU54DK_Arduino_Core\tests\zephyr\m25_event_fabric_contract
2026-09-07 12:52:51,423 - twister - DEBUG - Reading testsuite configuration files under C:\Users\eidos\GitHub\NU54DK_Arduino_Core\tests\zephyr\m25_stream_fabric_contract...
2026-09-07 12:52:51,423 - twister - DEBUG - Found possible testsuite in C:\Users\eidos\GitHub\NU54DK_Arduino_Core\tests\zephyr\m25_stream_fabric_contract
2026-09-07 12:52:51,425 - twister - DEBUG - Reading testsuite configuration files under C:\Users\eidos\GitHub\NU54DK_Arduino_Core\tests\zephyr\m25_onboard_hil...
2026-09-07 12:52:51,425 - twister - DEBUG - Found possible testsuite in C:\Users\eidos\GitHub\NU54DK_Arduino_Core\tests\zephyr\m25_onboard_hil
2026-09-07 12:52:51,426 - twister - DEBUG - Reading testsuite configuration files under C:\Users\eidos\GitHub\NU54DK_Arduino_Core\tests\zephyr\m25_nojumper_hil...
2026-09-07 12:52:51,426 - twister - DEBUG - Found possible testsuite in C:\Users\eidos\GitHub\NU54DK_Arduino_Core\tests\zephyr\m25_nojumper_hil
2026-09-07 12:52:51,429 - twister - DEBUG - Reading testsuite configuration files under C:\Users\eidos\GitHub\NU54DK_Arduino_Core\tests\zephyr\m26_system_fabric_contract...
2026-09-07 12:52:51,429 - twister - DEBUG - Found possible testsuite in C:\Users\eidos\GitHub\NU54DK_Arduino_Core\tests\zephyr\m26_system_fabric_contract
2026-09-07 12:52:51,429 - twister - DEBUG - Reading testsuite configuration files under C:\Users\eidos\GitHub\NU54DK_Arduino_Core\tests\zephyr\m26_onboard_hil...
2026-09-07 12:52:51,429 - twister - DEBUG - Found possible testsuite in C:\Users\eidos\GitHub\NU54DK_Arduino_Core\tests\zephyr\m26_onboard_hil
2026-09-07 12:52:51,429 - twister - DEBUG - No duplicates found.
2026-09-07 12:52:51,429 - twister - DEBUG -  platform filter: ['nrf54l15dk/nrf54l15/cpuapp/nu54dk']
2026-09-07 12:52:51,429 - twister - DEBUG - platform_pattern: []
2026-09-07 12:52:51,429 - twister - DEBUG -    vendor filter: []
2026-09-07 12:52:51,429 - twister - DEBUG -      arch_filter: None
2026-09-07 12:52:51,429 - twister - DEBUG -       tag_filter: None
2026-09-07 12:52:51,429 - twister - DEBUG -      exclude_tag: None
2026-09-07 12:52:51,429 - twister - DEBUG - Checking platform filter: ['nrf54l15dk/nrf54l15/cpuapp/nu54dk']
2026-09-07 12:52:51,429 - twister - INFO - Building initial testsuite list...
2026-09-07 12:52:51,472 - twister - INFO - Built testsuite list in 0.04 seconds
2026-09-07 12:52:51,472 - twister - INFO - Writing JSON report C:\u4p\testplan.json
2026-09-07 12:52:52,192 - twister - INFO - Adding tasks to the queue...
2026-09-07 12:52:52,192 - twister - DEBUG - adding nrf54l15dk/nrf54l15/cpuapp/nu54dk\zephyr/gnu\nucode.m3.runtime
2026-09-07 12:52:52,192 - twister - DEBUG - adding nrf54l15dk/nrf54l15/cpuapp/nu54dk\zephyr/gnu\nucode.m4.api_contract
2026-09-07 12:52:52,192 - twister - DEBUG - adding nrf54l15dk/nrf54l15/cpuapp/nu54dk\zephyr/gnu\nucode.m6.core_api
2026-09-07 12:52:52,192 - twister - DEBUG - adding nrf54l15dk/nrf54l15/cpuapp/nu54dk\zephyr/gnu\nucode.m7.core_api
2026-09-07 12:52:52,192 - twister - DEBUG - adding nrf54l15dk/nrf54l15/cpuapp/nu54dk\zephyr/gnu\nucode.m14.core_contract
2026-09-07 12:52:52,199 - twister - DEBUG - adding nrf54l15dk/nrf54l15/cpuapp/nu54dk\zephyr/gnu\nucode.m14.variant_contract
2026-09-07 12:52:52,199 - twister - DEBUG - adding nrf54l15dk/nrf54l15/cpuapp/nu54dk\zephyr/gnu\nucode.m14.pin_hil
2026-09-07 12:52:52,200 - twister - DEBUG - adding nrf54l15dk/nrf54l15/cpuapp/nu54dk\zephyr/gnu\nucode.m15.board
2026-09-07 12:52:52,200 - twister - DEBUG - adding nrf54l15dk/nrf54l15/cpuapp/nu54dk\zephyr/gnu\nucode.m15.auto_hil
2026-09-07 12:52:52,200 - twister - DEBUG - adding nrf54l15dk/nrf54l15/cpuapp/nu54dk\zephyr/gnu\nucode.m15.wake
2026-09-07 12:52:52,200 - twister - DEBUG - adding nrf54l15dk/nrf54l15/cpuapp/nu54dk\zephyr/gnu\nucode.m16.ble_contract
2026-09-07 12:52:52,200 - twister - DEBUG - adding nrf54l15dk/nrf54l15/cpuapp/nu54dk\zephyr/gnu\nucode.m16.ble_hil_peripheral
2026-09-07 12:52:52,200 - twister - DEBUG - adding nrf54l15dk/nrf54l15/cpuapp/nu54dk\zephyr/gnu\nucode.m16.ble_hil_central
2026-09-07 12:52:52,200 - twister - DEBUG - adding nrf54l15dk/nrf54l15/cpuapp/nu54dk\zephyr/gnu\nucode.m17.sensor_direct
2026-09-07 12:52:52,200 - twister - DEBUG - adding nrf54l15dk/nrf54l15/cpuapp/nu54dk\zephyr/gnu\nucode.m19.ble_gap_contract
2026-09-07 12:52:52,200 - twister - DEBUG - adding nrf54l15dk/nrf54l15/cpuapp/nu54dk\zephyr/gnu\nucode.m19.ble_gap_hil_peripheral
2026-09-07 12:52:52,200 - twister - DEBUG - adding nrf54l15dk/nrf54l15/cpuapp/nu54dk\zephyr/gnu\nucode.m19.ble_gap_hil_central
2026-09-07 12:52:52,200 - twister - DEBUG - adding nrf54l15dk/nrf54l15/cpuapp/nu54dk\zephyr/gnu\nucode.m20.ble_gatt_contract
2026-09-07 12:52:52,200 - twister - DEBUG - adding nrf54l15dk/nrf54l15/cpuapp/nu54dk\zephyr/gnu\nucode.m20.ble_gatt_hil_peripheral
2026-09-07 12:52:52,200 - twister - DEBUG - adding nrf54l15dk/nrf54l15/cpuapp/nu54dk\zephyr/gnu\nucode.m20.ble_gatt_hil_central
2026-09-07 12:52:52,200 - twister - DEBUG - adding nrf54l15dk/nrf54l15/cpuapp/nu54dk\zephyr/gnu\nucode.m21.ble_security_contract
2026-09-07 12:52:52,200 - twister - DEBUG - adding nrf54l15dk/nrf54l15/cpuapp/nu54dk\zephyr/gnu\nucode.m21.ble_security_hil_peripheral
2026-09-07 12:52:52,200 - twister - DEBUG - adding nrf54l15dk/nrf54l15/cpuapp/nu54dk\zephyr/gnu\nucode.m21.ble_security_hil_central
2026-09-07 12:52:52,200 - twister - DEBUG - adding nrf54l15dk/nrf54l15/cpuapp/nu54dk\zephyr/gnu\nucode.m21.ble_board_contract
2026-09-07 12:52:52,200 - twister - DEBUG - adding nrf54l15dk/nrf54l15/cpuapp/nu54dk\zephyr/gnu\nucode.ac01.contract
2026-09-07 12:52:52,200 - twister - DEBUG - adding nrf54l15dk/nrf54l15/cpuapp/nu54dk\zephyr/gnu\nucode.ac01.gpio_hil
2026-09-07 12:52:52,200 - twister - DEBUG - adding nrf54l15dk/nrf54l15/cpuapp/nu54dk\zephyr/gnu\nucode.ac02a.ownership_contract
2026-09-07 12:52:52,200 - twister - DEBUG - adding nrf54l15dk/nrf54l15/cpuapp/nu54dk\zephyr/gnu\nucode.ac02b.b2_contract
2026-09-07 12:52:52,200 - twister - DEBUG - adding nrf54l15dk/nrf54l15/cpuapp/nu54dk\zephyr/gnu\nucode.ac02b.analog_contract
2026-09-07 12:52:52,200 - twister - DEBUG - adding nrf54l15dk/nrf54l15/cpuapp/nu54dk\zephyr/gnu\nucode.ac02b.hil_dut
2026-09-07 12:52:52,200 - twister - DEBUG - adding nrf54l15dk/nrf54l15/cpuapp/nu54dk\zephyr/gnu\nucode.ac02b.hil_peer
2026-09-07 12:52:52,200 - twister - DEBUG - adding nrf54l15dk/nrf54l15/cpuapp/nu54dk\zephyr/gnu\nucode.ac03.storage_contract
2026-09-07 12:52:52,200 - twister - DEBUG - adding nrf54l15dk/nrf54l15/cpuapp/nu54dk\zephyr/gnu\nucode.ac03.storage_hil
2026-09-07 12:52:52,200 - twister - DEBUG - adding nrf54l15dk/nrf54l15/cpuapp/nu54dk\zephyr/gnu\nucode.r01.none
2026-09-07 12:52:52,208 - twister - DEBUG - adding nrf54l15dk/nrf54l15/cpuapp/nu54dk\zephyr/gnu\nucode.r01.uarte
2026-09-07 12:52:52,208 - twister - DEBUG - adding nrf54l15dk/nrf54l15/cpuapp/nu54dk\zephyr/gnu\nucode.r01.spim
2026-09-07 12:52:52,209 - twister - DEBUG - adding nrf54l15dk/nrf54l15/cpuapp/nu54dk\zephyr/gnu\nucode.r01.spis
2026-09-07 12:52:52,209 - twister - DEBUG - adding nrf54l15dk/nrf54l15/cpuapp/nu54dk\zephyr/gnu\nucode.r01.twim
2026-09-07 12:52:52,209 - twister - DEBUG - adding nrf54l15dk/nrf54l15/cpuapp/nu54dk\zephyr/gnu\nucode.r01.twis
2026-09-07 12:52:52,209 - twister - DEBUG - adding nrf54l15dk/nrf54l15/cpuapp/nu54dk\zephyr/gnu\nucode.r01.all
2026-09-07 12:52:52,209 - twister - DEBUG - adding nrf54l15dk/nrf54l15/cpuapp/nu54dk\zephyr/gnu\nucode.v04.pair_dut
2026-09-07 12:52:52,209 - twister - DEBUG - adding nrf54l15dk/nrf54l15/cpuapp/nu54dk\zephyr/gnu\nucode.v04.pair_peer
2026-09-07 12:52:52,209 - twister - DEBUG - adding nrf54l15dk/nrf54l15/cpuapp/nu54dk\zephyr/gnu\nucode.m23.inventory_contract
2026-09-07 12:52:52,209 - twister - DEBUG - adding nrf54l15dk/nrf54l15/cpuapp/nu54dk\zephyr/gnu\nucode.m24.fabric
2026-09-07 12:52:52,209 - twister - DEBUG - adding nrf54l15dk/nrf54l15/cpuapp/nu54dk\zephyr/gnu\nucode.m24.uarte
2026-09-07 12:52:52,209 - twister - DEBUG - adding nrf54l15dk/nrf54l15/cpuapp/nu54dk\zephyr/gnu\nucode.m24.spi
2026-09-07 12:52:52,209 - twister - DEBUG - adding nrf54l15dk/nrf54l15/cpuapp/nu54dk\zephyr/gnu\nucode.m24.twi
2026-09-07 12:52:52,209 - twister - DEBUG - adding nrf54l15dk/nrf54l15/cpuapp/nu54dk\zephyr/gnu\nucode.m24.uarte20_hil
2026-09-07 12:52:52,209 - twister - DEBUG - adding nrf54l15dk/nrf54l15/cpuapp/nu54dk\zephyr/gnu\nucode.m24.uarte21_hil
2026-09-07 12:52:52,209 - twister - DEBUG - adding nrf54l15dk/nrf54l15/cpuapp/nu54dk\zephyr/gnu\nucode.m24.uarte22_hil
2026-09-07 12:52:52,209 - twister - DEBUG - adding nrf54l15dk/nrf54l15/cpuapp/nu54dk\zephyr/gnu\nucode.m24.uarte30_hil
2026-09-07 12:52:52,209 - twister - DEBUG - adding nrf54l15dk/nrf54l15/cpuapp/nu54dk\zephyr/gnu\nucode.m24.twim20_hil
2026-09-07 12:52:52,209 - twister - DEBUG - adding nrf54l15dk/nrf54l15/cpuapp/nu54dk\zephyr/gnu\nucode.m24.twim21_hil
2026-09-07 12:52:52,209 - twister - DEBUG - adding nrf54l15dk/nrf54l15/cpuapp/nu54dk\zephyr/gnu\nucode.m24.twim22_hil
2026-09-07 12:52:52,209 - twister - DEBUG - adding nrf54l15dk/nrf54l15/cpuapp/nu54dk\zephyr/gnu\nucode.m25.analog
2026-09-07 12:52:52,209 - twister - DEBUG - adding nrf54l15dk/nrf54l15/cpuapp/nu54dk\zephyr/gnu\nucode.m25.event
2026-09-07 12:52:52,209 - twister - DEBUG - adding nrf54l15dk/nrf54l15/cpuapp/nu54dk\zephyr/gnu\nucode.m25.stream
2026-09-07 12:52:52,209 - twister - DEBUG - adding nrf54l15dk/nrf54l15/cpuapp/nu54dk\zephyr/gnu\nucode.m25.onboard_hil
2026-09-07 12:52:52,209 - twister - DEBUG - adding nrf54l15dk/nrf54l15/cpuapp/nu54dk\zephyr/gnu\nucode.m25.nojumper_hil
2026-09-07 12:52:52,209 - twister - DEBUG - adding nrf54l15dk/nrf54l15/cpuapp/nu54dk\zephyr/gnu\nucode.m26.system
2026-09-07 12:52:52,209 - twister - DEBUG - adding nrf54l15dk/nrf54l15/cpuapp/nu54dk\zephyr/gnu\nucode.m26.onboard_hil
2026-09-07 12:52:52,209 - twister - INFO - Added initial list of jobs to queue
2026-09-07 12:52:52,911 - twister - DEBUG - Running cmake on C:\Users\eidos\GitHub\NU54DK_Arduino_Core\tests\zephyr\m26_onboard_hil for nrf54l15dk/nrf54l15/cpuapp/nu54dk
2026-09-07 12:52:52,911 - twister - DEBUG - Building C:\Users\eidos\GitHub\NU54DK_Arduino_Core\tests\zephyr\m26_onboard_hil using sysbuild
2026-09-07 12:52:52,911 - twister - DEBUG - Calling cmake: ['C:\\ncs\\toolchains\\dcbdc366a1\\opt\\bin\\cmake.EXE', '-BC:\\u4p\\nrf54l15dk_nrf54l15_cpuapp_nu54dk\\zephyr_gnu\\nucode.m26.onboard_hil', '-DTC_RUNID=30de1fb271c737ce63d2a43bd8a18d82', '-DTC_NAME=nucode.m26.onboard_hil', '-DSB_CONFIG_COMPILER_WARNINGS_AS_ERRORS=y', '-DEXTRA_GEN_EDT_ARGS=--edtlib-Werror', '-GNinja', '-DPython3_EXECUTABLE=C:/ncs/toolchains/dcbdc366a1/opt/bin/python.exe', '-DZEPHYR_TOOLCHAIN_VARIANT=zephyr/gnu', '-SC:\\ncs\\v3.4.0\\zephyr/share/sysbuild', '-DAPP_DIR=C:\\Users\\eidos\\GitHub\\NU54DK_Arduino_Core\\tests\\zephyr\\m26_onboard_hil', '-DBOARD_ROOT=C:/Users/eidos/GitHub/NU54DK_Arduino_Core/board_package/NU54DK_Zephyr_DTS', '-DEXTRA_ZEPHYR_MODULES=C:/Users/eidos/GitHub/NU54DK_Arduino_Core', '-DUSE_CCACHE=0', '-DBOARD=nrf54l15dk/nrf54l15/cpuapp/nu54dk']
2026-09-07 12:52:53,672 - twister - DEBUG - Running cmake on C:\Users\eidos\GitHub\NU54DK_Arduino_Core\tests\zephyr\m26_system_fabric_contract for nrf54l15dk/nrf54l15/cpuapp/nu54dk
2026-09-07 12:52:53,672 - twister - DEBUG - Building C:\Users\eidos\GitHub\NU54DK_Arduino_Core\tests\zephyr\m26_system_fabric_contract using sysbuild
2026-09-07 12:52:53,674 - twister - DEBUG - Calling cmake: ['C:\\ncs\\toolchains\\dcbdc366a1\\opt\\bin\\cmake.EXE', '-BC:\\u4p\\nrf54l15dk_nrf54l15_cpuapp_nu54dk\\zephyr_gnu\\nucode.m26.system', '-DTC_RUNID=9db66c3b58494532a9a6c5e230860813', '-DTC_NAME=nucode.m26.system', '-DSB_CONFIG_COMPILER_WARNINGS_AS_ERRORS=y', '-DEXTRA_GEN_EDT_ARGS=--edtlib-Werror', '-GNinja', '-DPython3_EXECUTABLE=C:/ncs/toolchains/dcbdc366a1/opt/bin/python.exe', '-DZEPHYR_TOOLCHAIN_VARIANT=zephyr/gnu', '-SC:\\ncs\\v3.4.0\\zephyr/share/sysbuild', '-DAPP_DIR=C:\\Users\\eidos\\GitHub\\NU54DK_Arduino_Core\\tests\\zephyr\\m26_system_fabric_contract', '-DBOARD_ROOT=C:/Users/eidos/GitHub/NU54DK_Arduino_Core/board_package/NU54DK_Zephyr_DTS', '-DEXTRA_ZEPHYR_MODULES=C:/Users/eidos/GitHub/NU54DK_Arduino_Core', '-DUSE_CCACHE=0', '-DBOARD=nrf54l15dk/nrf54l15/cpuapp/nu54dk']
2026-09-07 12:52:54,518 - twister - DEBUG - Running cmake on C:\Users\eidos\GitHub\NU54DK_Arduino_Core\tests\zephyr\m25_nojumper_hil for nrf54l15dk/nrf54l15/cpuapp/nu54dk
2026-09-07 12:52:54,518 - twister - DEBUG - Building C:\Users\eidos\GitHub\NU54DK_Arduino_Core\tests\zephyr\m25_nojumper_hil using sysbuild
2026-09-07 12:52:54,518 - twister - DEBUG - Calling cmake: ['C:\\ncs\\toolchains\\dcbdc366a1\\opt\\bin\\cmake.EXE', '-BC:\\u4p\\nrf54l15dk_nrf54l15_cpuapp_nu54dk\\zephyr_gnu\\nucode.m25.nojumper_hil', '-DTC_RUNID=34da8fa00c9a1ba79b1d328a9a48c27a', '-DTC_NAME=nucode.m25.nojumper_hil', '-DSB_CONFIG_COMPILER_WARNINGS_AS_ERRORS=y', '-DEXTRA_GEN_EDT_ARGS=--edtlib-Werror', '-GNinja', '-DPython3_EXECUTABLE=C:/ncs/toolchains/dcbdc366a1/opt/bin/python.exe', '-DZEPHYR_TOOLCHAIN_VARIANT=zephyr/gnu', '-SC:\\ncs\\v3.4.0\\zephyr/share/sysbuild', '-DAPP_DIR=C:\\Users\\eidos\\GitHub\\NU54DK_Arduino_Core\\tests\\zephyr\\m25_nojumper_hil', '-DBOARD_ROOT=C:/Users/eidos/GitHub/NU54DK_Arduino_Core/board_package/NU54DK_Zephyr_DTS', '-DEXTRA_ZEPHYR_MODULES=C:/Users/eidos/GitHub/NU54DK_Arduino_Core', '-DUSE_CCACHE=0', '-DBOARD=nrf54l15dk/nrf54l15/cpuapp/nu54dk']
2026-09-07 12:52:55,406 - twister - DEBUG - Running cmake on C:\Users\eidos\GitHub\NU54DK_Arduino_Core\tests\zephyr\m25_onboard_hil for nrf54l15dk/nrf54l15/cpuapp/nu54dk
2026-09-07 12:52:55,406 - twister - DEBUG - Building C:\Users\eidos\GitHub\NU54DK_Arduino_Core\tests\zephyr\m25_onboard_hil using sysbuild
2026-09-07 12:52:55,414 - twister - DEBUG - Calling cmake: ['C:\\ncs\\toolchains\\dcbdc366a1\\opt\\bin\\cmake.EXE', '-BC:\\u4p\\nrf54l15dk_nrf54l15_cpuapp_nu54dk\\zephyr_gnu\\nucode.m25.onboard_hil', '-DTC_RUNID=4c80c1ea593f73f72c15dc511e8dce62', '-DTC_NAME=nucode.m25.onboard_hil', '-DSB_CONFIG_COMPILER_WARNINGS_AS_ERRORS=y', '-DEXTRA_GEN_EDT_ARGS=--edtlib-Werror', '-GNinja', '-DPython3_EXECUTABLE=C:/ncs/toolchains/dcbdc366a1/opt/bin/python.exe', '-DZEPHYR_TOOLCHAIN_VARIANT=zephyr/gnu', '-SC:\\ncs\\v3.4.0\\zephyr/share/sysbuild', '-DAPP_DIR=C:\\Users\\eidos\\GitHub\\NU54DK_Arduino_Core\\tests\\zephyr\\m25_onboard_hil', '-DBOARD_ROOT=C:/Users/eidos/GitHub/NU54DK_Arduino_Core/board_package/NU54DK_Zephyr_DTS', '-DEXTRA_ZEPHYR_MODULES=C:/Users/eidos/GitHub/NU54DK_Arduino_Core', '-DUSE_CCACHE=0', '-DBOARD=nrf54l15dk/nrf54l15/cpuapp/nu54dk']
2026-09-07 12:52:56,405 - twister - DEBUG - Running cmake on C:\Users\eidos\GitHub\NU54DK_Arduino_Core\tests\zephyr\m25_stream_fabric_contract for nrf54l15dk/nrf54l15/cpuapp/nu54dk
2026-09-07 12:52:56,405 - twister - DEBUG - Building C:\Users\eidos\GitHub\NU54DK_Arduino_Core\tests\zephyr\m25_stream_fabric_contract using sysbuild
2026-09-07 12:52:56,409 - twister - DEBUG - Calling cmake: ['C:\\ncs\\toolchains\\dcbdc366a1\\opt\\bin\\cmake.EXE', '-BC:\\u4p\\nrf54l15dk_nrf54l15_cpuapp_nu54dk\\zephyr_gnu\\nucode.m25.stream', '-DTC_RUNID=3549f5453127e6b876d492d6d486d99d', '-DTC_NAME=nucode.m25.stream', '-DSB_CONFIG_COMPILER_WARNINGS_AS_ERRORS=y', '-DEXTRA_GEN_EDT_ARGS=--edtlib-Werror', '-GNinja', '-DPython3_EXECUTABLE=C:/ncs/toolchains/dcbdc366a1/opt/bin/python.exe', '-DZEPHYR_TOOLCHAIN_VARIANT=zephyr/gnu', '-SC:\\ncs\\v3.4.0\\zephyr/share/sysbuild', '-DAPP_DIR=C:\\Users\\eidos\\GitHub\\NU54DK_Arduino_Core\\tests\\zephyr\\m25_stream_fabric_contract', '-DBOARD_ROOT=C:/Users/eidos/GitHub/NU54DK_Arduino_Core/board_package/NU54DK_Zephyr_DTS', '-DEXTRA_ZEPHYR_MODULES=C:/Users/eidos/GitHub/NU54DK_Arduino_Core', '-DUSE_CCACHE=0', '-DBOARD=nrf54l15dk/nrf54l15/cpuapp/nu54dk']
2026-09-07 12:52:57,423 - twister - DEBUG - Running cmake on C:\Users\eidos\GitHub\NU54DK_Arduino_Core\tests\zephyr\m25_event_fabric_contract for nrf54l15dk/nrf54l15/cpuapp/nu54dk
2026-09-07 12:52:57,423 - twister - DEBUG - Building C:\Users\eidos\GitHub\NU54DK_Arduino_Core\tests\zephyr\m25_event_fabric_contract using sysbuild
2026-09-07 12:52:57,431 - twister - DEBUG - Calling cmake: ['C:\\ncs\\toolchains\\dcbdc366a1\\opt\\bin\\cmake.EXE', '-BC:\\u4p\\nrf54l15dk_nrf54l15_cpuapp_nu54dk\\zephyr_gnu\\nucode.m25.event', '-DTC_RUNID=41794811a2818e96c1c5c33c94288720', '-DTC_NAME=nucode.m25.event', '-DSB_CONFIG_COMPILER_WARNINGS_AS_ERRORS=y', '-DEXTRA_GEN_EDT_ARGS=--edtlib-Werror', '-GNinja', '-DPython3_EXECUTABLE=C:/ncs/toolchains/dcbdc366a1/opt/bin/python.exe', '-DZEPHYR_TOOLCHAIN_VARIANT=zephyr/gnu', '-SC:\\ncs\\v3.4.0\\zephyr/share/sysbuild', '-DAPP_DIR=C:\\Users\\eidos\\GitHub\\NU54DK_Arduino_Core\\tests\\zephyr\\m25_event_fabric_contract', '-DBOARD_ROOT=C:/Users/eidos/GitHub/NU54DK_Arduino_Core/board_package/NU54DK_Zephyr_DTS', '-DEXTRA_ZEPHYR_MODULES=C:/Users/eidos/GitHub/NU54DK_Arduino_Core', '-DUSE_CCACHE=0', '-DBOARD=nrf54l15dk/nrf54l15/cpuapp/nu54dk']
2026-09-07 12:52:58,582 - twister - DEBUG - Running cmake on C:\Users\eidos\GitHub\NU54DK_Arduino_Core\tests\zephyr\m25_analog_fabric_contract for nrf54l15dk/nrf54l15/cpuapp/nu54dk
2026-09-07 12:52:58,582 - twister - DEBUG - Building C:\Users\eidos\GitHub\NU54DK_Arduino_Core\tests\zephyr\m25_analog_fabric_contract using sysbuild
2026-09-07 12:52:58,586 - twister - DEBUG - Calling cmake: ['C:\\ncs\\toolchains\\dcbdc366a1\\opt\\bin\\cmake.EXE', '-BC:\\u4p\\nrf54l15dk_nrf54l15_cpuapp_nu54dk\\zephyr_gnu\\nucode.m25.analog', '-DTC_RUNID=04251c7312ddadd78de4552089c1414c', '-DTC_NAME=nucode.m25.analog', '-DSB_CONFIG_COMPILER_WARNINGS_AS_ERRORS=y', '-DEXTRA_GEN_EDT_ARGS=--edtlib-Werror', '-GNinja', '-DPython3_EXECUTABLE=C:/ncs/toolchains/dcbdc366a1/opt/bin/python.exe', '-DZEPHYR_TOOLCHAIN_VARIANT=zephyr/gnu', '-SC:\\ncs\\v3.4.0\\zephyr/share/sysbuild', '-DAPP_DIR=C:\\Users\\eidos\\GitHub\\NU54DK_Arduino_Core\\tests\\zephyr\\m25_analog_fabric_contract', '-DBOARD_ROOT=C:/Users/eidos/GitHub/NU54DK_Arduino_Core/board_package/NU54DK_Zephyr_DTS', '-DEXTRA_ZEPHYR_MODULES=C:/Users/eidos/GitHub/NU54DK_Arduino_Core', '-DUSE_CCACHE=0', '-DBOARD=nrf54l15dk/nrf54l15/cpuapp/nu54dk']
2026-09-07 12:52:59,755 - twister - DEBUG - Launched 8 jobs
2026-09-07 12:52:59,758 - twister - DEBUG - Running cmake on C:\Users\eidos\GitHub\NU54DK_Arduino_Core\tests\zephyr\m24_twim_onboard_hil for nrf54l15dk/nrf54l15/cpuapp/nu54dk
2026-09-07 12:52:59,758 - twister - DEBUG - Building C:\Users\eidos\GitHub\NU54DK_Arduino_Core\tests\zephyr\m24_twim_onboard_hil using sysbuild
2026-09-07 12:52:59,766 - twister - DEBUG - Calling cmake: ['C:\\ncs\\toolchains\\dcbdc366a1\\opt\\bin\\cmake.EXE', '-BC:\\u4p\\nrf54l15dk_nrf54l15_cpuapp_nu54dk\\zephyr_gnu\\nucode.m24.twim22_hil', '-DTC_RUNID=a07d19bc7d65f35b2c0bb1b7c9a316ed', '-DTC_NAME=nucode.m24.twim22_hil', '-DSB_CONFIG_COMPILER_WARNINGS_AS_ERRORS=y', '-DEXTRA_GEN_EDT_ARGS=--edtlib-Werror', '-GNinja', '-DPython3_EXECUTABLE=C:/ncs/toolchains/dcbdc366a1/opt/bin/python.exe', '-DZEPHYR_TOOLCHAIN_VARIANT=zephyr/gnu', '-SC:\\ncs\\v3.4.0\\zephyr/share/sysbuild', '-DAPP_DIR=C:\\Users\\eidos\\GitHub\\NU54DK_Arduino_Core\\tests\\zephyr\\m24_twim_onboard_hil', '-DBOARD_ROOT=C:/Users/eidos/GitHub/NU54DK_Arduino_Core/board_package/NU54DK_Zephyr_DTS', '-DEXTRA_ZEPHYR_MODULES=C:/Users/eidos/GitHub/NU54DK_Arduino_Core', '-DUSE_CCACHE=0', '-DOVERLAY_CONFIG=C:\\u4p\\nrf54l15dk_nrf54l15_cpuapp_nu54dk\\zephyr_gnu\\nucode.m24.twim22_hil\\twister\\testsuite_extra.conf', '-DBOARD=nrf54l15dk/nrf54l15/cpuapp/nu54dk']
2026-09-07 12:53:35,679 - twister - DEBUG - Loaded sysbuild domain data from C:\u4p\nrf54l15dk_nrf54l15_cpuapp_nu54dk\zephyr_gnu\nucode.m26.onboard_hil\domains.yaml
2026-09-07 12:53:35,688 - twister - DEBUG - Finished running cmake C:\Users\eidos\GitHub\NU54DK_Arduino_Core\tests\zephyr\m26_onboard_hil for nrf54l15dk/nrf54l15/cpuapp/nu54dk in 42.77 seconds
2026-09-07 12:53:35,693 - twister - DEBUG - build test: nrf54l15dk/nrf54l15/cpuapp/nu54dk\zephyr/gnu\nucode.m26.onboard_hil
2026-09-07 12:53:35,693 - twister - DEBUG - Building C:\Users\eidos\GitHub\NU54DK_Arduino_Core\tests\zephyr\m26_onboard_hil for nrf54l15dk/nrf54l15/cpuapp/nu54dk
2026-09-07 12:53:35,724 - twister - DEBUG - Running C:\ncs\toolchains\dcbdc366a1\opt\bin\cmake.EXE --build C:\u4p\nrf54l15dk_nrf54l15_cpuapp_nu54dk\zephyr_gnu\nucode.m26.onboard_hil
2026-09-07 12:53:37,514 - twister - DEBUG - Loaded sysbuild domain data from C:\u4p\nrf54l15dk_nrf54l15_cpuapp_nu54dk\zephyr_gnu\nucode.m26.system\domains.yaml
2026-09-07 12:53:37,518 - twister - DEBUG - Finished running cmake C:\Users\eidos\GitHub\NU54DK_Arduino_Core\tests\zephyr\m26_system_fabric_contract for nrf54l15dk/nrf54l15/cpuapp/nu54dk in 43.83 seconds
2026-09-07 12:53:37,522 - twister - DEBUG - build test: nrf54l15dk/nrf54l15/cpuapp/nu54dk\zephyr/gnu\nucode.m26.system
2026-09-07 12:53:37,523 - twister - DEBUG - Building C:\Users\eidos\GitHub\NU54DK_Arduino_Core\tests\zephyr\m26_system_fabric_contract for nrf54l15dk/nrf54l15/cpuapp/nu54dk
2026-09-07 12:53:37,558 - twister - DEBUG - Running C:\ncs\toolchains\dcbdc366a1\opt\bin\cmake.EXE --build C:\u4p\nrf54l15dk_nrf54l15_cpuapp_nu54dk\zephyr_gnu\nucode.m26.system
2026-09-07 12:53:37,642 - twister - DEBUG - Loaded sysbuild domain data from C:\u4p\nrf54l15dk_nrf54l15_cpuapp_nu54dk\zephyr_gnu\nucode.m25.nojumper_hil\domains.yaml
2026-09-07 12:53:37,647 - twister - DEBUG - Finished running cmake C:\Users\eidos\GitHub\NU54DK_Arduino_Core\tests\zephyr\m25_nojumper_hil for nrf54l15dk/nrf54l15/cpuapp/nu54dk in 43.12 seconds
2026-09-07 12:53:37,651 - twister - DEBUG - build test: nrf54l15dk/nrf54l15/cpuapp/nu54dk\zephyr/gnu\nucode.m25.nojumper_hil
2026-09-07 12:53:37,651 - twister - DEBUG - Building C:\Users\eidos\GitHub\NU54DK_Arduino_Core\tests\zephyr\m25_nojumper_hil for nrf54l15dk/nrf54l15/cpuapp/nu54dk
2026-09-07 12:53:37,682 - twister - DEBUG - Running C:\ncs\toolchains\dcbdc366a1\opt\bin\cmake.EXE --build C:\u4p\nrf54l15dk_nrf54l15_cpuapp_nu54dk\zephyr_gnu\nucode.m25.nojumper_hil
2026-09-07 12:53:39,220 - twister - DEBUG - Loaded sysbuild domain data from C:\u4p\nrf54l15dk_nrf54l15_cpuapp_nu54dk\zephyr_gnu\nucode.m25.onboard_hil\domains.yaml
2026-09-07 12:53:39,225 - twister - DEBUG - Finished running cmake C:\Users\eidos\GitHub\NU54DK_Arduino_Core\tests\zephyr\m25_onboard_hil for nrf54l15dk/nrf54l15/cpuapp/nu54dk in 43.80 seconds
2026-09-07 12:53:39,228 - twister - DEBUG - build test: nrf54l15dk/nrf54l15/cpuapp/nu54dk\zephyr/gnu\nucode.m25.onboard_hil
2026-09-07 12:53:39,228 - twister - DEBUG - Building C:\Users\eidos\GitHub\NU54DK_Arduino_Core\tests\zephyr\m25_onboard_hil for nrf54l15dk/nrf54l15/cpuapp/nu54dk
2026-09-07 12:53:39,270 - twister - DEBUG - Running C:\ncs\toolchains\dcbdc366a1\opt\bin\cmake.EXE --build C:\u4p\nrf54l15dk_nrf54l15_cpuapp_nu54dk\zephyr_gnu\nucode.m25.onboard_hil
2026-09-07 12:53:39,775 - twister - DEBUG - Loaded sysbuild domain data from C:\u4p\nrf54l15dk_nrf54l15_cpuapp_nu54dk\zephyr_gnu\nucode.m25.stream\domains.yaml
2026-09-07 12:53:39,775 - twister - DEBUG - Finished running cmake C:\Users\eidos\GitHub\NU54DK_Arduino_Core\tests\zephyr\m25_stream_fabric_contract for nrf54l15dk/nrf54l15/cpuapp/nu54dk in 43.37 seconds
2026-09-07 12:53:39,783 - twister - DEBUG - build test: nrf54l15dk/nrf54l15/cpuapp/nu54dk\zephyr/gnu\nucode.m25.stream
2026-09-07 12:53:39,785 - twister - DEBUG - Building C:\Users\eidos\GitHub\NU54DK_Arduino_Core\tests\zephyr\m25_stream_fabric_contract for nrf54l15dk/nrf54l15/cpuapp/nu54dk
2026-09-07 12:53:39,825 - twister - DEBUG - Running C:\ncs\toolchains\dcbdc366a1\opt\bin\cmake.EXE --build C:\u4p\nrf54l15dk_nrf54l15_cpuapp_nu54dk\zephyr_gnu\nucode.m25.stream
2026-09-07 12:53:40,163 - twister - DEBUG - Loaded sysbuild domain data from C:\u4p\nrf54l15dk_nrf54l15_cpuapp_nu54dk\zephyr_gnu\nucode.m25.event\domains.yaml
2026-09-07 12:53:40,169 - twister - DEBUG - Finished running cmake C:\Users\eidos\GitHub\NU54DK_Arduino_Core\tests\zephyr\m25_event_fabric_contract for nrf54l15dk/nrf54l15/cpuapp/nu54dk in 42.73 seconds
2026-09-07 12:53:40,169 - twister - DEBUG - build test: nrf54l15dk/nrf54l15/cpuapp/nu54dk\zephyr/gnu\nucode.m25.event
2026-09-07 12:53:40,169 - twister - DEBUG - Building C:\Users\eidos\GitHub\NU54DK_Arduino_Core\tests\zephyr\m25_event_fabric_contract for nrf54l15dk/nrf54l15/cpuapp/nu54dk
2026-09-07 12:53:40,212 - twister - DEBUG - Running C:\ncs\toolchains\dcbdc366a1\opt\bin\cmake.EXE --build C:\u4p\nrf54l15dk_nrf54l15_cpuapp_nu54dk\zephyr_gnu\nucode.m25.event
2026-09-07 12:53:40,980 - twister - DEBUG - Loaded sysbuild domain data from C:\u4p\nrf54l15dk_nrf54l15_cpuapp_nu54dk\zephyr_gnu\nucode.m25.analog\domains.yaml
2026-09-07 12:53:40,984 - twister - DEBUG - Finished running cmake C:\Users\eidos\GitHub\NU54DK_Arduino_Core\tests\zephyr\m25_analog_fabric_contract for nrf54l15dk/nrf54l15/cpuapp/nu54dk in 42.39 seconds
2026-09-07 12:53:40,989 - twister - DEBUG - build test: nrf54l15dk/nrf54l15/cpuapp/nu54dk\zephyr/gnu\nucode.m25.analog
2026-09-07 12:53:40,989 - twister - DEBUG - Building C:\Users\eidos\GitHub\NU54DK_Arduino_Core\tests\zephyr\m25_analog_fabric_contract for nrf54l15dk/nrf54l15/cpuapp/nu54dk
2026-09-07 12:53:41,048 - twister - DEBUG - Running C:\ncs\toolchains\dcbdc366a1\opt\bin\cmake.EXE --build C:\u4p\nrf54l15dk_nrf54l15_cpuapp_nu54dk\zephyr_gnu\nucode.m25.analog
2026-09-07 12:53:44,720 - twister - DEBUG - Loaded sysbuild domain data from C:\u4p\nrf54l15dk_nrf54l15_cpuapp_nu54dk\zephyr_gnu\nucode.m24.twim22_hil\domains.yaml
2026-09-07 12:53:44,722 - twister - DEBUG - Finished running cmake C:\Users\eidos\GitHub\NU54DK_Arduino_Core\tests\zephyr\m24_twim_onboard_hil for nrf54l15dk/nrf54l15/cpuapp/nu54dk in 44.95 seconds
2026-09-07 12:53:44,726 - twister - DEBUG - build test: nrf54l15dk/nrf54l15/cpuapp/nu54dk\zephyr/gnu\nucode.m24.twim22_hil
2026-09-07 12:53:44,726 - twister - DEBUG - Building C:\Users\eidos\GitHub\NU54DK_Arduino_Core\tests\zephyr\m24_twim_onboard_hil for nrf54l15dk/nrf54l15/cpuapp/nu54dk
2026-09-07 12:53:44,765 - twister - DEBUG - Running C:\ncs\toolchains\dcbdc366a1\opt\bin\cmake.EXE --build C:\u4p\nrf54l15dk_nrf54l15_cpuapp_nu54dk\zephyr_gnu\nucode.m24.twim22_hil
2026-09-07 12:58:11,777 - twister - DEBUG - Finished building C:\Users\eidos\GitHub\NU54DK_Arduino_Core\tests\zephyr\m26_onboard_hil for nrf54l15dk/nrf54l15/cpuapp/nu54dk in 276.08 seconds
2026-09-07 12:58:11,779 - twister - DEBUG - Determine test cases for test instance: nrf54l15dk/nrf54l15/cpuapp/nu54dk\zephyr/gnu\nucode.m26.onboard_hil
2026-09-07 12:58:11,779 - twister - DEBUG - Determine test cases for test suite: nucode.m26.onboard_hil
2026-09-07 12:58:11,843 - twister - DEBUG - Test instance nrf54l15dk/nrf54l15/cpuapp/nu54dk\zephyr/gnu\nucode.m26.onboard_hil already has 1 testcase(s) known: [<TestCase nucode.m26.onboard_hil with not run>]
2026-09-07 12:58:11,847 - twister - DEBUG - Instance nrf54l15dk/nrf54l15/cpuapp/nu54dk\zephyr/gnu\nucode.m26.onboard_hil can't run (run:False, handler.ready:False)
2026-09-07 12:58:11,851 - twister - DEBUG - Running cmake on C:\Users\eidos\GitHub\NU54DK_Arduino_Core\tests\zephyr\m24_twim_onboard_hil for nrf54l15dk/nrf54l15/cpuapp/nu54dk
2026-09-07 12:58:11,851 - twister - DEBUG - Building C:\Users\eidos\GitHub\NU54DK_Arduino_Core\tests\zephyr\m24_twim_onboard_hil using sysbuild
2026-09-07 12:58:11,855 - twister - DEBUG - Calling cmake: ['C:\\ncs\\toolchains\\dcbdc366a1\\opt\\bin\\cmake.EXE', '-BC:\\u4p\\nrf54l15dk_nrf54l15_cpuapp_nu54dk\\zephyr_gnu\\nucode.m24.twim21_hil', '-DTC_RUNID=85f12d3d345a96eff6bca81328799861', '-DTC_NAME=nucode.m24.twim21_hil', '-DSB_CONFIG_COMPILER_WARNINGS_AS_ERRORS=y', '-DEXTRA_GEN_EDT_ARGS=--edtlib-Werror', '-GNinja', '-DPython3_EXECUTABLE=C:/ncs/toolchains/dcbdc366a1/opt/bin/python.exe', '-DZEPHYR_TOOLCHAIN_VARIANT=zephyr/gnu', '-SC:\\ncs\\v3.4.0\\zephyr/share/sysbuild', '-DAPP_DIR=C:\\Users\\eidos\\GitHub\\NU54DK_Arduino_Core\\tests\\zephyr\\m24_twim_onboard_hil', '-DBOARD_ROOT=C:/Users/eidos/GitHub/NU54DK_Arduino_Core/board_package/NU54DK_Zephyr_DTS', '-DEXTRA_ZEPHYR_MODULES=C:/Users/eidos/GitHub/NU54DK_Arduino_Core', '-DUSE_CCACHE=0', '-DOVERLAY_CONFIG=C:\\u4p\\nrf54l15dk_nrf54l15_cpuapp_nu54dk\\zephyr_gnu\\nucode.m24.twim21_hil\\twister\\testsuite_extra.conf', '-DBOARD=nrf54l15dk/nrf54l15/cpuapp/nu54dk']
2026-09-07 12:58:32,545 - twister - DEBUG - Finished building C:\Users\eidos\GitHub\NU54DK_Arduino_Core\tests\zephyr\m26_system_fabric_contract for nrf54l15dk/nrf54l15/cpuapp/nu54dk in 295.02 seconds
2026-09-07 12:58:32,546 - twister - DEBUG - Determine test cases for test instance: nrf54l15dk/nrf54l15/cpuapp/nu54dk\zephyr/gnu\nucode.m26.system
2026-09-07 12:58:32,546 - twister - DEBUG - Determine test cases for test suite: nucode.m26.system
2026-09-07 12:58:32,752 - twister - DEBUG - Test instance nrf54l15dk/nrf54l15/cpuapp/nu54dk\zephyr/gnu\nucode.m26.system already has 3 testcase(s) known: [<TestCase nucode.m26.system.m26_system_fabric_contract.factory_exposes_exact_instances with not run>, <TestCase nucode.m26.system.m26_system_fabric_contract.watchdog_lifecycle_rejects_invalid_calls with not run>, <TestCase nucode.m26.system.m26_system_fabric_contract.temp_driver_path_is_linked with not run>]
2026-09-07 12:58:32,752 - twister - DEBUG - Detected 3 Ztest case(s): [nucode.m26.system.m26_system_fabric_contract.watchdog_lifecycle_rejects_invalid_calls, nucode.m26.system.m26_system_fabric_contract.temp_driver_path_is_linked, nucode.m26.system.m26_system_fabric_contract.factory_exposes_exact_instances] in C:/u4p/nrf54l15dk_nrf54l15_cpuapp_nu54dk/zephyr_gnu/nucode.m26.system/m26_system_fabric_contract\zephyr\zephyr.elf
2026-09-07 12:58:32,752 - twister - DEBUG - Instance nrf54l15dk/nrf54l15/cpuapp/nu54dk\zephyr/gnu\nucode.m26.system can't run (run:False, handler.ready:False)
2026-09-07 12:58:32,767 - twister - DEBUG - Running cmake on C:\Users\eidos\GitHub\NU54DK_Arduino_Core\tests\zephyr\m24_twim_onboard_hil for nrf54l15dk/nrf54l15/cpuapp/nu54dk
2026-09-07 12:58:32,767 - twister - DEBUG - Building C:\Users\eidos\GitHub\NU54DK_Arduino_Core\tests\zephyr\m24_twim_onboard_hil using sysbuild
2026-09-07 12:58:32,770 - twister - DEBUG - Calling cmake: ['C:\\ncs\\toolchains\\dcbdc366a1\\opt\\bin\\cmake.EXE', '-BC:\\u4p\\nrf54l15dk_nrf54l15_cpuapp_nu54dk\\zephyr_gnu\\nucode.m24.twim20_hil', '-DTC_RUNID=f88e15106563c7c0162db55fcdb4e91a', '-DTC_NAME=nucode.m24.twim20_hil', '-DSB_CONFIG_COMPILER_WARNINGS_AS_ERRORS=y', '-DEXTRA_GEN_EDT_ARGS=--edtlib-Werror', '-GNinja', '-DPython3_EXECUTABLE=C:/ncs/toolchains/dcbdc366a1/opt/bin/python.exe', '-DZEPHYR_TOOLCHAIN_VARIANT=zephyr/gnu', '-SC:\\ncs\\v3.4.0\\zephyr/share/sysbuild', '-DAPP_DIR=C:\\Users\\eidos\\GitHub\\NU54DK_Arduino_Core\\tests\\zephyr\\m24_twim_onboard_hil', '-DBOARD_ROOT=C:/Users/eidos/GitHub/NU54DK_Arduino_Core/board_package/NU54DK_Zephyr_DTS', '-DEXTRA_ZEPHYR_MODULES=C:/Users/eidos/GitHub/NU54DK_Arduino_Core', '-DUSE_CCACHE=0', '-DOVERLAY_CONFIG=C:\\u4p\\nrf54l15dk_nrf54l15_cpuapp_nu54dk\\zephyr_gnu\\nucode.m24.twim20_hil\\twister\\testsuite_extra.conf', '-DBOARD=nrf54l15dk/nrf54l15/cpuapp/nu54dk']
2026-09-07 12:58:50,453 - twister - DEBUG - Finished building C:\Users\eidos\GitHub\NU54DK_Arduino_Core\tests\zephyr\m25_nojumper_hil for nrf54l15dk/nrf54l15/cpuapp/nu54dk in 312.80 seconds
2026-09-07 12:58:50,454 - twister - DEBUG - Determine test cases for test instance: nrf54l15dk/nrf54l15/cpuapp/nu54dk\zephyr/gnu\nucode.m25.nojumper_hil
2026-09-07 12:58:50,454 - twister - DEBUG - Determine test cases for test suite: nucode.m25.nojumper_hil
2026-09-07 12:58:50,537 - twister - DEBUG - Test instance nrf54l15dk/nrf54l15/cpuapp/nu54dk\zephyr/gnu\nucode.m25.nojumper_hil already has 1 testcase(s) known: [<TestCase nucode.m25.nojumper_hil with not run>]
2026-09-07 12:58:50,541 - twister - DEBUG - Instance nrf54l15dk/nrf54l15/cpuapp/nu54dk\zephyr/gnu\nucode.m25.nojumper_hil can't run (run:False, handler.ready:False)
2026-09-07 12:58:50,541 - twister - DEBUG - Running cmake on C:\Users\eidos\GitHub\NU54DK_Arduino_Core\tests\zephyr\m24_uarte_onboard_hil for nrf54l15dk/nrf54l15/cpuapp/nu54dk
2026-09-07 12:58:50,541 - twister - DEBUG - Building C:\Users\eidos\GitHub\NU54DK_Arduino_Core\tests\zephyr\m24_uarte_onboard_hil using sysbuild
2026-09-07 12:58:50,550 - twister - DEBUG - Calling cmake: ['C:\\ncs\\toolchains\\dcbdc366a1\\opt\\bin\\cmake.EXE', '-BC:\\u4p\\nrf54l15dk_nrf54l15_cpuapp_nu54dk\\zephyr_gnu\\nucode.m24.uarte30_hil', '-DTC_RUNID=0edf10107396eb2cdc18126311d580fe', '-DTC_NAME=nucode.m24.uarte30_hil', '-DSB_CONFIG_COMPILER_WARNINGS_AS_ERRORS=y', '-DEXTRA_GEN_EDT_ARGS=--edtlib-Werror', '-GNinja', '-DPython3_EXECUTABLE=C:/ncs/toolchains/dcbdc366a1/opt/bin/python.exe', '-DZEPHYR_TOOLCHAIN_VARIANT=zephyr/gnu', '-SC:\\ncs\\v3.4.0\\zephyr/share/sysbuild', '-DAPP_DIR=C:\\Users\\eidos\\GitHub\\NU54DK_Arduino_Core\\tests\\zephyr\\m24_uarte_onboard_hil', '-DBOARD_ROOT=C:/Users/eidos/GitHub/NU54DK_Arduino_Core/board_package/NU54DK_Zephyr_DTS', '-DEXTRA_ZEPHYR_MODULES=C:/Users/eidos/GitHub/NU54DK_Arduino_Core', '-DUSE_CCACHE=0', '-DOVERLAY_CONFIG=C:\\u4p\\nrf54l15dk_nrf54l15_cpuapp_nu54dk\\zephyr_gnu\\nucode.m24.uarte30_hil\\twister\\testsuite_extra.conf', '-DBOARD=nrf54l15dk/nrf54l15/cpuapp/nu54dk']
2026-09-07 12:58:53,730 - twister - DEBUG - Finished building C:\Users\eidos\GitHub\NU54DK_Arduino_Core\tests\zephyr\m25_stream_fabric_contract for nrf54l15dk/nrf54l15/cpuapp/nu54dk in 313.95 seconds
2026-09-07 12:58:53,731 - twister - DEBUG - Determine test cases for test instance: nrf54l15dk/nrf54l15/cpuapp/nu54dk\zephyr/gnu\nucode.m25.stream
2026-09-07 12:58:53,731 - twister - DEBUG - Determine test cases for test suite: nucode.m25.stream
2026-09-07 12:58:53,912 - twister - DEBUG - Loaded sysbuild domain data from C:\u4p\nrf54l15dk_nrf54l15_cpuapp_nu54dk\zephyr_gnu\nucode.m24.twim21_hil\domains.yaml
2026-09-07 12:58:53,912 - twister - DEBUG - Finished running cmake C:\Users\eidos\GitHub\NU54DK_Arduino_Core\tests\zephyr\m24_twim_onboard_hil for nrf54l15dk/nrf54l15/cpuapp/nu54dk in 42.06 seconds
2026-09-07 12:58:53,917 - twister - DEBUG - build test: nrf54l15dk/nrf54l15/cpuapp/nu54dk\zephyr/gnu\nucode.m24.twim21_hil
2026-09-07 12:58:53,917 - twister - DEBUG - Building C:\Users\eidos\GitHub\NU54DK_Arduino_Core\tests\zephyr\m24_twim_onboard_hil for nrf54l15dk/nrf54l15/cpuapp/nu54dk
2026-09-07 12:58:53,949 - twister - DEBUG - Running C:\ncs\toolchains\dcbdc366a1\opt\bin\cmake.EXE --build C:\u4p\nrf54l15dk_nrf54l15_cpuapp_nu54dk\zephyr_gnu\nucode.m24.twim21_hil
2026-09-07 12:58:54,018 - twister - DEBUG - Test instance nrf54l15dk/nrf54l15/cpuapp/nu54dk\zephyr/gnu\nucode.m25.stream already has 7 testcase(s) known: [<TestCase nucode.m25.stream.m25_stream_fabric_contract.inactive_dma_calls_fail_closed with not run>, <TestCase nucode.m25.stream.m25_stream_fabric_contract.all_stream_instances_exist with not run>, <TestCase nucode.m25.stream.m25_stream_fabric_contract.qdec_routes_configure with not run>, <TestCase nucode.m25.stream.m25_stream_fabric_contract.dap_stream_route_requires_explicit_isolation with not run>, <TestCase nucode.m25.stream.m25_stream_fabric_contract.pdm_header_routes_configure with not run>, <TestCase nucode.m25.stream.m25_stream_fabric_contract.qdec_sampling_rejects_aliasing_configuration_errors with not run>, <TestCase nucode.m25.stream.m25_stream_fabric_contract.i2s_full_duplex_route_configures with not run>]
2026-09-07 12:58:54,018 - twister - DEBUG - Detected 7 Ztest case(s): [nucode.m25.stream.m25_stream_fabric_contract.dap_stream_route_requires_explicit_isolation, nucode.m25.stream.m25_stream_fabric_contract.qdec_sampling_rejects_aliasing_configuration_errors, nucode.m25.stream.m25_stream_fabric_contract.inactive_dma_calls_fail_closed, nucode.m25.stream.m25_stream_fabric_contract.qdec_routes_configure, nucode.m25.stream.m25_stream_fabric_contract.i2s_full_duplex_route_configures, nucode.m25.stream.m25_stream_fabric_contract.pdm_header_routes_configure, nucode.m25.stream.m25_stream_fabric_contract.all_stream_instances_exist] in C:/u4p/nrf54l15dk_nrf54l15_cpuapp_nu54dk/zephyr_gnu/nucode.m25.stream/m25_stream_fabric_contract\zephyr\zephyr.elf
2026-09-07 12:58:54,020 - twister - DEBUG - Instance nrf54l15dk/nrf54l15/cpuapp/nu54dk\zephyr/gnu\nucode.m25.stream can't run (run:False, handler.ready:False)
2026-09-07 12:58:54,022 - twister - DEBUG - Running cmake on C:\Users\eidos\GitHub\NU54DK_Arduino_Core\tests\zephyr\m24_uarte_onboard_hil for nrf54l15dk/nrf54l15/cpuapp/nu54dk
2026-09-07 12:58:54,022 - twister - DEBUG - Building C:\Users\eidos\GitHub\NU54DK_Arduino_Core\tests\zephyr\m24_uarte_onboard_hil using sysbuild
2026-09-07 12:58:54,026 - twister - DEBUG - Calling cmake: ['C:\\ncs\\toolchains\\dcbdc366a1\\opt\\bin\\cmake.EXE', '-BC:\\u4p\\nrf54l15dk_nrf54l15_cpuapp_nu54dk\\zephyr_gnu\\nucode.m24.uarte22_hil', '-DTC_RUNID=d6506ca82cd118db85aba4a6dc28cdeb', '-DTC_NAME=nucode.m24.uarte22_hil', '-DSB_CONFIG_COMPILER_WARNINGS_AS_ERRORS=y', '-DEXTRA_GEN_EDT_ARGS=--edtlib-Werror', '-GNinja', '-DPython3_EXECUTABLE=C:/ncs/toolchains/dcbdc366a1/opt/bin/python.exe', '-DZEPHYR_TOOLCHAIN_VARIANT=zephyr/gnu', '-SC:\\ncs\\v3.4.0\\zephyr/share/sysbuild', '-DAPP_DIR=C:\\Users\\eidos\\GitHub\\NU54DK_Arduino_Core\\tests\\zephyr\\m24_uarte_onboard_hil', '-DBOARD_ROOT=C:/Users/eidos/GitHub/NU54DK_Arduino_Core/board_package/NU54DK_Zephyr_DTS', '-DEXTRA_ZEPHYR_MODULES=C:/Users/eidos/GitHub/NU54DK_Arduino_Core', '-DUSE_CCACHE=0', '-DOVERLAY_CONFIG=C:\\u4p\\nrf54l15dk_nrf54l15_cpuapp_nu54dk\\zephyr_gnu\\nucode.m24.uarte22_hil\\twister\\testsuite_extra.conf', '-DBOARD=nrf54l15dk/nrf54l15/cpuapp/nu54dk']
2026-09-07 12:59:06,089 - twister - DEBUG - Finished building C:\Users\eidos\GitHub\NU54DK_Arduino_Core\tests\zephyr\m25_analog_fabric_contract for nrf54l15dk/nrf54l15/cpuapp/nu54dk in 325.09 seconds
2026-09-07 12:59:06,089 - twister - DEBUG - Determine test cases for test instance: nrf54l15dk/nrf54l15/cpuapp/nu54dk\zephyr/gnu\nucode.m25.onboard_hil
2026-09-07 12:59:06,089 - twister - DEBUG - Determine test cases for test instance: nrf54l15dk/nrf54l15/cpuapp/nu54dk\zephyr/gnu\nucode.m25.analog
2026-09-07 12:59:06,091 - twister - DEBUG - Determine test cases for test suite: nucode.m25.onboard_hil
2026-09-07 12:59:06,091 - twister - DEBUG - Determine test cases for test suite: nucode.m25.analog
2026-09-07 12:59:06,236 - twister - DEBUG - Test instance nrf54l15dk/nrf54l15/cpuapp/nu54dk\zephyr/gnu\nucode.m25.onboard_hil already has 1 testcase(s) known: [<TestCase nucode.m25.onboard_hil with not run>]
2026-09-07 12:59:06,241 - twister - DEBUG - Instance nrf54l15dk/nrf54l15/cpuapp/nu54dk\zephyr/gnu\nucode.m25.onboard_hil can't run (run:False, handler.ready:False)
2026-09-07 12:59:06,246 - twister - DEBUG - Running cmake on C:\Users\eidos\GitHub\NU54DK_Arduino_Core\tests\zephyr\m24_uarte_onboard_hil for nrf54l15dk/nrf54l15/cpuapp/nu54dk
2026-09-07 12:59:06,246 - twister - DEBUG - Building C:\Users\eidos\GitHub\NU54DK_Arduino_Core\tests\zephyr\m24_uarte_onboard_hil using sysbuild
2026-09-07 12:59:06,248 - twister - DEBUG - Calling cmake: ['C:\\ncs\\toolchains\\dcbdc366a1\\opt\\bin\\cmake.EXE', '-BC:\\u4p\\nrf54l15dk_nrf54l15_cpuapp_nu54dk\\zephyr_gnu\\nucode.m24.uarte21_hil', '-DTC_RUNID=711ea9245068e17fdc8d2a8d41e53c19', '-DTC_NAME=nucode.m24.uarte21_hil', '-DSB_CONFIG_COMPILER_WARNINGS_AS_ERRORS=y', '-DEXTRA_GEN_EDT_ARGS=--edtlib-Werror', '-GNinja', '-DPython3_EXECUTABLE=C:/ncs/toolchains/dcbdc366a1/opt/bin/python.exe', '-DZEPHYR_TOOLCHAIN_VARIANT=zephyr/gnu', '-SC:\\ncs\\v3.4.0\\zephyr/share/sysbuild', '-DAPP_DIR=C:\\Users\\eidos\\GitHub\\NU54DK_Arduino_Core\\tests\\zephyr\\m24_uarte_onboard_hil', '-DBOARD_ROOT=C:/Users/eidos/GitHub/NU54DK_Arduino_Core/board_package/NU54DK_Zephyr_DTS', '-DEXTRA_ZEPHYR_MODULES=C:/Users/eidos/GitHub/NU54DK_Arduino_Core', '-DUSE_CCACHE=0', '-DOVERLAY_CONFIG=C:\\u4p\\nrf54l15dk_nrf54l15_cpuapp_nu54dk\\zephyr_gnu\\nucode.m24.uarte21_hil\\twister\\testsuite_extra.conf', '-DBOARD=nrf54l15dk/nrf54l15/cpuapp/nu54dk']
2026-09-07 12:59:06,353 - twister - DEBUG - Finished building C:\Users\eidos\GitHub\NU54DK_Arduino_Core\tests\zephyr\m25_event_fabric_contract for nrf54l15dk/nrf54l15/cpuapp/nu54dk in 326.17 seconds
2026-09-07 12:59:06,355 - twister - DEBUG - Determine test cases for test instance: nrf54l15dk/nrf54l15/cpuapp/nu54dk\zephyr/gnu\nucode.m25.event
2026-09-07 12:59:06,355 - twister - DEBUG - Determine test cases for test suite: nucode.m25.event
2026-09-07 12:59:06,424 - twister - DEBUG - Test instance nrf54l15dk/nrf54l15/cpuapp/nu54dk\zephyr/gnu\nucode.m25.analog already has 4 testcase(s) known: [<TestCase nucode.m25.analog.m25_analog_fabric_contract.inactive_stop_operations_fail_closed with not run>, <TestCase nucode.m25.analog.m25_analog_fabric_contract.all_pwm_instances_and_routes_exist with not run>, <TestCase nucode.m25.analog.m25_analog_fabric_contract.saadc_scan_contract with not run>, <TestCase nucode.m25.analog.m25_analog_fabric_contract.saadc_invalid_combinations_fail_closed with not run>]
2026-09-07 12:59:06,424 - twister - DEBUG - Detected 4 Ztest case(s): [nucode.m25.analog.m25_analog_fabric_contract.inactive_stop_operations_fail_closed, nucode.m25.analog.m25_analog_fabric_contract.all_pwm_instances_and_routes_exist, nucode.m25.analog.m25_analog_fabric_contract.saadc_invalid_combinations_fail_closed, nucode.m25.analog.m25_analog_fabric_contract.saadc_scan_contract] in C:/u4p/nrf54l15dk_nrf54l15_cpuapp_nu54dk/zephyr_gnu/nucode.m25.analog/m25_analog_fabric_contract\zephyr\zephyr.elf
2026-09-07 12:59:06,427 - twister - DEBUG - Instance nrf54l15dk/nrf54l15/cpuapp/nu54dk\zephyr/gnu\nucode.m25.analog can't run (run:False, handler.ready:False)
2026-09-07 12:59:06,432 - twister - DEBUG - Running cmake on C:\Users\eidos\GitHub\NU54DK_Arduino_Core\tests\zephyr\m24_uarte_onboard_hil for nrf54l15dk/nrf54l15/cpuapp/nu54dk
2026-09-07 12:59:06,432 - twister - DEBUG - Building C:\Users\eidos\GitHub\NU54DK_Arduino_Core\tests\zephyr\m24_uarte_onboard_hil using sysbuild
2026-09-07 12:59:06,440 - twister - DEBUG - Calling cmake: ['C:\\ncs\\toolchains\\dcbdc366a1\\opt\\bin\\cmake.EXE', '-BC:\\u4p\\nrf54l15dk_nrf54l15_cpuapp_nu54dk\\zephyr_gnu\\nucode.m24.uarte20_hil', '-DTC_RUNID=fbf4fc2e390fa93df08811b6394f7cca', '-DTC_NAME=nucode.m24.uarte20_hil', '-DSB_CONFIG_COMPILER_WARNINGS_AS_ERRORS=y', '-DEXTRA_GEN_EDT_ARGS=--edtlib-Werror', '-GNinja', '-DPython3_EXECUTABLE=C:/ncs/toolchains/dcbdc366a1/opt/bin/python.exe', '-DZEPHYR_TOOLCHAIN_VARIANT=zephyr/gnu', '-SC:\\ncs\\v3.4.0\\zephyr/share/sysbuild', '-DAPP_DIR=C:\\Users\\eidos\\GitHub\\NU54DK_Arduino_Core\\tests\\zephyr\\m24_uarte_onboard_hil', '-DBOARD_ROOT=C:/Users/eidos/GitHub/NU54DK_Arduino_Core/board_package/NU54DK_Zephyr_DTS', '-DEXTRA_ZEPHYR_MODULES=C:/Users/eidos/GitHub/NU54DK_Arduino_Core', '-DUSE_CCACHE=0', '-DOVERLAY_CONFIG=C:\\u4p\\nrf54l15dk_nrf54l15_cpuapp_nu54dk\\zephyr_gnu\\nucode.m24.uarte20_hil\\twister\\testsuite_extra.conf', '-DBOARD=nrf54l15dk/nrf54l15/cpuapp/nu54dk']
2026-09-07 12:59:06,596 - twister - DEBUG - Test instance nrf54l15dk/nrf54l15/cpuapp/nu54dk\zephyr/gnu\nucode.m25.event already has 3 testcase(s) known: [<TestCase nucode.m25.event.m25_event_fabric_contract.cross_domain_connect_fails_closed with not run>, <TestCase nucode.m25.event.m25_event_fabric_contract.all_instance_handles_exist with not run>, <TestCase nucode.m25.event.m25_event_fabric_contract.endpoint_domains_are_explicit with not run>]
2026-09-07 12:59:06,596 - twister - DEBUG - Detected 3 Ztest case(s): [nucode.m25.event.m25_event_fabric_contract.cross_domain_connect_fails_closed, nucode.m25.event.m25_event_fabric_contract.endpoint_domains_are_explicit, nucode.m25.event.m25_event_fabric_contract.all_instance_handles_exist] in C:/u4p/nrf54l15dk_nrf54l15_cpuapp_nu54dk/zephyr_gnu/nucode.m25.event/m25_event_fabric_contract\zephyr\zephyr.elf
2026-09-07 12:59:06,602 - twister - DEBUG - Instance nrf54l15dk/nrf54l15/cpuapp/nu54dk\zephyr/gnu\nucode.m25.event can't run (run:False, handler.ready:False)
2026-09-07 12:59:06,607 - twister - DEBUG - Running cmake on C:\Users\eidos\GitHub\NU54DK_Arduino_Core\tests\zephyr\m24_twi_driver_contract for nrf54l15dk/nrf54l15/cpuapp/nu54dk
2026-09-07 12:59:06,607 - twister - DEBUG - Building C:\Users\eidos\GitHub\NU54DK_Arduino_Core\tests\zephyr\m24_twi_driver_contract using sysbuild
2026-09-07 12:59:06,612 - twister - DEBUG - Calling cmake: ['C:\\ncs\\toolchains\\dcbdc366a1\\opt\\bin\\cmake.EXE', '-BC:\\u4p\\nrf54l15dk_nrf54l15_cpuapp_nu54dk\\zephyr_gnu\\nucode.m24.twi', '-DTC_RUNID=5be0aec0b34be863e38f6bdb0e8fb937', '-DTC_NAME=nucode.m24.twi', '-DSB_CONFIG_COMPILER_WARNINGS_AS_ERRORS=y', '-DEXTRA_GEN_EDT_ARGS=--edtlib-Werror', '-GNinja', '-DPython3_EXECUTABLE=C:/ncs/toolchains/dcbdc366a1/opt/bin/python.exe', '-DZEPHYR_TOOLCHAIN_VARIANT=zephyr/gnu', '-SC:\\ncs\\v3.4.0\\zephyr/share/sysbuild', '-DAPP_DIR=C:\\Users\\eidos\\GitHub\\NU54DK_Arduino_Core\\tests\\zephyr\\m24_twi_driver_contract', '-DBOARD_ROOT=C:/Users/eidos/GitHub/NU54DK_Arduino_Core/board_package/NU54DK_Zephyr_DTS', '-DEXTRA_ZEPHYR_MODULES=C:/Users/eidos/GitHub/NU54DK_Arduino_Core', '-DUSE_CCACHE=0', '-DBOARD=nrf54l15dk/nrf54l15/cpuapp/nu54dk']
2026-09-07 12:59:08,177 - twister - DEBUG - Finished building C:\Users\eidos\GitHub\NU54DK_Arduino_Core\tests\zephyr\m24_twim_onboard_hil for nrf54l15dk/nrf54l15/cpuapp/nu54dk in 323.45 seconds
2026-09-07 12:59:08,178 - twister - DEBUG - Determine test cases for test instance: nrf54l15dk/nrf54l15/cpuapp/nu54dk\zephyr/gnu\nucode.m24.twim22_hil
2026-09-07 12:59:08,178 - twister - DEBUG - Determine test cases for test suite: nucode.m24.twim22_hil
2026-09-07 12:59:08,264 - twister - DEBUG - Test instance nrf54l15dk/nrf54l15/cpuapp/nu54dk\zephyr/gnu\nucode.m24.twim22_hil already has 1 testcase(s) known: [<TestCase nucode.m24.twim22_hil with not run>]
2026-09-07 12:59:08,268 - twister - DEBUG - Instance nrf54l15dk/nrf54l15/cpuapp/nu54dk\zephyr/gnu\nucode.m24.twim22_hil can't run (run:False, handler.ready:False)
2026-09-07 12:59:08,268 - twister - DEBUG - Running cmake on C:\Users\eidos\GitHub\NU54DK_Arduino_Core\tests\zephyr\m24_spi_driver_contract for nrf54l15dk/nrf54l15/cpuapp/nu54dk
2026-09-07 12:59:08,268 - twister - DEBUG - Building C:\Users\eidos\GitHub\NU54DK_Arduino_Core\tests\zephyr\m24_spi_driver_contract using sysbuild
2026-09-07 12:59:08,274 - twister - DEBUG - Calling cmake: ['C:\\ncs\\toolchains\\dcbdc366a1\\opt\\bin\\cmake.EXE', '-BC:\\u4p\\nrf54l15dk_nrf54l15_cpuapp_nu54dk\\zephyr_gnu\\nucode.m24.spi', '-DTC_RUNID=68dc714b3f4d89e168456a67e710957a', '-DTC_NAME=nucode.m24.spi', '-DSB_CONFIG_COMPILER_WARNINGS_AS_ERRORS=y', '-DEXTRA_GEN_EDT_ARGS=--edtlib-Werror', '-GNinja', '-DPython3_EXECUTABLE=C:/ncs/toolchains/dcbdc366a1/opt/bin/python.exe', '-DZEPHYR_TOOLCHAIN_VARIANT=zephyr/gnu', '-SC:\\ncs\\v3.4.0\\zephyr/share/sysbuild', '-DAPP_DIR=C:\\Users\\eidos\\GitHub\\NU54DK_Arduino_Core\\tests\\zephyr\\m24_spi_driver_contract', '-DBOARD_ROOT=C:/Users/eidos/GitHub/NU54DK_Arduino_Core/board_package/NU54DK_Zephyr_DTS', '-DEXTRA_ZEPHYR_MODULES=C:/Users/eidos/GitHub/NU54DK_Arduino_Core', '-DUSE_CCACHE=0', '-DBOARD=nrf54l15dk/nrf54l15/cpuapp/nu54dk']
2026-09-07 12:59:15,677 - twister - DEBUG - Loaded sysbuild domain data from C:\u4p\nrf54l15dk_nrf54l15_cpuapp_nu54dk\zephyr_gnu\nucode.m24.twim20_hil\domains.yaml
2026-09-07 12:59:15,681 - twister - DEBUG - Finished running cmake C:\Users\eidos\GitHub\NU54DK_Arduino_Core\tests\zephyr\m24_twim_onboard_hil for nrf54l15dk/nrf54l15/cpuapp/nu54dk in 42.90 seconds
2026-09-07 12:59:15,686 - twister - DEBUG - build test: nrf54l15dk/nrf54l15/cpuapp/nu54dk\zephyr/gnu\nucode.m24.twim20_hil
2026-09-07 12:59:15,686 - twister - DEBUG - Building C:\Users\eidos\GitHub\NU54DK_Arduino_Core\tests\zephyr\m24_twim_onboard_hil for nrf54l15dk/nrf54l15/cpuapp/nu54dk
2026-09-07 12:59:15,728 - twister - DEBUG - Running C:\ncs\toolchains\dcbdc366a1\opt\bin\cmake.EXE --build C:\u4p\nrf54l15dk_nrf54l15_cpuapp_nu54dk\zephyr_gnu\nucode.m24.twim20_hil
2026-09-07 12:59:54,411 - twister - DEBUG - Loaded sysbuild domain data from C:\u4p\nrf54l15dk_nrf54l15_cpuapp_nu54dk\zephyr_gnu\nucode.m24.uarte30_hil\domains.yaml
2026-09-07 12:59:54,414 - twister - DEBUG - Finished running cmake C:\Users\eidos\GitHub\NU54DK_Arduino_Core\tests\zephyr\m24_uarte_onboard_hil for nrf54l15dk/nrf54l15/cpuapp/nu54dk in 63.86 seconds
2026-09-07 12:59:54,414 - twister - DEBUG - build test: nrf54l15dk/nrf54l15/cpuapp/nu54dk\zephyr/gnu\nucode.m24.uarte30_hil
2026-09-07 12:59:54,414 - twister - DEBUG - Building C:\Users\eidos\GitHub\NU54DK_Arduino_Core\tests\zephyr\m24_uarte_onboard_hil for nrf54l15dk/nrf54l15/cpuapp/nu54dk
2026-09-07 12:59:54,455 - twister - DEBUG - Running C:\ncs\toolchains\dcbdc366a1\opt\bin\cmake.EXE --build C:\u4p\nrf54l15dk_nrf54l15_cpuapp_nu54dk\zephyr_gnu\nucode.m24.uarte30_hil
2026-09-07 13:00:01,985 - twister - DEBUG - Loaded sysbuild domain data from C:\u4p\nrf54l15dk_nrf54l15_cpuapp_nu54dk\zephyr_gnu\nucode.m24.uarte22_hil\domains.yaml
2026-09-07 13:00:01,989 - twister - DEBUG - Finished running cmake C:\Users\eidos\GitHub\NU54DK_Arduino_Core\tests\zephyr\m24_uarte_onboard_hil for nrf54l15dk/nrf54l15/cpuapp/nu54dk in 67.96 seconds
2026-09-07 13:00:01,993 - twister - DEBUG - build test: nrf54l15dk/nrf54l15/cpuapp/nu54dk\zephyr/gnu\nucode.m24.uarte22_hil
2026-09-07 13:00:01,993 - twister - DEBUG - Building C:\Users\eidos\GitHub\NU54DK_Arduino_Core\tests\zephyr\m24_uarte_onboard_hil for nrf54l15dk/nrf54l15/cpuapp/nu54dk
2026-09-07 13:00:02,089 - twister - DEBUG - Running C:\ncs\toolchains\dcbdc366a1\opt\bin\cmake.EXE --build C:\u4p\nrf54l15dk_nrf54l15_cpuapp_nu54dk\zephyr_gnu\nucode.m24.uarte22_hil
2026-09-07 13:00:17,080 - twister - DEBUG - Loaded sysbuild domain data from C:\u4p\nrf54l15dk_nrf54l15_cpuapp_nu54dk\zephyr_gnu\nucode.m24.uarte21_hil\domains.yaml
2026-09-07 13:00:17,080 - twister - DEBUG - Finished running cmake C:\Users\eidos\GitHub\NU54DK_Arduino_Core\tests\zephyr\m24_uarte_onboard_hil for nrf54l15dk/nrf54l15/cpuapp/nu54dk in 70.83 seconds
2026-09-07 13:00:17,088 - twister - DEBUG - build test: nrf54l15dk/nrf54l15/cpuapp/nu54dk\zephyr/gnu\nucode.m24.uarte21_hil
2026-09-07 13:00:17,088 - twister - DEBUG - Building C:\Users\eidos\GitHub\NU54DK_Arduino_Core\tests\zephyr\m24_uarte_onboard_hil for nrf54l15dk/nrf54l15/cpuapp/nu54dk
2026-09-07 13:00:17,119 - twister - DEBUG - Running C:\ncs\toolchains\dcbdc366a1\opt\bin\cmake.EXE --build C:\u4p\nrf54l15dk_nrf54l15_cpuapp_nu54dk\zephyr_gnu\nucode.m24.uarte21_hil
2026-09-07 13:00:26,831 - twister - DEBUG - Loaded sysbuild domain data from C:\u4p\nrf54l15dk_nrf54l15_cpuapp_nu54dk\zephyr_gnu\nucode.m24.spi\domains.yaml
2026-09-07 13:00:26,832 - twister - DEBUG - Finished running cmake C:\Users\eidos\GitHub\NU54DK_Arduino_Core\tests\zephyr\m24_spi_driver_contract for nrf54l15dk/nrf54l15/cpuapp/nu54dk in 78.55 seconds
2026-09-07 13:00:26,839 - twister - DEBUG - build test: nrf54l15dk/nrf54l15/cpuapp/nu54dk\zephyr/gnu\nucode.m24.spi
2026-09-07 13:00:26,839 - twister - DEBUG - Building C:\Users\eidos\GitHub\NU54DK_Arduino_Core\tests\zephyr\m24_spi_driver_contract for nrf54l15dk/nrf54l15/cpuapp/nu54dk
2026-09-07 13:00:26,872 - twister - DEBUG - Running C:\ncs\toolchains\dcbdc366a1\opt\bin\cmake.EXE --build C:\u4p\nrf54l15dk_nrf54l15_cpuapp_nu54dk\zephyr_gnu\nucode.m24.spi
2026-09-07 13:00:26,892 - twister - DEBUG - Loaded sysbuild domain data from C:\u4p\nrf54l15dk_nrf54l15_cpuapp_nu54dk\zephyr_gnu\nucode.m24.twi\domains.yaml
2026-09-07 13:00:26,896 - twister - DEBUG - Finished running cmake C:\Users\eidos\GitHub\NU54DK_Arduino_Core\tests\zephyr\m24_twi_driver_contract for nrf54l15dk/nrf54l15/cpuapp/nu54dk in 80.28 seconds
2026-09-07 13:00:26,898 - twister - DEBUG - build test: nrf54l15dk/nrf54l15/cpuapp/nu54dk\zephyr/gnu\nucode.m24.twi
2026-09-07 13:00:26,898 - twister - DEBUG - Building C:\Users\eidos\GitHub\NU54DK_Arduino_Core\tests\zephyr\m24_twi_driver_contract for nrf54l15dk/nrf54l15/cpuapp/nu54dk
2026-09-07 13:00:26,901 - twister - DEBUG - Loaded sysbuild domain data from C:\u4p\nrf54l15dk_nrf54l15_cpuapp_nu54dk\zephyr_gnu\nucode.m24.uarte20_hil\domains.yaml
2026-09-07 13:00:26,905 - twister - DEBUG - Finished running cmake C:\Users\eidos\GitHub\NU54DK_Arduino_Core\tests\zephyr\m24_uarte_onboard_hil for nrf54l15dk/nrf54l15/cpuapp/nu54dk in 80.46 seconds
2026-09-07 13:00:26,910 - twister - DEBUG - build test: nrf54l15dk/nrf54l15/cpuapp/nu54dk\zephyr/gnu\nucode.m24.uarte20_hil
2026-09-07 13:00:26,910 - twister - DEBUG - Building C:\Users\eidos\GitHub\NU54DK_Arduino_Core\tests\zephyr\m24_uarte_onboard_hil for nrf54l15dk/nrf54l15/cpuapp/nu54dk
2026-09-07 13:00:26,961 - twister - DEBUG - Running C:\ncs\toolchains\dcbdc366a1\opt\bin\cmake.EXE --build C:\u4p\nrf54l15dk_nrf54l15_cpuapp_nu54dk\zephyr_gnu\nucode.m24.uarte20_hil
2026-09-07 13:00:40,861 - twister - DEBUG - Finished building C:\Users\eidos\GitHub\NU54DK_Arduino_Core\tests\zephyr\m24_twim_onboard_hil for nrf54l15dk/nrf54l15/cpuapp/nu54dk in 106.94 seconds
2026-09-07 13:00:40,861 - twister - DEBUG - Determine test cases for test instance: nrf54l15dk/nrf54l15/cpuapp/nu54dk\zephyr/gnu\nucode.m24.twim21_hil
2026-09-07 13:00:40,861 - twister - DEBUG - Determine test cases for test suite: nucode.m24.twim21_hil
2026-09-07 13:00:40,954 - twister - DEBUG - Test instance nrf54l15dk/nrf54l15/cpuapp/nu54dk\zephyr/gnu\nucode.m24.twim21_hil already has 1 testcase(s) known: [<TestCase nucode.m24.twim21_hil with not run>]
2026-09-07 13:00:40,956 - twister - DEBUG - Instance nrf54l15dk/nrf54l15/cpuapp/nu54dk\zephyr/gnu\nucode.m24.twim21_hil can't run (run:False, handler.ready:False)
2026-09-07 13:00:40,959 - twister - DEBUG - Running cmake on C:\Users\eidos\GitHub\NU54DK_Arduino_Core\tests\zephyr\m24_uarte_driver_contract for nrf54l15dk/nrf54l15/cpuapp/nu54dk
2026-09-07 13:00:40,960 - twister - DEBUG - Building C:\Users\eidos\GitHub\NU54DK_Arduino_Core\tests\zephyr\m24_uarte_driver_contract using sysbuild
2026-09-07 13:00:40,962 - twister - DEBUG - Calling cmake: ['C:\\ncs\\toolchains\\dcbdc366a1\\opt\\bin\\cmake.EXE', '-BC:\\u4p\\nrf54l15dk_nrf54l15_cpuapp_nu54dk\\zephyr_gnu\\nucode.m24.uarte', '-DTC_RUNID=3bcb5555733e8645c6b5b9c59da838e7', '-DTC_NAME=nucode.m24.uarte', '-DSB_CONFIG_COMPILER_WARNINGS_AS_ERRORS=y', '-DEXTRA_GEN_EDT_ARGS=--edtlib-Werror', '-GNinja', '-DPython3_EXECUTABLE=C:/ncs/toolchains/dcbdc366a1/opt/bin/python.exe', '-DZEPHYR_TOOLCHAIN_VARIANT=zephyr/gnu', '-SC:\\ncs\\v3.4.0\\zephyr/share/sysbuild', '-DAPP_DIR=C:\\Users\\eidos\\GitHub\\NU54DK_Arduino_Core\\tests\\zephyr\\m24_uarte_driver_contract', '-DBOARD_ROOT=C:/Users/eidos/GitHub/NU54DK_Arduino_Core/board_package/NU54DK_Zephyr_DTS', '-DEXTRA_ZEPHYR_MODULES=C:/Users/eidos/GitHub/NU54DK_Arduino_Core', '-DUSE_CCACHE=0', '-DBOARD=nrf54l15dk/nrf54l15/cpuapp/nu54dk']
2026-09-07 13:02:14,914 - twister - DEBUG - Loaded sysbuild domain data from C:\u4p\nrf54l15dk_nrf54l15_cpuapp_nu54dk\zephyr_gnu\nucode.m24.uarte\domains.yaml
2026-09-07 13:02:14,920 - twister - DEBUG - Finished running cmake C:\Users\eidos\GitHub\NU54DK_Arduino_Core\tests\zephyr\m24_uarte_driver_contract for nrf54l15dk/nrf54l15/cpuapp/nu54dk in 93.95 seconds
2026-09-07 13:02:14,924 - twister - DEBUG - build test: nrf54l15dk/nrf54l15/cpuapp/nu54dk\zephyr/gnu\nucode.m24.uarte
2026-09-07 13:02:14,924 - twister - DEBUG - Building C:\Users\eidos\GitHub\NU54DK_Arduino_Core\tests\zephyr\m24_uarte_driver_contract for nrf54l15dk/nrf54l15/cpuapp/nu54dk
2026-09-07 13:02:14,977 - twister - DEBUG - Running C:\ncs\toolchains\dcbdc366a1\opt\bin\cmake.EXE --build C:\u4p\nrf54l15dk_nrf54l15_cpuapp_nu54dk\zephyr_gnu\nucode.m24.uarte
2026-09-07 13:02:38,565 - twister - DEBUG - Finished building C:\Users\eidos\GitHub\NU54DK_Arduino_Core\tests\zephyr\m24_twim_onboard_hil for nrf54l15dk/nrf54l15/cpuapp/nu54dk in 202.88 seconds
2026-09-07 13:02:38,565 - twister - DEBUG - Determine test cases for test instance: nrf54l15dk/nrf54l15/cpuapp/nu54dk\zephyr/gnu\nucode.m24.twim20_hil
2026-09-07 13:02:38,565 - twister - DEBUG - Determine test cases for test suite: nucode.m24.twim20_hil
2026-09-07 13:02:38,698 - twister - DEBUG - Test instance nrf54l15dk/nrf54l15/cpuapp/nu54dk\zephyr/gnu\nucode.m24.twim20_hil already has 1 testcase(s) known: [<TestCase nucode.m24.twim20_hil with not run>]
2026-09-07 13:02:38,702 - twister - DEBUG - Instance nrf54l15dk/nrf54l15/cpuapp/nu54dk\zephyr/gnu\nucode.m24.twim20_hil can't run (run:False, handler.ready:False)
2026-09-07 13:02:38,710 - twister - DEBUG - Running cmake on C:\Users\eidos\GitHub\NU54DK_Arduino_Core\tests\zephyr\m24_serial_fabric_contract for nrf54l15dk/nrf54l15/cpuapp/nu54dk
2026-09-07 13:02:38,710 - twister - DEBUG - Building C:\Users\eidos\GitHub\NU54DK_Arduino_Core\tests\zephyr\m24_serial_fabric_contract using sysbuild
2026-09-07 13:02:38,714 - twister - DEBUG - Calling cmake: ['C:\\ncs\\toolchains\\dcbdc366a1\\opt\\bin\\cmake.EXE', '-BC:\\u4p\\nrf54l15dk_nrf54l15_cpuapp_nu54dk\\zephyr_gnu\\nucode.m24.fabric', '-DTC_RUNID=ce33a946c8b27dd9842bffaf6210eac2', '-DTC_NAME=nucode.m24.fabric', '-DSB_CONFIG_COMPILER_WARNINGS_AS_ERRORS=y', '-DEXTRA_GEN_EDT_ARGS=--edtlib-Werror', '-GNinja', '-DPython3_EXECUTABLE=C:/ncs/toolchains/dcbdc366a1/opt/bin/python.exe', '-DZEPHYR_TOOLCHAIN_VARIANT=zephyr/gnu', '-SC:\\ncs\\v3.4.0\\zephyr/share/sysbuild', '-DAPP_DIR=C:\\Users\\eidos\\GitHub\\NU54DK_Arduino_Core\\tests\\zephyr\\m24_serial_fabric_contract', '-DBOARD_ROOT=C:/Users/eidos/GitHub/NU54DK_Arduino_Core/board_package/NU54DK_Zephyr_DTS', '-DEXTRA_ZEPHYR_MODULES=C:/Users/eidos/GitHub/NU54DK_Arduino_Core', '-DUSE_CCACHE=0', '-DBOARD=nrf54l15dk/nrf54l15/cpuapp/nu54dk']
2026-09-07 13:04:08,845 - twister - DEBUG - Finished building C:\Users\eidos\GitHub\NU54DK_Arduino_Core\tests\zephyr\m24_uarte_onboard_hil for nrf54l15dk/nrf54l15/cpuapp/nu54dk in 254.43 seconds
2026-09-07 13:04:08,846 - twister - DEBUG - Determine test cases for test instance: nrf54l15dk/nrf54l15/cpuapp/nu54dk\zephyr/gnu\nucode.m24.uarte30_hil
2026-09-07 13:04:08,846 - twister - DEBUG - Determine test cases for test suite: nucode.m24.uarte30_hil
2026-09-07 13:04:08,917 - twister - DEBUG - Test instance nrf54l15dk/nrf54l15/cpuapp/nu54dk\zephyr/gnu\nucode.m24.uarte30_hil already has 1 testcase(s) known: [<TestCase nucode.m24.uarte30_hil with not run>]
2026-09-07 13:04:08,919 - twister - DEBUG - Instance nrf54l15dk/nrf54l15/cpuapp/nu54dk\zephyr/gnu\nucode.m24.uarte30_hil can't run (run:False, handler.ready:False)
2026-09-07 13:04:08,923 - twister - DEBUG - Running cmake on C:\Users\eidos\GitHub\NU54DK_Arduino_Core\tests\zephyr\m23_inventory_contract for nrf54l15dk/nrf54l15/cpuapp/nu54dk
2026-09-07 13:04:08,923 - twister - DEBUG - Building C:\Users\eidos\GitHub\NU54DK_Arduino_Core\tests\zephyr\m23_inventory_contract using sysbuild
2026-09-07 13:04:08,926 - twister - DEBUG - Calling cmake: ['C:\\ncs\\toolchains\\dcbdc366a1\\opt\\bin\\cmake.EXE', '-BC:\\u4p\\nrf54l15dk_nrf54l15_cpuapp_nu54dk\\zephyr_gnu\\nucode.m23.inventory_contract', '-DTC_RUNID=d4b3e006126223d0fee4c4c06b4d2768', '-DTC_NAME=nucode.m23.inventory_contract', '-DSB_CONFIG_COMPILER_WARNINGS_AS_ERRORS=y', '-DEXTRA_GEN_EDT_ARGS=--edtlib-Werror', '-GNinja', '-DPython3_EXECUTABLE=C:/ncs/toolchains/dcbdc366a1/opt/bin/python.exe', '-DZEPHYR_TOOLCHAIN_VARIANT=zephyr/gnu', '-SC:\\ncs\\v3.4.0\\zephyr/share/sysbuild', '-DAPP_DIR=C:\\Users\\eidos\\GitHub\\NU54DK_Arduino_Core\\tests\\zephyr\\m23_inventory_contract', '-DBOARD_ROOT=C:/Users/eidos/GitHub/NU54DK_Arduino_Core/board_package/NU54DK_Zephyr_DTS', '-DEXTRA_ZEPHYR_MODULES=C:/Users/eidos/GitHub/NU54DK_Arduino_Core', '-DUSE_CCACHE=0', '-DBOARD=nrf54l15dk/nrf54l15/cpuapp/nu54dk']
2026-09-07 13:04:12,468 - twister - DEBUG - Finished building C:\Users\eidos\GitHub\NU54DK_Arduino_Core\tests\zephyr\m24_uarte_onboard_hil for nrf54l15dk/nrf54l15/cpuapp/nu54dk in 250.47 seconds
2026-09-07 13:04:12,470 - twister - DEBUG - Determine test cases for test instance: nrf54l15dk/nrf54l15/cpuapp/nu54dk\zephyr/gnu\nucode.m24.uarte22_hil
2026-09-07 13:04:12,470 - twister - DEBUG - Determine test cases for test suite: nucode.m24.uarte22_hil
2026-09-07 13:04:12,561 - twister - DEBUG - Test instance nrf54l15dk/nrf54l15/cpuapp/nu54dk\zephyr/gnu\nucode.m24.uarte22_hil already has 1 testcase(s) known: [<TestCase nucode.m24.uarte22_hil with not run>]
2026-09-07 13:04:12,564 - twister - DEBUG - Instance nrf54l15dk/nrf54l15/cpuapp/nu54dk\zephyr/gnu\nucode.m24.uarte22_hil can't run (run:False, handler.ready:False)
2026-09-07 13:04:12,567 - twister - DEBUG - Running cmake on C:\Users\eidos\GitHub\NU54DK_Arduino_Core\tests\zephyr\v04_pair_hil for nrf54l15dk/nrf54l15/cpuapp/nu54dk
2026-09-07 13:04:12,567 - twister - DEBUG - Building C:\Users\eidos\GitHub\NU54DK_Arduino_Core\tests\zephyr\v04_pair_hil using sysbuild
2026-09-07 13:04:12,571 - twister - DEBUG - Calling cmake: ['C:\\ncs\\toolchains\\dcbdc366a1\\opt\\bin\\cmake.EXE', '-BC:\\u4p\\nrf54l15dk_nrf54l15_cpuapp_nu54dk\\zephyr_gnu\\nucode.v04.pair_peer', '-DTC_RUNID=226c98ea99c05ff4d767e6ae60ed5403', '-DTC_NAME=nucode.v04.pair_peer', '-DSB_CONFIG_COMPILER_WARNINGS_AS_ERRORS=y', '-DEXTRA_GEN_EDT_ARGS=--edtlib-Werror', '-GNinja', '-DPython3_EXECUTABLE=C:/ncs/toolchains/dcbdc366a1/opt/bin/python.exe', '-DZEPHYR_TOOLCHAIN_VARIANT=zephyr/gnu', '-SC:\\ncs\\v3.4.0\\zephyr/share/sysbuild', '-DAPP_DIR=C:\\Users\\eidos\\GitHub\\NU54DK_Arduino_Core\\tests\\zephyr\\v04_pair_hil', '-DBOARD_ROOT=C:/Users/eidos/GitHub/NU54DK_Arduino_Core/board_package/NU54DK_Zephyr_DTS', '-DEXTRA_ZEPHYR_MODULES=C:/Users/eidos/GitHub/NU54DK_Arduino_Core', '-DUSE_CCACHE=0', '-DOVERLAY_CONFIG=C:\\u4p\\nrf54l15dk_nrf54l15_cpuapp_nu54dk\\zephyr_gnu\\nucode.v04.pair_peer\\twister\\testsuite_extra.conf', '-DBOARD=nrf54l15dk/nrf54l15/cpuapp/nu54dk']
2026-09-07 13:04:16,011 - twister - DEBUG - Loaded sysbuild domain data from C:\u4p\nrf54l15dk_nrf54l15_cpuapp_nu54dk\zephyr_gnu\nucode.m24.fabric\domains.yaml
2026-09-07 13:04:16,015 - twister - DEBUG - Finished running cmake C:\Users\eidos\GitHub\NU54DK_Arduino_Core\tests\zephyr\m24_serial_fabric_contract for nrf54l15dk/nrf54l15/cpuapp/nu54dk in 97.30 seconds
2026-09-07 13:04:16,019 - twister - DEBUG - build test: nrf54l15dk/nrf54l15/cpuapp/nu54dk\zephyr/gnu\nucode.m24.fabric
2026-09-07 13:04:16,019 - twister - DEBUG - Building C:\Users\eidos\GitHub\NU54DK_Arduino_Core\tests\zephyr\m24_serial_fabric_contract for nrf54l15dk/nrf54l15/cpuapp/nu54dk
2026-09-07 13:04:16,054 - twister - DEBUG - Running C:\ncs\toolchains\dcbdc366a1\opt\bin\cmake.EXE --build C:\u4p\nrf54l15dk_nrf54l15_cpuapp_nu54dk\zephyr_gnu\nucode.m24.fabric
2026-09-07 13:04:36,852 - twister - DEBUG - Finished building C:\Users\eidos\GitHub\NU54DK_Arduino_Core\tests\zephyr\m24_uarte_onboard_hil for nrf54l15dk/nrf54l15/cpuapp/nu54dk in 259.76 seconds
2026-09-07 13:04:36,852 - twister - DEBUG - Determine test cases for test instance: nrf54l15dk/nrf54l15/cpuapp/nu54dk\zephyr/gnu\nucode.m24.uarte21_hil
2026-09-07 13:04:36,852 - twister - DEBUG - Determine test cases for test suite: nucode.m24.uarte21_hil
2026-09-07 13:04:36,930 - twister - DEBUG - Test instance nrf54l15dk/nrf54l15/cpuapp/nu54dk\zephyr/gnu\nucode.m24.uarte21_hil already has 1 testcase(s) known: [<TestCase nucode.m24.uarte21_hil with not run>]
2026-09-07 13:04:36,932 - twister - DEBUG - Instance nrf54l15dk/nrf54l15/cpuapp/nu54dk\zephyr/gnu\nucode.m24.uarte21_hil can't run (run:False, handler.ready:False)
2026-09-07 13:04:36,937 - twister - DEBUG - Running cmake on C:\Users\eidos\GitHub\NU54DK_Arduino_Core\tests\zephyr\v04_pair_hil for nrf54l15dk/nrf54l15/cpuapp/nu54dk
2026-09-07 13:04:36,937 - twister - DEBUG - Building C:\Users\eidos\GitHub\NU54DK_Arduino_Core\tests\zephyr\v04_pair_hil using sysbuild
2026-09-07 13:04:36,942 - twister - DEBUG - Calling cmake: ['C:\\ncs\\toolchains\\dcbdc366a1\\opt\\bin\\cmake.EXE', '-BC:\\u4p\\nrf54l15dk_nrf54l15_cpuapp_nu54dk\\zephyr_gnu\\nucode.v04.pair_dut', '-DTC_RUNID=02a7b6a74785897ef23d6332335a01b3', '-DTC_NAME=nucode.v04.pair_dut', '-DSB_CONFIG_COMPILER_WARNINGS_AS_ERRORS=y', '-DEXTRA_GEN_EDT_ARGS=--edtlib-Werror', '-GNinja', '-DPython3_EXECUTABLE=C:/ncs/toolchains/dcbdc366a1/opt/bin/python.exe', '-DZEPHYR_TOOLCHAIN_VARIANT=zephyr/gnu', '-SC:\\ncs\\v3.4.0\\zephyr/share/sysbuild', '-DAPP_DIR=C:\\Users\\eidos\\GitHub\\NU54DK_Arduino_Core\\tests\\zephyr\\v04_pair_hil', '-DBOARD_ROOT=C:/Users/eidos/GitHub/NU54DK_Arduino_Core/board_package/NU54DK_Zephyr_DTS', '-DEXTRA_ZEPHYR_MODULES=C:/Users/eidos/GitHub/NU54DK_Arduino_Core', '-DUSE_CCACHE=0', '-DOVERLAY_CONFIG=C:\\u4p\\nrf54l15dk_nrf54l15_cpuapp_nu54dk\\zephyr_gnu\\nucode.v04.pair_dut\\twister\\testsuite_extra.conf', '-DBOARD=nrf54l15dk/nrf54l15/cpuapp/nu54dk']
2026-09-07 13:05:08,491 - twister - DEBUG - Loaded sysbuild domain data from C:\u4p\nrf54l15dk_nrf54l15_cpuapp_nu54dk\zephyr_gnu\nucode.m23.inventory_contract\domains.yaml
2026-09-07 13:05:08,492 - twister - DEBUG - Finished running cmake C:\Users\eidos\GitHub\NU54DK_Arduino_Core\tests\zephyr\m23_inventory_contract for nrf54l15dk/nrf54l15/cpuapp/nu54dk in 59.56 seconds
2026-09-07 13:05:08,492 - twister - DEBUG - build test: nrf54l15dk/nrf54l15/cpuapp/nu54dk\zephyr/gnu\nucode.m23.inventory_contract
2026-09-07 13:05:08,492 - twister - DEBUG - Building C:\Users\eidos\GitHub\NU54DK_Arduino_Core\tests\zephyr\m23_inventory_contract for nrf54l15dk/nrf54l15/cpuapp/nu54dk
2026-09-07 13:05:08,515 - twister - DEBUG - Running C:\ncs\toolchains\dcbdc366a1\opt\bin\cmake.EXE --build C:\u4p\nrf54l15dk_nrf54l15_cpuapp_nu54dk\zephyr_gnu\nucode.m23.inventory_contract
2026-09-07 13:05:09,883 - twister - DEBUG - Loaded sysbuild domain data from C:\u4p\nrf54l15dk_nrf54l15_cpuapp_nu54dk\zephyr_gnu\nucode.v04.pair_peer\domains.yaml
2026-09-07 13:05:09,883 - twister - DEBUG - Finished running cmake C:\Users\eidos\GitHub\NU54DK_Arduino_Core\tests\zephyr\v04_pair_hil for nrf54l15dk/nrf54l15/cpuapp/nu54dk in 57.31 seconds
2026-09-07 13:05:09,883 - twister - DEBUG - build test: nrf54l15dk/nrf54l15/cpuapp/nu54dk\zephyr/gnu\nucode.v04.pair_peer
2026-09-07 13:05:09,883 - twister - DEBUG - Building C:\Users\eidos\GitHub\NU54DK_Arduino_Core\tests\zephyr\v04_pair_hil for nrf54l15dk/nrf54l15/cpuapp/nu54dk
2026-09-07 13:05:09,930 - twister - DEBUG - Running C:\ncs\toolchains\dcbdc366a1\opt\bin\cmake.EXE --build C:\u4p\nrf54l15dk_nrf54l15_cpuapp_nu54dk\zephyr_gnu\nucode.v04.pair_peer
2026-09-07 13:05:15,671 - twister - DEBUG - Finished building C:\Users\eidos\GitHub\NU54DK_Arduino_Core\tests\zephyr\m24_uarte_onboard_hil for nrf54l15dk/nrf54l15/cpuapp/nu54dk in 288.76 seconds
2026-09-07 13:05:15,672 - twister - DEBUG - Determine test cases for test instance: nrf54l15dk/nrf54l15/cpuapp/nu54dk\zephyr/gnu\nucode.m24.uarte20_hil
2026-09-07 13:05:15,672 - twister - DEBUG - Determine test cases for test suite: nucode.m24.uarte20_hil
2026-09-07 13:05:15,755 - twister - DEBUG - Test instance nrf54l15dk/nrf54l15/cpuapp/nu54dk\zephyr/gnu\nucode.m24.uarte20_hil already has 1 testcase(s) known: [<TestCase nucode.m24.uarte20_hil with not run>]
2026-09-07 13:05:15,757 - twister - DEBUG - Instance nrf54l15dk/nrf54l15/cpuapp/nu54dk\zephyr/gnu\nucode.m24.uarte20_hil can't run (run:False, handler.ready:False)
2026-09-07 13:05:15,759 - twister - DEBUG - Running cmake on C:\Users\eidos\GitHub\NU54DK_Arduino_Core\tests\zephyr\r01_serial for nrf54l15dk/nrf54l15/cpuapp/nu54dk
2026-09-07 13:05:15,759 - twister - DEBUG - Building C:\Users\eidos\GitHub\NU54DK_Arduino_Core\tests\zephyr\r01_serial using sysbuild
2026-09-07 13:05:15,759 - twister - DEBUG - Calling cmake: ['C:\\ncs\\toolchains\\dcbdc366a1\\opt\\bin\\cmake.EXE', '-BC:\\u4p\\nrf54l15dk_nrf54l15_cpuapp_nu54dk\\zephyr_gnu\\nucode.r01.all', '-DTC_RUNID=2329605852a505a3120d16d359ae75a7', '-DTC_NAME=nucode.r01.all', '-DSB_CONFIG_COMPILER_WARNINGS_AS_ERRORS=y', '-DEXTRA_GEN_EDT_ARGS=--edtlib-Werror', '-GNinja', '-DPython3_EXECUTABLE=C:/ncs/toolchains/dcbdc366a1/opt/bin/python.exe', '-DZEPHYR_TOOLCHAIN_VARIANT=zephyr/gnu', '-SC:\\ncs\\v3.4.0\\zephyr/share/sysbuild', '-DAPP_DIR=C:\\Users\\eidos\\GitHub\\NU54DK_Arduino_Core\\tests\\zephyr\\r01_serial', '-DBOARD_ROOT=C:/Users/eidos/GitHub/NU54DK_Arduino_Core/board_package/NU54DK_Zephyr_DTS', '-DEXTRA_ZEPHYR_MODULES=C:/Users/eidos/GitHub/NU54DK_Arduino_Core', '-DUSE_CCACHE=0', '-DOVERLAY_CONFIG=C:\\u4p\\nrf54l15dk_nrf54l15_cpuapp_nu54dk\\zephyr_gnu\\nucode.r01.all\\twister\\testsuite_extra.conf', '-DBOARD=nrf54l15dk/nrf54l15/cpuapp/nu54dk']
2026-09-07 13:05:33,751 - twister - DEBUG - Finished building C:\Users\eidos\GitHub\NU54DK_Arduino_Core\tests\zephyr\m24_spi_driver_contract for nrf54l15dk/nrf54l15/cpuapp/nu54dk in 306.91 seconds
2026-09-07 13:05:33,752 - twister - DEBUG - Determine test cases for test instance: nrf54l15dk/nrf54l15/cpuapp/nu54dk\zephyr/gnu\nucode.m24.spi
2026-09-07 13:05:33,752 - twister - DEBUG - Determine test cases for test suite: nucode.m24.spi
2026-09-07 13:05:33,752 - twister - DEBUG - Finished building C:\Users\eidos\GitHub\NU54DK_Arduino_Core\tests\zephyr\m24_twi_driver_contract for nrf54l15dk/nrf54l15/cpuapp/nu54dk in 306.85 seconds
2026-09-07 13:05:33,754 - twister - DEBUG - Determine test cases for test instance: nrf54l15dk/nrf54l15/cpuapp/nu54dk\zephyr/gnu\nucode.m24.twi
2026-09-07 13:05:33,754 - twister - DEBUG - Determine test cases for test suite: nucode.m24.twi
2026-09-07 13:05:34,127 - twister - DEBUG - Test instance nrf54l15dk/nrf54l15/cpuapp/nu54dk\zephyr/gnu\nucode.m24.spi already has 2 testcase(s) known: [<TestCase nucode.m24.spi.m24_spi_driver_contract.inactive_dma_operations_fail_closed with not run>, <TestCase nucode.m24.spi.m24_spi_driver_contract.all_ten_adapters_stage_exact_routes with not run>]
2026-09-07 13:05:34,127 - twister - DEBUG - Detected 2 Ztest case(s): [nucode.m24.spi.m24_spi_driver_contract.inactive_dma_operations_fail_closed, nucode.m24.spi.m24_spi_driver_contract.all_ten_adapters_stage_exact_routes] in C:/u4p/nrf54l15dk_nrf54l15_cpuapp_nu54dk/zephyr_gnu/nucode.m24.spi/m24_spi_driver_contract\zephyr\zephyr.elf
2026-09-07 13:05:34,129 - twister - DEBUG - Instance nrf54l15dk/nrf54l15/cpuapp/nu54dk\zephyr/gnu\nucode.m24.spi can't run (run:False, handler.ready:False)
2026-09-07 13:05:34,133 - twister - DEBUG - Running cmake on C:\Users\eidos\GitHub\NU54DK_Arduino_Core\tests\zephyr\r01_serial for nrf54l15dk/nrf54l15/cpuapp/nu54dk
2026-09-07 13:05:34,133 - twister - DEBUG - Building C:\Users\eidos\GitHub\NU54DK_Arduino_Core\tests\zephyr\r01_serial using sysbuild
2026-09-07 13:05:34,136 - twister - DEBUG - Calling cmake: ['C:\\ncs\\toolchains\\dcbdc366a1\\opt\\bin\\cmake.EXE', '-BC:\\u4p\\nrf54l15dk_nrf54l15_cpuapp_nu54dk\\zephyr_gnu\\nucode.r01.twis', '-DTC_RUNID=3bb7473e342154e911e23ce02545e339', '-DTC_NAME=nucode.r01.twis', '-DSB_CONFIG_COMPILER_WARNINGS_AS_ERRORS=y', '-DEXTRA_GEN_EDT_ARGS=--edtlib-Werror', '-GNinja', '-DPython3_EXECUTABLE=C:/ncs/toolchains/dcbdc366a1/opt/bin/python.exe', '-DZEPHYR_TOOLCHAIN_VARIANT=zephyr/gnu', '-SC:\\ncs\\v3.4.0\\zephyr/share/sysbuild', '-DAPP_DIR=C:\\Users\\eidos\\GitHub\\NU54DK_Arduino_Core\\tests\\zephyr\\r01_serial', '-DBOARD_ROOT=C:/Users/eidos/GitHub/NU54DK_Arduino_Core/board_package/NU54DK_Zephyr_DTS', '-DEXTRA_ZEPHYR_MODULES=C:/Users/eidos/GitHub/NU54DK_Arduino_Core', '-DUSE_CCACHE=0', '-DOVERLAY_CONFIG=C:\\u4p\\nrf54l15dk_nrf54l15_cpuapp_nu54dk\\zephyr_gnu\\nucode.r01.twis\\twister\\testsuite_extra.conf', '-DBOARD=nrf54l15dk/nrf54l15/cpuapp/nu54dk']
2026-09-07 13:05:34,420 - twister - DEBUG - Test instance nrf54l15dk/nrf54l15/cpuapp/nu54dk\zephyr/gnu\nucode.m24.twi already has 3 testcase(s) known: [<TestCase nucode.m24.twi.m24_twi_driver_contract.pmic_profile_is_controller_read_only with not run>, <TestCase nucode.m24.twi.m24_twi_driver_contract.all_eight_adapters_stage_exact_routes with not run>, <TestCase nucode.m24.twi.m24_twi_driver_contract.inactive_dma_operations_fail_closed with not run>]
2026-09-07 13:05:34,420 - twister - DEBUG - Detected 3 Ztest case(s): [nucode.m24.twi.m24_twi_driver_contract.inactive_dma_operations_fail_closed, nucode.m24.twi.m24_twi_driver_contract.pmic_profile_is_controller_read_only, nucode.m24.twi.m24_twi_driver_contract.all_eight_adapters_stage_exact_routes] in C:/u4p/nrf54l15dk_nrf54l15_cpuapp_nu54dk/zephyr_gnu/nucode.m24.twi/m24_twi_driver_contract\zephyr\zephyr.elf
2026-09-07 13:05:34,423 - twister - DEBUG - Instance nrf54l15dk/nrf54l15/cpuapp/nu54dk\zephyr/gnu\nucode.m24.twi can't run (run:False, handler.ready:False)
2026-09-07 13:05:34,426 - twister - DEBUG - Running cmake on C:\Users\eidos\GitHub\NU54DK_Arduino_Core\tests\zephyr\r01_serial for nrf54l15dk/nrf54l15/cpuapp/nu54dk
2026-09-07 13:05:34,426 - twister - DEBUG - Building C:\Users\eidos\GitHub\NU54DK_Arduino_Core\tests\zephyr\r01_serial using sysbuild
2026-09-07 13:05:34,432 - twister - DEBUG - Calling cmake: ['C:\\ncs\\toolchains\\dcbdc366a1\\opt\\bin\\cmake.EXE', '-BC:\\u4p\\nrf54l15dk_nrf54l15_cpuapp_nu54dk\\zephyr_gnu\\nucode.r01.twim', '-DTC_RUNID=2c4a3c8fb142d622dbfc6c59b9d814c2', '-DTC_NAME=nucode.r01.twim', '-DSB_CONFIG_COMPILER_WARNINGS_AS_ERRORS=y', '-DEXTRA_GEN_EDT_ARGS=--edtlib-Werror', '-GNinja', '-DPython3_EXECUTABLE=C:/ncs/toolchains/dcbdc366a1/opt/bin/python.exe', '-DZEPHYR_TOOLCHAIN_VARIANT=zephyr/gnu', '-SC:\\ncs\\v3.4.0\\zephyr/share/sysbuild', '-DAPP_DIR=C:\\Users\\eidos\\GitHub\\NU54DK_Arduino_Core\\tests\\zephyr\\r01_serial', '-DBOARD_ROOT=C:/Users/eidos/GitHub/NU54DK_Arduino_Core/board_package/NU54DK_Zephyr_DTS', '-DEXTRA_ZEPHYR_MODULES=C:/Users/eidos/GitHub/NU54DK_Arduino_Core', '-DUSE_CCACHE=0', '-DOVERLAY_CONFIG=C:\\u4p\\nrf54l15dk_nrf54l15_cpuapp_nu54dk\\zephyr_gnu\\nucode.r01.twim\\twister\\testsuite_extra.conf', '-DBOARD=nrf54l15dk/nrf54l15/cpuapp/nu54dk']
2026-09-07 13:05:42,687 - twister - DEBUG - Loaded sysbuild domain data from C:\u4p\nrf54l15dk_nrf54l15_cpuapp_nu54dk\zephyr_gnu\nucode.v04.pair_dut\domains.yaml
2026-09-07 13:05:42,696 - twister - DEBUG - Finished running cmake C:\Users\eidos\GitHub\NU54DK_Arduino_Core\tests\zephyr\v04_pair_hil for nrf54l15dk/nrf54l15/cpuapp/nu54dk in 65.74 seconds
2026-09-07 13:05:42,702 - twister - DEBUG - build test: nrf54l15dk/nrf54l15/cpuapp/nu54dk\zephyr/gnu\nucode.v04.pair_dut
2026-09-07 13:05:42,702 - twister - DEBUG - Building C:\Users\eidos\GitHub\NU54DK_Arduino_Core\tests\zephyr\v04_pair_hil for nrf54l15dk/nrf54l15/cpuapp/nu54dk
2026-09-07 13:05:42,730 - twister - DEBUG - Running C:\ncs\toolchains\dcbdc366a1\opt\bin\cmake.EXE --build C:\u4p\nrf54l15dk_nrf54l15_cpuapp_nu54dk\zephyr_gnu\nucode.v04.pair_dut
2026-09-07 13:06:30,547 - twister - DEBUG - Loaded sysbuild domain data from C:\u4p\nrf54l15dk_nrf54l15_cpuapp_nu54dk\zephyr_gnu\nucode.r01.all\domains.yaml
2026-09-07 13:06:30,552 - twister - DEBUG - Finished running cmake C:\Users\eidos\GitHub\NU54DK_Arduino_Core\tests\zephyr\r01_serial for nrf54l15dk/nrf54l15/cpuapp/nu54dk in 74.78 seconds
2026-09-07 13:06:30,557 - twister - DEBUG - build test: nrf54l15dk/nrf54l15/cpuapp/nu54dk\zephyr/gnu\nucode.r01.all
2026-09-07 13:06:30,557 - twister - DEBUG - Building C:\Users\eidos\GitHub\NU54DK_Arduino_Core\tests\zephyr\r01_serial for nrf54l15dk/nrf54l15/cpuapp/nu54dk
2026-09-07 13:06:30,594 - twister - DEBUG - Running C:\ncs\toolchains\dcbdc366a1\opt\bin\cmake.EXE --build C:\u4p\nrf54l15dk_nrf54l15_cpuapp_nu54dk\zephyr_gnu\nucode.r01.all
2026-09-07 13:06:49,738 - twister - DEBUG - Finished building C:\Users\eidos\GitHub\NU54DK_Arduino_Core\tests\zephyr\m24_uarte_driver_contract for nrf54l15dk/nrf54l15/cpuapp/nu54dk in 274.81 seconds
2026-09-07 13:06:49,738 - twister - DEBUG - Determine test cases for test instance: nrf54l15dk/nrf54l15/cpuapp/nu54dk\zephyr/gnu\nucode.m24.uarte
2026-09-07 13:06:49,738 - twister - DEBUG - Determine test cases for test suite: nucode.m24.uarte
2026-09-07 13:06:50,424 - twister - DEBUG - Test instance nrf54l15dk/nrf54l15/cpuapp/nu54dk\zephyr/gnu\nucode.m24.uarte already has 3 testcase(s) known: [<TestCase nucode.m24.uarte.m24_uarte_driver_contract.all_five_adapters_stage_exact_routes with not run>, <TestCase nucode.m24.uarte.m24_uarte_driver_contract.disabled_console_releases_p1_dap_route with not run>, <TestCase nucode.m24.uarte.m24_uarte_driver_contract.inactive_transfer_and_invalid_baud_fail_closed with not run>]
2026-09-07 13:06:50,424 - twister - DEBUG - Detected 3 Ztest case(s): [nucode.m24.uarte.m24_uarte_driver_contract.disabled_console_releases_p1_dap_route, nucode.m24.uarte.m24_uarte_driver_contract.inactive_transfer_and_invalid_baud_fail_closed, nucode.m24.uarte.m24_uarte_driver_contract.all_five_adapters_stage_exact_routes] in C:/u4p/nrf54l15dk_nrf54l15_cpuapp_nu54dk/zephyr_gnu/nucode.m24.uarte/m24_uarte_driver_contract\zephyr\zephyr.elf
2026-09-07 13:06:50,426 - twister - DEBUG - Instance nrf54l15dk/nrf54l15/cpuapp/nu54dk\zephyr/gnu\nucode.m24.uarte can't run (run:False, handler.ready:False)
2026-09-07 13:06:50,433 - twister - DEBUG - Running cmake on C:\Users\eidos\GitHub\NU54DK_Arduino_Core\tests\zephyr\r01_serial for nrf54l15dk/nrf54l15/cpuapp/nu54dk
2026-09-07 13:06:50,433 - twister - DEBUG - Building C:\Users\eidos\GitHub\NU54DK_Arduino_Core\tests\zephyr\r01_serial using sysbuild
2026-09-07 13:06:50,435 - twister - DEBUG - Calling cmake: ['C:\\ncs\\toolchains\\dcbdc366a1\\opt\\bin\\cmake.EXE', '-BC:\\u4p\\nrf54l15dk_nrf54l15_cpuapp_nu54dk\\zephyr_gnu\\nucode.r01.spis', '-DTC_RUNID=613c0bc9c253026a6c2e2420fba94554', '-DTC_NAME=nucode.r01.spis', '-DSB_CONFIG_COMPILER_WARNINGS_AS_ERRORS=y', '-DEXTRA_GEN_EDT_ARGS=--edtlib-Werror', '-GNinja', '-DPython3_EXECUTABLE=C:/ncs/toolchains/dcbdc366a1/opt/bin/python.exe', '-DZEPHYR_TOOLCHAIN_VARIANT=zephyr/gnu', '-SC:\\ncs\\v3.4.0\\zephyr/share/sysbuild', '-DAPP_DIR=C:\\Users\\eidos\\GitHub\\NU54DK_Arduino_Core\\tests\\zephyr\\r01_serial', '-DBOARD_ROOT=C:/Users/eidos/GitHub/NU54DK_Arduino_Core/board_package/NU54DK_Zephyr_DTS', '-DEXTRA_ZEPHYR_MODULES=C:/Users/eidos/GitHub/NU54DK_Arduino_Core', '-DUSE_CCACHE=0', '-DOVERLAY_CONFIG=C:\\u4p\\nrf54l15dk_nrf54l15_cpuapp_nu54dk\\zephyr_gnu\\nucode.r01.spis\\twister\\testsuite_extra.conf', '-DBOARD=nrf54l15dk/nrf54l15/cpuapp/nu54dk']
2026-09-07 13:07:07,055 - twister - DEBUG - Loaded sysbuild domain data from C:\u4p\nrf54l15dk_nrf54l15_cpuapp_nu54dk\zephyr_gnu\nucode.r01.twis\domains.yaml
2026-09-07 13:07:07,062 - twister - DEBUG - Finished running cmake C:\Users\eidos\GitHub\NU54DK_Arduino_Core\tests\zephyr\r01_serial for nrf54l15dk/nrf54l15/cpuapp/nu54dk in 92.92 seconds
2026-09-07 13:07:07,063 - twister - DEBUG - build test: nrf54l15dk/nrf54l15/cpuapp/nu54dk\zephyr/gnu\nucode.r01.twis
2026-09-07 13:07:07,063 - twister - DEBUG - Building C:\Users\eidos\GitHub\NU54DK_Arduino_Core\tests\zephyr\r01_serial for nrf54l15dk/nrf54l15/cpuapp/nu54dk
2026-09-07 13:07:07,098 - twister - DEBUG - Running C:\ncs\toolchains\dcbdc366a1\opt\bin\cmake.EXE --build C:\u4p\nrf54l15dk_nrf54l15_cpuapp_nu54dk\zephyr_gnu\nucode.r01.twis
2026-09-07 13:07:09,347 - twister - DEBUG - Loaded sysbuild domain data from C:\u4p\nrf54l15dk_nrf54l15_cpuapp_nu54dk\zephyr_gnu\nucode.r01.twim\domains.yaml
2026-09-07 13:07:09,353 - twister - DEBUG - Finished running cmake C:\Users\eidos\GitHub\NU54DK_Arduino_Core\tests\zephyr\r01_serial for nrf54l15dk/nrf54l15/cpuapp/nu54dk in 94.91 seconds
2026-09-07 13:07:09,358 - twister - DEBUG - build test: nrf54l15dk/nrf54l15/cpuapp/nu54dk\zephyr/gnu\nucode.r01.twim
2026-09-07 13:07:09,358 - twister - DEBUG - Building C:\Users\eidos\GitHub\NU54DK_Arduino_Core\tests\zephyr\r01_serial for nrf54l15dk/nrf54l15/cpuapp/nu54dk
2026-09-07 13:07:09,460 - twister - DEBUG - Running C:\ncs\toolchains\dcbdc366a1\opt\bin\cmake.EXE --build C:\u4p\nrf54l15dk_nrf54l15_cpuapp_nu54dk\zephyr_gnu\nucode.r01.twim
2026-09-07 13:08:07,047 - twister - DEBUG - Finished building C:\Users\eidos\GitHub\NU54DK_Arduino_Core\tests\zephyr\m24_serial_fabric_contract for nrf54l15dk/nrf54l15/cpuapp/nu54dk in 231.03 seconds
2026-09-07 13:08:07,050 - twister - DEBUG - Determine test cases for test instance: nrf54l15dk/nrf54l15/cpuapp/nu54dk\zephyr/gnu\nucode.m24.fabric
2026-09-07 13:08:07,050 - twister - DEBUG - Determine test cases for test suite: nucode.m24.fabric
2026-09-07 13:08:07,918 - twister - DEBUG - Test instance nrf54l15dk/nrf54l15/cpuapp/nu54dk\zephyr/gnu\nucode.m24.fabric already has 6 testcase(s) known: [<TestCase nucode.m24.fabric.m24_serial_fabric_contract.disjoint_blocks_and_dma_coexist_overlap_fails with not run>, <TestCase nucode.m24.fabric.m24_serial_fabric_contract.stage_rejects_unavailable_unsafe_and_duplicate_routes with not run>, <TestCase nucode.m24.fabric.m24_serial_fabric_contract.unprovable_stop_latches_whole_block_fail_closed with not run>, <TestCase nucode.m24.fabric.m24_serial_fabric_contract.same_block_conflicts_then_handover_succeeds with not run>, <TestCase nucode.m24.fabric.m24_serial_fabric_contract.factory_exposes_exact_typed_identities with not run>, <TestCase nucode.m24.fabric.m24_serial_fabric_contract.driver_failure_rolls_back_without_partial_owner with not run>]
2026-09-07 13:08:07,918 - twister - DEBUG - Detected 6 Ztest case(s): [nucode.m24.fabric.m24_serial_fabric_contract.unprovable_stop_latches_whole_block_fail_closed, nucode.m24.fabric.m24_serial_fabric_contract.driver_failure_rolls_back_without_partial_owner, nucode.m24.fabric.m24_serial_fabric_contract.disjoint_blocks_and_dma_coexist_overlap_fails, nucode.m24.fabric.m24_serial_fabric_contract.same_block_conflicts_then_handover_succeeds, nucode.m24.fabric.m24_serial_fabric_contract.stage_rejects_unavailable_unsafe_and_duplicate_routes, nucode.m24.fabric.m24_serial_fabric_contract.factory_exposes_exact_typed_identities] in C:/u4p/nrf54l15dk_nrf54l15_cpuapp_nu54dk/zephyr_gnu/nucode.m24.fabric/m24_serial_fabric_contract\zephyr\zephyr.elf
2026-09-07 13:08:07,921 - twister - DEBUG - Instance nrf54l15dk/nrf54l15/cpuapp/nu54dk\zephyr/gnu\nucode.m24.fabric can't run (run:False, handler.ready:False)
2026-09-07 13:08:07,926 - twister - DEBUG - Running cmake on C:\Users\eidos\GitHub\NU54DK_Arduino_Core\tests\zephyr\r01_serial for nrf54l15dk/nrf54l15/cpuapp/nu54dk
2026-09-07 13:08:07,927 - twister - DEBUG - Building C:\Users\eidos\GitHub\NU54DK_Arduino_Core\tests\zephyr\r01_serial using sysbuild
2026-09-07 13:08:07,930 - twister - DEBUG - Calling cmake: ['C:\\ncs\\toolchains\\dcbdc366a1\\opt\\bin\\cmake.EXE', '-BC:\\u4p\\nrf54l15dk_nrf54l15_cpuapp_nu54dk\\zephyr_gnu\\nucode.r01.spim', '-DTC_RUNID=cb89b6595ab6580f29e6783b78acfd2c', '-DTC_NAME=nucode.r01.spim', '-DSB_CONFIG_COMPILER_WARNINGS_AS_ERRORS=y', '-DEXTRA_GEN_EDT_ARGS=--edtlib-Werror', '-GNinja', '-DPython3_EXECUTABLE=C:/ncs/toolchains/dcbdc366a1/opt/bin/python.exe', '-DZEPHYR_TOOLCHAIN_VARIANT=zephyr/gnu', '-SC:\\ncs\\v3.4.0\\zephyr/share/sysbuild', '-DAPP_DIR=C:\\Users\\eidos\\GitHub\\NU54DK_Arduino_Core\\tests\\zephyr\\r01_serial', '-DBOARD_ROOT=C:/Users/eidos/GitHub/NU54DK_Arduino_Core/board_package/NU54DK_Zephyr_DTS', '-DEXTRA_ZEPHYR_MODULES=C:/Users/eidos/GitHub/NU54DK_Arduino_Core', '-DUSE_CCACHE=0', '-DOVERLAY_CONFIG=C:\\u4p\\nrf54l15dk_nrf54l15_cpuapp_nu54dk\\zephyr_gnu\\nucode.r01.spim\\twister\\testsuite_extra.conf', '-DBOARD=nrf54l15dk/nrf54l15/cpuapp/nu54dk']
2026-09-07 13:08:19,488 - twister - DEBUG - Loaded sysbuild domain data from C:\u4p\nrf54l15dk_nrf54l15_cpuapp_nu54dk\zephyr_gnu\nucode.r01.spis\domains.yaml
2026-09-07 13:08:19,493 - twister - DEBUG - Finished running cmake C:\Users\eidos\GitHub\NU54DK_Arduino_Core\tests\zephyr\r01_serial for nrf54l15dk/nrf54l15/cpuapp/nu54dk in 89.05 seconds
2026-09-07 13:08:19,497 - twister - DEBUG - build test: nrf54l15dk/nrf54l15/cpuapp/nu54dk\zephyr/gnu\nucode.r01.spis
2026-09-07 13:08:19,497 - twister - DEBUG - Building C:\Users\eidos\GitHub\NU54DK_Arduino_Core\tests\zephyr\r01_serial for nrf54l15dk/nrf54l15/cpuapp/nu54dk
2026-09-07 13:08:19,531 - twister - DEBUG - Running C:\ncs\toolchains\dcbdc366a1\opt\bin\cmake.EXE --build C:\u4p\nrf54l15dk_nrf54l15_cpuapp_nu54dk\zephyr_gnu\nucode.r01.spis
2026-09-07 13:09:05,183 - twister - DEBUG - Finished building C:\Users\eidos\GitHub\NU54DK_Arduino_Core\tests\zephyr\m23_inventory_contract for nrf54l15dk/nrf54l15/cpuapp/nu54dk in 236.69 seconds
2026-09-07 13:09:05,183 - twister - DEBUG - Determine test cases for test instance: nrf54l15dk/nrf54l15/cpuapp/nu54dk\zephyr/gnu\nucode.m23.inventory_contract
2026-09-07 13:09:05,183 - twister - DEBUG - Determine test cases for test suite: nucode.m23.inventory_contract
2026-09-07 13:09:05,817 - twister - DEBUG - Test instance nrf54l15dk/nrf54l15/cpuapp/nu54dk\zephyr/gnu\nucode.m23.inventory_contract already has 5 testcase(s) known: [<TestCase nucode.m23.inventory_contract.m23_inventory_contract.runtime_identity_has_no_fake_alias with not run>, <TestCase nucode.m23.inventory_contract.m23_inventory_contract.different_blocks_and_full_dma_bundle_can_coexist with not run>, <TestCase nucode.m23.inventory_contract.m23_inventory_contract.same_serial_block_is_exclusive with not run>, <TestCase nucode.m23.inventory_contract.m23_inventory_contract.overlapping_dma_ranges_fail_closed with not run>, <TestCase nucode.m23.inventory_contract.m23_inventory_contract.invalid_dma_ranges_are_rejected with not run>]
2026-09-07 13:09:05,817 - twister - DEBUG - Detected 5 Ztest case(s): [nucode.m23.inventory_contract.m23_inventory_contract.invalid_dma_ranges_are_rejected, nucode.m23.inventory_contract.m23_inventory_contract.overlapping_dma_ranges_fail_closed, nucode.m23.inventory_contract.m23_inventory_contract.different_blocks_and_full_dma_bundle_can_coexist, nucode.m23.inventory_contract.m23_inventory_contract.same_serial_block_is_exclusive, nucode.m23.inventory_contract.m23_inventory_contract.runtime_identity_has_no_fake_alias] in C:/u4p/nrf54l15dk_nrf54l15_cpuapp_nu54dk/zephyr_gnu/nucode.m23.inventory_contract/m23_inventory_contract\zephyr\zephyr.elf
2026-09-07 13:09:05,817 - twister - DEBUG - Instance nrf54l15dk/nrf54l15/cpuapp/nu54dk\zephyr/gnu\nucode.m23.inventory_contract can't run (run:False, handler.ready:False)
2026-09-07 13:09:05,817 - twister - DEBUG - Running cmake on C:\Users\eidos\GitHub\NU54DK_Arduino_Core\tests\zephyr\r01_serial for nrf54l15dk/nrf54l15/cpuapp/nu54dk
2026-09-07 13:09:05,817 - twister - DEBUG - Building C:\Users\eidos\GitHub\NU54DK_Arduino_Core\tests\zephyr\r01_serial using sysbuild
2026-09-07 13:09:05,817 - twister - DEBUG - Calling cmake: ['C:\\ncs\\toolchains\\dcbdc366a1\\opt\\bin\\cmake.EXE', '-BC:\\u4p\\nrf54l15dk_nrf54l15_cpuapp_nu54dk\\zephyr_gnu\\nucode.r01.uarte', '-DTC_RUNID=85279d3b3258f5f5aa9c7b756ec8763c', '-DTC_NAME=nucode.r01.uarte', '-DSB_CONFIG_COMPILER_WARNINGS_AS_ERRORS=y', '-DEXTRA_GEN_EDT_ARGS=--edtlib-Werror', '-GNinja', '-DPython3_EXECUTABLE=C:/ncs/toolchains/dcbdc366a1/opt/bin/python.exe', '-DZEPHYR_TOOLCHAIN_VARIANT=zephyr/gnu', '-SC:\\ncs\\v3.4.0\\zephyr/share/sysbuild', '-DAPP_DIR=C:\\Users\\eidos\\GitHub\\NU54DK_Arduino_Core\\tests\\zephyr\\r01_serial', '-DBOARD_ROOT=C:/Users/eidos/GitHub/NU54DK_Arduino_Core/board_package/NU54DK_Zephyr_DTS', '-DEXTRA_ZEPHYR_MODULES=C:/Users/eidos/GitHub/NU54DK_Arduino_Core', '-DUSE_CCACHE=0', '-DOVERLAY_CONFIG=C:\\u4p\\nrf54l15dk_nrf54l15_cpuapp_nu54dk\\zephyr_gnu\\nucode.r01.uarte\\twister\\testsuite_extra.conf', '-DBOARD=nrf54l15dk/nrf54l15/cpuapp/nu54dk']
2026-09-07 13:09:24,978 - twister - DEBUG - Finished building C:\Users\eidos\GitHub\NU54DK_Arduino_Core\tests\zephyr\v04_pair_hil for nrf54l15dk/nrf54l15/cpuapp/nu54dk in 255.08 seconds
2026-09-07 13:09:24,978 - twister - DEBUG - Determine test cases for test instance: nrf54l15dk/nrf54l15/cpuapp/nu54dk\zephyr/gnu\nucode.v04.pair_peer
2026-09-07 13:09:24,978 - twister - DEBUG - Determine test cases for test suite: nucode.v04.pair_peer
2026-09-07 13:09:25,152 - twister - DEBUG - Test instance nrf54l15dk/nrf54l15/cpuapp/nu54dk\zephyr/gnu\nucode.v04.pair_peer already has 1 testcase(s) known: [<TestCase nucode.v04.pair_peer with not run>]
2026-09-07 13:09:25,159 - twister - DEBUG - Instance nrf54l15dk/nrf54l15/cpuapp/nu54dk\zephyr/gnu\nucode.v04.pair_peer can't run (run:False, handler.ready:False)
2026-09-07 13:09:25,161 - twister - DEBUG - Running cmake on C:\Users\eidos\GitHub\NU54DK_Arduino_Core\tests\zephyr\r01_serial for nrf54l15dk/nrf54l15/cpuapp/nu54dk
2026-09-07 13:09:25,161 - twister - DEBUG - Building C:\Users\eidos\GitHub\NU54DK_Arduino_Core\tests\zephyr\r01_serial using sysbuild
2026-09-07 13:09:25,166 - twister - DEBUG - Calling cmake: ['C:\\ncs\\toolchains\\dcbdc366a1\\opt\\bin\\cmake.EXE', '-BC:\\u4p\\nrf54l15dk_nrf54l15_cpuapp_nu54dk\\zephyr_gnu\\nucode.r01.none', '-DTC_RUNID=772a2682108ea78c3a8c245f36fec7c0', '-DTC_NAME=nucode.r01.none', '-DSB_CONFIG_COMPILER_WARNINGS_AS_ERRORS=y', '-DEXTRA_GEN_EDT_ARGS=--edtlib-Werror', '-GNinja', '-DPython3_EXECUTABLE=C:/ncs/toolchains/dcbdc366a1/opt/bin/python.exe', '-DZEPHYR_TOOLCHAIN_VARIANT=zephyr/gnu', '-SC:\\ncs\\v3.4.0\\zephyr/share/sysbuild', '-DAPP_DIR=C:\\Users\\eidos\\GitHub\\NU54DK_Arduino_Core\\tests\\zephyr\\r01_serial', '-DBOARD_ROOT=C:/Users/eidos/GitHub/NU54DK_Arduino_Core/board_package/NU54DK_Zephyr_DTS', '-DEXTRA_ZEPHYR_MODULES=C:/Users/eidos/GitHub/NU54DK_Arduino_Core', '-DUSE_CCACHE=0', '-DBOARD=nrf54l15dk/nrf54l15/cpuapp/nu54dk']
2026-09-07 13:09:26,089 - twister - DEBUG - Loaded sysbuild domain data from C:\u4p\nrf54l15dk_nrf54l15_cpuapp_nu54dk\zephyr_gnu\nucode.r01.spim\domains.yaml
2026-09-07 13:09:26,095 - twister - DEBUG - Finished running cmake C:\Users\eidos\GitHub\NU54DK_Arduino_Core\tests\zephyr\r01_serial for nrf54l15dk/nrf54l15/cpuapp/nu54dk in 78.16 seconds
2026-09-07 13:09:26,098 - twister - DEBUG - build test: nrf54l15dk/nrf54l15/cpuapp/nu54dk\zephyr/gnu\nucode.r01.spim
2026-09-07 13:09:26,098 - twister - DEBUG - Building C:\Users\eidos\GitHub\NU54DK_Arduino_Core\tests\zephyr\r01_serial for nrf54l15dk/nrf54l15/cpuapp/nu54dk
2026-09-07 13:09:26,133 - twister - DEBUG - Running C:\ncs\toolchains\dcbdc366a1\opt\bin\cmake.EXE --build C:\u4p\nrf54l15dk_nrf54l15_cpuapp_nu54dk\zephyr_gnu\nucode.r01.spim
2026-09-07 13:10:26,151 - twister - DEBUG - Finished building C:\Users\eidos\GitHub\NU54DK_Arduino_Core\tests\zephyr\v04_pair_hil for nrf54l15dk/nrf54l15/cpuapp/nu54dk in 283.44 seconds
2026-09-07 13:10:26,151 - twister - DEBUG - Determine test cases for test instance: nrf54l15dk/nrf54l15/cpuapp/nu54dk\zephyr/gnu\nucode.v04.pair_dut
2026-09-07 13:10:26,151 - twister - DEBUG - Determine test cases for test suite: nucode.v04.pair_dut
2026-09-07 13:10:26,331 - twister - DEBUG - Test instance nrf54l15dk/nrf54l15/cpuapp/nu54dk\zephyr/gnu\nucode.v04.pair_dut already has 1 testcase(s) known: [<TestCase nucode.v04.pair_dut with not run>]
2026-09-07 13:10:26,331 - twister - DEBUG - Instance nrf54l15dk/nrf54l15/cpuapp/nu54dk\zephyr/gnu\nucode.v04.pair_dut can't run (run:False, handler.ready:False)
2026-09-07 13:10:26,339 - twister - DEBUG - Running cmake on C:\Users\eidos\GitHub\NU54DK_Arduino_Core\tests\zephyr\ac03_hil for nrf54l15dk/nrf54l15/cpuapp/nu54dk
2026-09-07 13:10:26,339 - twister - DEBUG - Building C:\Users\eidos\GitHub\NU54DK_Arduino_Core\tests\zephyr\ac03_hil using sysbuild
2026-09-07 13:10:26,344 - twister - DEBUG - Calling cmake: ['C:\\ncs\\toolchains\\dcbdc366a1\\opt\\bin\\cmake.EXE', '-BC:\\u4p\\nrf54l15dk_nrf54l15_cpuapp_nu54dk\\zephyr_gnu\\nucode.ac03.storage_hil', '-DTC_RUNID=89b0a13ce80af45874d2e5944460607a', '-DTC_NAME=nucode.ac03.storage_hil', '-DSB_CONFIG_COMPILER_WARNINGS_AS_ERRORS=y', '-DEXTRA_GEN_EDT_ARGS=--edtlib-Werror', '-GNinja', '-DPython3_EXECUTABLE=C:/ncs/toolchains/dcbdc366a1/opt/bin/python.exe', '-DZEPHYR_TOOLCHAIN_VARIANT=zephyr/gnu', '-SC:\\ncs\\v3.4.0\\zephyr/share/sysbuild', '-DAPP_DIR=C:\\Users\\eidos\\GitHub\\NU54DK_Arduino_Core\\tests\\zephyr\\ac03_hil', '-DBOARD_ROOT=C:/Users/eidos/GitHub/NU54DK_Arduino_Core/board_package/NU54DK_Zephyr_DTS', '-DEXTRA_ZEPHYR_MODULES=C:/Users/eidos/GitHub/NU54DK_Arduino_Core', '-DUSE_CCACHE=0', '-DBOARD=nrf54l15dk/nrf54l15/cpuapp/nu54dk']
2026-09-07 13:10:26,993 - twister - DEBUG - Loaded sysbuild domain data from C:\u4p\nrf54l15dk_nrf54l15_cpuapp_nu54dk\zephyr_gnu\nucode.r01.uarte\domains.yaml
2026-09-07 13:10:26,997 - twister - DEBUG - Finished running cmake C:\Users\eidos\GitHub\NU54DK_Arduino_Core\tests\zephyr\r01_serial for nrf54l15dk/nrf54l15/cpuapp/nu54dk in 81.17 seconds
2026-09-07 13:10:27,002 - twister - DEBUG - build test: nrf54l15dk/nrf54l15/cpuapp/nu54dk\zephyr/gnu\nucode.r01.uarte
2026-09-07 13:10:27,002 - twister - DEBUG - Building C:\Users\eidos\GitHub\NU54DK_Arduino_Core\tests\zephyr\r01_serial for nrf54l15dk/nrf54l15/cpuapp/nu54dk
2026-09-07 13:10:27,075 - twister - DEBUG - Running C:\ncs\toolchains\dcbdc366a1\opt\bin\cmake.EXE --build C:\u4p\nrf54l15dk_nrf54l15_cpuapp_nu54dk\zephyr_gnu\nucode.r01.uarte
2026-09-07 13:10:46,096 - twister - DEBUG - Loaded sysbuild domain data from C:\u4p\nrf54l15dk_nrf54l15_cpuapp_nu54dk\zephyr_gnu\nucode.r01.none\domains.yaml
2026-09-07 13:10:46,099 - twister - DEBUG - Finished running cmake C:\Users\eidos\GitHub\NU54DK_Arduino_Core\tests\zephyr\r01_serial for nrf54l15dk/nrf54l15/cpuapp/nu54dk in 80.93 seconds
2026-09-07 13:10:46,103 - twister - DEBUG - build test: nrf54l15dk/nrf54l15/cpuapp/nu54dk\zephyr/gnu\nucode.r01.none
2026-09-07 13:10:46,103 - twister - DEBUG - Building C:\Users\eidos\GitHub\NU54DK_Arduino_Core\tests\zephyr\r01_serial for nrf54l15dk/nrf54l15/cpuapp/nu54dk
2026-09-07 13:10:46,184 - twister - DEBUG - Running C:\ncs\toolchains\dcbdc366a1\opt\bin\cmake.EXE --build C:\u4p\nrf54l15dk_nrf54l15_cpuapp_nu54dk\zephyr_gnu\nucode.r01.none
2026-09-07 13:11:14,051 - twister - DEBUG - Finished building C:\Users\eidos\GitHub\NU54DK_Arduino_Core\tests\zephyr\r01_serial for nrf54l15dk/nrf54l15/cpuapp/nu54dk in 283.49 seconds
2026-09-07 13:11:14,051 - twister - DEBUG - Determine test cases for test instance: nrf54l15dk/nrf54l15/cpuapp/nu54dk\zephyr/gnu\nucode.r01.all
2026-09-07 13:11:14,051 - twister - DEBUG - Determine test cases for test suite: nucode.r01.all
2026-09-07 13:11:14,144 - twister - DEBUG - Test instance nrf54l15dk/nrf54l15/cpuapp/nu54dk\zephyr/gnu\nucode.r01.all already has 1 testcase(s) known: [<TestCase nucode.r01.all.r01_serial.selected_personality_implementations_are_linked with not run>]
2026-09-07 13:11:14,144 - twister - DEBUG - Detected 1 Ztest case(s): [nucode.r01.all.r01_serial.selected_personality_implementations_are_linked] in C:/u4p/nrf54l15dk_nrf54l15_cpuapp_nu54dk/zephyr_gnu/nucode.r01.all/r01_serial\zephyr\zephyr.elf
2026-09-07 13:11:14,144 - twister - DEBUG - Instance nrf54l15dk/nrf54l15/cpuapp/nu54dk\zephyr/gnu\nucode.r01.all can't run (run:False, handler.ready:False)
2026-09-07 13:11:14,144 - twister - DEBUG - Running cmake on C:\Users\eidos\GitHub\NU54DK_Arduino_Core\tests\zephyr\ac03_storage_contract for nrf54l15dk/nrf54l15/cpuapp/nu54dk
2026-09-07 13:11:14,144 - twister - DEBUG - Building C:\Users\eidos\GitHub\NU54DK_Arduino_Core\tests\zephyr\ac03_storage_contract using sysbuild
2026-09-07 13:11:14,144 - twister - DEBUG - Calling cmake: ['C:\\ncs\\toolchains\\dcbdc366a1\\opt\\bin\\cmake.EXE', '-BC:\\u4p\\nrf54l15dk_nrf54l15_cpuapp_nu54dk\\zephyr_gnu\\nucode.ac03.storage_contract', '-DTC_RUNID=199360722cbd0f3294c58bd4c022562c', '-DTC_NAME=nucode.ac03.storage_contract', '-DSB_CONFIG_COMPILER_WARNINGS_AS_ERRORS=y', '-DEXTRA_GEN_EDT_ARGS=--edtlib-Werror', '-GNinja', '-DPython3_EXECUTABLE=C:/ncs/toolchains/dcbdc366a1/opt/bin/python.exe', '-DZEPHYR_TOOLCHAIN_VARIANT=zephyr/gnu', '-SC:\\ncs\\v3.4.0\\zephyr/share/sysbuild', '-DAPP_DIR=C:\\Users\\eidos\\GitHub\\NU54DK_Arduino_Core\\tests\\zephyr\\ac03_storage_contract', '-DBOARD_ROOT=C:/Users/eidos/GitHub/NU54DK_Arduino_Core/board_package/NU54DK_Zephyr_DTS', '-DEXTRA_ZEPHYR_MODULES=C:/Users/eidos/GitHub/NU54DK_Arduino_Core', '-DUSE_CCACHE=0', '-DBOARD=nrf54l15dk/nrf54l15/cpuapp/nu54dk']
2026-09-07 13:11:33,995 - twister - DEBUG - Loaded sysbuild domain data from C:\u4p\nrf54l15dk_nrf54l15_cpuapp_nu54dk\zephyr_gnu\nucode.ac03.storage_hil\domains.yaml
2026-09-07 13:11:34,002 - twister - DEBUG - Finished running cmake C:\Users\eidos\GitHub\NU54DK_Arduino_Core\tests\zephyr\ac03_hil for nrf54l15dk/nrf54l15/cpuapp/nu54dk in 67.65 seconds
2026-09-07 13:11:34,006 - twister - DEBUG - build test: nrf54l15dk/nrf54l15/cpuapp/nu54dk\zephyr/gnu\nucode.ac03.storage_hil
2026-09-07 13:11:34,006 - twister - DEBUG - Building C:\Users\eidos\GitHub\NU54DK_Arduino_Core\tests\zephyr\ac03_hil for nrf54l15dk/nrf54l15/cpuapp/nu54dk
2026-09-07 13:11:34,049 - twister - DEBUG - Running C:\ncs\toolchains\dcbdc366a1\opt\bin\cmake.EXE --build C:\u4p\nrf54l15dk_nrf54l15_cpuapp_nu54dk\zephyr_gnu\nucode.ac03.storage_hil
2026-09-07 13:11:47,550 - twister - DEBUG - Finished building C:\Users\eidos\GitHub\NU54DK_Arduino_Core\tests\zephyr\r01_serial for nrf54l15dk/nrf54l15/cpuapp/nu54dk in 280.49 seconds
2026-09-07 13:11:47,550 - twister - DEBUG - Determine test cases for test instance: nrf54l15dk/nrf54l15/cpuapp/nu54dk\zephyr/gnu\nucode.r01.twis
2026-09-07 13:11:47,552 - twister - DEBUG - Determine test cases for test suite: nucode.r01.twis
2026-09-07 13:11:47,721 - twister - DEBUG - Test instance nrf54l15dk/nrf54l15/cpuapp/nu54dk\zephyr/gnu\nucode.r01.twis already has 1 testcase(s) known: [<TestCase nucode.r01.twis.r01_serial.selected_personality_implementations_are_linked with not run>]
2026-09-07 13:11:47,722 - twister - DEBUG - Detected 1 Ztest case(s): [nucode.r01.twis.r01_serial.selected_personality_implementations_are_linked] in C:/u4p/nrf54l15dk_nrf54l15_cpuapp_nu54dk/zephyr_gnu/nucode.r01.twis/r01_serial\zephyr\zephyr.elf
2026-09-07 13:11:47,723 - twister - DEBUG - Instance nrf54l15dk/nrf54l15/cpuapp/nu54dk\zephyr/gnu\nucode.r01.twis can't run (run:False, handler.ready:False)
2026-09-07 13:11:47,723 - twister - DEBUG - Running cmake on C:\Users\eidos\GitHub\NU54DK_Arduino_Core\tests\zephyr\ac02b_hil_peer for nrf54l15dk/nrf54l15/cpuapp/nu54dk
2026-09-07 13:11:47,723 - twister - DEBUG - Building C:\Users\eidos\GitHub\NU54DK_Arduino_Core\tests\zephyr\ac02b_hil_peer using sysbuild
2026-09-07 13:11:47,723 - twister - DEBUG - Calling cmake: ['C:\\ncs\\toolchains\\dcbdc366a1\\opt\\bin\\cmake.EXE', '-BC:\\u4p\\nrf54l15dk_nrf54l15_cpuapp_nu54dk\\zephyr_gnu\\nucode.ac02b.hil_peer', '-DTC_RUNID=e9c86d1ae1ef564cd1e59f4797c3c458', '-DTC_NAME=nucode.ac02b.hil_peer', '-DSB_CONFIG_COMPILER_WARNINGS_AS_ERRORS=y', '-DEXTRA_GEN_EDT_ARGS=--edtlib-Werror', '-GNinja', '-DPython3_EXECUTABLE=C:/ncs/toolchains/dcbdc366a1/opt/bin/python.exe', '-DZEPHYR_TOOLCHAIN_VARIANT=zephyr/gnu', '-SC:\\ncs\\v3.4.0\\zephyr/share/sysbuild', '-DAPP_DIR=C:\\Users\\eidos\\GitHub\\NU54DK_Arduino_Core\\tests\\zephyr\\ac02b_hil_peer', '-DBOARD_ROOT=C:/Users/eidos/GitHub/NU54DK_Arduino_Core/board_package/NU54DK_Zephyr_DTS', '-DEXTRA_ZEPHYR_MODULES=C:/Users/eidos/GitHub/NU54DK_Arduino_Core', '-DUSE_CCACHE=0', '-DBOARD=nrf54l15dk/nrf54l15/cpuapp/nu54dk']
2026-09-07 13:11:48,967 - twister - DEBUG - Finished building C:\Users\eidos\GitHub\NU54DK_Arduino_Core\tests\zephyr\r01_serial for nrf54l15dk/nrf54l15/cpuapp/nu54dk in 279.60 seconds
2026-09-07 13:11:48,967 - twister - DEBUG - Determine test cases for test instance: nrf54l15dk/nrf54l15/cpuapp/nu54dk\zephyr/gnu\nucode.r01.twim
2026-09-07 13:11:48,967 - twister - DEBUG - Determine test cases for test suite: nucode.r01.twim
2026-09-07 13:11:49,138 - twister - DEBUG - Test instance nrf54l15dk/nrf54l15/cpuapp/nu54dk\zephyr/gnu\nucode.r01.twim already has 1 testcase(s) known: [<TestCase nucode.r01.twim.r01_serial.selected_personality_implementations_are_linked with not run>]
2026-09-07 13:11:49,138 - twister - DEBUG - Detected 1 Ztest case(s): [nucode.r01.twim.r01_serial.selected_personality_implementations_are_linked] in C:/u4p/nrf54l15dk_nrf54l15_cpuapp_nu54dk/zephyr_gnu/nucode.r01.twim/r01_serial\zephyr\zephyr.elf
2026-09-07 13:11:49,138 - twister - DEBUG - Instance nrf54l15dk/nrf54l15/cpuapp/nu54dk\zephyr/gnu\nucode.r01.twim can't run (run:False, handler.ready:False)
2026-09-07 13:11:49,146 - twister - DEBUG - Running cmake on C:\Users\eidos\GitHub\NU54DK_Arduino_Core\tests\zephyr\ac02b_hil_dut for nrf54l15dk/nrf54l15/cpuapp/nu54dk
2026-09-07 13:11:49,146 - twister - DEBUG - Building C:\Users\eidos\GitHub\NU54DK_Arduino_Core\tests\zephyr\ac02b_hil_dut using sysbuild
2026-09-07 13:11:49,146 - twister - DEBUG - Calling cmake: ['C:\\ncs\\toolchains\\dcbdc366a1\\opt\\bin\\cmake.EXE', '-BC:\\u4p\\nrf54l15dk_nrf54l15_cpuapp_nu54dk\\zephyr_gnu\\nucode.ac02b.hil_dut', '-DTC_RUNID=472b78776c302f3e808a10c2b38f4436', '-DTC_NAME=nucode.ac02b.hil_dut', '-DSB_CONFIG_COMPILER_WARNINGS_AS_ERRORS=y', '-DEXTRA_GEN_EDT_ARGS=--edtlib-Werror', '-GNinja', '-DPython3_EXECUTABLE=C:/ncs/toolchains/dcbdc366a1/opt/bin/python.exe', '-DZEPHYR_TOOLCHAIN_VARIANT=zephyr/gnu', '-SC:\\ncs\\v3.4.0\\zephyr/share/sysbuild', '-DAPP_DIR=C:\\Users\\eidos\\GitHub\\NU54DK_Arduino_Core\\tests\\zephyr\\ac02b_hil_dut', '-DBOARD_ROOT=C:/Users/eidos/GitHub/NU54DK_Arduino_Core/board_package/NU54DK_Zephyr_DTS', '-DEXTRA_ZEPHYR_MODULES=C:/Users/eidos/GitHub/NU54DK_Arduino_Core', '-DUSE_CCACHE=0', '-DBOARD=nrf54l15dk/nrf54l15/cpuapp/nu54dk']
2026-09-07 13:12:12,479 - twister - DEBUG - Loaded sysbuild domain data from C:\u4p\nrf54l15dk_nrf54l15_cpuapp_nu54dk\zephyr_gnu\nucode.ac03.storage_contract\domains.yaml
2026-09-07 13:12:12,484 - twister - DEBUG - Finished running cmake C:\Users\eidos\GitHub\NU54DK_Arduino_Core\tests\zephyr\ac03_storage_contract for nrf54l15dk/nrf54l15/cpuapp/nu54dk in 58.34 seconds
2026-09-07 13:12:12,486 - twister - DEBUG - build test: nrf54l15dk/nrf54l15/cpuapp/nu54dk\zephyr/gnu\nucode.ac03.storage_contract
2026-09-07 13:12:12,486 - twister - DEBUG - Building C:\Users\eidos\GitHub\NU54DK_Arduino_Core\tests\zephyr\ac03_storage_contract for nrf54l15dk/nrf54l15/cpuapp/nu54dk
2026-09-07 13:12:12,535 - twister - DEBUG - Running C:\ncs\toolchains\dcbdc366a1\opt\bin\cmake.EXE --build C:\u4p\nrf54l15dk_nrf54l15_cpuapp_nu54dk\zephyr_gnu\nucode.ac03.storage_contract
2026-09-07 13:12:33,693 - twister - DEBUG - Finished building C:\Users\eidos\GitHub\NU54DK_Arduino_Core\tests\zephyr\r01_serial for nrf54l15dk/nrf54l15/cpuapp/nu54dk in 254.19 seconds
2026-09-07 13:12:33,693 - twister - DEBUG - Determine test cases for test instance: nrf54l15dk/nrf54l15/cpuapp/nu54dk\zephyr/gnu\nucode.r01.spis
2026-09-07 13:12:33,693 - twister - DEBUG - Determine test cases for test suite: nucode.r01.spis
2026-09-07 13:12:33,906 - twister - DEBUG - Test instance nrf54l15dk/nrf54l15/cpuapp/nu54dk\zephyr/gnu\nucode.r01.spis already has 1 testcase(s) known: [<TestCase nucode.r01.spis.r01_serial.selected_personality_implementations_are_linked with not run>]
2026-09-07 13:12:33,906 - twister - DEBUG - Detected 1 Ztest case(s): [nucode.r01.spis.r01_serial.selected_personality_implementations_are_linked] in C:/u4p/nrf54l15dk_nrf54l15_cpuapp_nu54dk/zephyr_gnu/nucode.r01.spis/r01_serial\zephyr\zephyr.elf
2026-09-07 13:12:33,906 - twister - DEBUG - Instance nrf54l15dk/nrf54l15/cpuapp/nu54dk\zephyr/gnu\nucode.r01.spis can't run (run:False, handler.ready:False)
2026-09-07 13:12:33,913 - twister - DEBUG - Running cmake on C:\Users\eidos\GitHub\NU54DK_Arduino_Core\tests\zephyr\ac02b_analog_contract for nrf54l15dk/nrf54l15/cpuapp/nu54dk
2026-09-07 13:12:33,913 - twister - DEBUG - Building C:\Users\eidos\GitHub\NU54DK_Arduino_Core\tests\zephyr\ac02b_analog_contract using sysbuild
2026-09-07 13:12:33,917 - twister - DEBUG - Calling cmake: ['C:\\ncs\\toolchains\\dcbdc366a1\\opt\\bin\\cmake.EXE', '-BC:\\u4p\\nrf54l15dk_nrf54l15_cpuapp_nu54dk\\zephyr_gnu\\nucode.ac02b.analog_contract', '-DTC_RUNID=4ad95db4526a4986153002df1dbc15e0', '-DTC_NAME=nucode.ac02b.analog_contract', '-DSB_CONFIG_COMPILER_WARNINGS_AS_ERRORS=y', '-DEXTRA_GEN_EDT_ARGS=--edtlib-Werror', '-GNinja', '-DPython3_EXECUTABLE=C:/ncs/toolchains/dcbdc366a1/opt/bin/python.exe', '-DZEPHYR_TOOLCHAIN_VARIANT=zephyr/gnu', '-SC:\\ncs\\v3.4.0\\zephyr/share/sysbuild', '-DAPP_DIR=C:\\Users\\eidos\\GitHub\\NU54DK_Arduino_Core\\tests\\zephyr\\ac02b_analog_contract', '-DBOARD_ROOT=C:/Users/eidos/GitHub/NU54DK_Arduino_Core/board_package/NU54DK_Zephyr_DTS', '-DEXTRA_ZEPHYR_MODULES=C:/Users/eidos/GitHub/NU54DK_Arduino_Core', '-DUSE_CCACHE=0', '-DBOARD=nrf54l15dk/nrf54l15/cpuapp/nu54dk']
2026-09-07 13:13:20,856 - twister - DEBUG - Loaded sysbuild domain data from C:\u4p\nrf54l15dk_nrf54l15_cpuapp_nu54dk\zephyr_gnu\nucode.ac02b.hil_peer\domains.yaml
2026-09-07 13:13:20,859 - twister - DEBUG - Finished running cmake C:\Users\eidos\GitHub\NU54DK_Arduino_Core\tests\zephyr\ac02b_hil_peer for nrf54l15dk/nrf54l15/cpuapp/nu54dk in 93.13 seconds
2026-09-07 13:13:20,861 - twister - DEBUG - Loaded sysbuild domain data from C:\u4p\nrf54l15dk_nrf54l15_cpuapp_nu54dk\zephyr_gnu\nucode.ac02b.hil_dut\domains.yaml
2026-09-07 13:13:20,863 - twister - DEBUG - build test: nrf54l15dk/nrf54l15/cpuapp/nu54dk\zephyr/gnu\nucode.ac02b.hil_peer
2026-09-07 13:13:20,864 - twister - DEBUG - Building C:\Users\eidos\GitHub\NU54DK_Arduino_Core\tests\zephyr\ac02b_hil_peer for nrf54l15dk/nrf54l15/cpuapp/nu54dk
2026-09-07 13:13:20,866 - twister - DEBUG - Finished running cmake C:\Users\eidos\GitHub\NU54DK_Arduino_Core\tests\zephyr\ac02b_hil_dut for nrf54l15dk/nrf54l15/cpuapp/nu54dk in 91.71 seconds
2026-09-07 13:13:20,870 - twister - DEBUG - build test: nrf54l15dk/nrf54l15/cpuapp/nu54dk\zephyr/gnu\nucode.ac02b.hil_dut
2026-09-07 13:13:20,870 - twister - DEBUG - Building C:\Users\eidos\GitHub\NU54DK_Arduino_Core\tests\zephyr\ac02b_hil_dut for nrf54l15dk/nrf54l15/cpuapp/nu54dk
2026-09-07 13:13:20,925 - twister - DEBUG - Running C:\ncs\toolchains\dcbdc366a1\opt\bin\cmake.EXE --build C:\u4p\nrf54l15dk_nrf54l15_cpuapp_nu54dk\zephyr_gnu\nucode.ac02b.hil_dut
2026-09-07 13:13:20,925 - twister - DEBUG - Running C:\ncs\toolchains\dcbdc366a1\opt\bin\cmake.EXE --build C:\u4p\nrf54l15dk_nrf54l15_cpuapp_nu54dk\zephyr_gnu\nucode.ac02b.hil_peer
2026-09-07 13:13:44,490 - twister - DEBUG - Finished building C:\Users\eidos\GitHub\NU54DK_Arduino_Core\tests\zephyr\r01_serial for nrf54l15dk/nrf54l15/cpuapp/nu54dk in 258.39 seconds
2026-09-07 13:13:44,492 - twister - DEBUG - Determine test cases for test instance: nrf54l15dk/nrf54l15/cpuapp/nu54dk\zephyr/gnu\nucode.r01.spim
2026-09-07 13:13:44,492 - twister - DEBUG - Determine test cases for test suite: nucode.r01.spim
2026-09-07 13:13:44,658 - twister - DEBUG - Test instance nrf54l15dk/nrf54l15/cpuapp/nu54dk\zephyr/gnu\nucode.r01.spim already has 1 testcase(s) known: [<TestCase nucode.r01.spim.r01_serial.selected_personality_implementations_are_linked with not run>]
2026-09-07 13:13:44,658 - twister - DEBUG - Detected 1 Ztest case(s): [nucode.r01.spim.r01_serial.selected_personality_implementations_are_linked] in C:/u4p/nrf54l15dk_nrf54l15_cpuapp_nu54dk/zephyr_gnu/nucode.r01.spim/r01_serial\zephyr\zephyr.elf
2026-09-07 13:13:44,660 - twister - DEBUG - Instance nrf54l15dk/nrf54l15/cpuapp/nu54dk\zephyr/gnu\nucode.r01.spim can't run (run:False, handler.ready:False)
2026-09-07 13:13:44,664 - twister - DEBUG - Running cmake on C:\Users\eidos\GitHub\NU54DK_Arduino_Core\tests\zephyr\ac02b_b2_contract for nrf54l15dk/nrf54l15/cpuapp/nu54dk
2026-09-07 13:13:44,664 - twister - DEBUG - Building C:\Users\eidos\GitHub\NU54DK_Arduino_Core\tests\zephyr\ac02b_b2_contract using sysbuild
2026-09-07 13:13:44,668 - twister - DEBUG - Calling cmake: ['C:\\ncs\\toolchains\\dcbdc366a1\\opt\\bin\\cmake.EXE', '-BC:\\u4p\\nrf54l15dk_nrf54l15_cpuapp_nu54dk\\zephyr_gnu\\nucode.ac02b.b2_contract', '-DTC_RUNID=49ca1daeeebe011810dd1e4c083d7a67', '-DTC_NAME=nucode.ac02b.b2_contract', '-DSB_CONFIG_COMPILER_WARNINGS_AS_ERRORS=y', '-DEXTRA_GEN_EDT_ARGS=--edtlib-Werror', '-GNinja', '-DPython3_EXECUTABLE=C:/ncs/toolchains/dcbdc366a1/opt/bin/python.exe', '-DZEPHYR_TOOLCHAIN_VARIANT=zephyr/gnu', '-SC:\\ncs\\v3.4.0\\zephyr/share/sysbuild', '-DAPP_DIR=C:\\Users\\eidos\\GitHub\\NU54DK_Arduino_Core\\tests\\zephyr\\ac02b_b2_contract', '-DBOARD_ROOT=C:/Users/eidos/GitHub/NU54DK_Arduino_Core/board_package/NU54DK_Zephyr_DTS', '-DEXTRA_ZEPHYR_MODULES=C:/Users/eidos/GitHub/NU54DK_Arduino_Core', '-DUSE_CCACHE=0', '-DBOARD=nrf54l15dk/nrf54l15/cpuapp/nu54dk']
2026-09-07 13:14:19,246 - twister - DEBUG - Loaded sysbuild domain data from C:\u4p\nrf54l15dk_nrf54l15_cpuapp_nu54dk\zephyr_gnu\nucode.ac02b.analog_contract\domains.yaml
2026-09-07 13:14:19,254 - twister - DEBUG - Finished running cmake C:\Users\eidos\GitHub\NU54DK_Arduino_Core\tests\zephyr\ac02b_analog_contract for nrf54l15dk/nrf54l15/cpuapp/nu54dk in 105.33 seconds
2026-09-07 13:14:19,254 - twister - DEBUG - build test: nrf54l15dk/nrf54l15/cpuapp/nu54dk\zephyr/gnu\nucode.ac02b.analog_contract
2026-09-07 13:14:19,254 - twister - DEBUG - Building C:\Users\eidos\GitHub\NU54DK_Arduino_Core\tests\zephyr\ac02b_analog_contract for nrf54l15dk/nrf54l15/cpuapp/nu54dk
2026-09-07 13:14:19,296 - twister - DEBUG - Running C:\ncs\toolchains\dcbdc366a1\opt\bin\cmake.EXE --build C:\u4p\nrf54l15dk_nrf54l15_cpuapp_nu54dk\zephyr_gnu\nucode.ac02b.analog_contract
2026-09-07 13:14:45,626 - twister - DEBUG - Finished building C:\Users\eidos\GitHub\NU54DK_Arduino_Core\tests\zephyr\r01_serial for nrf54l15dk/nrf54l15/cpuapp/nu54dk in 258.62 seconds
2026-09-07 13:14:45,626 - twister - DEBUG - Determine test cases for test instance: nrf54l15dk/nrf54l15/cpuapp/nu54dk\zephyr/gnu\nucode.r01.uarte
2026-09-07 13:14:45,626 - twister - DEBUG - Determine test cases for test suite: nucode.r01.uarte
2026-09-07 13:14:46,198 - twister - DEBUG - Test instance nrf54l15dk/nrf54l15/cpuapp/nu54dk\zephyr/gnu\nucode.r01.uarte already has 1 testcase(s) known: [<TestCase nucode.r01.uarte.r01_serial.selected_personality_implementations_are_linked with not run>]
2026-09-07 13:14:46,198 - twister - DEBUG - Detected 1 Ztest case(s): [nucode.r01.uarte.r01_serial.selected_personality_implementations_are_linked] in C:/u4p/nrf54l15dk_nrf54l15_cpuapp_nu54dk/zephyr_gnu/nucode.r01.uarte/r01_serial\zephyr\zephyr.elf
2026-09-07 13:14:46,198 - twister - DEBUG - Instance nrf54l15dk/nrf54l15/cpuapp/nu54dk\zephyr/gnu\nucode.r01.uarte can't run (run:False, handler.ready:False)
2026-09-07 13:14:46,205 - twister - DEBUG - Running cmake on C:\Users\eidos\GitHub\NU54DK_Arduino_Core\tests\zephyr\ac02a_ownership_contract for nrf54l15dk/nrf54l15/cpuapp/nu54dk
2026-09-07 13:14:46,209 - twister - DEBUG - Building C:\Users\eidos\GitHub\NU54DK_Arduino_Core\tests\zephyr\ac02a_ownership_contract using sysbuild
2026-09-07 13:14:46,212 - twister - DEBUG - Calling cmake: ['C:\\ncs\\toolchains\\dcbdc366a1\\opt\\bin\\cmake.EXE', '-BC:\\u4p\\nrf54l15dk_nrf54l15_cpuapp_nu54dk\\zephyr_gnu\\nucode.ac02a.ownership_contract', '-DTC_RUNID=578619d75ddc838569cca3d035d776d7', '-DTC_NAME=nucode.ac02a.ownership_contract', '-DSB_CONFIG_COMPILER_WARNINGS_AS_ERRORS=y', '-DEXTRA_GEN_EDT_ARGS=--edtlib-Werror', '-GNinja', '-DPython3_EXECUTABLE=C:/ncs/toolchains/dcbdc366a1/opt/bin/python.exe', '-DZEPHYR_TOOLCHAIN_VARIANT=zephyr/gnu', '-SC:\\ncs\\v3.4.0\\zephyr/share/sysbuild', '-DAPP_DIR=C:\\Users\\eidos\\GitHub\\NU54DK_Arduino_Core\\tests\\zephyr\\ac02a_ownership_contract', '-DBOARD_ROOT=C:/Users/eidos/GitHub/NU54DK_Arduino_Core/board_package/NU54DK_Zephyr_DTS', '-DEXTRA_ZEPHYR_MODULES=C:/Users/eidos/GitHub/NU54DK_Arduino_Core', '-DUSE_CCACHE=0', '-DBOARD=nrf54l15dk/nrf54l15/cpuapp/nu54dk']
2026-09-07 13:15:11,229 - twister - DEBUG - Finished building C:\Users\eidos\GitHub\NU54DK_Arduino_Core\tests\zephyr\r01_serial for nrf54l15dk/nrf54l15/cpuapp/nu54dk in 265.12 seconds
2026-09-07 13:15:11,229 - twister - DEBUG - Determine test cases for test instance: nrf54l15dk/nrf54l15/cpuapp/nu54dk\zephyr/gnu\nucode.r01.none
2026-09-07 13:15:11,229 - twister - DEBUG - Determine test cases for test suite: nucode.r01.none
2026-09-07 13:15:11,479 - twister - DEBUG - Test instance nrf54l15dk/nrf54l15/cpuapp/nu54dk\zephyr/gnu\nucode.r01.none already has 1 testcase(s) known: [<TestCase nucode.r01.none.r01_serial.selected_personality_implementations_are_linked with not run>]
2026-09-07 13:15:11,479 - twister - DEBUG - Detected 1 Ztest case(s): [nucode.r01.none.r01_serial.selected_personality_implementations_are_linked] in C:/u4p/nrf54l15dk_nrf54l15_cpuapp_nu54dk/zephyr_gnu/nucode.r01.none/r01_serial\zephyr\zephyr.elf
2026-09-07 13:15:11,482 - twister - DEBUG - Instance nrf54l15dk/nrf54l15/cpuapp/nu54dk\zephyr/gnu\nucode.r01.none can't run (run:False, handler.ready:False)
2026-09-07 13:15:11,485 - twister - DEBUG - Running cmake on C:\Users\eidos\GitHub\NU54DK_Arduino_Core\tests\zephyr\ac01_hil for nrf54l15dk/nrf54l15/cpuapp/nu54dk
2026-09-07 13:15:11,485 - twister - DEBUG - Building C:\Users\eidos\GitHub\NU54DK_Arduino_Core\tests\zephyr\ac01_hil using sysbuild
2026-09-07 13:15:11,488 - twister - DEBUG - Calling cmake: ['C:\\ncs\\toolchains\\dcbdc366a1\\opt\\bin\\cmake.EXE', '-BC:\\u4p\\nrf54l15dk_nrf54l15_cpuapp_nu54dk\\zephyr_gnu\\nucode.ac01.gpio_hil', '-DTC_RUNID=ca98a4480e4226720b4e637b5dc8b081', '-DTC_NAME=nucode.ac01.gpio_hil', '-DSB_CONFIG_COMPILER_WARNINGS_AS_ERRORS=y', '-DEXTRA_GEN_EDT_ARGS=--edtlib-Werror', '-GNinja', '-DPython3_EXECUTABLE=C:/ncs/toolchains/dcbdc366a1/opt/bin/python.exe', '-DZEPHYR_TOOLCHAIN_VARIANT=zephyr/gnu', '-SC:\\ncs\\v3.4.0\\zephyr/share/sysbuild', '-DAPP_DIR=C:\\Users\\eidos\\GitHub\\NU54DK_Arduino_Core\\tests\\zephyr\\ac01_hil', '-DBOARD_ROOT=C:/Users/eidos/GitHub/NU54DK_Arduino_Core/board_package/NU54DK_Zephyr_DTS', '-DEXTRA_ZEPHYR_MODULES=C:/Users/eidos/GitHub/NU54DK_Arduino_Core', '-DUSE_CCACHE=0', '-DBOARD=nrf54l15dk/nrf54l15/cpuapp/nu54dk']
2026-09-07 13:15:23,095 - twister - DEBUG - Loaded sysbuild domain data from C:\u4p\nrf54l15dk_nrf54l15_cpuapp_nu54dk\zephyr_gnu\nucode.ac02b.b2_contract\domains.yaml
2026-09-07 13:15:23,098 - twister - DEBUG - Finished running cmake C:\Users\eidos\GitHub\NU54DK_Arduino_Core\tests\zephyr\ac02b_b2_contract for nrf54l15dk/nrf54l15/cpuapp/nu54dk in 98.43 seconds
2026-09-07 13:15:23,101 - twister - DEBUG - build test: nrf54l15dk/nrf54l15/cpuapp/nu54dk\zephyr/gnu\nucode.ac02b.b2_contract
2026-09-07 13:15:23,101 - twister - DEBUG - Building C:\Users\eidos\GitHub\NU54DK_Arduino_Core\tests\zephyr\ac02b_b2_contract for nrf54l15dk/nrf54l15/cpuapp/nu54dk
2026-09-07 13:15:23,130 - twister - DEBUG - Running C:\ncs\toolchains\dcbdc366a1\opt\bin\cmake.EXE --build C:\u4p\nrf54l15dk_nrf54l15_cpuapp_nu54dk\zephyr_gnu\nucode.ac02b.b2_contract
2026-09-07 13:16:29,301 - twister - DEBUG - Finished building C:\Users\eidos\GitHub\NU54DK_Arduino_Core\tests\zephyr\ac03_hil for nrf54l15dk/nrf54l15/cpuapp/nu54dk in 295.29 seconds
2026-09-07 13:16:29,302 - twister - DEBUG - Determine test cases for test instance: nrf54l15dk/nrf54l15/cpuapp/nu54dk\zephyr/gnu\nucode.ac03.storage_hil
2026-09-07 13:16:29,302 - twister - DEBUG - Determine test cases for test suite: nucode.ac03.storage_hil
2026-09-07 13:16:29,433 - twister - DEBUG - Test instance nrf54l15dk/nrf54l15/cpuapp/nu54dk\zephyr/gnu\nucode.ac03.storage_hil already has 1 testcase(s) known: [<TestCase nucode.ac03.storage_hil with not run>]
2026-09-07 13:16:29,433 - twister - DEBUG - Instance nrf54l15dk/nrf54l15/cpuapp/nu54dk\zephyr/gnu\nucode.ac03.storage_hil can't run (run:False, handler.ready:False)
2026-09-07 13:16:29,433 - twister - DEBUG - Running cmake on C:\Users\eidos\GitHub\NU54DK_Arduino_Core\tests\zephyr\ac01_contract for nrf54l15dk/nrf54l15/cpuapp/nu54dk
2026-09-07 13:16:29,433 - twister - DEBUG - Building C:\Users\eidos\GitHub\NU54DK_Arduino_Core\tests\zephyr\ac01_contract using sysbuild
2026-09-07 13:16:29,440 - twister - DEBUG - Calling cmake: ['C:\\ncs\\toolchains\\dcbdc366a1\\opt\\bin\\cmake.EXE', '-BC:\\u4p\\nrf54l15dk_nrf54l15_cpuapp_nu54dk\\zephyr_gnu\\nucode.ac01.contract', '-DTC_RUNID=14eaf27c1d5d65255b5f21cb93d4019b', '-DTC_NAME=nucode.ac01.contract', '-DSB_CONFIG_COMPILER_WARNINGS_AS_ERRORS=y', '-DEXTRA_GEN_EDT_ARGS=--edtlib-Werror', '-GNinja', '-DPython3_EXECUTABLE=C:/ncs/toolchains/dcbdc366a1/opt/bin/python.exe', '-DZEPHYR_TOOLCHAIN_VARIANT=zephyr/gnu', '-SC:\\ncs\\v3.4.0\\zephyr/share/sysbuild', '-DAPP_DIR=C:\\Users\\eidos\\GitHub\\NU54DK_Arduino_Core\\tests\\zephyr\\ac01_contract', '-DBOARD_ROOT=C:/Users/eidos/GitHub/NU54DK_Arduino_Core/board_package/NU54DK_Zephyr_DTS', '-DEXTRA_ZEPHYR_MODULES=C:/Users/eidos/GitHub/NU54DK_Arduino_Core', '-DUSE_CCACHE=0', '-DBOARD=nrf54l15dk/nrf54l15/cpuapp/nu54dk']
2026-09-07 13:16:43,120 - twister - DEBUG - Loaded sysbuild domain data from C:\u4p\nrf54l15dk_nrf54l15_cpuapp_nu54dk\zephyr_gnu\nucode.ac02a.ownership_contract\domains.yaml
2026-09-07 13:16:43,127 - twister - DEBUG - Finished running cmake C:\Users\eidos\GitHub\NU54DK_Arduino_Core\tests\zephyr\ac02a_ownership_contract for nrf54l15dk/nrf54l15/cpuapp/nu54dk in 116.91 seconds
2026-09-07 13:16:43,129 - twister - DEBUG - build test: nrf54l15dk/nrf54l15/cpuapp/nu54dk\zephyr/gnu\nucode.ac02a.ownership_contract
2026-09-07 13:16:43,129 - twister - DEBUG - Building C:\Users\eidos\GitHub\NU54DK_Arduino_Core\tests\zephyr\ac02a_ownership_contract for nrf54l15dk/nrf54l15/cpuapp/nu54dk
2026-09-07 13:16:43,192 - twister - DEBUG - Running C:\ncs\toolchains\dcbdc366a1\opt\bin\cmake.EXE --build C:\u4p\nrf54l15dk_nrf54l15_cpuapp_nu54dk\zephyr_gnu\nucode.ac02a.ownership_contract
2026-09-07 13:17:00,072 - twister - DEBUG - Loaded sysbuild domain data from C:\u4p\nrf54l15dk_nrf54l15_cpuapp_nu54dk\zephyr_gnu\nucode.ac01.gpio_hil\domains.yaml
2026-09-07 13:17:00,075 - twister - DEBUG - Finished running cmake C:\Users\eidos\GitHub\NU54DK_Arduino_Core\tests\zephyr\ac01_hil for nrf54l15dk/nrf54l15/cpuapp/nu54dk in 108.58 seconds
2026-09-07 13:17:00,078 - twister - DEBUG - build test: nrf54l15dk/nrf54l15/cpuapp/nu54dk\zephyr/gnu\nucode.ac01.gpio_hil
2026-09-07 13:17:00,078 - twister - DEBUG - Building C:\Users\eidos\GitHub\NU54DK_Arduino_Core\tests\zephyr\ac01_hil for nrf54l15dk/nrf54l15/cpuapp/nu54dk
2026-09-07 13:17:00,183 - twister - DEBUG - Running C:\ncs\toolchains\dcbdc366a1\opt\bin\cmake.EXE --build C:\u4p\nrf54l15dk_nrf54l15_cpuapp_nu54dk\zephyr_gnu\nucode.ac01.gpio_hil
2026-09-07 13:17:00,358 - twister - DEBUG - Finished building C:\Users\eidos\GitHub\NU54DK_Arduino_Core\tests\zephyr\ac03_storage_contract for nrf54l15dk/nrf54l15/cpuapp/nu54dk in 287.87 seconds
2026-09-07 13:17:00,358 - twister - DEBUG - Determine test cases for test instance: nrf54l15dk/nrf54l15/cpuapp/nu54dk\zephyr/gnu\nucode.ac03.storage_contract
2026-09-07 13:17:00,358 - twister - DEBUG - Determine test cases for test suite: nucode.ac03.storage_contract
2026-09-07 13:17:01,431 - twister - DEBUG - Test instance nrf54l15dk/nrf54l15/cpuapp/nu54dk\zephyr/gnu\nucode.ac03.storage_contract already has 2 testcase(s) known: [<TestCase nucode.ac03.storage_contract.ac03_storage_contract.public_bounds_are_fail_closed with not run>, <TestCase nucode.ac03.storage_contract.ac03_storage_contract.littlefs_requires_mount with not run>]
2026-09-07 13:17:01,431 - twister - DEBUG - Detected 2 Ztest case(s): [nucode.ac03.storage_contract.ac03_storage_contract.littlefs_requires_mount, nucode.ac03.storage_contract.ac03_storage_contract.public_bounds_are_fail_closed] in C:/u4p/nrf54l15dk_nrf54l15_cpuapp_nu54dk/zephyr_gnu/nucode.ac03.storage_contract/ac03_storage_contract\zephyr\zephyr.elf
2026-09-07 13:17:01,432 - twister - DEBUG - Instance nrf54l15dk/nrf54l15/cpuapp/nu54dk\zephyr/gnu\nucode.ac03.storage_contract can't run (run:False, handler.ready:False)
2026-09-07 13:17:01,438 - twister - DEBUG - Running cmake on C:\Users\eidos\GitHub\NU54DK_Arduino_Core\tests\zephyr\m21_ble_board_contract for nrf54l15dk/nrf54l15/cpuapp/nu54dk
2026-09-07 13:17:01,438 - twister - DEBUG - Building C:\Users\eidos\GitHub\NU54DK_Arduino_Core\tests\zephyr\m21_ble_board_contract using sysbuild
2026-09-07 13:17:01,440 - twister - DEBUG - Calling cmake: ['C:\\ncs\\toolchains\\dcbdc366a1\\opt\\bin\\cmake.EXE', '-BC:\\u4p\\nrf54l15dk_nrf54l15_cpuapp_nu54dk\\zephyr_gnu\\nucode.m21.ble_board_contract', '-DTC_RUNID=51598c6282092d3b8b28e3f97019131d', '-DTC_NAME=nucode.m21.ble_board_contract', '-DSB_CONFIG_COMPILER_WARNINGS_AS_ERRORS=y', '-DEXTRA_GEN_EDT_ARGS=--edtlib-Werror', '-GNinja', '-DPython3_EXECUTABLE=C:/ncs/toolchains/dcbdc366a1/opt/bin/python.exe', '-DZEPHYR_TOOLCHAIN_VARIANT=zephyr/gnu', '-SC:\\ncs\\v3.4.0\\zephyr/share/sysbuild', '-DAPP_DIR=C:\\Users\\eidos\\GitHub\\NU54DK_Arduino_Core\\tests\\zephyr\\m21_ble_board_contract', '-DBOARD_ROOT=C:/Users/eidos/GitHub/NU54DK_Arduino_Core/board_package/NU54DK_Zephyr_DTS', '-DEXTRA_ZEPHYR_MODULES=C:/Users/eidos/GitHub/NU54DK_Arduino_Core', '-DUSE_CCACHE=0', '-DBOARD=nrf54l15dk/nrf54l15/cpuapp/nu54dk']
2026-09-07 13:17:42,568 - twister - DEBUG - Finished building C:\Users\eidos\GitHub\NU54DK_Arduino_Core\tests\zephyr\ac02b_hil_peer for nrf54l15dk/nrf54l15/cpuapp/nu54dk in 261.70 seconds
2026-09-07 13:17:42,569 - twister - DEBUG - Determine test cases for test instance: nrf54l15dk/nrf54l15/cpuapp/nu54dk\zephyr/gnu\nucode.ac02b.hil_peer
2026-09-07 13:17:42,569 - twister - DEBUG - Determine test cases for test suite: nucode.ac02b.hil_peer
2026-09-07 13:17:42,750 - twister - DEBUG - Test instance nrf54l15dk/nrf54l15/cpuapp/nu54dk\zephyr/gnu\nucode.ac02b.hil_peer already has 1 testcase(s) known: [<TestCase nucode.ac02b.hil_peer with not run>]
2026-09-07 13:17:42,754 - twister - DEBUG - Instance nrf54l15dk/nrf54l15/cpuapp/nu54dk\zephyr/gnu\nucode.ac02b.hil_peer can't run (run:False, handler.ready:False)
2026-09-07 13:17:42,760 - twister - DEBUG - Running cmake on C:\Users\eidos\GitHub\NU54DK_Arduino_Core\tests\zephyr\m21_ble_hil for nrf54l15dk/nrf54l15/cpuapp/nu54dk
2026-09-07 13:17:42,760 - twister - DEBUG - Building C:\Users\eidos\GitHub\NU54DK_Arduino_Core\tests\zephyr\m21_ble_hil using sysbuild
2026-09-07 13:17:42,765 - twister - DEBUG - Calling cmake: ['C:\\ncs\\toolchains\\dcbdc366a1\\opt\\bin\\cmake.EXE', '-BC:\\u4p\\nrf54l15dk_nrf54l15_cpuapp_nu54dk\\zephyr_gnu\\nucode.m21.ble_security_hil_central', '-DTC_RUNID=a070f9333a3c5331f7970de120e4da07', '-DTC_NAME=nucode.m21.ble_security_hil_central', '-DSB_CONFIG_COMPILER_WARNINGS_AS_ERRORS=y', '-DEXTRA_GEN_EDT_ARGS=--edtlib-Werror', '-GNinja', '-DPython3_EXECUTABLE=C:/ncs/toolchains/dcbdc366a1/opt/bin/python.exe', '-DZEPHYR_TOOLCHAIN_VARIANT=zephyr/gnu', '-SC:\\ncs\\v3.4.0\\zephyr/share/sysbuild', '-DAPP_DIR=C:\\Users\\eidos\\GitHub\\NU54DK_Arduino_Core\\tests\\zephyr\\m21_ble_hil', '-DBOARD_ROOT=C:/Users/eidos/GitHub/NU54DK_Arduino_Core/board_package/NU54DK_Zephyr_DTS', '-DEXTRA_ZEPHYR_MODULES=C:/Users/eidos/GitHub/NU54DK_Arduino_Core', '-DUSE_CCACHE=0', '-DM21_ROLE=central', '-DBOARD=nrf54l15dk/nrf54l15/cpuapp/nu54dk']
2026-09-07 13:17:52,411 - twister - DEBUG - Loaded sysbuild domain data from C:\u4p\nrf54l15dk_nrf54l15_cpuapp_nu54dk\zephyr_gnu\nucode.ac01.contract\domains.yaml
2026-09-07 13:17:52,413 - twister - DEBUG - Finished running cmake C:\Users\eidos\GitHub\NU54DK_Arduino_Core\tests\zephyr\ac01_contract for nrf54l15dk/nrf54l15/cpuapp/nu54dk in 82.97 seconds
2026-09-07 13:17:52,420 - twister - DEBUG - build test: nrf54l15dk/nrf54l15/cpuapp/nu54dk\zephyr/gnu\nucode.ac01.contract
2026-09-07 13:17:52,420 - twister - DEBUG - Building C:\Users\eidos\GitHub\NU54DK_Arduino_Core\tests\zephyr\ac01_contract for nrf54l15dk/nrf54l15/cpuapp/nu54dk
2026-09-07 13:17:52,467 - twister - DEBUG - Running C:\ncs\toolchains\dcbdc366a1\opt\bin\cmake.EXE --build C:\u4p\nrf54l15dk_nrf54l15_cpuapp_nu54dk\zephyr_gnu\nucode.ac01.contract
2026-09-07 13:18:24,932 - twister - DEBUG - Finished building C:\Users\eidos\GitHub\NU54DK_Arduino_Core\tests\zephyr\ac02b_hil_dut for nrf54l15dk/nrf54l15/cpuapp/nu54dk in 304.05 seconds
2026-09-07 13:18:24,933 - twister - DEBUG - Determine test cases for test instance: nrf54l15dk/nrf54l15/cpuapp/nu54dk\zephyr/gnu\nucode.ac02b.hil_dut
2026-09-07 13:18:24,934 - twister - DEBUG - Determine test cases for test suite: nucode.ac02b.hil_dut
2026-09-07 13:18:25,066 - twister - DEBUG - Test instance nrf54l15dk/nrf54l15/cpuapp/nu54dk\zephyr/gnu\nucode.ac02b.hil_dut already has 1 testcase(s) known: [<TestCase nucode.ac02b.hil_dut with not run>]
2026-09-07 13:18:25,067 - twister - DEBUG - Instance nrf54l15dk/nrf54l15/cpuapp/nu54dk\zephyr/gnu\nucode.ac02b.hil_dut can't run (run:False, handler.ready:False)
2026-09-07 13:18:25,067 - twister - DEBUG - Running cmake on C:\Users\eidos\GitHub\NU54DK_Arduino_Core\tests\zephyr\m21_ble_hil for nrf54l15dk/nrf54l15/cpuapp/nu54dk
2026-09-07 13:18:25,067 - twister - DEBUG - Building C:\Users\eidos\GitHub\NU54DK_Arduino_Core\tests\zephyr\m21_ble_hil using sysbuild
2026-09-07 13:18:25,074 - twister - DEBUG - Calling cmake: ['C:\\ncs\\toolchains\\dcbdc366a1\\opt\\bin\\cmake.EXE', '-BC:\\u4p\\nrf54l15dk_nrf54l15_cpuapp_nu54dk\\zephyr_gnu\\nucode.m21.ble_security_hil_peripheral', '-DTC_RUNID=4f811a817a7803874805dc27b51f5d9e', '-DTC_NAME=nucode.m21.ble_security_hil_peripheral', '-DSB_CONFIG_COMPILER_WARNINGS_AS_ERRORS=y', '-DEXTRA_GEN_EDT_ARGS=--edtlib-Werror', '-GNinja', '-DPython3_EXECUTABLE=C:/ncs/toolchains/dcbdc366a1/opt/bin/python.exe', '-DZEPHYR_TOOLCHAIN_VARIANT=zephyr/gnu', '-SC:\\ncs\\v3.4.0\\zephyr/share/sysbuild', '-DAPP_DIR=C:\\Users\\eidos\\GitHub\\NU54DK_Arduino_Core\\tests\\zephyr\\m21_ble_hil', '-DBOARD_ROOT=C:/Users/eidos/GitHub/NU54DK_Arduino_Core/board_package/NU54DK_Zephyr_DTS', '-DEXTRA_ZEPHYR_MODULES=C:/Users/eidos/GitHub/NU54DK_Arduino_Core', '-DUSE_CCACHE=0', '-DM21_ROLE=peripheral', '-DBOARD=nrf54l15dk/nrf54l15/cpuapp/nu54dk']
2026-09-07 13:18:45,914 - twister - DEBUG - Loaded sysbuild domain data from C:\u4p\nrf54l15dk_nrf54l15_cpuapp_nu54dk\zephyr_gnu\nucode.m21.ble_board_contract\domains.yaml
2026-09-07 13:18:45,920 - twister - DEBUG - Finished running cmake C:\Users\eidos\GitHub\NU54DK_Arduino_Core\tests\zephyr\m21_ble_board_contract for nrf54l15dk/nrf54l15/cpuapp/nu54dk in 104.47 seconds
2026-09-07 13:18:45,924 - twister - DEBUG - build test: nrf54l15dk/nrf54l15/cpuapp/nu54dk\zephyr/gnu\nucode.m21.ble_board_contract
2026-09-07 13:18:45,924 - twister - DEBUG - Building C:\Users\eidos\GitHub\NU54DK_Arduino_Core\tests\zephyr\m21_ble_board_contract for nrf54l15dk/nrf54l15/cpuapp/nu54dk
2026-09-07 13:18:45,985 - twister - DEBUG - Running C:\ncs\toolchains\dcbdc366a1\opt\bin\cmake.EXE --build C:\u4p\nrf54l15dk_nrf54l15_cpuapp_nu54dk\zephyr_gnu\nucode.m21.ble_board_contract
2026-09-07 13:19:02,874 - twister - DEBUG - Finished building C:\Users\eidos\GitHub\NU54DK_Arduino_Core\tests\zephyr\ac02b_analog_contract for nrf54l15dk/nrf54l15/cpuapp/nu54dk in 283.61 seconds
2026-09-07 13:19:02,874 - twister - DEBUG - Determine test cases for test instance: nrf54l15dk/nrf54l15/cpuapp/nu54dk\zephyr/gnu\nucode.ac02b.analog_contract
2026-09-07 13:19:02,874 - twister - DEBUG - Determine test cases for test suite: nucode.ac02b.analog_contract
2026-09-07 13:19:04,736 - twister - DEBUG - Test instance nrf54l15dk/nrf54l15/cpuapp/nu54dk\zephyr/gnu\nucode.ac02b.analog_contract already has 10 testcase(s) known: [<TestCase nucode.ac02b.analog_contract.ac02b_analog.output_restore_failure_latches_pwm_block with not run>, <TestCase nucode.ac02b.analog_contract.ac02b_analog.pin_mode_reclaims_analog_write_route with not run>, <TestCase nucode.ac02b.analog_contract.ac02b_analog.required_runtime_configuration with not run>, <TestCase nucode.ac02b.analog_contract.ac02b_analog.analog_write_resolution_period_and_capacity with not run>, <TestCase nucode.ac02b.analog_contract.ac02b_analog.fail_closed_handover_releases_transition_mutex with not run>, <TestCase nucode.ac02b.analog_contract.ac02b_analog.pin_mode_preflight_and_pwm_resume_are_transactional with not run>, <TestCase nucode.ac02b.analog_contract.ac02b_analog.servo_four_channel_fixed_capacity with not run>, <TestCase nucode.ac02b.analog_contract.ac02b_analog.allocator_route_failure_is_transactional with not run>, <TestCase nucode.ac02b.analog_contract.ac02b_analog.tone_duration_generation_and_single_channel with not run>, <TestCase nucode.ac02b.analog_contract.ac02b_analog.adc_alias_resolution_and_ownership_policy with not run>]
2026-09-07 13:19:04,736 - twister - DEBUG - Detected 10 Ztest case(s): [nucode.ac02b.analog_contract.ac02b_analog.servo_four_channel_fixed_capacity, nucode.ac02b.analog_contract.ac02b_analog.tone_duration_generation_and_single_channel, nucode.ac02b.analog_contract.ac02b_analog.pin_mode_preflight_and_pwm_resume_are_transactional, nucode.ac02b.analog_contract.ac02b_analog.pin_mode_reclaims_analog_write_route, nucode.ac02b.analog_contract.ac02b_analog.output_restore_failure_latches_pwm_block, nucode.ac02b.analog_contract.ac02b_analog.allocator_route_failure_is_transactional, nucode.ac02b.analog_contract.ac02b_analog.analog_write_resolution_period_and_capacity, nucode.ac02b.analog_contract.ac02b_analog.adc_alias_resolution_and_ownership_policy, nucode.ac02b.analog_contract.ac02b_analog.fail_closed_handover_releases_transition_mutex, nucode.ac02b.analog_contract.ac02b_analog.required_runtime_configuration] in C:/u4p/nrf54l15dk_nrf54l15_cpuapp_nu54dk/zephyr_gnu/nucode.ac02b.analog_contract/ac02b_analog_contract\zephyr\zephyr.elf
2026-09-07 13:19:04,739 - twister - DEBUG - Instance nrf54l15dk/nrf54l15/cpuapp/nu54dk\zephyr/gnu\nucode.ac02b.analog_contract can't run (run:False, handler.ready:False)
2026-09-07 13:19:04,746 - twister - DEBUG - Running cmake on C:\Users\eidos\GitHub\NU54DK_Arduino_Core\tests\zephyr\m21_ble_contract for nrf54l15dk/nrf54l15/cpuapp/nu54dk
2026-09-07 13:19:04,746 - twister - DEBUG - Building C:\Users\eidos\GitHub\NU54DK_Arduino_Core\tests\zephyr\m21_ble_contract using sysbuild
2026-09-07 13:19:04,750 - twister - DEBUG - Calling cmake: ['C:\\ncs\\toolchains\\dcbdc366a1\\opt\\bin\\cmake.EXE', '-BC:\\u4p\\nrf54l15dk_nrf54l15_cpuapp_nu54dk\\zephyr_gnu\\nucode.m21.ble_security_contract', '-DTC_RUNID=85d622bd645560223c6cb059d9d6603d', '-DTC_NAME=nucode.m21.ble_security_contract', '-DSB_CONFIG_COMPILER_WARNINGS_AS_ERRORS=y', '-DEXTRA_GEN_EDT_ARGS=--edtlib-Werror', '-GNinja', '-DPython3_EXECUTABLE=C:/ncs/toolchains/dcbdc366a1/opt/bin/python.exe', '-DZEPHYR_TOOLCHAIN_VARIANT=zephyr/gnu', '-SC:\\ncs\\v3.4.0\\zephyr/share/sysbuild', '-DAPP_DIR=C:\\Users\\eidos\\GitHub\\NU54DK_Arduino_Core\\tests\\zephyr\\m21_ble_contract', '-DBOARD_ROOT=C:/Users/eidos/GitHub/NU54DK_Arduino_Core/board_package/NU54DK_Zephyr_DTS', '-DEXTRA_ZEPHYR_MODULES=C:/Users/eidos/GitHub/NU54DK_Arduino_Core', '-DUSE_CCACHE=0', '-DBOARD=nrf54l15dk/nrf54l15/cpuapp/nu54dk']
2026-09-07 13:19:34,985 - twister - DEBUG - Loaded sysbuild domain data from C:\u4p\nrf54l15dk_nrf54l15_cpuapp_nu54dk\zephyr_gnu\nucode.m21.ble_security_hil_central\domains.yaml
2026-09-07 13:19:34,992 - twister - DEBUG - Finished running cmake C:\Users\eidos\GitHub\NU54DK_Arduino_Core\tests\zephyr\m21_ble_hil for nrf54l15dk/nrf54l15/cpuapp/nu54dk in 112.22 seconds
2026-09-07 13:19:34,999 - twister - DEBUG - build test: nrf54l15dk/nrf54l15/cpuapp/nu54dk\zephyr/gnu\nucode.m21.ble_security_hil_central
2026-09-07 13:19:34,999 - twister - DEBUG - Building C:\Users\eidos\GitHub\NU54DK_Arduino_Core\tests\zephyr\m21_ble_hil for nrf54l15dk/nrf54l15/cpuapp/nu54dk
2026-09-07 13:19:35,075 - twister - DEBUG - Running C:\ncs\toolchains\dcbdc366a1\opt\bin\cmake.EXE --build C:\u4p\nrf54l15dk_nrf54l15_cpuapp_nu54dk\zephyr_gnu\nucode.m21.ble_security_hil_central
2026-09-07 13:20:24,189 - twister - DEBUG - Finished building C:\Users\eidos\GitHub\NU54DK_Arduino_Core\tests\zephyr\ac02b_b2_contract for nrf54l15dk/nrf54l15/cpuapp/nu54dk in 301.09 seconds
2026-09-07 13:20:24,192 - twister - DEBUG - Determine test cases for test instance: nrf54l15dk/nrf54l15/cpuapp/nu54dk\zephyr/gnu\nucode.ac02b.b2_contract
2026-09-07 13:20:24,193 - twister - DEBUG - Determine test cases for test suite: nucode.ac02b.b2_contract
2026-09-07 13:20:24,238 - twister - DEBUG - Loaded sysbuild domain data from C:\u4p\nrf54l15dk_nrf54l15_cpuapp_nu54dk\zephyr_gnu\nucode.m21.ble_security_hil_peripheral\domains.yaml
2026-09-07 13:20:24,244 - twister - DEBUG - Finished running cmake C:\Users\eidos\GitHub\NU54DK_Arduino_Core\tests\zephyr\m21_ble_hil for nrf54l15dk/nrf54l15/cpuapp/nu54dk in 119.16 seconds
2026-09-07 13:20:24,250 - twister - DEBUG - build test: nrf54l15dk/nrf54l15/cpuapp/nu54dk\zephyr/gnu\nucode.m21.ble_security_hil_peripheral
2026-09-07 13:20:24,250 - twister - DEBUG - Building C:\Users\eidos\GitHub\NU54DK_Arduino_Core\tests\zephyr\m21_ble_hil for nrf54l15dk/nrf54l15/cpuapp/nu54dk
2026-09-07 13:20:24,309 - twister - DEBUG - Running C:\ncs\toolchains\dcbdc366a1\opt\bin\cmake.EXE --build C:\u4p\nrf54l15dk_nrf54l15_cpuapp_nu54dk\zephyr_gnu\nucode.m21.ble_security_hil_peripheral
2026-09-07 13:20:26,611 - twister - DEBUG - Test instance nrf54l15dk/nrf54l15/cpuapp/nu54dk\zephyr/gnu\nucode.ac02b.b2_contract already has 3 testcase(s) known: [<TestCase nucode.ac02b.b2_contract.ac02b_b2.serial1_p0_zero_psel_and_rebegin with not run>, <TestCase nucode.ac02b.b2_contract.ac02b_b2.wire_port_matrix_and_lifecycle with not run>, <TestCase nucode.ac02b.b2_contract.ac02b_b2.spi00_exact_route_and_lifecycle with not run>]
2026-09-07 13:20:26,613 - twister - DEBUG - Detected 3 Ztest case(s): [nucode.ac02b.b2_contract.ac02b_b2.spi00_exact_route_and_lifecycle, nucode.ac02b.b2_contract.ac02b_b2.wire_port_matrix_and_lifecycle, nucode.ac02b.b2_contract.ac02b_b2.serial1_p0_zero_psel_and_rebegin] in C:/u4p/nrf54l15dk_nrf54l15_cpuapp_nu54dk/zephyr_gnu/nucode.ac02b.b2_contract/ac02b_b2_contract\zephyr\zephyr.elf
2026-09-07 13:20:26,616 - twister - DEBUG - Instance nrf54l15dk/nrf54l15/cpuapp/nu54dk\zephyr/gnu\nucode.ac02b.b2_contract can't run (run:False, handler.ready:False)
2026-09-07 13:20:26,620 - twister - DEBUG - Running cmake on C:\Users\eidos\GitHub\NU54DK_Arduino_Core\tests\zephyr\m20_ble_gatt_hil for nrf54l15dk/nrf54l15/cpuapp/nu54dk
2026-09-07 13:20:26,620 - twister - DEBUG - Building C:\Users\eidos\GitHub\NU54DK_Arduino_Core\tests\zephyr\m20_ble_gatt_hil using sysbuild
2026-09-07 13:20:26,626 - twister - DEBUG - Calling cmake: ['C:\\ncs\\toolchains\\dcbdc366a1\\opt\\bin\\cmake.EXE', '-BC:\\u4p\\nrf54l15dk_nrf54l15_cpuapp_nu54dk\\zephyr_gnu\\nucode.m20.ble_gatt_hil_central', '-DTC_RUNID=02620e339176e8be8074b868771b8219', '-DTC_NAME=nucode.m20.ble_gatt_hil_central', '-DSB_CONFIG_COMPILER_WARNINGS_AS_ERRORS=y', '-DEXTRA_GEN_EDT_ARGS=--edtlib-Werror', '-GNinja', '-DPython3_EXECUTABLE=C:/ncs/toolchains/dcbdc366a1/opt/bin/python.exe', '-DZEPHYR_TOOLCHAIN_VARIANT=zephyr/gnu', '-SC:\\ncs\\v3.4.0\\zephyr/share/sysbuild', '-DAPP_DIR=C:\\Users\\eidos\\GitHub\\NU54DK_Arduino_Core\\tests\\zephyr\\m20_ble_gatt_hil', '-DBOARD_ROOT=C:/Users/eidos/GitHub/NU54DK_Arduino_Core/board_package/NU54DK_Zephyr_DTS', '-DEXTRA_ZEPHYR_MODULES=C:/Users/eidos/GitHub/NU54DK_Arduino_Core', '-DUSE_CCACHE=0', '-DM20_ROLE=central', '-DBOARD=nrf54l15dk/nrf54l15/cpuapp/nu54dk']
2026-09-07 13:21:41,465 - twister - DEBUG - Loaded sysbuild domain data from C:\u4p\nrf54l15dk_nrf54l15_cpuapp_nu54dk\zephyr_gnu\nucode.m21.ble_security_contract\domains.yaml
2026-09-07 13:21:41,469 - twister - DEBUG - Finished running cmake C:\Users\eidos\GitHub\NU54DK_Arduino_Core\tests\zephyr\m21_ble_contract for nrf54l15dk/nrf54l15/cpuapp/nu54dk in 156.71 seconds
2026-09-07 13:21:41,473 - twister - DEBUG - build test: nrf54l15dk/nrf54l15/cpuapp/nu54dk\zephyr/gnu\nucode.m21.ble_security_contract
2026-09-07 13:21:41,473 - twister - DEBUG - Building C:\Users\eidos\GitHub\NU54DK_Arduino_Core\tests\zephyr\m21_ble_contract for nrf54l15dk/nrf54l15/cpuapp/nu54dk
2026-09-07 13:21:41,530 - twister - DEBUG - Running C:\ncs\toolchains\dcbdc366a1\opt\bin\cmake.EXE --build C:\u4p\nrf54l15dk_nrf54l15_cpuapp_nu54dk\zephyr_gnu\nucode.m21.ble_security_contract
2026-09-07 13:22:06,942 - twister - DEBUG - Finished building C:\Users\eidos\GitHub\NU54DK_Arduino_Core\tests\zephyr\ac02a_ownership_contract for nrf54l15dk/nrf54l15/cpuapp/nu54dk in 323.81 seconds
2026-09-07 13:22:06,943 - twister - DEBUG - Determine test cases for test instance: nrf54l15dk/nrf54l15/cpuapp/nu54dk\zephyr/gnu\nucode.ac02a.ownership_contract
2026-09-07 13:22:06,943 - twister - DEBUG - Determine test cases for test suite: nucode.ac02a.ownership_contract
2026-09-07 13:22:11,477 - twister - DEBUG - Finished building C:\Users\eidos\GitHub\NU54DK_Arduino_Core\tests\zephyr\ac01_hil for nrf54l15dk/nrf54l15/cpuapp/nu54dk in 311.39 seconds
2026-09-07 13:22:11,485 - twister - DEBUG - Instance nrf54l15dk/nrf54l15/cpuapp/nu54dk\zephyr/gnu\nucode.ac01.gpio_hil can't run (run:False, handler.ready:False)
2026-09-07 13:22:11,489 - twister - DEBUG - Running cmake on C:\Users\eidos\GitHub\NU54DK_Arduino_Core\tests\zephyr\m20_ble_gatt_hil for nrf54l15dk/nrf54l15/cpuapp/nu54dk
2026-09-07 13:22:11,489 - twister - DEBUG - Building C:\Users\eidos\GitHub\NU54DK_Arduino_Core\tests\zephyr\m20_ble_gatt_hil using sysbuild
2026-09-07 13:22:11,493 - twister - DEBUG - Calling cmake: ['C:\\ncs\\toolchains\\dcbdc366a1\\opt\\bin\\cmake.EXE', '-BC:\\u4p\\nrf54l15dk_nrf54l15_cpuapp_nu54dk\\zephyr_gnu\\nucode.m20.ble_gatt_hil_peripheral', '-DTC_RUNID=973a1ef2639f183dca01c070081be2f1', '-DTC_NAME=nucode.m20.ble_gatt_hil_peripheral', '-DSB_CONFIG_COMPILER_WARNINGS_AS_ERRORS=y', '-DEXTRA_GEN_EDT_ARGS=--edtlib-Werror', '-GNinja', '-DPython3_EXECUTABLE=C:/ncs/toolchains/dcbdc366a1/opt/bin/python.exe', '-DZEPHYR_TOOLCHAIN_VARIANT=zephyr/gnu', '-SC:\\ncs\\v3.4.0\\zephyr/share/sysbuild', '-DAPP_DIR=C:\\Users\\eidos\\GitHub\\NU54DK_Arduino_Core\\tests\\zephyr\\m20_ble_gatt_hil', '-DBOARD_ROOT=C:/Users/eidos/GitHub/NU54DK_Arduino_Core/board_package/NU54DK_Zephyr_DTS', '-DEXTRA_ZEPHYR_MODULES=C:/Users/eidos/GitHub/NU54DK_Arduino_Core', '-DUSE_CCACHE=0', '-DM20_ROLE=peripheral', '-DBOARD=nrf54l15dk/nrf54l15/cpuapp/nu54dk']
2026-09-07 13:22:18,050 - twister - DEBUG - Test instance nrf54l15dk/nrf54l15/cpuapp/nu54dk\zephyr/gnu\nucode.ac02a.ownership_contract already has 16 testcase(s) known: [<TestCase nucode.ac02a.ownership_contract.ac02a_ownership_contract.legacy_alias_is_canonicalized_for_gpio_and_handover with not run>, <TestCase nucode.ac02a.ownership_contract.ac02a_ownership_contract.claim_commit_same_owner_and_release_lifecycle with not run>, <TestCase nucode.ac02a.ownership_contract.ac02a_ownership_contract.copied_or_stale_lease_cannot_release_new_owner with not run>, <TestCase nucode.ac02a.ownership_contract.ac02a_ownership_contract.two_threads_racing_for_one_resource_have_one_winner with not run>, <TestCase nucode.ac02a.ownership_contract.ac02a_ownership_contract.pin_mode_claims_pad_and_reports_conflicting_owner with not run>, <TestCase nucode.ac02a.ownership_contract.ac02a_ownership_contract.compact_token_claims_two_resources_and_releases with not run>, <TestCase nucode.ac02a.ownership_contract.ac02a_ownership_contract.batch_conflict_is_atomic_and_rollback_restores_free with not run>, <TestCase nucode.ac02a.ownership_contract.ac02a_ownership_contract.expected_owner_transfer_rolls_back_generation_exactly with not run>, <TestCase nucode.ac02a.ownership_contract.ac02a_ownership_contract.expected_owner_transfer_rejects_mismatch_atomically with not run>, <TestCase nucode.ac02a.ownership_contract.ac02a_ownership_contract.only_uart20_is_boot_fixed_and_dynamic_routes_start_free with not run>, <TestCase nucode.ac02a.ownership_contract.ac02a_ownership_contract.nested_two_pin_handover_is_recursive_and_exact_once with not run>, <TestCase nucode.ac02a.ownership_contract.ac02a_ownership_contract.invalid_duplicate_and_wrong_phase_requests_are_rejected with not run>, <TestCase nucode.ac02a.ownership_contract.ac02a_ownership_contract.free_pin_handover_release_and_reserved_policy_fail_closed with not run>, <TestCase nucode.ac02a.ownership_contract.ac02a_ownership_contract.expected_owner_transfer_commit_invalidates_old_lease with not run>, <TestCase nucode.ac02a.ownership_contract.ac02a_ownership_contract.reserve_is_rejected_from_isr with not run>, <TestCase nucode.ac02a.ownership_contract.ac02a_ownership_contract.committed_handover_restores_previous_gpio_state with not run>]
2026-09-07 13:22:18,050 - twister - DEBUG - Detected 16 Ztest case(s): [nucode.ac02a.ownership_contract.ac02a_ownership_contract.pin_mode_claims_pad_and_reports_conflicting_owner, nucode.ac02a.ownership_contract.ac02a_ownership_contract.free_pin_handover_release_and_reserved_policy_fail_closed, nucode.ac02a.ownership_contract.ac02a_ownership_contract.nested_two_pin_handover_is_recursive_and_exact_once, nucode.ac02a.ownership_contract.ac02a_ownership_contract.committed_handover_restores_previous_gpio_state, nucode.ac02a.ownership_contract.ac02a_ownership_contract.legacy_alias_is_canonicalized_for_gpio_and_handover, nucode.ac02a.ownership_contract.ac02a_ownership_contract.only_uart20_is_boot_fixed_and_dynamic_routes_start_free, nucode.ac02a.ownership_contract.ac02a_ownership_contract.expected_owner_transfer_rejects_mismatch_atomically, nucode.ac02a.ownership_contract.ac02a_ownership_contract.expected_owner_transfer_commit_invalidates_old_lease, nucode.ac02a.ownership_contract.ac02a_ownership_contract.expected_owner_transfer_rolls_back_generation_exactly, nucode.ac02a.ownership_contract.ac02a_ownership_contract.reserve_is_rejected_from_isr, nucode.ac02a.ownership_contract.ac02a_ownership_contract.two_threads_racing_for_one_resource_have_one_winner, nucode.ac02a.ownership_contract.ac02a_ownership_contract.copied_or_stale_lease_cannot_release_new_owner, nucode.ac02a.ownership_contract.ac02a_ownership_contract.batch_conflict_is_atomic_and_rollback_restores_free, nucode.ac02a.ownership_contract.ac02a_ownership_contract.invalid_duplicate_and_wrong_phase_requests_are_rejected, nucode.ac02a.ownership_contract.ac02a_ownership_contract.compact_token_claims_two_resources_and_releases, nucode.ac02a.ownership_contract.ac02a_ownership_contract.claim_commit_same_owner_and_release_lifecycle] in C:/u4p/nrf54l15dk_nrf54l15_cpuapp_nu54dk/zephyr_gnu/nucode.ac02a.ownership_contract/ac02a_ownership_contract\zephyr\zephyr.elf
2026-09-07 13:22:18,072 - twister - DEBUG - Instance nrf54l15dk/nrf54l15/cpuapp/nu54dk\zephyr/gnu\nucode.ac02a.ownership_contract can't run (run:False, handler.ready:False)
2026-09-07 13:22:18,078 - twister - DEBUG - Running cmake on C:\Users\eidos\GitHub\NU54DK_Arduino_Core\tests\zephyr\m20_ble_gatt_contract for nrf54l15dk/nrf54l15/cpuapp/nu54dk
2026-09-07 13:22:18,078 - twister - DEBUG - Building C:\Users\eidos\GitHub\NU54DK_Arduino_Core\tests\zephyr\m20_ble_gatt_contract using sysbuild
2026-09-07 13:22:18,084 - twister - DEBUG - Calling cmake: ['C:\\ncs\\toolchains\\dcbdc366a1\\opt\\bin\\cmake.EXE', '-BC:\\u4p\\nrf54l15dk_nrf54l15_cpuapp_nu54dk\\zephyr_gnu\\nucode.m20.ble_gatt_contract', '-DTC_RUNID=f63e7cf74afb4e45d19864d0b459eb3f', '-DTC_NAME=nucode.m20.ble_gatt_contract', '-DSB_CONFIG_COMPILER_WARNINGS_AS_ERRORS=y', '-DEXTRA_GEN_EDT_ARGS=--edtlib-Werror', '-GNinja', '-DPython3_EXECUTABLE=C:/ncs/toolchains/dcbdc366a1/opt/bin/python.exe', '-DZEPHYR_TOOLCHAIN_VARIANT=zephyr/gnu', '-SC:\\ncs\\v3.4.0\\zephyr/share/sysbuild', '-DAPP_DIR=C:\\Users\\eidos\\GitHub\\NU54DK_Arduino_Core\\tests\\zephyr\\m20_ble_gatt_contract', '-DBOARD_ROOT=C:/Users/eidos/GitHub/NU54DK_Arduino_Core/board_package/NU54DK_Zephyr_DTS', '-DEXTRA_ZEPHYR_MODULES=C:/Users/eidos/GitHub/NU54DK_Arduino_Core', '-DUSE_CCACHE=0', '-DBOARD=nrf54l15dk/nrf54l15/cpuapp/nu54dk']
2026-09-07 13:23:27,647 - twister - DEBUG - Finished building C:\Users\eidos\GitHub\NU54DK_Arduino_Core\tests\zephyr\ac01_contract for nrf54l15dk/nrf54l15/cpuapp/nu54dk in 335.22 seconds
2026-09-07 13:23:27,648 - twister - DEBUG - Determine test cases for test instance: nrf54l15dk/nrf54l15/cpuapp/nu54dk\zephyr/gnu\nucode.ac01.contract
2026-09-07 13:23:27,648 - twister - DEBUG - Determine test cases for test suite: nucode.ac01.contract
2026-09-07 13:23:33,099 - twister - DEBUG - Test instance nrf54l15dk/nrf54l15/cpuapp/nu54dk\zephyr/gnu\nucode.ac01.contract already has 5 testcase(s) known: [<TestCase nucode.ac01.contract.ac01_contract.open_drain_is_limited_to_connector_gpio with not run>, <TestCase nucode.ac01.contract.ac01_contract.gpio2_leds_do_not_expose_interrupt_capability with not run>, <TestCase nucode.ac01.contract.ac01_contract.connector_descriptors_are_alias_owned_and_open_drain_capable with not run>, <TestCase nucode.ac01.contract.ac01_contract.pulse_and_shift_negative_contract with not run>, <TestCase nucode.ac01.contract.ac01_contract.interrupt_mask_is_nested_and_unbalanced_restore_is_rejected with not run>]
2026-09-07 13:23:33,099 - twister - DEBUG - Detected 5 Ztest case(s): [nucode.ac01.contract.ac01_contract.interrupt_mask_is_nested_and_unbalanced_restore_is_rejected, nucode.ac01.contract.ac01_contract.pulse_and_shift_negative_contract, nucode.ac01.contract.ac01_contract.open_drain_is_limited_to_connector_gpio, nucode.ac01.contract.ac01_contract.gpio2_leds_do_not_expose_interrupt_capability, nucode.ac01.contract.ac01_contract.connector_descriptors_are_alias_owned_and_open_drain_capable] in C:/u4p/nrf54l15dk_nrf54l15_cpuapp_nu54dk/zephyr_gnu/nucode.ac01.contract/ac01_contract\zephyr\zephyr.elf
2026-09-07 13:23:33,102 - twister - DEBUG - Instance nrf54l15dk/nrf54l15/cpuapp/nu54dk\zephyr/gnu\nucode.ac01.contract can't run (run:False, handler.ready:False)
2026-09-07 13:23:33,108 - twister - DEBUG - Running cmake on C:\Users\eidos\GitHub\NU54DK_Arduino_Core\tests\zephyr\m19_ble_gap_hil for nrf54l15dk/nrf54l15/cpuapp/nu54dk
2026-09-07 13:23:33,108 - twister - DEBUG - Building C:\Users\eidos\GitHub\NU54DK_Arduino_Core\tests\zephyr\m19_ble_gap_hil using sysbuild
2026-09-07 13:23:33,113 - twister - DEBUG - Calling cmake: ['C:\\ncs\\toolchains\\dcbdc366a1\\opt\\bin\\cmake.EXE', '-BC:\\u4p\\nrf54l15dk_nrf54l15_cpuapp_nu54dk\\zephyr_gnu\\nucode.m19.ble_gap_hil_central', '-DTC_RUNID=48734d5a90f84ce6944b9ad0c561e237', '-DTC_NAME=nucode.m19.ble_gap_hil_central', '-DSB_CONFIG_COMPILER_WARNINGS_AS_ERRORS=y', '-DEXTRA_GEN_EDT_ARGS=--edtlib-Werror', '-GNinja', '-DPython3_EXECUTABLE=C:/ncs/toolchains/dcbdc366a1/opt/bin/python.exe', '-DZEPHYR_TOOLCHAIN_VARIANT=zephyr/gnu', '-SC:\\ncs\\v3.4.0\\zephyr/share/sysbuild', '-DAPP_DIR=C:\\Users\\eidos\\GitHub\\NU54DK_Arduino_Core\\tests\\zephyr\\m19_ble_gap_hil', '-DBOARD_ROOT=C:/Users/eidos/GitHub/NU54DK_Arduino_Core/board_package/NU54DK_Zephyr_DTS', '-DEXTRA_ZEPHYR_MODULES=C:/Users/eidos/GitHub/NU54DK_Arduino_Core', '-DUSE_CCACHE=0', '-DM19_ROLE=central', '-DBOARD=nrf54l15dk/nrf54l15/cpuapp/nu54dk']
2026-09-07 13:24:26,718 - twister - DEBUG - Loaded sysbuild domain data from C:\u4p\nrf54l15dk_nrf54l15_cpuapp_nu54dk\zephyr_gnu\nucode.m20.ble_gatt_hil_central\domains.yaml
2026-09-07 13:24:26,723 - twister - DEBUG - Finished running cmake C:\Users\eidos\GitHub\NU54DK_Arduino_Core\tests\zephyr\m20_ble_gatt_hil for nrf54l15dk/nrf54l15/cpuapp/nu54dk in 240.09 seconds
2026-09-07 13:24:26,728 - twister - DEBUG - build test: nrf54l15dk/nrf54l15/cpuapp/nu54dk\zephyr/gnu\nucode.m20.ble_gatt_hil_central
2026-09-07 13:24:26,728 - twister - DEBUG - Building C:\Users\eidos\GitHub\NU54DK_Arduino_Core\tests\zephyr\m20_ble_gatt_hil for nrf54l15dk/nrf54l15/cpuapp/nu54dk
2026-09-07 13:24:26,780 - twister - DEBUG - Running C:\ncs\toolchains\dcbdc366a1\opt\bin\cmake.EXE --build C:\u4p\nrf54l15dk_nrf54l15_cpuapp_nu54dk\zephyr_gnu\nucode.m20.ble_gatt_hil_central
2026-09-07 13:24:40,621 - twister - DEBUG - Finished building C:\Users\eidos\GitHub\NU54DK_Arduino_Core\tests\zephyr\m21_ble_board_contract for nrf54l15dk/nrf54l15/cpuapp/nu54dk in 354.69 seconds
2026-09-07 13:24:40,623 - twister - DEBUG - Determine test cases for test instance: nrf54l15dk/nrf54l15/cpuapp/nu54dk\zephyr/gnu\nucode.m21.ble_board_contract
2026-09-07 13:24:40,623 - twister - DEBUG - Determine test cases for test suite: nucode.m21.ble_board_contract
2026-09-07 13:24:41,095 - twister - DEBUG - Test instance nrf54l15dk/nrf54l15/cpuapp/nu54dk\zephyr/gnu\nucode.m21.ble_board_contract already has 1 testcase(s) known: [<TestCase nucode.m21.ble_board_contract with not run>]
2026-09-07 13:24:41,097 - twister - DEBUG - Instance nrf54l15dk/nrf54l15/cpuapp/nu54dk\zephyr/gnu\nucode.m21.ble_board_contract can't run (run:False, handler.ready:False)
2026-09-07 13:24:41,103 - twister - DEBUG - Running cmake on C:\Users\eidos\GitHub\NU54DK_Arduino_Core\tests\zephyr\m19_ble_gap_hil for nrf54l15dk/nrf54l15/cpuapp/nu54dk
2026-09-07 13:24:41,103 - twister - DEBUG - Building C:\Users\eidos\GitHub\NU54DK_Arduino_Core\tests\zephyr\m19_ble_gap_hil using sysbuild
2026-09-07 13:24:41,111 - twister - DEBUG - Calling cmake: ['C:\\ncs\\toolchains\\dcbdc366a1\\opt\\bin\\cmake.EXE', '-BC:\\u4p\\nrf54l15dk_nrf54l15_cpuapp_nu54dk\\zephyr_gnu\\nucode.m19.ble_gap_hil_peripheral', '-DTC_RUNID=76b3df273013901df9ab6e68ce21cf0f', '-DTC_NAME=nucode.m19.ble_gap_hil_peripheral', '-DSB_CONFIG_COMPILER_WARNINGS_AS_ERRORS=y', '-DEXTRA_GEN_EDT_ARGS=--edtlib-Werror', '-GNinja', '-DPython3_EXECUTABLE=C:/ncs/toolchains/dcbdc366a1/opt/bin/python.exe', '-DZEPHYR_TOOLCHAIN_VARIANT=zephyr/gnu', '-SC:\\ncs\\v3.4.0\\zephyr/share/sysbuild', '-DAPP_DIR=C:\\Users\\eidos\\GitHub\\NU54DK_Arduino_Core\\tests\\zephyr\\m19_ble_gap_hil', '-DBOARD_ROOT=C:/Users/eidos/GitHub/NU54DK_Arduino_Core/board_package/NU54DK_Zephyr_DTS', '-DEXTRA_ZEPHYR_MODULES=C:/Users/eidos/GitHub/NU54DK_Arduino_Core', '-DUSE_CCACHE=0', '-DM19_ROLE=peripheral', '-DBOARD=nrf54l15dk/nrf54l15/cpuapp/nu54dk']
2026-09-07 13:24:58,866 - twister - DEBUG - Finished building C:\Users\eidos\GitHub\NU54DK_Arduino_Core\tests\zephyr\m21_ble_hil for nrf54l15dk/nrf54l15/cpuapp/nu54dk in 323.86 seconds
2026-09-07 13:24:58,868 - twister - DEBUG - Determine test cases for test instance: nrf54l15dk/nrf54l15/cpuapp/nu54dk\zephyr/gnu\nucode.m21.ble_security_hil_central
2026-09-07 13:24:58,868 - twister - DEBUG - Determine test cases for test suite: nucode.m21.ble_security_hil_central
2026-09-07 13:24:59,279 - twister - DEBUG - Test instance nrf54l15dk/nrf54l15/cpuapp/nu54dk\zephyr/gnu\nucode.m21.ble_security_hil_central already has 1 testcase(s) known: [<TestCase nucode.m21.ble_security_hil_central with not run>]
2026-09-07 13:24:59,281 - twister - DEBUG - Instance nrf54l15dk/nrf54l15/cpuapp/nu54dk\zephyr/gnu\nucode.m21.ble_security_hil_central can't run (run:False, handler.ready:False)
2026-09-07 13:24:59,281 - twister - DEBUG - Running cmake on C:\Users\eidos\GitHub\NU54DK_Arduino_Core\tests\zephyr\m19_ble_gap_contract for nrf54l15dk/nrf54l15/cpuapp/nu54dk
2026-09-07 13:24:59,281 - twister - DEBUG - Building C:\Users\eidos\GitHub\NU54DK_Arduino_Core\tests\zephyr\m19_ble_gap_contract using sysbuild
2026-09-07 13:24:59,288 - twister - DEBUG - Calling cmake: ['C:\\ncs\\toolchains\\dcbdc366a1\\opt\\bin\\cmake.EXE', '-BC:\\u4p\\nrf54l15dk_nrf54l15_cpuapp_nu54dk\\zephyr_gnu\\nucode.m19.ble_gap_contract', '-DTC_RUNID=8b24760d790fbd8ab19d04c6af07dd9a', '-DTC_NAME=nucode.m19.ble_gap_contract', '-DSB_CONFIG_COMPILER_WARNINGS_AS_ERRORS=y', '-DEXTRA_GEN_EDT_ARGS=--edtlib-Werror', '-GNinja', '-DPython3_EXECUTABLE=C:/ncs/toolchains/dcbdc366a1/opt/bin/python.exe', '-DZEPHYR_TOOLCHAIN_VARIANT=zephyr/gnu', '-SC:\\ncs\\v3.4.0\\zephyr/share/sysbuild', '-DAPP_DIR=C:\\Users\\eidos\\GitHub\\NU54DK_Arduino_Core\\tests\\zephyr\\m19_ble_gap_contract', '-DBOARD_ROOT=C:/Users/eidos/GitHub/NU54DK_Arduino_Core/board_package/NU54DK_Zephyr_DTS', '-DEXTRA_ZEPHYR_MODULES=C:/Users/eidos/GitHub/NU54DK_Arduino_Core', '-DUSE_CCACHE=0', '-DBOARD=nrf54l15dk/nrf54l15/cpuapp/nu54dk']
2026-09-07 13:25:36,260 - twister - DEBUG - Loaded sysbuild domain data from C:\u4p\nrf54l15dk_nrf54l15_cpuapp_nu54dk\zephyr_gnu\nucode.m20.ble_gatt_hil_peripheral\domains.yaml
2026-09-07 13:25:36,265 - twister - DEBUG - Finished running cmake C:\Users\eidos\GitHub\NU54DK_Arduino_Core\tests\zephyr\m20_ble_gatt_hil for nrf54l15dk/nrf54l15/cpuapp/nu54dk in 204.76 seconds
2026-09-07 13:25:36,269 - twister - DEBUG - build test: nrf54l15dk/nrf54l15/cpuapp/nu54dk\zephyr/gnu\nucode.m20.ble_gatt_hil_peripheral
2026-09-07 13:25:36,269 - twister - DEBUG - Building C:\Users\eidos\GitHub\NU54DK_Arduino_Core\tests\zephyr\m20_ble_gatt_hil for nrf54l15dk/nrf54l15/cpuapp/nu54dk
2026-09-07 13:25:36,315 - twister - DEBUG - Running C:\ncs\toolchains\dcbdc366a1\opt\bin\cmake.EXE --build C:\u4p\nrf54l15dk_nrf54l15_cpuapp_nu54dk\zephyr_gnu\nucode.m20.ble_gatt_hil_peripheral
2026-09-07 13:25:36,787 - twister - DEBUG - Loaded sysbuild domain data from C:\u4p\nrf54l15dk_nrf54l15_cpuapp_nu54dk\zephyr_gnu\nucode.m20.ble_gatt_contract\domains.yaml
2026-09-07 13:25:36,795 - twister - DEBUG - Finished running cmake C:\Users\eidos\GitHub\NU54DK_Arduino_Core\tests\zephyr\m20_ble_gatt_contract for nrf54l15dk/nrf54l15/cpuapp/nu54dk in 198.70 seconds
2026-09-07 13:25:36,795 - twister - DEBUG - build test: nrf54l15dk/nrf54l15/cpuapp/nu54dk\zephyr/gnu\nucode.m20.ble_gatt_contract
2026-09-07 13:25:36,795 - twister - DEBUG - Building C:\Users\eidos\GitHub\NU54DK_Arduino_Core\tests\zephyr\m20_ble_gatt_contract for nrf54l15dk/nrf54l15/cpuapp/nu54dk
2026-09-07 13:25:36,884 - twister - DEBUG - Running C:\ncs\toolchains\dcbdc366a1\opt\bin\cmake.EXE --build C:\u4p\nrf54l15dk_nrf54l15_cpuapp_nu54dk\zephyr_gnu\nucode.m20.ble_gatt_contract
2026-09-07 13:26:20,584 - twister - DEBUG - Loaded sysbuild domain data from C:\u4p\nrf54l15dk_nrf54l15_cpuapp_nu54dk\zephyr_gnu\nucode.m19.ble_gap_hil_central\domains.yaml
2026-09-07 13:26:20,591 - twister - DEBUG - Finished running cmake C:\Users\eidos\GitHub\NU54DK_Arduino_Core\tests\zephyr\m19_ble_gap_hil for nrf54l15dk/nrf54l15/cpuapp/nu54dk in 167.47 seconds
2026-09-07 13:26:20,595 - twister - DEBUG - build test: nrf54l15dk/nrf54l15/cpuapp/nu54dk\zephyr/gnu\nucode.m19.ble_gap_hil_central
2026-09-07 13:26:20,595 - twister - DEBUG - Building C:\Users\eidos\GitHub\NU54DK_Arduino_Core\tests\zephyr\m19_ble_gap_hil for nrf54l15dk/nrf54l15/cpuapp/nu54dk
2026-09-07 13:26:21,033 - twister - DEBUG - Running C:\ncs\toolchains\dcbdc366a1\opt\bin\cmake.EXE --build C:\u4p\nrf54l15dk_nrf54l15_cpuapp_nu54dk\zephyr_gnu\nucode.m19.ble_gap_hil_central
2026-09-07 13:26:45,217 - twister - DEBUG - Finished building C:\Users\eidos\GitHub\NU54DK_Arduino_Core\tests\zephyr\m21_ble_hil for nrf54l15dk/nrf54l15/cpuapp/nu54dk in 380.97 seconds
2026-09-07 13:26:45,217 - twister - DEBUG - Determine test cases for test instance: nrf54l15dk/nrf54l15/cpuapp/nu54dk\zephyr/gnu\nucode.m21.ble_security_hil_peripheral
2026-09-07 13:26:45,217 - twister - DEBUG - Determine test cases for test suite: nucode.m21.ble_security_hil_peripheral
2026-09-07 13:26:45,450 - twister - DEBUG - Test instance nrf54l15dk/nrf54l15/cpuapp/nu54dk\zephyr/gnu\nucode.m21.ble_security_hil_peripheral already has 1 testcase(s) known: [<TestCase nucode.m21.ble_security_hil_peripheral with not run>]
2026-09-07 13:26:45,452 - twister - DEBUG - Instance nrf54l15dk/nrf54l15/cpuapp/nu54dk\zephyr/gnu\nucode.m21.ble_security_hil_peripheral can't run (run:False, handler.ready:False)
2026-09-07 13:26:45,455 - twister - DEBUG - Running cmake on C:\Users\eidos\GitHub\NU54DK_Arduino_Core\tests\zephyr\m17_sensor_direct for nrf54l15dk/nrf54l15/cpuapp/nu54dk
2026-09-07 13:26:45,455 - twister - DEBUG - Building C:\Users\eidos\GitHub\NU54DK_Arduino_Core\tests\zephyr\m17_sensor_direct using sysbuild
2026-09-07 13:26:45,460 - twister - DEBUG - Calling cmake: ['C:\\ncs\\toolchains\\dcbdc366a1\\opt\\bin\\cmake.EXE', '-BC:\\u4p\\nrf54l15dk_nrf54l15_cpuapp_nu54dk\\zephyr_gnu\\nucode.m17.sensor_direct', '-DTC_RUNID=ec37d3a187764f17b0449d046d313c18', '-DTC_NAME=nucode.m17.sensor_direct', '-DSB_CONFIG_COMPILER_WARNINGS_AS_ERRORS=y', '-DEXTRA_GEN_EDT_ARGS=--edtlib-Werror', '-GNinja', '-DPython3_EXECUTABLE=C:/ncs/toolchains/dcbdc366a1/opt/bin/python.exe', '-DZEPHYR_TOOLCHAIN_VARIANT=zephyr/gnu', '-SC:\\ncs\\v3.4.0\\zephyr/share/sysbuild', '-DAPP_DIR=C:\\Users\\eidos\\GitHub\\NU54DK_Arduino_Core\\tests\\zephyr\\m17_sensor_direct', '-DBOARD_ROOT=C:/Users/eidos/GitHub/NU54DK_Arduino_Core/board_package/NU54DK_Zephyr_DTS', '-DEXTRA_ZEPHYR_MODULES=C:/Users/eidos/GitHub/NU54DK_Arduino_Core', '-DUSE_CCACHE=0', '-DBOARD=nrf54l15dk/nrf54l15/cpuapp/nu54dk']
2026-09-07 13:27:51,562 - twister - DEBUG - Loaded sysbuild domain data from C:\u4p\nrf54l15dk_nrf54l15_cpuapp_nu54dk\zephyr_gnu\nucode.m19.ble_gap_hil_peripheral\domains.yaml
2026-09-07 13:27:51,566 - twister - DEBUG - Finished running cmake C:\Users\eidos\GitHub\NU54DK_Arduino_Core\tests\zephyr\m19_ble_gap_hil for nrf54l15dk/nrf54l15/cpuapp/nu54dk in 190.45 seconds
2026-09-07 13:27:51,571 - twister - DEBUG - build test: nrf54l15dk/nrf54l15/cpuapp/nu54dk\zephyr/gnu\nucode.m19.ble_gap_hil_peripheral
2026-09-07 13:27:51,571 - twister - DEBUG - Building C:\Users\eidos\GitHub\NU54DK_Arduino_Core\tests\zephyr\m19_ble_gap_hil for nrf54l15dk/nrf54l15/cpuapp/nu54dk
2026-09-07 13:27:51,620 - twister - DEBUG - Running C:\ncs\toolchains\dcbdc366a1\opt\bin\cmake.EXE --build C:\u4p\nrf54l15dk_nrf54l15_cpuapp_nu54dk\zephyr_gnu\nucode.m19.ble_gap_hil_peripheral
2026-09-07 13:28:11,047 - twister - DEBUG - Finished building C:\Users\eidos\GitHub\NU54DK_Arduino_Core\tests\zephyr\m21_ble_contract for nrf54l15dk/nrf54l15/cpuapp/nu54dk in 389.57 seconds
2026-09-07 13:28:11,048 - twister - DEBUG - Determine test cases for test instance: nrf54l15dk/nrf54l15/cpuapp/nu54dk\zephyr/gnu\nucode.m21.ble_security_contract
2026-09-07 13:28:11,048 - twister - DEBUG - Determine test cases for test suite: nucode.m21.ble_security_contract
2026-09-07 13:28:11,494 - twister - DEBUG - Test instance nrf54l15dk/nrf54l15/cpuapp/nu54dk\zephyr/gnu\nucode.m21.ble_security_contract already has 1 testcase(s) known: [<TestCase nucode.m21.ble_security_contract with not run>]
2026-09-07 13:28:11,498 - twister - DEBUG - Instance nrf54l15dk/nrf54l15/cpuapp/nu54dk\zephyr/gnu\nucode.m21.ble_security_contract can't run (run:False, handler.ready:False)
2026-09-07 13:28:11,504 - twister - DEBUG - Running cmake on C:\Users\eidos\GitHub\NU54DK_Arduino_Core\tests\zephyr\m16_ble_hil for nrf54l15dk/nrf54l15/cpuapp/nu54dk
2026-09-07 13:28:11,504 - twister - DEBUG - Building C:\Users\eidos\GitHub\NU54DK_Arduino_Core\tests\zephyr\m16_ble_hil using sysbuild
2026-09-07 13:28:11,508 - twister - DEBUG - Calling cmake: ['C:\\ncs\\toolchains\\dcbdc366a1\\opt\\bin\\cmake.EXE', '-BC:\\u4p\\nrf54l15dk_nrf54l15_cpuapp_nu54dk\\zephyr_gnu\\nucode.m16.ble_hil_central', '-DTC_RUNID=18b3c504e4cacee58efa7d2f2ee85113', '-DTC_NAME=nucode.m16.ble_hil_central', '-DSB_CONFIG_COMPILER_WARNINGS_AS_ERRORS=y', '-DEXTRA_GEN_EDT_ARGS=--edtlib-Werror', '-GNinja', '-DPython3_EXECUTABLE=C:/ncs/toolchains/dcbdc366a1/opt/bin/python.exe', '-DZEPHYR_TOOLCHAIN_VARIANT=zephyr/gnu', '-SC:\\ncs\\v3.4.0\\zephyr/share/sysbuild', '-DAPP_DIR=C:\\Users\\eidos\\GitHub\\NU54DK_Arduino_Core\\tests\\zephyr\\m16_ble_hil', '-DBOARD_ROOT=C:/Users/eidos/GitHub/NU54DK_Arduino_Core/board_package/NU54DK_Zephyr_DTS', '-DEXTRA_ZEPHYR_MODULES=C:/Users/eidos/GitHub/NU54DK_Arduino_Core', '-DUSE_CCACHE=0', '-DM16_ROLE=central', '-DBOARD=nrf54l15dk/nrf54l15/cpuapp/nu54dk']
2026-09-07 13:28:44,109 - twister - DEBUG - Loaded sysbuild domain data from C:\u4p\nrf54l15dk_nrf54l15_cpuapp_nu54dk\zephyr_gnu\nucode.m19.ble_gap_contract\domains.yaml
2026-09-07 13:28:44,113 - twister - DEBUG - Finished running cmake C:\Users\eidos\GitHub\NU54DK_Arduino_Core\tests\zephyr\m19_ble_gap_contract for nrf54l15dk/nrf54l15/cpuapp/nu54dk in 224.82 seconds
2026-09-07 13:28:44,121 - twister - DEBUG - build test: nrf54l15dk/nrf54l15/cpuapp/nu54dk\zephyr/gnu\nucode.m19.ble_gap_contract
2026-09-07 13:28:44,121 - twister - DEBUG - Building C:\Users\eidos\GitHub\NU54DK_Arduino_Core\tests\zephyr\m19_ble_gap_contract for nrf54l15dk/nrf54l15/cpuapp/nu54dk
2026-09-07 13:28:44,260 - twister - DEBUG - Running C:\ncs\toolchains\dcbdc366a1\opt\bin\cmake.EXE --build C:\u4p\nrf54l15dk_nrf54l15_cpuapp_nu54dk\zephyr_gnu\nucode.m19.ble_gap_contract
2026-09-07 13:29:16,562 - twister - DEBUG - Finished building C:\Users\eidos\GitHub\NU54DK_Arduino_Core\tests\zephyr\m20_ble_gatt_hil for nrf54l15dk/nrf54l15/cpuapp/nu54dk in 289.83 seconds
2026-09-07 13:29:16,564 - twister - DEBUG - Determine test cases for test instance: nrf54l15dk/nrf54l15/cpuapp/nu54dk\zephyr/gnu\nucode.m20.ble_gatt_hil_central
2026-09-07 13:29:16,564 - twister - DEBUG - Determine test cases for test suite: nucode.m20.ble_gatt_hil_central
2026-09-07 13:29:16,919 - twister - DEBUG - Test instance nrf54l15dk/nrf54l15/cpuapp/nu54dk\zephyr/gnu\nucode.m20.ble_gatt_hil_central already has 1 testcase(s) known: [<TestCase nucode.m20.ble_gatt_hil_central with not run>]
2026-09-07 13:29:16,919 - twister - DEBUG - Instance nrf54l15dk/nrf54l15/cpuapp/nu54dk\zephyr/gnu\nucode.m20.ble_gatt_hil_central can't run (run:False, handler.ready:False)
2026-09-07 13:29:16,919 - twister - DEBUG - Running cmake on C:\Users\eidos\GitHub\NU54DK_Arduino_Core\tests\zephyr\m16_ble_hil for nrf54l15dk/nrf54l15/cpuapp/nu54dk
2026-09-07 13:29:16,919 - twister - DEBUG - Building C:\Users\eidos\GitHub\NU54DK_Arduino_Core\tests\zephyr\m16_ble_hil using sysbuild
2026-09-07 13:29:16,919 - twister - DEBUG - Calling cmake: ['C:\\ncs\\toolchains\\dcbdc366a1\\opt\\bin\\cmake.EXE', '-BC:\\u4p\\nrf54l15dk_nrf54l15_cpuapp_nu54dk\\zephyr_gnu\\nucode.m16.ble_hil_peripheral', '-DTC_RUNID=161385dabe386a738f5598998f7c8696', '-DTC_NAME=nucode.m16.ble_hil_peripheral', '-DSB_CONFIG_COMPILER_WARNINGS_AS_ERRORS=y', '-DEXTRA_GEN_EDT_ARGS=--edtlib-Werror', '-GNinja', '-DPython3_EXECUTABLE=C:/ncs/toolchains/dcbdc366a1/opt/bin/python.exe', '-DZEPHYR_TOOLCHAIN_VARIANT=zephyr/gnu', '-SC:\\ncs\\v3.4.0\\zephyr/share/sysbuild', '-DAPP_DIR=C:\\Users\\eidos\\GitHub\\NU54DK_Arduino_Core\\tests\\zephyr\\m16_ble_hil', '-DBOARD_ROOT=C:/Users/eidos/GitHub/NU54DK_Arduino_Core/board_package/NU54DK_Zephyr_DTS', '-DEXTRA_ZEPHYR_MODULES=C:/Users/eidos/GitHub/NU54DK_Arduino_Core', '-DUSE_CCACHE=0', '-DM16_ROLE=peripheral', '-DBOARD=nrf54l15dk/nrf54l15/cpuapp/nu54dk']
2026-09-07 13:30:04,919 - twister - DEBUG - Loaded sysbuild domain data from C:\u4p\nrf54l15dk_nrf54l15_cpuapp_nu54dk\zephyr_gnu\nucode.m17.sensor_direct\domains.yaml
2026-09-07 13:30:04,921 - twister - DEBUG - Finished running cmake C:\Users\eidos\GitHub\NU54DK_Arduino_Core\tests\zephyr\m17_sensor_direct for nrf54l15dk/nrf54l15/cpuapp/nu54dk in 199.44 seconds
2026-09-07 13:30:04,921 - twister - DEBUG - build test: nrf54l15dk/nrf54l15/cpuapp/nu54dk\zephyr/gnu\nucode.m17.sensor_direct
2026-09-07 13:30:04,921 - twister - DEBUG - Building C:\Users\eidos\GitHub\NU54DK_Arduino_Core\tests\zephyr\m17_sensor_direct for nrf54l15dk/nrf54l15/cpuapp/nu54dk
2026-09-07 13:30:05,083 - twister - DEBUG - Running C:\ncs\toolchains\dcbdc366a1\opt\bin\cmake.EXE --build C:\u4p\nrf54l15dk_nrf54l15_cpuapp_nu54dk\zephyr_gnu\nucode.m17.sensor_direct
2026-09-07 13:30:25,792 - twister - DEBUG - Loaded sysbuild domain data from C:\u4p\nrf54l15dk_nrf54l15_cpuapp_nu54dk\zephyr_gnu\nucode.m16.ble_hil_central\domains.yaml
2026-09-07 13:30:25,792 - twister - DEBUG - Finished running cmake C:\Users\eidos\GitHub\NU54DK_Arduino_Core\tests\zephyr\m16_ble_hil for nrf54l15dk/nrf54l15/cpuapp/nu54dk in 134.28 seconds
2026-09-07 13:30:25,802 - twister - DEBUG - build test: nrf54l15dk/nrf54l15/cpuapp/nu54dk\zephyr/gnu\nucode.m16.ble_hil_central
2026-09-07 13:30:25,802 - twister - DEBUG - Building C:\Users\eidos\GitHub\NU54DK_Arduino_Core\tests\zephyr\m16_ble_hil for nrf54l15dk/nrf54l15/cpuapp/nu54dk
2026-09-07 13:30:25,841 - twister - DEBUG - Running C:\ncs\toolchains\dcbdc366a1\opt\bin\cmake.EXE --build C:\u4p\nrf54l15dk_nrf54l15_cpuapp_nu54dk\zephyr_gnu\nucode.m16.ble_hil_central
2026-09-07 13:30:44,129 - twister - DEBUG - Finished building C:\Users\eidos\GitHub\NU54DK_Arduino_Core\tests\zephyr\m20_ble_gatt_hil for nrf54l15dk/nrf54l15/cpuapp/nu54dk in 307.85 seconds
2026-09-07 13:30:44,131 - twister - DEBUG - Determine test cases for test instance: nrf54l15dk/nrf54l15/cpuapp/nu54dk\zephyr/gnu\nucode.m20.ble_gatt_hil_peripheral
2026-09-07 13:30:44,131 - twister - DEBUG - Determine test cases for test suite: nucode.m20.ble_gatt_hil_peripheral
2026-09-07 13:30:44,572 - twister - DEBUG - Test instance nrf54l15dk/nrf54l15/cpuapp/nu54dk\zephyr/gnu\nucode.m20.ble_gatt_hil_peripheral already has 1 testcase(s) known: [<TestCase nucode.m20.ble_gatt_hil_peripheral with not run>]
2026-09-07 13:30:44,575 - twister - DEBUG - Instance nrf54l15dk/nrf54l15/cpuapp/nu54dk\zephyr/gnu\nucode.m20.ble_gatt_hil_peripheral can't run (run:False, handler.ready:False)
2026-09-07 13:30:44,581 - twister - DEBUG - Running cmake on C:\Users\eidos\GitHub\NU54DK_Arduino_Core\tests\zephyr\m16_ble_contract for nrf54l15dk/nrf54l15/cpuapp/nu54dk
2026-09-07 13:30:44,581 - twister - DEBUG - Building C:\Users\eidos\GitHub\NU54DK_Arduino_Core\tests\zephyr\m16_ble_contract using sysbuild
2026-09-07 13:30:44,583 - twister - DEBUG - Calling cmake: ['C:\\ncs\\toolchains\\dcbdc366a1\\opt\\bin\\cmake.EXE', '-BC:\\u4p\\nrf54l15dk_nrf54l15_cpuapp_nu54dk\\zephyr_gnu\\nucode.m16.ble_contract', '-DTC_RUNID=c0511a628ed7ad8ea0bfb692a62f61e0', '-DTC_NAME=nucode.m16.ble_contract', '-DSB_CONFIG_COMPILER_WARNINGS_AS_ERRORS=y', '-DEXTRA_GEN_EDT_ARGS=--edtlib-Werror', '-GNinja', '-DPython3_EXECUTABLE=C:/ncs/toolchains/dcbdc366a1/opt/bin/python.exe', '-DZEPHYR_TOOLCHAIN_VARIANT=zephyr/gnu', '-SC:\\ncs\\v3.4.0\\zephyr/share/sysbuild', '-DAPP_DIR=C:\\Users\\eidos\\GitHub\\NU54DK_Arduino_Core\\tests\\zephyr\\m16_ble_contract', '-DBOARD_ROOT=C:/Users/eidos/GitHub/NU54DK_Arduino_Core/board_package/NU54DK_Zephyr_DTS', '-DEXTRA_ZEPHYR_MODULES=C:/Users/eidos/GitHub/NU54DK_Arduino_Core', '-DUSE_CCACHE=0', '-DBOARD=nrf54l15dk/nrf54l15/cpuapp/nu54dk']
2026-09-07 13:30:46,815 - twister - DEBUG - Loaded sysbuild domain data from C:\u4p\nrf54l15dk_nrf54l15_cpuapp_nu54dk\zephyr_gnu\nucode.m16.ble_hil_peripheral\domains.yaml
2026-09-07 13:30:46,820 - twister - DEBUG - Finished running cmake C:\Users\eidos\GitHub\NU54DK_Arduino_Core\tests\zephyr\m16_ble_hil for nrf54l15dk/nrf54l15/cpuapp/nu54dk in 89.89 seconds
2026-09-07 13:30:46,830 - twister - DEBUG - build test: nrf54l15dk/nrf54l15/cpuapp/nu54dk\zephyr/gnu\nucode.m16.ble_hil_peripheral
2026-09-07 13:30:46,830 - twister - DEBUG - Building C:\Users\eidos\GitHub\NU54DK_Arduino_Core\tests\zephyr\m16_ble_hil for nrf54l15dk/nrf54l15/cpuapp/nu54dk
2026-09-07 13:30:46,906 - twister - DEBUG - Running C:\ncs\toolchains\dcbdc366a1\opt\bin\cmake.EXE --build C:\u4p\nrf54l15dk_nrf54l15_cpuapp_nu54dk\zephyr_gnu\nucode.m16.ble_hil_peripheral
2026-09-07 13:30:52,354 - twister - DEBUG - Finished building C:\Users\eidos\GitHub\NU54DK_Arduino_Core\tests\zephyr\m20_ble_gatt_contract for nrf54l15dk/nrf54l15/cpuapp/nu54dk in 315.55 seconds
2026-09-07 13:30:52,354 - twister - DEBUG - Determine test cases for test instance: nrf54l15dk/nrf54l15/cpuapp/nu54dk\zephyr/gnu\nucode.m20.ble_gatt_contract
2026-09-07 13:30:52,354 - twister - DEBUG - Determine test cases for test suite: nucode.m20.ble_gatt_contract
2026-09-07 13:30:52,574 - twister - DEBUG - Test instance nrf54l15dk/nrf54l15/cpuapp/nu54dk\zephyr/gnu\nucode.m20.ble_gatt_contract already has 1 testcase(s) known: [<TestCase nucode.m20.ble_gatt_contract with not run>]
2026-09-07 13:30:52,574 - twister - DEBUG - Instance nrf54l15dk/nrf54l15/cpuapp/nu54dk\zephyr/gnu\nucode.m20.ble_gatt_contract can't run (run:False, handler.ready:False)
2026-09-07 13:30:52,585 - twister - DEBUG - Running cmake on C:\Users\eidos\GitHub\NU54DK_Arduino_Core\tests\zephyr\m15_wake for nrf54l15dk/nrf54l15/cpuapp/nu54dk
2026-09-07 13:30:52,585 - twister - DEBUG - Building C:\Users\eidos\GitHub\NU54DK_Arduino_Core\tests\zephyr\m15_wake using sysbuild
2026-09-07 13:30:52,593 - twister - DEBUG - Calling cmake: ['C:\\ncs\\toolchains\\dcbdc366a1\\opt\\bin\\cmake.EXE', '-BC:\\u4p\\nrf54l15dk_nrf54l15_cpuapp_nu54dk\\zephyr_gnu\\nucode.m15.wake', '-DTC_RUNID=80d721b5a2ea0e3c87563258c3fbfac5', '-DTC_NAME=nucode.m15.wake', '-DSB_CONFIG_COMPILER_WARNINGS_AS_ERRORS=y', '-DEXTRA_GEN_EDT_ARGS=--edtlib-Werror', '-GNinja', '-DPython3_EXECUTABLE=C:/ncs/toolchains/dcbdc366a1/opt/bin/python.exe', '-DZEPHYR_TOOLCHAIN_VARIANT=zephyr/gnu', '-SC:\\ncs\\v3.4.0\\zephyr/share/sysbuild', '-DAPP_DIR=C:\\Users\\eidos\\GitHub\\NU54DK_Arduino_Core\\tests\\zephyr\\m15_wake', '-DBOARD_ROOT=C:/Users/eidos/GitHub/NU54DK_Arduino_Core/board_package/NU54DK_Zephyr_DTS', '-DEXTRA_ZEPHYR_MODULES=C:/Users/eidos/GitHub/NU54DK_Arduino_Core', '-DUSE_CCACHE=0', '-DBOARD=nrf54l15dk/nrf54l15/cpuapp/nu54dk']
2026-09-07 13:32:20,622 - twister - DEBUG - Finished building C:\Users\eidos\GitHub\NU54DK_Arduino_Core\tests\zephyr\m19_ble_gap_hil for nrf54l15dk/nrf54l15/cpuapp/nu54dk in 360.02 seconds
2026-09-07 13:32:20,624 - twister - DEBUG - Determine test cases for test instance: nrf54l15dk/nrf54l15/cpuapp/nu54dk\zephyr/gnu\nucode.m19.ble_gap_hil_central
2026-09-07 13:32:20,624 - twister - DEBUG - Determine test cases for test suite: nucode.m19.ble_gap_hil_central
2026-09-07 13:32:20,903 - twister - DEBUG - Test instance nrf54l15dk/nrf54l15/cpuapp/nu54dk\zephyr/gnu\nucode.m19.ble_gap_hil_central already has 1 testcase(s) known: [<TestCase nucode.m19.ble_gap_hil_central with not run>]
2026-09-07 13:32:20,906 - twister - DEBUG - Instance nrf54l15dk/nrf54l15/cpuapp/nu54dk\zephyr/gnu\nucode.m19.ble_gap_hil_central can't run (run:False, handler.ready:False)
2026-09-07 13:32:20,908 - twister - DEBUG - Running cmake on C:\Users\eidos\GitHub\NU54DK_Arduino_Core\tests\zephyr\m15_hil for nrf54l15dk/nrf54l15/cpuapp/nu54dk
2026-09-07 13:32:20,909 - twister - DEBUG - Building C:\Users\eidos\GitHub\NU54DK_Arduino_Core\tests\zephyr\m15_hil using sysbuild
2026-09-07 13:32:20,912 - twister - DEBUG - Calling cmake: ['C:\\ncs\\toolchains\\dcbdc366a1\\opt\\bin\\cmake.EXE', '-BC:\\u4p\\nrf54l15dk_nrf54l15_cpuapp_nu54dk\\zephyr_gnu\\nucode.m15.auto_hil', '-DTC_RUNID=8623ffc763bba1f83fd0637a70a5a169', '-DTC_NAME=nucode.m15.auto_hil', '-DSB_CONFIG_COMPILER_WARNINGS_AS_ERRORS=y', '-DEXTRA_GEN_EDT_ARGS=--edtlib-Werror', '-GNinja', '-DPython3_EXECUTABLE=C:/ncs/toolchains/dcbdc366a1/opt/bin/python.exe', '-DZEPHYR_TOOLCHAIN_VARIANT=zephyr/gnu', '-SC:\\ncs\\v3.4.0\\zephyr/share/sysbuild', '-DAPP_DIR=C:\\Users\\eidos\\GitHub\\NU54DK_Arduino_Core\\tests\\zephyr\\m15_hil', '-DBOARD_ROOT=C:/Users/eidos/GitHub/NU54DK_Arduino_Core/board_package/NU54DK_Zephyr_DTS', '-DEXTRA_ZEPHYR_MODULES=C:/Users/eidos/GitHub/NU54DK_Arduino_Core', '-DUSE_CCACHE=0', '-DBOARD=nrf54l15dk/nrf54l15/cpuapp/nu54dk']
2026-09-07 13:33:03,538 - twister - DEBUG - Loaded sysbuild domain data from C:\u4p\nrf54l15dk_nrf54l15_cpuapp_nu54dk\zephyr_gnu\nucode.m16.ble_contract\domains.yaml
2026-09-07 13:33:03,543 - twister - DEBUG - Finished running cmake C:\Users\eidos\GitHub\NU54DK_Arduino_Core\tests\zephyr\m16_ble_contract for nrf54l15dk/nrf54l15/cpuapp/nu54dk in 138.95 seconds
2026-09-07 13:33:03,547 - twister - DEBUG - build test: nrf54l15dk/nrf54l15/cpuapp/nu54dk\zephyr/gnu\nucode.m16.ble_contract
2026-09-07 13:33:03,548 - twister - DEBUG - Building C:\Users\eidos\GitHub\NU54DK_Arduino_Core\tests\zephyr\m16_ble_contract for nrf54l15dk/nrf54l15/cpuapp/nu54dk
2026-09-07 13:33:03,590 - twister - DEBUG - Running C:\ncs\toolchains\dcbdc366a1\opt\bin\cmake.EXE --build C:\u4p\nrf54l15dk_nrf54l15_cpuapp_nu54dk\zephyr_gnu\nucode.m16.ble_contract
2026-09-07 13:33:05,276 - twister - DEBUG - Loaded sysbuild domain data from C:\u4p\nrf54l15dk_nrf54l15_cpuapp_nu54dk\zephyr_gnu\nucode.m15.wake\domains.yaml
2026-09-07 13:33:05,282 - twister - DEBUG - Finished running cmake C:\Users\eidos\GitHub\NU54DK_Arduino_Core\tests\zephyr\m15_wake for nrf54l15dk/nrf54l15/cpuapp/nu54dk in 132.68 seconds
2026-09-07 13:33:05,288 - twister - DEBUG - build test: nrf54l15dk/nrf54l15/cpuapp/nu54dk\zephyr/gnu\nucode.m15.wake
2026-09-07 13:33:05,289 - twister - DEBUG - Building C:\Users\eidos\GitHub\NU54DK_Arduino_Core\tests\zephyr\m15_wake for nrf54l15dk/nrf54l15/cpuapp/nu54dk
2026-09-07 13:33:05,339 - twister - DEBUG - Running C:\ncs\toolchains\dcbdc366a1\opt\bin\cmake.EXE --build C:\u4p\nrf54l15dk_nrf54l15_cpuapp_nu54dk\zephyr_gnu\nucode.m15.wake
2026-09-07 13:33:44,493 - twister - DEBUG - Finished building C:\Users\eidos\GitHub\NU54DK_Arduino_Core\tests\zephyr\m19_ble_gap_hil for nrf54l15dk/nrf54l15/cpuapp/nu54dk in 352.92 seconds
2026-09-07 13:33:44,493 - twister - DEBUG - Determine test cases for test instance: nrf54l15dk/nrf54l15/cpuapp/nu54dk\zephyr/gnu\nucode.m19.ble_gap_hil_peripheral
2026-09-07 13:33:44,493 - twister - DEBUG - Determine test cases for test suite: nucode.m19.ble_gap_hil_peripheral
2026-09-07 13:33:44,792 - twister - DEBUG - Test instance nrf54l15dk/nrf54l15/cpuapp/nu54dk\zephyr/gnu\nucode.m19.ble_gap_hil_peripheral already has 1 testcase(s) known: [<TestCase nucode.m19.ble_gap_hil_peripheral with not run>]
2026-09-07 13:33:44,796 - twister - DEBUG - Instance nrf54l15dk/nrf54l15/cpuapp/nu54dk\zephyr/gnu\nucode.m19.ble_gap_hil_peripheral can't run (run:False, handler.ready:False)
2026-09-07 13:33:44,797 - twister - DEBUG - Running cmake on C:\Users\eidos\GitHub\NU54DK_Arduino_Core\tests\zephyr\m15_board for nrf54l15dk/nrf54l15/cpuapp/nu54dk
2026-09-07 13:33:44,797 - twister - DEBUG - Building C:\Users\eidos\GitHub\NU54DK_Arduino_Core\tests\zephyr\m15_board using sysbuild
2026-09-07 13:33:44,802 - twister - DEBUG - Calling cmake: ['C:\\ncs\\toolchains\\dcbdc366a1\\opt\\bin\\cmake.EXE', '-BC:\\u4p\\nrf54l15dk_nrf54l15_cpuapp_nu54dk\\zephyr_gnu\\nucode.m15.board', '-DTC_RUNID=9f1e4e179829b420f0c6137525cb12af', '-DTC_NAME=nucode.m15.board', '-DSB_CONFIG_COMPILER_WARNINGS_AS_ERRORS=y', '-DEXTRA_GEN_EDT_ARGS=--edtlib-Werror', '-GNinja', '-DPython3_EXECUTABLE=C:/ncs/toolchains/dcbdc366a1/opt/bin/python.exe', '-DZEPHYR_TOOLCHAIN_VARIANT=zephyr/gnu', '-SC:\\ncs\\v3.4.0\\zephyr/share/sysbuild', '-DAPP_DIR=C:\\Users\\eidos\\GitHub\\NU54DK_Arduino_Core\\tests\\zephyr\\m15_board', '-DBOARD_ROOT=C:/Users/eidos/GitHub/NU54DK_Arduino_Core/board_package/NU54DK_Zephyr_DTS', '-DEXTRA_ZEPHYR_MODULES=C:/Users/eidos/GitHub/NU54DK_Arduino_Core', '-DUSE_CCACHE=0', '-DBOARD=nrf54l15dk/nrf54l15/cpuapp/nu54dk']
2026-09-07 13:34:03,637 - twister - DEBUG - Loaded sysbuild domain data from C:\u4p\nrf54l15dk_nrf54l15_cpuapp_nu54dk\zephyr_gnu\nucode.m15.auto_hil\domains.yaml
2026-09-07 13:34:03,641 - twister - DEBUG - Finished running cmake C:\Users\eidos\GitHub\NU54DK_Arduino_Core\tests\zephyr\m15_hil for nrf54l15dk/nrf54l15/cpuapp/nu54dk in 102.72 seconds
2026-09-07 13:34:03,645 - twister - DEBUG - build test: nrf54l15dk/nrf54l15/cpuapp/nu54dk\zephyr/gnu\nucode.m15.auto_hil
2026-09-07 13:34:03,646 - twister - DEBUG - Building C:\Users\eidos\GitHub\NU54DK_Arduino_Core\tests\zephyr\m15_hil for nrf54l15dk/nrf54l15/cpuapp/nu54dk
2026-09-07 13:34:03,697 - twister - DEBUG - Running C:\ncs\toolchains\dcbdc366a1\opt\bin\cmake.EXE --build C:\u4p\nrf54l15dk_nrf54l15_cpuapp_nu54dk\zephyr_gnu\nucode.m15.auto_hil
2026-09-07 13:35:09,821 - twister - DEBUG - Finished building C:\Users\eidos\GitHub\NU54DK_Arduino_Core\tests\zephyr\m17_sensor_direct for nrf54l15dk/nrf54l15/cpuapp/nu54dk in 304.88 seconds
2026-09-07 13:35:09,821 - twister - DEBUG - Determine test cases for test instance: nrf54l15dk/nrf54l15/cpuapp/nu54dk\zephyr/gnu\nucode.m17.sensor_direct
2026-09-07 13:35:09,821 - twister - DEBUG - Determine test cases for test suite: nucode.m17.sensor_direct
2026-09-07 13:35:09,936 - twister - DEBUG - Test instance nrf54l15dk/nrf54l15/cpuapp/nu54dk\zephyr/gnu\nucode.m17.sensor_direct already has 1 testcase(s) known: [<TestCase nucode.m17.sensor_direct with not run>]
2026-09-07 13:35:09,938 - twister - DEBUG - Instance nrf54l15dk/nrf54l15/cpuapp/nu54dk\zephyr/gnu\nucode.m17.sensor_direct can't run (run:False, handler.ready:False)
2026-09-07 13:35:09,945 - twister - DEBUG - Running cmake on C:\Users\eidos\GitHub\NU54DK_Arduino_Core\tests\zephyr\m14_pin_hil for nrf54l15dk/nrf54l15/cpuapp/nu54dk
2026-09-07 13:35:09,945 - twister - DEBUG - Building C:\Users\eidos\GitHub\NU54DK_Arduino_Core\tests\zephyr\m14_pin_hil using sysbuild
2026-09-07 13:35:09,950 - twister - DEBUG - Calling cmake: ['C:\\ncs\\toolchains\\dcbdc366a1\\opt\\bin\\cmake.EXE', '-BC:\\u4p\\nrf54l15dk_nrf54l15_cpuapp_nu54dk\\zephyr_gnu\\nucode.m14.pin_hil', '-DTC_RUNID=485bd25c05f4d5bfa699e44334bd43bc', '-DTC_NAME=nucode.m14.pin_hil', '-DSB_CONFIG_COMPILER_WARNINGS_AS_ERRORS=y', '-DEXTRA_GEN_EDT_ARGS=--edtlib-Werror', '-GNinja', '-DPython3_EXECUTABLE=C:/ncs/toolchains/dcbdc366a1/opt/bin/python.exe', '-DZEPHYR_TOOLCHAIN_VARIANT=zephyr/gnu', '-SC:\\ncs\\v3.4.0\\zephyr/share/sysbuild', '-DAPP_DIR=C:\\Users\\eidos\\GitHub\\NU54DK_Arduino_Core\\tests\\zephyr\\m14_pin_hil', '-DBOARD_ROOT=C:/Users/eidos/GitHub/NU54DK_Arduino_Core/board_package/NU54DK_Zephyr_DTS', '-DEXTRA_ZEPHYR_MODULES=C:/Users/eidos/GitHub/NU54DK_Arduino_Core', '-DUSE_CCACHE=0', '-DBOARD=nrf54l15dk/nrf54l15/cpuapp/nu54dk']
2026-09-07 13:35:16,356 - twister - DEBUG - Finished building C:\Users\eidos\GitHub\NU54DK_Arduino_Core\tests\zephyr\m19_ble_gap_contract for nrf54l15dk/nrf54l15/cpuapp/nu54dk in 392.23 seconds
2026-09-07 13:35:16,360 - twister - DEBUG - Determine test cases for test instance: nrf54l15dk/nrf54l15/cpuapp/nu54dk\zephyr/gnu\nucode.m19.ble_gap_contract
2026-09-07 13:35:16,360 - twister - DEBUG - Determine test cases for test suite: nucode.m19.ble_gap_contract
2026-09-07 13:35:16,808 - twister - DEBUG - Test instance nrf54l15dk/nrf54l15/cpuapp/nu54dk\zephyr/gnu\nucode.m19.ble_gap_contract already has 1 testcase(s) known: [<TestCase nucode.m19.ble_gap_contract with not run>]
2026-09-07 13:35:16,812 - twister - DEBUG - Instance nrf54l15dk/nrf54l15/cpuapp/nu54dk\zephyr/gnu\nucode.m19.ble_gap_contract can't run (run:False, handler.ready:False)
2026-09-07 13:35:16,816 - twister - DEBUG - Running cmake on C:\Users\eidos\GitHub\NU54DK_Arduino_Core\tests\zephyr\m14_variant_contract for nrf54l15dk/nrf54l15/cpuapp/nu54dk
2026-09-07 13:35:16,816 - twister - DEBUG - Building C:\Users\eidos\GitHub\NU54DK_Arduino_Core\tests\zephyr\m14_variant_contract using sysbuild
2026-09-07 13:35:16,819 - twister - DEBUG - Calling cmake: ['C:\\ncs\\toolchains\\dcbdc366a1\\opt\\bin\\cmake.EXE', '-BC:\\u4p\\nrf54l15dk_nrf54l15_cpuapp_nu54dk\\zephyr_gnu\\nucode.m14.variant_contract', '-DTC_RUNID=ce40b3c4e450e77ee4994a157477ad43', '-DTC_NAME=nucode.m14.variant_contract', '-DSB_CONFIG_COMPILER_WARNINGS_AS_ERRORS=y', '-DEXTRA_GEN_EDT_ARGS=--edtlib-Werror', '-GNinja', '-DPython3_EXECUTABLE=C:/ncs/toolchains/dcbdc366a1/opt/bin/python.exe', '-DZEPHYR_TOOLCHAIN_VARIANT=zephyr/gnu', '-SC:\\ncs\\v3.4.0\\zephyr/share/sysbuild', '-DAPP_DIR=C:\\Users\\eidos\\GitHub\\NU54DK_Arduino_Core\\tests\\zephyr\\m14_variant_contract', '-DBOARD_ROOT=C:/Users/eidos/GitHub/NU54DK_Arduino_Core/board_package/NU54DK_Zephyr_DTS', '-DEXTRA_ZEPHYR_MODULES=C:/Users/eidos/GitHub/NU54DK_Arduino_Core', '-DUSE_CCACHE=0', '-DBOARD=nrf54l15dk/nrf54l15/cpuapp/nu54dk']
2026-09-07 13:36:54,122 - twister - DEBUG - Finished building C:\Users\eidos\GitHub\NU54DK_Arduino_Core\tests\zephyr\m16_ble_hil for nrf54l15dk/nrf54l15/cpuapp/nu54dk in 388.32 seconds
2026-09-07 13:36:54,126 - twister - DEBUG - Determine test cases for test instance: nrf54l15dk/nrf54l15/cpuapp/nu54dk\zephyr/gnu\nucode.m16.ble_hil_central
2026-09-07 13:36:54,126 - twister - DEBUG - Determine test cases for test suite: nucode.m16.ble_hil_central
2026-09-07 13:36:54,640 - twister - DEBUG - Test instance nrf54l15dk/nrf54l15/cpuapp/nu54dk\zephyr/gnu\nucode.m16.ble_hil_central already has 1 testcase(s) known: [<TestCase nucode.m16.ble_hil_central with not run>]
2026-09-07 13:36:54,644 - twister - DEBUG - Instance nrf54l15dk/nrf54l15/cpuapp/nu54dk\zephyr/gnu\nucode.m16.ble_hil_central can't run (run:False, handler.ready:False)
2026-09-07 13:36:54,649 - twister - DEBUG - Running cmake on C:\Users\eidos\GitHub\NU54DK_Arduino_Core\tests\zephyr\m14_core_contract for nrf54l15dk/nrf54l15/cpuapp/nu54dk
2026-09-07 13:36:54,649 - twister - DEBUG - Building C:\Users\eidos\GitHub\NU54DK_Arduino_Core\tests\zephyr\m14_core_contract using sysbuild
2026-09-07 13:36:54,651 - twister - DEBUG - Calling cmake: ['C:\\ncs\\toolchains\\dcbdc366a1\\opt\\bin\\cmake.EXE', '-BC:\\u4p\\nrf54l15dk_nrf54l15_cpuapp_nu54dk\\zephyr_gnu\\nucode.m14.core_contract', '-DTC_RUNID=9859f2d0e33f0ed155d23e49a0f0aa45', '-DTC_NAME=nucode.m14.core_contract', '-DSB_CONFIG_COMPILER_WARNINGS_AS_ERRORS=y', '-DEXTRA_GEN_EDT_ARGS=--edtlib-Werror', '-GNinja', '-DPython3_EXECUTABLE=C:/ncs/toolchains/dcbdc366a1/opt/bin/python.exe', '-DZEPHYR_TOOLCHAIN_VARIANT=zephyr/gnu', '-SC:\\ncs\\v3.4.0\\zephyr/share/sysbuild', '-DAPP_DIR=C:\\Users\\eidos\\GitHub\\NU54DK_Arduino_Core\\tests\\zephyr\\m14_core_contract', '-DBOARD_ROOT=C:/Users/eidos/GitHub/NU54DK_Arduino_Core/board_package/NU54DK_Zephyr_DTS', '-DEXTRA_ZEPHYR_MODULES=C:/Users/eidos/GitHub/NU54DK_Arduino_Core', '-DUSE_CCACHE=0', '-DBOARD=nrf54l15dk/nrf54l15/cpuapp/nu54dk']
2026-09-07 13:37:05,852 - twister - DEBUG - Loaded sysbuild domain data from C:\u4p\nrf54l15dk_nrf54l15_cpuapp_nu54dk\zephyr_gnu\nucode.m15.board\domains.yaml
2026-09-07 13:37:05,856 - twister - DEBUG - Finished running cmake C:\Users\eidos\GitHub\NU54DK_Arduino_Core\tests\zephyr\m15_board for nrf54l15dk/nrf54l15/cpuapp/nu54dk in 201.05 seconds
2026-09-07 13:37:05,860 - twister - DEBUG - build test: nrf54l15dk/nrf54l15/cpuapp/nu54dk\zephyr/gnu\nucode.m15.board
2026-09-07 13:37:05,860 - twister - DEBUG - Building C:\Users\eidos\GitHub\NU54DK_Arduino_Core\tests\zephyr\m15_board for nrf54l15dk/nrf54l15/cpuapp/nu54dk
2026-09-07 13:37:05,914 - twister - DEBUG - Running C:\ncs\toolchains\dcbdc366a1\opt\bin\cmake.EXE --build C:\u4p\nrf54l15dk_nrf54l15_cpuapp_nu54dk\zephyr_gnu\nucode.m15.board
2026-09-07 13:37:37,707 - twister - DEBUG - Finished building C:\Users\eidos\GitHub\NU54DK_Arduino_Core\tests\zephyr\m16_ble_hil for nrf54l15dk/nrf54l15/cpuapp/nu54dk in 410.87 seconds
2026-09-07 13:37:37,711 - twister - DEBUG - Determine test cases for test instance: nrf54l15dk/nrf54l15/cpuapp/nu54dk\zephyr/gnu\nucode.m16.ble_hil_peripheral
2026-09-07 13:37:37,713 - twister - DEBUG - Determine test cases for test suite: nucode.m16.ble_hil_peripheral
2026-09-07 13:37:38,315 - twister - DEBUG - Test instance nrf54l15dk/nrf54l15/cpuapp/nu54dk\zephyr/gnu\nucode.m16.ble_hil_peripheral already has 1 testcase(s) known: [<TestCase nucode.m16.ble_hil_peripheral with not run>]
2026-09-07 13:37:38,319 - twister - DEBUG - Instance nrf54l15dk/nrf54l15/cpuapp/nu54dk\zephyr/gnu\nucode.m16.ble_hil_peripheral can't run (run:False, handler.ready:False)
2026-09-07 13:37:38,324 - twister - DEBUG - Running cmake on C:\Users\eidos\GitHub\NU54DK_Arduino_Core\tests\zephyr\m7_core_api for nrf54l15dk/nrf54l15/cpuapp/nu54dk
2026-09-07 13:37:38,324 - twister - DEBUG - Building C:\Users\eidos\GitHub\NU54DK_Arduino_Core\tests\zephyr\m7_core_api using sysbuild
2026-09-07 13:37:38,328 - twister - DEBUG - Calling cmake: ['C:\\ncs\\toolchains\\dcbdc366a1\\opt\\bin\\cmake.EXE', '-BC:\\u4p\\nrf54l15dk_nrf54l15_cpuapp_nu54dk\\zephyr_gnu\\nucode.m7.core_api', '-DTC_RUNID=8ffec61611c942f0fdfc1487f9fc7eb2', '-DTC_NAME=nucode.m7.core_api', '-DSB_CONFIG_COMPILER_WARNINGS_AS_ERRORS=y', '-DEXTRA_GEN_EDT_ARGS=--edtlib-Werror', '-GNinja', '-DPython3_EXECUTABLE=C:/ncs/toolchains/dcbdc366a1/opt/bin/python.exe', '-DZEPHYR_TOOLCHAIN_VARIANT=zephyr/gnu', '-SC:\\ncs\\v3.4.0\\zephyr/share/sysbuild', '-DAPP_DIR=C:\\Users\\eidos\\GitHub\\NU54DK_Arduino_Core\\tests\\zephyr\\m7_core_api', '-DBOARD_ROOT=C:/Users/eidos/GitHub/NU54DK_Arduino_Core/board_package/NU54DK_Zephyr_DTS', '-DEXTRA_ZEPHYR_MODULES=C:/Users/eidos/GitHub/NU54DK_Arduino_Core', '-DUSE_CCACHE=0', '-DBOARD=nrf54l15dk/nrf54l15/cpuapp/nu54dk']
2026-09-07 13:38:38,500 - twister - DEBUG - Finished building C:\Users\eidos\GitHub\NU54DK_Arduino_Core\tests\zephyr\m15_wake for nrf54l15dk/nrf54l15/cpuapp/nu54dk in 333.20 seconds
2026-09-07 13:38:38,504 - twister - DEBUG - Determine test cases for test instance: nrf54l15dk/nrf54l15/cpuapp/nu54dk\zephyr/gnu\nucode.m15.wake
2026-09-07 13:38:38,504 - twister - DEBUG - Determine test cases for test suite: nucode.m15.wake
2026-09-07 13:38:38,757 - twister - DEBUG - Test instance nrf54l15dk/nrf54l15/cpuapp/nu54dk\zephyr/gnu\nucode.m15.wake already has 1 testcase(s) known: [<TestCase nucode.m15.wake with not run>]
2026-09-07 13:38:38,761 - twister - DEBUG - Instance nrf54l15dk/nrf54l15/cpuapp/nu54dk\zephyr/gnu\nucode.m15.wake can't run (run:False, handler.ready:False)
2026-09-07 13:38:38,765 - twister - DEBUG - Running cmake on C:\Users\eidos\GitHub\NU54DK_Arduino_Core\tests\zephyr\m6_core_api for nrf54l15dk/nrf54l15/cpuapp/nu54dk
2026-09-07 13:38:38,765 - twister - DEBUG - Building C:\Users\eidos\GitHub\NU54DK_Arduino_Core\tests\zephyr\m6_core_api using sysbuild
2026-09-07 13:38:38,772 - twister - DEBUG - Calling cmake: ['C:\\ncs\\toolchains\\dcbdc366a1\\opt\\bin\\cmake.EXE', '-BC:\\u4p\\nrf54l15dk_nrf54l15_cpuapp_nu54dk\\zephyr_gnu\\nucode.m6.core_api', '-DTC_RUNID=d85c6f00a51d9193b73bbe77ba63177d', '-DTC_NAME=nucode.m6.core_api', '-DSB_CONFIG_COMPILER_WARNINGS_AS_ERRORS=y', '-DEXTRA_GEN_EDT_ARGS=--edtlib-Werror', '-GNinja', '-DPython3_EXECUTABLE=C:/ncs/toolchains/dcbdc366a1/opt/bin/python.exe', '-DZEPHYR_TOOLCHAIN_VARIANT=zephyr/gnu', '-SC:\\ncs\\v3.4.0\\zephyr/share/sysbuild', '-DAPP_DIR=C:\\Users\\eidos\\GitHub\\NU54DK_Arduino_Core\\tests\\zephyr\\m6_core_api', '-DBOARD_ROOT=C:/Users/eidos/GitHub/NU54DK_Arduino_Core/board_package/NU54DK_Zephyr_DTS', '-DEXTRA_ZEPHYR_MODULES=C:/Users/eidos/GitHub/NU54DK_Arduino_Core', '-DUSE_CCACHE=0', '-DBOARD=nrf54l15dk/nrf54l15/cpuapp/nu54dk']
2026-09-07 13:38:42,598 - twister - DEBUG - Finished building C:\Users\eidos\GitHub\NU54DK_Arduino_Core\tests\zephyr\m16_ble_contract for nrf54l15dk/nrf54l15/cpuapp/nu54dk in 339.05 seconds
2026-09-07 13:38:42,601 - twister - DEBUG - Determine test cases for test instance: nrf54l15dk/nrf54l15/cpuapp/nu54dk\zephyr/gnu\nucode.m16.ble_contract
2026-09-07 13:38:42,601 - twister - DEBUG - Determine test cases for test suite: nucode.m16.ble_contract
2026-09-07 13:38:43,120 - twister - DEBUG - Test instance nrf54l15dk/nrf54l15/cpuapp/nu54dk\zephyr/gnu\nucode.m16.ble_contract already has 1 testcase(s) known: [<TestCase nucode.m16.ble_contract with not run>]
2026-09-07 13:38:43,125 - twister - DEBUG - Instance nrf54l15dk/nrf54l15/cpuapp/nu54dk\zephyr/gnu\nucode.m16.ble_contract can't run (run:False, handler.ready:False)
2026-09-07 13:38:43,130 - twister - DEBUG - Running cmake on C:\Users\eidos\GitHub\NU54DK_Arduino_Core\tests\zephyr\m4_api_contract for nrf54l15dk/nrf54l15/cpuapp/nu54dk
2026-09-07 13:38:43,131 - twister - DEBUG - Building C:\Users\eidos\GitHub\NU54DK_Arduino_Core\tests\zephyr\m4_api_contract using sysbuild
2026-09-07 13:38:43,135 - twister - DEBUG - Calling cmake: ['C:\\ncs\\toolchains\\dcbdc366a1\\opt\\bin\\cmake.EXE', '-BC:\\u4p\\nrf54l15dk_nrf54l15_cpuapp_nu54dk\\zephyr_gnu\\nucode.m4.api_contract', '-DTC_RUNID=6467218c173b71118410d0f574b99f46', '-DTC_NAME=nucode.m4.api_contract', '-DSB_CONFIG_COMPILER_WARNINGS_AS_ERRORS=y', '-DEXTRA_GEN_EDT_ARGS=--edtlib-Werror', '-GNinja', '-DPython3_EXECUTABLE=C:/ncs/toolchains/dcbdc366a1/opt/bin/python.exe', '-DZEPHYR_TOOLCHAIN_VARIANT=zephyr/gnu', '-SC:\\ncs\\v3.4.0\\zephyr/share/sysbuild', '-DAPP_DIR=C:\\Users\\eidos\\GitHub\\NU54DK_Arduino_Core\\tests\\zephyr\\m4_api_contract', '-DBOARD_ROOT=C:/Users/eidos/GitHub/NU54DK_Arduino_Core/board_package/NU54DK_Zephyr_DTS', '-DEXTRA_ZEPHYR_MODULES=C:/Users/eidos/GitHub/NU54DK_Arduino_Core', '-DUSE_CCACHE=0', '-DBOARD=nrf54l15dk/nrf54l15/cpuapp/nu54dk']
2026-09-07 13:39:09,060 - twister - DEBUG - Finished building C:\Users\eidos\GitHub\NU54DK_Arduino_Core\tests\zephyr\m15_hil for nrf54l15dk/nrf54l15/cpuapp/nu54dk in 305.41 seconds
2026-09-07 13:39:09,062 - twister - DEBUG - Determine test cases for test instance: nrf54l15dk/nrf54l15/cpuapp/nu54dk\zephyr/gnu\nucode.m15.auto_hil
2026-09-07 13:39:09,062 - twister - DEBUG - Determine test cases for test suite: nucode.m15.auto_hil
2026-09-07 13:39:09,245 - twister - DEBUG - Test instance nrf54l15dk/nrf54l15/cpuapp/nu54dk\zephyr/gnu\nucode.m15.auto_hil already has 1 testcase(s) known: [<TestCase nucode.m15.auto_hil with not run>]
2026-09-07 13:39:09,248 - twister - DEBUG - Instance nrf54l15dk/nrf54l15/cpuapp/nu54dk\zephyr/gnu\nucode.m15.auto_hil can't run (run:False, handler.ready:False)
2026-09-07 13:39:09,253 - twister - DEBUG - Running cmake on C:\Users\eidos\GitHub\NU54DK_Arduino_Core\tests\zephyr\m3_runtime for nrf54l15dk/nrf54l15/cpuapp/nu54dk
2026-09-07 13:39:09,253 - twister - DEBUG - Building C:\Users\eidos\GitHub\NU54DK_Arduino_Core\tests\zephyr\m3_runtime using sysbuild
2026-09-07 13:39:09,259 - twister - DEBUG - Calling cmake: ['C:\\ncs\\toolchains\\dcbdc366a1\\opt\\bin\\cmake.EXE', '-BC:\\u4p\\nrf54l15dk_nrf54l15_cpuapp_nu54dk\\zephyr_gnu\\nucode.m3.runtime', '-DTC_RUNID=90f4863b4cca21ab7b6360cee4194a85', '-DTC_NAME=nucode.m3.runtime', '-DSB_CONFIG_COMPILER_WARNINGS_AS_ERRORS=y', '-DEXTRA_GEN_EDT_ARGS=--edtlib-Werror', '-GNinja', '-DPython3_EXECUTABLE=C:/ncs/toolchains/dcbdc366a1/opt/bin/python.exe', '-DZEPHYR_TOOLCHAIN_VARIANT=zephyr/gnu', '-SC:\\ncs\\v3.4.0\\zephyr/share/sysbuild', '-DAPP_DIR=C:\\Users\\eidos\\GitHub\\NU54DK_Arduino_Core\\tests\\zephyr\\m3_runtime', '-DBOARD_ROOT=C:/Users/eidos/GitHub/NU54DK_Arduino_Core/board_package/NU54DK_Zephyr_DTS', '-DEXTRA_ZEPHYR_MODULES=C:/Users/eidos/GitHub/NU54DK_Arduino_Core', '-DUSE_CCACHE=0', '-DBOARD=nrf54l15dk/nrf54l15/cpuapp/nu54dk']
2026-09-07 13:39:11,442 - twister - DEBUG - Loaded sysbuild domain data from C:\u4p\nrf54l15dk_nrf54l15_cpuapp_nu54dk\zephyr_gnu\nucode.m14.pin_hil\domains.yaml
2026-09-07 13:39:11,446 - twister - DEBUG - Finished running cmake C:\Users\eidos\GitHub\NU54DK_Arduino_Core\tests\zephyr\m14_pin_hil for nrf54l15dk/nrf54l15/cpuapp/nu54dk in 241.49 seconds
2026-09-07 13:39:11,455 - twister - DEBUG - build test: nrf54l15dk/nrf54l15/cpuapp/nu54dk\zephyr/gnu\nucode.m14.pin_hil
2026-09-07 13:39:11,456 - twister - DEBUG - Building C:\Users\eidos\GitHub\NU54DK_Arduino_Core\tests\zephyr\m14_pin_hil for nrf54l15dk/nrf54l15/cpuapp/nu54dk
2026-09-07 13:39:11,504 - twister - DEBUG - Running C:\ncs\toolchains\dcbdc366a1\opt\bin\cmake.EXE --build C:\u4p\nrf54l15dk_nrf54l15_cpuapp_nu54dk\zephyr_gnu\nucode.m14.pin_hil
2026-09-07 13:39:17,898 - twister - DEBUG - Loaded sysbuild domain data from C:\u4p\nrf54l15dk_nrf54l15_cpuapp_nu54dk\zephyr_gnu\nucode.m14.variant_contract\domains.yaml
2026-09-07 13:39:17,901 - twister - DEBUG - Finished running cmake C:\Users\eidos\GitHub\NU54DK_Arduino_Core\tests\zephyr\m14_variant_contract for nrf54l15dk/nrf54l15/cpuapp/nu54dk in 241.07 seconds
2026-09-07 13:39:17,905 - twister - DEBUG - build test: nrf54l15dk/nrf54l15/cpuapp/nu54dk\zephyr/gnu\nucode.m14.variant_contract
2026-09-07 13:39:17,905 - twister - DEBUG - Building C:\Users\eidos\GitHub\NU54DK_Arduino_Core\tests\zephyr\m14_variant_contract for nrf54l15dk/nrf54l15/cpuapp/nu54dk
2026-09-07 13:39:17,965 - twister - DEBUG - Running C:\ncs\toolchains\dcbdc366a1\opt\bin\cmake.EXE --build C:\u4p\nrf54l15dk_nrf54l15_cpuapp_nu54dk\zephyr_gnu\nucode.m14.variant_contract
2026-09-07 13:40:08,567 - twister - DEBUG - Loaded sysbuild domain data from C:\u4p\nrf54l15dk_nrf54l15_cpuapp_nu54dk\zephyr_gnu\nucode.m14.core_contract\domains.yaml
2026-09-07 13:40:08,571 - twister - DEBUG - Finished running cmake C:\Users\eidos\GitHub\NU54DK_Arduino_Core\tests\zephyr\m14_core_contract for nrf54l15dk/nrf54l15/cpuapp/nu54dk in 193.91 seconds
2026-09-07 13:40:08,577 - twister - DEBUG - build test: nrf54l15dk/nrf54l15/cpuapp/nu54dk\zephyr/gnu\nucode.m14.core_contract
2026-09-07 13:40:08,577 - twister - DEBUG - Building C:\Users\eidos\GitHub\NU54DK_Arduino_Core\tests\zephyr\m14_core_contract for nrf54l15dk/nrf54l15/cpuapp/nu54dk
2026-09-07 13:40:08,718 - twister - DEBUG - Running C:\ncs\toolchains\dcbdc366a1\opt\bin\cmake.EXE --build C:\u4p\nrf54l15dk_nrf54l15_cpuapp_nu54dk\zephyr_gnu\nucode.m14.core_contract
2026-09-07 13:40:23,583 - twister - DEBUG - Loaded sysbuild domain data from C:\u4p\nrf54l15dk_nrf54l15_cpuapp_nu54dk\zephyr_gnu\nucode.m7.core_api\domains.yaml
2026-09-07 13:40:23,585 - twister - DEBUG - Finished running cmake C:\Users\eidos\GitHub\NU54DK_Arduino_Core\tests\zephyr\m7_core_api for nrf54l15dk/nrf54l15/cpuapp/nu54dk in 165.25 seconds
2026-09-07 13:40:23,591 - twister - DEBUG - build test: nrf54l15dk/nrf54l15/cpuapp/nu54dk\zephyr/gnu\nucode.m7.core_api
2026-09-07 13:40:23,593 - twister - DEBUG - Building C:\Users\eidos\GitHub\NU54DK_Arduino_Core\tests\zephyr\m7_core_api for nrf54l15dk/nrf54l15/cpuapp/nu54dk
2026-09-07 13:40:23,649 - twister - DEBUG - Running C:\ncs\toolchains\dcbdc366a1\opt\bin\cmake.EXE --build C:\u4p\nrf54l15dk_nrf54l15_cpuapp_nu54dk\zephyr_gnu\nucode.m7.core_api
2026-09-07 13:40:48,368 - twister - DEBUG - Loaded sysbuild domain data from C:\u4p\nrf54l15dk_nrf54l15_cpuapp_nu54dk\zephyr_gnu\nucode.m6.core_api\domains.yaml
2026-09-07 13:40:48,372 - twister - DEBUG - Finished running cmake C:\Users\eidos\GitHub\NU54DK_Arduino_Core\tests\zephyr\m6_core_api for nrf54l15dk/nrf54l15/cpuapp/nu54dk in 129.59 seconds
2026-09-07 13:40:48,376 - twister - DEBUG - build test: nrf54l15dk/nrf54l15/cpuapp/nu54dk\zephyr/gnu\nucode.m6.core_api
2026-09-07 13:40:48,378 - twister - DEBUG - Building C:\Users\eidos\GitHub\NU54DK_Arduino_Core\tests\zephyr\m6_core_api for nrf54l15dk/nrf54l15/cpuapp/nu54dk
2026-09-07 13:40:48,474 - twister - DEBUG - Running C:\ncs\toolchains\dcbdc366a1\opt\bin\cmake.EXE --build C:\u4p\nrf54l15dk_nrf54l15_cpuapp_nu54dk\zephyr_gnu\nucode.m6.core_api
2026-09-07 13:40:48,786 - twister - DEBUG - Finished building C:\Users\eidos\GitHub\NU54DK_Arduino_Core\tests\zephyr\m15_board for nrf54l15dk/nrf54l15/cpuapp/nu54dk in 222.92 seconds
2026-09-07 13:40:48,786 - twister - DEBUG - Determine test cases for test instance: nrf54l15dk/nrf54l15/cpuapp/nu54dk\zephyr/gnu\nucode.m15.board
2026-09-07 13:40:48,786 - twister - DEBUG - Determine test cases for test suite: nucode.m15.board
2026-09-07 13:40:49,197 - twister - DEBUG - Test instance nrf54l15dk/nrf54l15/cpuapp/nu54dk\zephyr/gnu\nucode.m15.board already has 1 testcase(s) known: [<TestCase nucode.m15.board.m15_board.identity_and_read_only_state_use_production_backend with not run>]
2026-09-07 13:40:49,198 - twister - DEBUG - Detected 1 Ztest case(s): [nucode.m15.board.m15_board.identity_and_read_only_state_use_production_backend] in C:/u4p/nrf54l15dk_nrf54l15_cpuapp_nu54dk/zephyr_gnu/nucode.m15.board/m15_board\zephyr\zephyr.elf
2026-09-07 13:40:49,200 - twister - DEBUG - Instance nrf54l15dk/nrf54l15/cpuapp/nu54dk\zephyr/gnu\nucode.m15.board can't run (run:False, handler.ready:False)
2026-09-07 13:40:49,369 - twister - DEBUG - Loaded sysbuild domain data from C:\u4p\nrf54l15dk_nrf54l15_cpuapp_nu54dk\zephyr_gnu\nucode.m4.api_contract\domains.yaml
2026-09-07 13:40:49,373 - twister - DEBUG - Finished running cmake C:\Users\eidos\GitHub\NU54DK_Arduino_Core\tests\zephyr\m4_api_contract for nrf54l15dk/nrf54l15/cpuapp/nu54dk in 126.23 seconds
2026-09-07 13:40:49,377 - twister - DEBUG - build test: nrf54l15dk/nrf54l15/cpuapp/nu54dk\zephyr/gnu\nucode.m4.api_contract
2026-09-07 13:40:49,379 - twister - DEBUG - Building C:\Users\eidos\GitHub\NU54DK_Arduino_Core\tests\zephyr\m4_api_contract for nrf54l15dk/nrf54l15/cpuapp/nu54dk
2026-09-07 13:40:49,517 - twister - DEBUG - Running C:\ncs\toolchains\dcbdc366a1\opt\bin\cmake.EXE --build C:\u4p\nrf54l15dk_nrf54l15_cpuapp_nu54dk\zephyr_gnu\nucode.m4.api_contract
2026-09-07 13:41:03,848 - twister - DEBUG - Loaded sysbuild domain data from C:\u4p\nrf54l15dk_nrf54l15_cpuapp_nu54dk\zephyr_gnu\nucode.m3.runtime\domains.yaml
2026-09-07 13:41:03,854 - twister - DEBUG - Finished running cmake C:\Users\eidos\GitHub\NU54DK_Arduino_Core\tests\zephyr\m3_runtime for nrf54l15dk/nrf54l15/cpuapp/nu54dk in 114.58 seconds
2026-09-07 13:41:03,861 - twister - DEBUG - build test: nrf54l15dk/nrf54l15/cpuapp/nu54dk\zephyr/gnu\nucode.m3.runtime
2026-09-07 13:41:03,861 - twister - DEBUG - Building C:\Users\eidos\GitHub\NU54DK_Arduino_Core\tests\zephyr\m3_runtime for nrf54l15dk/nrf54l15/cpuapp/nu54dk
2026-09-07 13:41:03,928 - twister - DEBUG - Running C:\ncs\toolchains\dcbdc366a1\opt\bin\cmake.EXE --build C:\u4p\nrf54l15dk_nrf54l15_cpuapp_nu54dk\zephyr_gnu\nucode.m3.runtime
2026-09-07 13:43:31,622 - twister - DEBUG - Finished building C:\Users\eidos\GitHub\NU54DK_Arduino_Core\tests\zephyr\m14_pin_hil for nrf54l15dk/nrf54l15/cpuapp/nu54dk in 260.16 seconds
2026-09-07 13:43:31,626 - twister - DEBUG - Instance nrf54l15dk/nrf54l15/cpuapp/nu54dk\zephyr/gnu\nucode.m14.pin_hil can't run (run:False, handler.ready:False)
2026-09-07 13:43:33,154 - twister - DEBUG - Finished building C:\Users\eidos\GitHub\NU54DK_Arduino_Core\tests\zephyr\m14_variant_contract for nrf54l15dk/nrf54l15/cpuapp/nu54dk in 255.24 seconds
2026-09-07 13:43:33,156 - twister - DEBUG - Determine test cases for test instance: nrf54l15dk/nrf54l15/cpuapp/nu54dk\zephyr/gnu\nucode.m14.variant_contract
2026-09-07 13:43:33,156 - twister - DEBUG - Determine test cases for test suite: nucode.m14.variant_contract
2026-09-07 13:43:34,074 - twister - DEBUG - Test instance nrf54l15dk/nrf54l15/cpuapp/nu54dk\zephyr/gnu\nucode.m14.variant_contract already has 4 testcase(s) known: [<TestCase nucode.m14.variant_contract.m14_variant_contract.policy_and_port2_interrupts_fail_closed with not run>, <TestCase nucode.m14.variant_contract.m14_variant_contract.all_31_physical_pads_are_generated_from_core_dts with not run>, <TestCase nucode.m14.variant_contract.m14_variant_contract.legacy_id4_resolves_to_canonical_id3 with not run>, <TestCase nucode.m14.variant_contract.m14_variant_contract.conditional_gpio_caps_are_gated_but_routes_remain with not run>]
2026-09-07 13:43:34,074 - twister - DEBUG - Detected 4 Ztest case(s): [nucode.m14.variant_contract.m14_variant_contract.conditional_gpio_caps_are_gated_but_routes_remain, nucode.m14.variant_contract.m14_variant_contract.policy_and_port2_interrupts_fail_closed, nucode.m14.variant_contract.m14_variant_contract.legacy_id4_resolves_to_canonical_id3, nucode.m14.variant_contract.m14_variant_contract.all_31_physical_pads_are_generated_from_core_dts] in C:/u4p/nrf54l15dk_nrf54l15_cpuapp_nu54dk/zephyr_gnu/nucode.m14.variant_contract/m14_variant_contract\zephyr\zephyr.elf
2026-09-07 13:43:34,079 - twister - DEBUG - Instance nrf54l15dk/nrf54l15/cpuapp/nu54dk\zephyr/gnu\nucode.m14.variant_contract can't run (run:False, handler.ready:False)
2026-09-07 13:44:50,274 - twister - DEBUG - Finished building C:\Users\eidos\GitHub\NU54DK_Arduino_Core\tests\zephyr\m14_core_contract for nrf54l15dk/nrf54l15/cpuapp/nu54dk in 281.69 seconds
2026-09-07 13:44:50,274 - twister - DEBUG - Determine test cases for test instance: nrf54l15dk/nrf54l15/cpuapp/nu54dk\zephyr/gnu\nucode.m14.core_contract
2026-09-07 13:44:50,274 - twister - DEBUG - Determine test cases for test suite: nucode.m14.core_contract
2026-09-07 13:44:50,818 - twister - DEBUG - Test instance nrf54l15dk/nrf54l15/cpuapp/nu54dk\zephyr/gnu\nucode.m14.core_contract already has 2 testcase(s) known: [<TestCase nucode.m14.core_contract.m14_core_contract.random_and_diagnostics_use_production_module with not run>, <TestCase nucode.m14.core_contract.m14_core_contract.disabled_peripheral_api_links_and_fails_closed with not run>]
2026-09-07 13:44:50,818 - twister - DEBUG - Detected 2 Ztest case(s): [nucode.m14.core_contract.m14_core_contract.disabled_peripheral_api_links_and_fails_closed, nucode.m14.core_contract.m14_core_contract.random_and_diagnostics_use_production_module] in C:/u4p/nrf54l15dk_nrf54l15_cpuapp_nu54dk/zephyr_gnu/nucode.m14.core_contract/m14_core_contract\zephyr\zephyr.elf
2026-09-07 13:44:50,820 - twister - DEBUG - Instance nrf54l15dk/nrf54l15/cpuapp/nu54dk\zephyr/gnu\nucode.m14.core_contract can't run (run:False, handler.ready:False)
2026-09-07 13:45:55,732 - twister - DEBUG - Finished building C:\Users\eidos\GitHub\NU54DK_Arduino_Core\tests\zephyr\m7_core_api for nrf54l15dk/nrf54l15/cpuapp/nu54dk in 332.14 seconds
2026-09-07 13:45:55,733 - twister - DEBUG - Determine test cases for test instance: nrf54l15dk/nrf54l15/cpuapp/nu54dk\zephyr/gnu\nucode.m7.core_api
2026-09-07 13:45:55,733 - twister - DEBUG - Determine test cases for test suite: nucode.m7.core_api
2026-09-07 13:45:57,778 - twister - DEBUG - Test instance nrf54l15dk/nrf54l15/cpuapp/nu54dk\zephyr/gnu\nucode.m7.core_api already has 11 testcase(s) known: [<TestCase nucode.m7.core_api.m7_pwm.pwm_zero_middle_full_duty with not run>, <TestCase nucode.m7.core_api.m7_spi.public_header_transaction_mode_order_and_frequency with not run>, <TestCase nucode.m7.core_api.m7_wire.buffer_address_and_no_stop_read_validation with not run>, <TestCase nucode.m7.core_api.m7_wire.clock_driver_error_and_restart_conflicts with not run>, <TestCase nucode.m7.core_api.m7_wire.public_header_and_repeated_start_contract with not run>, <TestCase nucode.m7.core_api.m7_pwm.pwm_validation_and_driver_error with not run>, <TestCase nucode.m7.core_api.m7_spi.all_modes_and_bit_orders with not run>, <TestCase nucode.m7.core_api.m7_adc.a0_fixed_12bit_raw_range_and_reference with not run>, <TestCase nucode.m7.core_api.m7_adc.adc_driver_error_is_preserved with not run>, <TestCase nucode.m7.core_api.m7_spi.transfer16_buffer_chunking_and_error_paths with not run>, <TestCase nucode.m7.core_api.m7_wire.zero_byte_address_probe_contract with not run>]
2026-09-07 13:45:57,778 - twister - DEBUG - Detected 11 Ztest case(s): [nucode.m7.core_api.m7_pwm.pwm_validation_and_driver_error, nucode.m7.core_api.m7_pwm.pwm_zero_middle_full_duty, nucode.m7.core_api.m7_adc.adc_driver_error_is_preserved, nucode.m7.core_api.m7_adc.a0_fixed_12bit_raw_range_and_reference, nucode.m7.core_api.m7_spi.transfer16_buffer_chunking_and_error_paths, nucode.m7.core_api.m7_spi.all_modes_and_bit_orders, nucode.m7.core_api.m7_spi.public_header_transaction_mode_order_and_frequency, nucode.m7.core_api.m7_wire.clock_driver_error_and_restart_conflicts, nucode.m7.core_api.m7_wire.buffer_address_and_no_stop_read_validation, nucode.m7.core_api.m7_wire.zero_byte_address_probe_contract, nucode.m7.core_api.m7_wire.public_header_and_repeated_start_contract] in C:/u4p/nrf54l15dk_nrf54l15_cpuapp_nu54dk/zephyr_gnu/nucode.m7.core_api/m7_core_api\zephyr\zephyr.elf
2026-09-07 13:45:57,780 - twister - DEBUG - Instance nrf54l15dk/nrf54l15/cpuapp/nu54dk\zephyr/gnu\nucode.m7.core_api can't run (run:False, handler.ready:False)
2026-09-07 13:46:16,296 - twister - DEBUG - Finished building C:\Users\eidos\GitHub\NU54DK_Arduino_Core\tests\zephyr\m4_api_contract for nrf54l15dk/nrf54l15/cpuapp/nu54dk in 326.91 seconds
2026-09-07 13:46:16,296 - twister - DEBUG - Determine test cases for test instance: nrf54l15dk/nrf54l15/cpuapp/nu54dk\zephyr/gnu\nucode.m4.api_contract
2026-09-07 13:46:16,296 - twister - DEBUG - Determine test cases for test suite: nucode.m4.api_contract
2026-09-07 13:46:16,404 - twister - DEBUG - Test instance nrf54l15dk/nrf54l15/cpuapp/nu54dk\zephyr/gnu\nucode.m4.api_contract already has 1 testcase(s) known: [<TestCase nucode.m4.api_contract with not run>]
2026-09-07 13:46:16,407 - twister - DEBUG - Instance nrf54l15dk/nrf54l15/cpuapp/nu54dk\zephyr/gnu\nucode.m4.api_contract can't run (run:False, handler.ready:False)
2026-09-07 13:46:20,369 - twister - DEBUG - Finished building C:\Users\eidos\GitHub\NU54DK_Arduino_Core\tests\zephyr\m6_core_api for nrf54l15dk/nrf54l15/cpuapp/nu54dk in 331.99 seconds
2026-09-07 13:46:20,371 - twister - DEBUG - Determine test cases for test instance: nrf54l15dk/nrf54l15/cpuapp/nu54dk\zephyr/gnu\nucode.m6.core_api
2026-09-07 13:46:20,372 - twister - DEBUG - Determine test cases for test suite: nucode.m6.core_api
2026-09-07 13:46:20,499 - twister - DEBUG - Finished building C:\Users\eidos\GitHub\NU54DK_Arduino_Core\tests\zephyr\m3_runtime for nrf54l15dk/nrf54l15/cpuapp/nu54dk in 316.63 seconds
2026-09-07 13:46:20,499 - twister - DEBUG - Determine test cases for test instance: nrf54l15dk/nrf54l15/cpuapp/nu54dk\zephyr/gnu\nucode.m3.runtime
2026-09-07 13:46:20,499 - twister - DEBUG - Determine test cases for test suite: nucode.m3.runtime
2026-09-07 13:46:20,962 - twister - DEBUG - Test instance nrf54l15dk/nrf54l15/cpuapp/nu54dk\zephyr/gnu\nucode.m3.runtime already has 9 testcase(s) known: [<TestCase nucode.m3.runtime.m3_time.32bit_rollover_difference with not run>, <TestCase nucode.m3.runtime.m3_scheduler.default_post_loop_allows_lower_priority_worker with not run>, <TestCase nucode.m3.runtime.m3_gpio.gpio_devicetree_flag_error with not run>, <TestCase nucode.m3.runtime.m3_gpio.gpio_argument_and_state_errors with not run>, <TestCase nucode.m3.runtime.m3_time.long_delay_chunk_boundaries with not run>, <TestCase nucode.m3.runtime.m3_time.busy_wait_chunk_boundaries with not run>, <TestCase nucode.m3.runtime.m3_scheduler.delay_allows_equal_priority_worker with not run>, <TestCase nucode.m3.runtime.m3_gpio.emulated_gpio_read_write with not run>, <TestCase nucode.m3.runtime.m3_scheduler.post_loop_creates_idle_eligible_interval with not run>]
2026-09-07 13:46:20,962 - twister - DEBUG - Detected 9 Ztest case(s): [nucode.m3.runtime.m3_gpio.gpio_devicetree_flag_error, nucode.m3.runtime.m3_gpio.gpio_argument_and_state_errors, nucode.m3.runtime.m3_gpio.emulated_gpio_read_write, nucode.m3.runtime.m3_scheduler.delay_allows_equal_priority_worker, nucode.m3.runtime.m3_scheduler.post_loop_creates_idle_eligible_interval, nucode.m3.runtime.m3_scheduler.default_post_loop_allows_lower_priority_worker, nucode.m3.runtime.m3_time.busy_wait_chunk_boundaries, nucode.m3.runtime.m3_time.long_delay_chunk_boundaries, nucode.m3.runtime.m3_time.32bit_rollover_difference] in C:/u4p/nrf54l15dk_nrf54l15_cpuapp_nu54dk/zephyr_gnu/nucode.m3.runtime/m3_runtime\zephyr\zephyr.elf
2026-09-07 13:46:20,974 - twister - DEBUG - Instance nrf54l15dk/nrf54l15/cpuapp/nu54dk\zephyr/gnu\nucode.m3.runtime can't run (run:False, handler.ready:False)
2026-09-07 13:46:20,988 - twister - DEBUG - Test instance nrf54l15dk/nrf54l15/cpuapp/nu54dk\zephyr/gnu\nucode.m6.core_api already has 11 testcase(s) known: [<TestCase nucode.m6.core_api.m6_common.c_and_cpp_common_contract with not run>, <TestCase nucode.m6.core_api.m6_common.print_and_stream_contract with not run>, <TestCase nucode.m6.core_api.m6_interrupt.validation_and_pinmode_auto_detach with not run>, <TestCase nucode.m6.core_api.m6_common.printable_dispatch_and_count_contract with not run>, <TestCase nucode.m6.core_api.m6_serial.end_without_session_preserves_existing_callback with not run>, <TestCase nucode.m6.core_api.m6_serial.begin_tx_and_non_destructive_rebegin with not run>, <TestCase nucode.m6.core_api.m6_serial.rx_peek_read_and_overflow with not run>, <TestCase nucode.m6.core_api.m6_serial.isr_restriction with not run>, <TestCase nucode.m6.core_api.m6_serial.started_end_stops_session_and_purges_rx with not run>, <TestCase nucode.m6.core_api.m6_interrupt.raw_edges_parameter_and_detach with not run>, <TestCase nucode.m6.core_api.m6_common.string_construction_and_conversion with not run>]
2026-09-07 13:46:20,988 - twister - DEBUG - Detected 11 Ztest case(s): [nucode.m6.core_api.m6_interrupt.validation_and_pinmode_auto_detach, nucode.m6.core_api.m6_interrupt.raw_edges_parameter_and_detach, nucode.m6.core_api.m6_serial.isr_restriction, nucode.m6.core_api.m6_serial.end_without_session_preserves_existing_callback, nucode.m6.core_api.m6_serial.started_end_stops_session_and_purges_rx, nucode.m6.core_api.m6_serial.rx_peek_read_and_overflow, nucode.m6.core_api.m6_serial.begin_tx_and_non_destructive_rebegin, nucode.m6.core_api.m6_common.printable_dispatch_and_count_contract, nucode.m6.core_api.m6_common.print_and_stream_contract, nucode.m6.core_api.m6_common.string_construction_and_conversion, nucode.m6.core_api.m6_common.c_and_cpp_common_contract] in C:/u4p/nrf54l15dk_nrf54l15_cpuapp_nu54dk/zephyr_gnu/nucode.m6.core_api/m6_core_api\zephyr\zephyr.elf
2026-09-07 13:46:20,990 - twister - DEBUG - Instance nrf54l15dk/nrf54l15/cpuapp/nu54dk\zephyr/gnu\nucode.m6.core_api can't run (run:False, handler.ready:False)
2026-09-07 13:46:21,251 - twister - INFO - 61 test scenarios (61 configurations) selected, 0 configurations filtered (0 by static filter, 0 at runtime).
2026-09-07 13:46:21,376 - twister - INFO - [32m0 of 61[39m executed test configurations passed (0.00%), [36m61[39m built (not run), 0 failed, 0 errored, with no warnings in 3213.48 seconds.
2026-09-07 13:46:21,378 - twister - INFO - [32m0[39m test configurations executed on platforms, [36m61[39m test configurations were only built.
2026-09-07 13:46:21,378 - twister - INFO - Saving reports...
2026-09-07 13:46:21,378 - twister - INFO - Writing JSON report C:\u4p\twister.json
2026-09-07 13:46:21,382 - twister - INFO - Writing xunit report C:\u4p\twister.xml...
2026-09-07 13:46:21,386 - twister - INFO - Writing xunit report C:\u4p\twister_report.xml...
2026-09-07 13:46:21,393 - twister - INFO - Run completed
