2026-09-07T06:04:24.1466657Z Current runner version: '2.337.0'
2026-09-07T06:04:24.1742784Z ##[group]Runner Image Provisioner
2026-09-07T06:04:24.1744025Z Hosted Compute Agent
2026-09-07T06:04:24.1744919Z Version: 20260819.586
2026-09-07T06:04:24.1745805Z Commit: 3cc4a88dfa507ef76119ad1bb3eccc6378bb2b76
2026-09-07T06:04:24.1746864Z Build Date: 2026-08-18T23:20:18Z
2026-09-07T06:04:24.1747955Z Worker ID: {812be4dc-fb79-4658-a17f-059127f56351}
2026-09-07T06:04:24.1749015Z Azure Region: eastus2
2026-09-07T06:04:24.1750290Z ##[endgroup]
2026-09-07T06:04:24.1752168Z ##[group]Operating System
2026-09-07T06:04:24.1753116Z Microsoft Windows Server 2025
2026-09-07T06:04:24.1754384Z 10.0.26100
2026-09-07T06:04:24.1755101Z Datacenter
2026-09-07T06:04:24.1755812Z ##[endgroup]
2026-09-07T06:04:24.1756602Z ##[group]Runner Image
2026-09-07T06:04:24.1757566Z Image: windows-2025-vs2026
2026-09-07T06:04:24.1758475Z Version: 20260824.214.3
2026-09-07T06:04:24.1760694Z Included Software: https://github.com/actions/runner-images/blob/win25-vs2026/20260824.214/images/windows/Windows2025-VS2026-Readme.md
2026-09-07T06:04:24.1763340Z Image Release: https://github.com/actions/runner-images/releases/tag/win25-vs2026%2F20260824.214
2026-09-07T06:04:24.1764935Z ##[endgroup]
2026-09-07T06:04:24.1766685Z ##[group]GITHUB_TOKEN Permissions
2026-09-07T06:04:24.1769480Z Contents: read
2026-09-07T06:04:24.1770368Z Metadata: read
2026-09-07T06:04:24.1771122Z ##[endgroup]
2026-09-07T06:04:24.1774070Z Secret source: Actions
2026-09-07T06:04:24.1776154Z Prepare workflow directory
2026-09-07T06:04:24.2825977Z Prepare all required actions
2026-09-07T06:04:24.2876999Z Getting action download info
2026-09-07T06:04:24.4410902Z Download action repository 'actions/checkout@3d3c42e5aac5ba805825da76410c181273ba90b1' (SHA:3d3c42e5aac5ba805825da76410c181273ba90b1)
2026-09-07T06:04:24.5933666Z Download action repository 'actions/setup-python@5fda3b95a4ea91299a34e894583c3862153e4b97' (SHA:5fda3b95a4ea91299a34e894583c3862153e4b97)
2026-09-07T06:04:24.8985996Z Complete job name: Host unit with Windows PowerShell contracts
2026-09-07T06:04:25.0779316Z ##[group]Run actions/checkout@3d3c42e5aac5ba805825da76410c181273ba90b1
2026-09-07T06:04:25.0780882Z with:
2026-09-07T06:04:25.0781318Z   fetch-depth: 0
2026-09-07T06:04:25.0781757Z   submodules: recursive
2026-09-07T06:04:25.0782261Z   repository: EIDOSDATA/NU54DK_Arduino_Core
2026-09-07T06:04:25.0787275Z   token: ***
2026-09-07T06:04:25.0787725Z   ssh-strict: true
2026-09-07T06:04:25.0788182Z   ssh-user: git
2026-09-07T06:04:25.0788626Z   persist-credentials: true
2026-09-07T06:04:25.0789109Z   clean: true
2026-09-07T06:04:25.0789544Z   sparse-checkout-cone-mode: true
2026-09-07T06:04:25.0790056Z   fetch-tags: false
2026-09-07T06:04:25.0790483Z   show-progress: true
2026-09-07T06:04:25.0790913Z   lfs: false
2026-09-07T06:04:25.0791325Z   set-safe-directory: true
2026-09-07T06:04:25.0791817Z   allow-unsafe-pr-checkout: false
2026-09-07T06:04:25.0792628Z ##[endgroup]
2026-09-07T06:04:25.2498859Z Syncing repository: EIDOSDATA/NU54DK_Arduino_Core
2026-09-07T06:04:25.2501833Z ##[group]Getting Git version info
2026-09-07T06:04:25.2503026Z Working directory is 'D:\a\NU54DK_Arduino_Core\NU54DK_Arduino_Core'
2026-09-07T06:04:25.3487848Z [command]"C:\Program Files\Git\bin\git.exe" version
2026-09-07T06:04:25.8438982Z git version 2.55.0.windows.5
2026-09-07T06:04:25.8504439Z ##[endgroup]
2026-09-07T06:04:25.8522140Z Temporarily overriding HOME='D:\a\_temp\2d5ddc77-6c1b-45da-9a34-128a1e555f49' before making global git config changes
2026-09-07T06:04:25.8524593Z Adding repository directory to the temporary git global config as a safe directory
2026-09-07T06:04:25.8533802Z [command]"C:\Program Files\Git\bin\git.exe" config --global --add safe.directory D:\a\NU54DK_Arduino_Core\NU54DK_Arduino_Core
2026-09-07T06:04:25.9289198Z Deleting the contents of 'D:\a\NU54DK_Arduino_Core\NU54DK_Arduino_Core'
2026-09-07T06:04:25.9295196Z ##[group]Determining repository object format
2026-09-07T06:04:25.9297555Z ##[endgroup]
2026-09-07T06:04:25.9301172Z ##[group]Initializing the repository
2026-09-07T06:04:25.9307809Z [command]"C:\Program Files\Git\bin\git.exe" init D:\a\NU54DK_Arduino_Core\NU54DK_Arduino_Core
2026-09-07T06:04:26.0244289Z Initialized empty Git repository in D:/a/NU54DK_Arduino_Core/NU54DK_Arduino_Core/.git/
2026-09-07T06:04:26.0313704Z [command]"C:\Program Files\Git\bin\git.exe" remote add origin https://github.com/EIDOSDATA/NU54DK_Arduino_Core
2026-09-07T06:04:26.1146562Z ##[endgroup]
2026-09-07T06:04:26.1148659Z ##[group]Disabling automatic garbage collection
2026-09-07T06:04:26.1159683Z [command]"C:\Program Files\Git\bin\git.exe" config --local gc.auto 0
2026-09-07T06:04:26.1590916Z ##[endgroup]
2026-09-07T06:04:26.1592839Z ##[group]Setting up auth
2026-09-07T06:04:26.1594219Z Removing SSH command configuration
2026-09-07T06:04:26.1604381Z [command]"C:\Program Files\Git\bin\git.exe" config --local --name-only --get-regexp core\.sshCommand
2026-09-07T06:04:26.1958173Z [command]"C:\Program Files\Git\bin\git.exe" submodule foreach --recursive "sh -c \"git config --local --name-only --get-regexp 'core\.sshCommand' && git config --local --unset-all 'core.sshCommand' || :\""
2026-09-07T06:04:27.8179221Z Removing HTTP extra header
2026-09-07T06:04:27.8199188Z [command]"C:\Program Files\Git\bin\git.exe" config --local --name-only --get-regexp http\.https\:\/\/github\.com\/\.extraheader
2026-09-07T06:04:27.8539420Z [command]"C:\Program Files\Git\bin\git.exe" submodule foreach --recursive "sh -c \"git config --local --name-only --get-regexp 'http\.https\:\/\/github\.com\/\.extraheader' && git config --local --unset-all 'http.https://github.com/.extraheader' || :\""
2026-09-07T06:04:28.4833866Z Removing includeIf entries pointing to credentials config files
2026-09-07T06:04:28.4851023Z [command]"C:\Program Files\Git\bin\git.exe" config --local --name-only --get-regexp ^includeIf\.gitdir:
2026-09-07T06:04:28.5235742Z [command]"C:\Program Files\Git\bin\git.exe" submodule foreach --recursive "git config --local --show-origin --name-only --get-regexp remote.origin.url"
2026-09-07T06:04:29.1318962Z [command]"C:\Program Files\Git\bin\git.exe" config --file D:\a\_temp\git-credentials-2c6a0fb2-882b-4d5d-867d-7f96874a7ffa.config http.https://github.com/.extraheader "AUTHORIZATION: basic ***"
2026-09-07T06:04:29.1699247Z [command]"C:\Program Files\Git\bin\git.exe" config --local includeIf.gitdir:D:/a/NU54DK_Arduino_Core/NU54DK_Arduino_Core/.git.path D:\a\_temp\git-credentials-2c6a0fb2-882b-4d5d-867d-7f96874a7ffa.config
2026-09-07T06:04:29.2096278Z [command]"C:\Program Files\Git\bin\git.exe" config --local includeIf.gitdir:D:/a/NU54DK_Arduino_Core/NU54DK_Arduino_Core/.git/worktrees/*.path D:\a\_temp\git-credentials-2c6a0fb2-882b-4d5d-867d-7f96874a7ffa.config
2026-09-07T06:04:29.2505694Z [command]"C:\Program Files\Git\bin\git.exe" config --local includeIf.gitdir:/github/workspace/.git.path /github/runner_temp/git-credentials-2c6a0fb2-882b-4d5d-867d-7f96874a7ffa.config
2026-09-07T06:04:29.2838187Z [command]"C:\Program Files\Git\bin\git.exe" config --local includeIf.gitdir:/github/workspace/.git/worktrees/*.path /github/runner_temp/git-credentials-2c6a0fb2-882b-4d5d-867d-7f96874a7ffa.config
2026-09-07T06:04:29.3164974Z ##[endgroup]
2026-09-07T06:04:29.3165524Z ##[group]Fetching the repository
2026-09-07T06:04:29.3183002Z [command]"C:\Program Files\Git\bin\git.exe" -c protocol.version=2 fetch --no-tags --prune --no-recurse-submodules origin +refs/heads/*:refs/remotes/origin/* +refs/tags/*:refs/tags/*
2026-09-07T06:04:33.0909650Z From https://github.com/EIDOSDATA/NU54DK_Arduino_Core
2026-09-07T06:04:33.0910534Z  * [new branch]      main               -> origin/main
2026-09-07T06:04:33.0911039Z  * [new tag]         m10-preview-0.0.90 -> m10-preview-0.0.90
2026-09-07T06:04:33.0911887Z  * [new tag]         m10-preview-0.0.91 -> m10-preview-0.0.91
2026-09-07T06:04:33.0912828Z  * [new tag]         m10-preview-0.0.92 -> m10-preview-0.0.92
2026-09-07T06:04:33.0913442Z  * [new tag]         m10-preview-0.0.93 -> m10-preview-0.0.93
2026-09-07T06:04:33.0915583Z  * [new tag]         m10-preview-0.0.94 -> m10-preview-0.0.94
2026-09-07T06:04:33.0916127Z  * [new tag]         m10-preview-0.0.95 -> m10-preview-0.0.95
2026-09-07T06:04:33.0916596Z  * [new tag]         m10-preview-0.0.96 -> m10-preview-0.0.96
2026-09-07T06:04:33.0917088Z  * [new tag]         m10-preview-0.0.97 -> m10-preview-0.0.97
2026-09-07T06:04:33.0917642Z  * [new tag]         v0.1.0             -> v0.1.0
2026-09-07T06:04:33.0918080Z  * [new tag]         v0.1.0-rc.2        -> v0.1.0-rc.2
2026-09-07T06:04:33.0918519Z  * [new tag]         v0.2.0             -> v0.2.0
2026-09-07T06:04:33.0918960Z  * [new tag]         v0.2.0-rc.1        -> v0.2.0-rc.1
2026-09-07T06:04:33.0919426Z  * [new tag]         v0.2.0-rc.2        -> v0.2.0-rc.2
2026-09-07T06:04:33.0919931Z  * [new tag]         v0.3.0             -> v0.3.0
2026-09-07T06:04:33.0920389Z  * [new tag]         v0.3.0-rc.1        -> v0.3.0-rc.1
2026-09-07T06:04:33.0920869Z  * [new tag]         v0.3.0-rc.2        -> v0.3.0-rc.2
2026-09-07T06:04:33.0921388Z  * [new tag]         v0.3.0-rc.3        -> v0.3.0-rc.3
2026-09-07T06:04:33.0987946Z [command]"C:\Program Files\Git\bin\git.exe" branch --list --remote origin/main
2026-09-07T06:04:33.1550901Z   origin/main
2026-09-07T06:04:33.1603114Z [command]"C:\Program Files\Git\bin\git.exe" rev-parse refs/remotes/origin/main
2026-09-07T06:04:33.2255285Z 1f050f4bb39dc7cbc77e3d4a433af8a907964837
2026-09-07T06:04:33.2296957Z ##[endgroup]
2026-09-07T06:04:33.2297378Z ##[group]Determining the checkout info
2026-09-07T06:04:33.2298036Z ##[endgroup]
2026-09-07T06:04:33.2308007Z [command]"C:\Program Files\Git\bin\git.exe" sparse-checkout disable
2026-09-07T06:04:33.2913397Z [command]"C:\Program Files\Git\bin\git.exe" config --local --unset-all extensions.worktreeConfig
2026-09-07T06:04:33.3255248Z ##[group]Checking out the ref
2026-09-07T06:04:33.3271337Z [command]"C:\Program Files\Git\bin\git.exe" checkout --progress --force -B main refs/remotes/origin/main
2026-09-07T06:04:34.4231009Z Updating files:  28% (1755/6235)
2026-09-07T06:04:34.4367235Z Updating files:  29% (1809/6235)
2026-09-07T06:04:34.4493609Z Updating files:  30% (1871/6235)
2026-09-07T06:04:34.4641394Z Updating files:  31% (1933/6235)
2026-09-07T06:04:34.4778489Z Updating files:  32% (1996/6235)
2026-09-07T06:04:34.4908903Z Updating files:  33% (2058/6235)
2026-09-07T06:04:34.5033450Z Updating files:  34% (2120/6235)
2026-09-07T06:04:34.5163370Z Updating files:  35% (2183/6235)
2026-09-07T06:04:34.5296374Z Updating files:  36% (2245/6235)
2026-09-07T06:04:34.5430357Z Updating files:  37% (2307/6235)
2026-09-07T06:04:34.5556480Z Updating files:  38% (2370/6235)
2026-09-07T06:04:34.5693798Z Updating files:  39% (2432/6235)
2026-09-07T06:04:34.5841664Z Updating files:  40% (2494/6235)
2026-09-07T06:04:34.6027887Z Updating files:  41% (2557/6235)
2026-09-07T06:04:34.6166399Z Updating files:  42% (2619/6235)
2026-09-07T06:04:34.6338647Z Updating files:  43% (2682/6235)
2026-09-07T06:04:34.6470888Z Updating files:  44% (2744/6235)
2026-09-07T06:04:34.6615944Z Updating files:  45% (2806/6235)
2026-09-07T06:04:34.6749415Z Updating files:  46% (2869/6235)
2026-09-07T06:04:34.6885410Z Updating files:  47% (2931/6235)
2026-09-07T06:04:34.7032299Z Updating files:  48% (2993/6235)
2026-09-07T06:04:34.7229990Z Updating files:  49% (3056/6235)
2026-09-07T06:04:34.7390080Z Updating files:  50% (3118/6235)
2026-09-07T06:04:34.7573563Z Updating files:  51% (3180/6235)
2026-09-07T06:04:34.7709795Z Updating files:  52% (3243/6235)
2026-09-07T06:04:34.7844728Z Updating files:  53% (3305/6235)
2026-09-07T06:04:34.7989174Z Updating files:  54% (3367/6235)
2026-09-07T06:04:34.8124206Z Updating files:  55% (3430/6235)
2026-09-07T06:04:34.8270560Z Updating files:  56% (3492/6235)
2026-09-07T06:04:34.8540042Z Updating files:  57% (3554/6235)
2026-09-07T06:04:34.8715218Z Updating files:  58% (3617/6235)
2026-09-07T06:04:34.8872061Z Updating files:  59% (3679/6235)
2026-09-07T06:04:34.9054534Z Updating files:  60% (3741/6235)
2026-09-07T06:04:34.9296051Z Updating files:  61% (3804/6235)
2026-09-07T06:04:34.9504428Z Updating files:  62% (3866/6235)
2026-09-07T06:04:34.9827127Z Updating files:  63% (3929/6235)
2026-09-07T06:04:35.0174648Z Updating files:  64% (3991/6235)
2026-09-07T06:04:35.0312050Z Updating files:  65% (4053/6235)
2026-09-07T06:04:35.0547831Z Updating files:  66% (4116/6235)
2026-09-07T06:04:35.0755120Z Updating files:  67% (4178/6235)
2026-09-07T06:04:35.0959142Z Updating files:  68% (4240/6235)
2026-09-07T06:04:35.1229757Z Updating files:  69% (4303/6235)
2026-09-07T06:04:35.1714245Z Updating files:  70% (4365/6235)
2026-09-07T06:04:35.1892861Z Updating files:  71% (4427/6235)
2026-09-07T06:04:35.2099243Z Updating files:  72% (4490/6235)
2026-09-07T06:04:35.2285973Z Updating files:  73% (4552/6235)
2026-09-07T06:04:35.2431695Z Updating files:  74% (4614/6235)
2026-09-07T06:04:35.2628742Z Updating files:  75% (4677/6235)
2026-09-07T06:04:35.2847939Z Updating files:  76% (4739/6235)
2026-09-07T06:04:35.3008607Z Updating files:  77% (4801/6235)
2026-09-07T06:04:35.3182128Z Updating files:  78% (4864/6235)
2026-09-07T06:04:35.3334591Z Updating files:  79% (4926/6235)
2026-09-07T06:04:35.5077785Z Updating files:  80% (4988/6235)
2026-09-07T06:04:35.5391899Z Updating files:  80% (5002/6235)
2026-09-07T06:04:35.5549547Z Updating files:  81% (5051/6235)
2026-09-07T06:04:35.5688856Z Updating files:  82% (5113/6235)
2026-09-07T06:04:35.5824949Z Updating files:  83% (5176/6235)
2026-09-07T06:04:35.6016861Z Updating files:  84% (5238/6235)
2026-09-07T06:04:35.6193240Z Updating files:  85% (5300/6235)
2026-09-07T06:04:35.6363836Z Updating files:  86% (5363/6235)
2026-09-07T06:04:35.6567617Z Updating files:  87% (5425/6235)
2026-09-07T06:04:35.6758471Z Updating files:  88% (5487/6235)
2026-09-07T06:04:35.6964867Z Updating files:  89% (5550/6235)
2026-09-07T06:04:35.7150006Z Updating files:  90% (5612/6235)
2026-09-07T06:04:35.7365440Z Updating files:  91% (5674/6235)
2026-09-07T06:04:35.7543309Z Updating files:  92% (5737/6235)
2026-09-07T06:04:35.7700982Z Updating files:  93% (5799/6235)
2026-09-07T06:04:35.7835461Z Updating files:  94% (5861/6235)
2026-09-07T06:04:35.7977985Z Updating files:  95% (5924/6235)
2026-09-07T06:04:35.8120507Z Updating files:  96% (5986/6235)
2026-09-07T06:04:35.8282065Z Updating files:  97% (6048/6235)
2026-09-07T06:04:35.8457398Z Updating files:  98% (6111/6235)
2026-09-07T06:04:35.8641033Z Updating files:  99% (6173/6235)
2026-09-07T06:04:35.8641554Z Updating files: 100% (6235/6235)
2026-09-07T06:04:35.8641977Z Updating files: 100% (6235/6235), done.
2026-09-07T06:04:35.8927141Z Switched to a new branch 'main'
2026-09-07T06:04:35.9119796Z branch 'main' set up to track 'origin/main'.
2026-09-07T06:04:35.9295936Z ##[endgroup]
2026-09-07T06:04:35.9296533Z ##[group]Setting up auth for fetching submodules
2026-09-07T06:04:35.9309271Z [command]"C:\Program Files\Git\bin\git.exe" config --file D:\a\_temp\git-credentials-2c6a0fb2-882b-4d5d-867d-7f96874a7ffa.config http.https://github.com/.extraheader "AUTHORIZATION: basic ***"
2026-09-07T06:04:35.9723475Z [command]"C:\Program Files\Git\bin\git.exe" config --global include.path D:\a\_temp\git-credentials-2c6a0fb2-882b-4d5d-867d-7f96874a7ffa.config
2026-09-07T06:04:36.0062175Z [command]"C:\Program Files\Git\bin\git.exe" config --global --unset-all url.https://github.com/.insteadOf
2026-09-07T06:04:36.0445079Z [command]"C:\Program Files\Git\bin\git.exe" config --global --add url.https://github.com/.insteadOf git@github.com:
2026-09-07T06:04:36.0812130Z [command]"C:\Program Files\Git\bin\git.exe" config --global --add url.https://github.com/.insteadOf org-48746729@github.com:
2026-09-07T06:04:36.1182689Z ##[endgroup]
2026-09-07T06:04:36.1183274Z ##[group]Fetching submodules
2026-09-07T06:04:36.1192434Z [command]"C:\Program Files\Git\bin\git.exe" submodule sync --recursive
2026-09-07T06:04:36.7821727Z [command]"C:\Program Files\Git\bin\git.exe" -c protocol.version=2 submodule update --init --force --recursive
2026-09-07T06:04:37.3968134Z Submodule 'board_package/NU54DK_Zephyr_DTS' (https://github.com/Nucode01/NU54DK_Zephyr_DTS.git) registered for path 'board_package/NU54DK_Zephyr_DTS'
2026-09-07T06:04:37.4588260Z Cloning into 'D:/a/NU54DK_Arduino_Core/NU54DK_Arduino_Core/board_package/NU54DK_Zephyr_DTS'...
2026-09-07T06:04:38.0776959Z Submodule path 'board_package/NU54DK_Zephyr_DTS': checked out 'fe65f2f0880bd05b32e562d9bf1ee59142b4f4d3'
2026-09-07T06:04:38.1030346Z [command]"C:\Program Files\Git\bin\git.exe" submodule foreach --recursive "git config --local gc.auto 0"
2026-09-07T06:04:38.6761927Z Entering 'board_package/NU54DK_Zephyr_DTS'
2026-09-07T06:04:38.7495269Z ##[endgroup]
2026-09-07T06:04:38.7495687Z ##[group]Persisting credentials for submodules
2026-09-07T06:04:38.7511240Z [command]"C:\Program Files\Git\bin\git.exe" submodule foreach --recursive "sh -c \"git config --local --name-only --get-regexp 'url\.https\:\/\/github\.com\/\.insteadOf' && git config --local --unset-all 'url.https://github.com/.insteadOf' || :\""
2026-09-07T06:04:39.2961538Z Entering 'board_package/NU54DK_Zephyr_DTS'
2026-09-07T06:04:39.3972696Z [command]"C:\Program Files\Git\bin\git.exe" submodule foreach --recursive "git config --local --show-origin --name-only --get-regexp remote.origin.url"
2026-09-07T06:04:39.9460660Z Entering 'board_package/NU54DK_Zephyr_DTS'
2026-09-07T06:04:39.9834519Z file:D:/a/NU54DK_Arduino_Core/NU54DK_Arduino_Core/.git/modules/board_package/NU54DK_Zephyr_DTS/config	remote.origin.url
2026-09-07T06:04:40.0123658Z [command]"C:\Program Files\Git\bin\git.exe" config --file D:/a/NU54DK_Arduino_Core/NU54DK_Arduino_Core/.git/modules/board_package/NU54DK_Zephyr_DTS/config includeIf.gitdir:D:/a/NU54DK_Arduino_Core/NU54DK_Arduino_Core/.git/modules/board_package/NU54DK_Zephyr_DTS.path D:\a\_temp\git-credentials-2c6a0fb2-882b-4d5d-867d-7f96874a7ffa.config
2026-09-07T06:04:40.0470292Z [command]"C:\Program Files\Git\bin\git.exe" config --file D:/a/NU54DK_Arduino_Core/NU54DK_Arduino_Core/.git/modules/board_package/NU54DK_Zephyr_DTS/config includeIf.gitdir:/github/workspace/.git/modules/board_package/NU54DK_Zephyr_DTS.path /github/runner_temp/git-credentials-2c6a0fb2-882b-4d5d-867d-7f96874a7ffa.config
2026-09-07T06:04:40.0809126Z [command]"C:\Program Files\Git\bin\git.exe" submodule foreach --recursive "git config --local --add 'url.https://github.com/.insteadOf' 'git@github.com:'"
2026-09-07T06:04:40.6685411Z Entering 'board_package/NU54DK_Zephyr_DTS'
2026-09-07T06:04:40.7369744Z [command]"C:\Program Files\Git\bin\git.exe" submodule foreach --recursive "git config --local --add 'url.https://github.com/.insteadOf' 'org-48746729@github.com:'"
2026-09-07T06:04:41.3352203Z Entering 'board_package/NU54DK_Zephyr_DTS'
2026-09-07T06:04:41.4135628Z ##[endgroup]
2026-09-07T06:04:41.4705828Z [command]"C:\Program Files\Git\bin\git.exe" log -1 --format=%H
2026-09-07T06:04:41.5113918Z 1f050f4bb39dc7cbc77e3d4a433af8a907964837
2026-09-07T06:04:41.5794590Z ##[group]Run actions/setup-python@5fda3b95a4ea91299a34e894583c3862153e4b97
2026-09-07T06:04:41.5795357Z with:
2026-09-07T06:04:41.5795698Z   python-version: 3.12.10
2026-09-07T06:04:41.5796071Z   check-latest: false
2026-09-07T06:04:41.5800989Z   token: ***
2026-09-07T06:04:41.5801322Z   update-environment: true
2026-09-07T06:04:41.5801709Z   allow-prereleases: false
2026-09-07T06:04:41.5802425Z   freethreaded: false
2026-09-07T06:04:41.5802767Z ##[endgroup]
2026-09-07T06:04:41.7685445Z ##[group]Installed versions
2026-09-07T06:04:41.7809693Z Successfully set up CPython (3.12.10)
2026-09-07T06:04:41.7852344Z ##[endgroup]
2026-09-07T06:04:41.8284569Z ##[group]Run python -m pip install --disable-pip-version-check --no-deps --only-binary=:all: --require-hashes -r tools/ci/requirements-host.txt
2026-09-07T06:04:41.8285809Z [36;1mpython -m pip install --disable-pip-version-check --no-deps --only-binary=:all: --require-hashes -r tools/ci/requirements-host.txt[0m
2026-09-07T06:04:42.0049906Z shell: C:\Program Files\PowerShell\7\pwsh.EXE -command ". '{0}'"
2026-09-07T06:04:42.0051464Z env:
2026-09-07T06:04:42.0051779Z   pythonLocation: C:\hostedtoolcache\windows\Python\3.12.10\x64
2026-09-07T06:04:42.0052298Z   PKG_CONFIG_PATH: C:\hostedtoolcache\windows\Python\3.12.10\x64/lib/pkgconfig
2026-09-07T06:04:42.0052763Z   Python_ROOT_DIR: C:\hostedtoolcache\windows\Python\3.12.10\x64
2026-09-07T06:04:42.0053188Z   Python2_ROOT_DIR: C:\hostedtoolcache\windows\Python\3.12.10\x64
2026-09-07T06:04:42.0053590Z   Python3_ROOT_DIR: C:\hostedtoolcache\windows\Python\3.12.10\x64
2026-09-07T06:04:42.0053924Z ##[endgroup]
2026-09-07T06:04:48.5688179Z Collecting PyYAML==6.0.3 (from -r tools/ci/requirements-host.txt (line 1))
2026-09-07T06:04:48.7867664Z   Downloading pyyaml-6.0.3-cp312-cp312-win_amd64.whl (154 kB)
2026-09-07T06:04:48.9935513Z Installing collected packages: PyYAML
2026-09-07T06:04:49.1003603Z Successfully installed PyYAML-6.0.3
2026-09-07T06:04:49.3240833Z ##[group]Run python tools/ci/run_m12_gate.py host
2026-09-07T06:04:49.3241294Z [36;1mpython tools/ci/run_m12_gate.py host[0m
2026-09-07T06:04:49.3337473Z shell: C:\Program Files\PowerShell\7\pwsh.EXE -command ". '{0}'"
2026-09-07T06:04:49.3337845Z env:
2026-09-07T06:04:49.3338138Z   pythonLocation: C:\hostedtoolcache\windows\Python\3.12.10\x64
2026-09-07T06:04:49.3338601Z   PKG_CONFIG_PATH: C:\hostedtoolcache\windows\Python\3.12.10\x64/lib/pkgconfig
2026-09-07T06:04:49.3339044Z   Python_ROOT_DIR: C:\hostedtoolcache\windows\Python\3.12.10\x64
2026-09-07T06:04:49.3339440Z   Python2_ROOT_DIR: C:\hostedtoolcache\windows\Python\3.12.10\x64
2026-09-07T06:04:49.3339836Z   Python3_ROOT_DIR: C:\hostedtoolcache\windows\Python\3.12.10\x64
2026-09-07T06:04:49.3340149Z ##[endgroup]
2026-09-07T06:04:49.7849314Z [M12] exec: C:\hostedtoolcache\windows\Python\3.12.10\x64\python.exe -m unittest discover -v -s D:\a\NU54DK_Arduino_Core\NU54DK_Arduino_Core\tests\host -p test_ac01_contract.py
2026-09-07T06:04:50.0776361Z test_connector_dtsi_uses_only_approved_free_gpio_pair (test_ac01_contract.AC01ContractTests.test_connector_dtsi_uses_only_approved_free_gpio_pair) ... ok
2026-09-07T06:04:50.0791635Z test_safe_interrupt_and_timing_apis_have_real_backends (test_ac01_contract.AC01ContractTests.test_safe_interrupt_and_timing_apis_have_real_backends) ... ok
2026-09-07T06:04:50.0794782Z test_standard_and_ble_profiles_share_one_connector_definition (test_ac01_contract.AC01ContractTests.test_standard_and_ble_profiles_share_one_connector_definition) ... ok
2026-09-07T06:04:50.0803844Z test_variant_exposes_connector_capability_and_ownership (test_ac01_contract.AC01ContractTests.test_variant_exposes_connector_capability_and_ownership) ... ok
2026-09-07T06:04:50.0805192Z 
2026-09-07T06:04:50.0805440Z ----------------------------------------------------------------------
2026-09-07T06:04:50.0805992Z Ran 4 tests in 0.004s
2026-09-07T06:04:50.0806200Z 
2026-09-07T06:04:50.0806319Z OK
2026-09-07T06:04:50.0922518Z [M12] exec: C:\hostedtoolcache\windows\Python\3.12.10\x64\python.exe -m unittest discover -v -s D:\a\NU54DK_Arduino_Core\NU54DK_Arduino_Core\tests\host -p test_ac02b_analog_contract.py
2026-09-07T06:04:50.1765214Z test_examples_exist (test_ac02b_analog_contract.Ac02bAnalogContractTests.test_examples_exist) ... ok
2026-09-07T06:04:54.7105731Z test_math_contract_compiles (test_ac02b_analog_contract.Ac02bAnalogContractTests.test_math_contract_compiles) ... ok
2026-09-07T06:04:54.7107353Z test_production_pwm_route_backend_is_transactional (test_ac02b_analog_contract.Ac02bAnalogContractTests.test_production_pwm_route_backend_is_transactional)
2026-09-07T06:04:54.7113174Z Production adapter\uac00 B2 route \uc218\uba85\uc8fc\uae30\uc640 \uc2e4\ud328 \ubcf5\uad6c\ub97c \uc0ac\uc6a9\ud569\ub2c8\ub2e4. ... ok
2026-09-07T06:04:54.7119591Z test_public_implementation_contains_fixed_policy (test_ac02b_analog_contract.Ac02bAnalogContractTests.test_public_implementation_contains_fixed_policy) ... ok
2026-09-07T06:04:54.7122024Z test_recovery_failure_is_fail_closed_and_gpio_transition_is_rollbackable (test_ac02b_analog_contract.Ac02bAnalogContractTests.test_recovery_failure_is_fail_closed_and_gpio_transition_is_rollbackable)
2026-09-07T06:04:54.7144517Z \ubcf5\uad6c \uc2e4\ud328\uac00 \uc870\uc6a9\ud788 \uc0c1\ud0dc\ub97c \ubc84\ub9ac\uac70\ub098 route\ub97c \uc7ac\uc0ac\uc6a9\ud558\uc9c0 \uc54a\uc2b5\ub2c8\ub2e4. ... ok
2026-09-07T06:04:54.7148328Z test_servo_is_fixed_memory_pwm22_backend (test_ac02b_analog_contract.Ac02bAnalogContractTests.test_servo_is_fixed_memory_pwm22_backend) ... ok
2026-09-07T06:04:54.7153519Z test_target_contract_covers_adc_pwm_tone_servo_and_pm (test_ac02b_analog_contract.Ac02bAnalogContractTests.test_target_contract_covers_adc_pwm_tone_servo_and_pm) ... ok
2026-09-07T06:04:54.7154824Z 
2026-09-07T06:04:54.7155106Z ----------------------------------------------------------------------
2026-09-07T06:04:54.7155650Z Ran 7 tests in 4.539s
2026-09-07T06:04:54.7155855Z 
2026-09-07T06:04:54.7158322Z OK
2026-09-07T06:04:54.7289106Z [M12] exec: C:\hostedtoolcache\windows\Python\3.12.10\x64\python.exe -m unittest discover -v -s D:\a\NU54DK_Arduino_Core\NU54DK_Arduino_Core\tests\host -p test_ac02b_b2_contract.py
2026-09-07T06:04:54.8068374Z test_disabled_backends_and_library_discovery_fail_closed (test_ac02b_b2_contract.Ac02bPeripheralContractTests.test_disabled_backends_and_library_discovery_fail_closed) ... ok
2026-09-07T06:04:54.8071149Z test_instance_route_matrix_and_zero_psel_boundary_are_fixed (test_ac02b_b2_contract.Ac02bPeripheralContractTests.test_instance_route_matrix_and_zero_psel_boundary_are_fixed) ... ok
2026-09-07T06:04:54.8082857Z test_lifecycle_and_fail_closed_operations_are_present (test_ac02b_b2_contract.Ac02bPeripheralContractTests.test_lifecycle_and_fail_closed_operations_are_present) ... ok
2026-09-07T06:04:54.8084892Z test_public_concrete_types_and_capabilities_are_explicit (test_ac02b_b2_contract.Ac02bPeripheralContractTests.test_public_concrete_types_and_capabilities_are_explicit) ... ok
2026-09-07T06:04:54.8088451Z test_public_diagnostics_distinguish_runtime_routes_and_serial1 (test_ac02b_b2_contract.Ac02bPeripheralContractTests.test_public_diagnostics_distinguish_runtime_routes_and_serial1) ... ok
2026-09-07T06:04:54.8092074Z test_wire_target_and_extra_instances_are_not_faked (test_ac02b_b2_contract.Ac02bPeripheralContractTests.test_wire_target_and_extra_instances_are_not_faked) ... ok
2026-09-07T06:04:54.8092842Z 
2026-09-07T06:04:54.8093002Z ----------------------------------------------------------------------
2026-09-07T06:04:54.8093340Z Ran 6 tests in 0.004s
2026-09-07T06:04:54.8093474Z 
2026-09-07T06:04:54.8093563Z OK
2026-09-07T06:04:54.8213775Z [M12] exec: C:\hostedtoolcache\windows\Python\3.12.10\x64\python.exe -m unittest discover -v -s D:\a\NU54DK_Arduino_Core\NU54DK_Arduino_Core\tests\host -p test_ac03_storage_contract.py
2026-09-07T06:04:54.9716190Z test_approved_legacy_headers_and_examples_exist (test_ac03_storage_contract.AC03StorageContractTests.test_approved_legacy_headers_and_examples_exist)
2026-09-07T06:04:54.9719074Z ! @brief \ub300\ud45c Arduino include\uc640 \uc138 \uacf5\uac1c \uc608\uc81c\ub97c \uac80\uc99d\ud569\ub2c8\ub2e4. ... ok
2026-09-07T06:04:54.9720765Z test_builder_validates_the_effective_linker_partition (test_ac03_storage_contract.AC03StorageContractTests.test_builder_validates_the_effective_linker_partition)
2026-09-07T06:04:54.9800307Z ! @brief generated DTS\uc640 linker map\uc758 \uc77c\uce58\ub97c \uc0b0\ucd9c\ubb3c \uacf5\uac1c \uc804\uc5d0 \uac80\uc99d\ud569\ub2c8\ub2e4. ... ok
2026-09-07T06:04:54.9802076Z test_eeprom_record_and_explicit_commit_contract (test_ac03_storage_contract.AC03StorageContractTests.test_eeprom_record_and_explicit_commit_contract)
2026-09-07T06:04:54.9811101Z ! @brief EEPROM\uc758 mirror, CRC, bounds, \uba85\uc2dc\uc801 commit \uacc4\uc57d\uc744 \uac80\uc99d\ud569\ub2c8\ub2e4. ... ok
2026-09-07T06:04:54.9813837Z test_feature_manifests_are_allowlisted_and_profile_compatible (test_ac03_storage_contract.AC03StorageContractTests.test_feature_manifests_are_allowlisted_and_profile_compatible)
2026-09-07T06:04:54.9846572Z ! @brief EEPROM\uacfc LittleFS\uc758 \uc120\uc5b8\ud615 build \uc785\ub825\uc744 \uac80\uc99d\ud569\ub2c8\ub2e4. ... ok
2026-09-07T06:04:54.9848093Z test_littlefs_default_mount_cannot_format (test_ac03_storage_contract.AC03StorageContractTests.test_littlefs_default_mount_cannot_format)
2026-09-07T06:04:54.9850928Z ! @brief \uae30\ubcf8 mount\uc640 \uba85\uc2dc\uc801 format \uacbd\uacc4\ub97c \uac80\uc99d\ud569\ub2c8\ub2e4. ... ok
2026-09-07T06:04:54.9852506Z test_partition_is_common_exact_and_non_overlapping (test_ac03_storage_contract.AC03StorageContractTests.test_partition_is_common_exact_and_non_overlapping)
2026-09-07T06:04:54.9863879Z ! @brief \ub450 profile\uc774 \uac19\uc740 loaderless flash \ubd84\ud560\uacfc linker \uc124\uc815\uc744 \ud3ec\ud568\ud558\ub294\uc9c0 \uac80\uc99d\ud569\ub2c8\ub2e4. ... ok
2026-09-07T06:04:54.9864908Z 
2026-09-07T06:04:54.9866262Z ----------------------------------------------------------------------
2026-09-07T06:04:54.9866851Z Ran 6 tests in 0.015s
2026-09-07T06:04:54.9867088Z 
2026-09-07T06:04:54.9867225Z OK
2026-09-07T06:04:55.0038858Z [M12] exec: C:\hostedtoolcache\windows\Python\3.12.10\x64\python.exe -m unittest discover -v -s D:\a\NU54DK_Arduino_Core\NU54DK_Arduino_Core\tests\host -p test_build_matrix_runner.py
2026-09-07T06:04:55.4442203Z test_all_nu54dk_testcase_metadata_is_in_canonical_runner (test_build_matrix_runner.BuildMatrixRunnerTests.test_all_nu54dk_testcase_metadata_is_in_canonical_runner)
2026-09-07T06:04:55.4880669Z ! @brief \ub3c5\ub9bd testcase YAML\uc744 \ub300\uc870\ud558\uc5ec \uc0c8 target\uc758 canonical \ubaa9\ub85d \ub204\ub77d\uc744 \uac70\ubd80\ud569\ub2c8\ub2e4. ... ok
2026-09-07T06:04:55.4884821Z ARDUINO_CLI_BOOTSTRAP_RETRY=1/2;DELAY_SECONDS=2
2026-09-07T06:04:55.4888891Z test_arduino_compile_retries_only_bootstrap_failure (test_build_matrix_runner.BuildMatrixRunnerTests.test_arduino_compile_retries_only_bootstrap_failure) ... ok
2026-09-07T06:04:55.4891098Z test_arduino_groups_are_explicit_and_disjoint (test_build_matrix_runner.BuildMatrixRunnerTests.test_arduino_groups_are_explicit_and_disjoint) ... ok
2026-09-07T06:04:55.4893247Z test_child_python_output_is_unbuffered (test_build_matrix_runner.BuildMatrixRunnerTests.test_child_python_output_is_unbuffered) ... ok
2026-09-07T06:04:55.5031670Z test_serial_source_validator_rejects_false_positive_builds (test_build_matrix_runner.BuildMatrixRunnerTests.test_serial_source_validator_rejects_false_positive_builds) ... ok
2026-09-07T06:04:55.5035258Z test_target_subset_never_silently_escapes_group (test_build_matrix_runner.BuildMatrixRunnerTests.test_target_subset_never_silently_escapes_group) ... ok
2026-09-07T06:04:55.5049676Z test_zephyr_failure_summary_identifies_scenario (test_build_matrix_runner.BuildMatrixRunnerTests.test_zephyr_failure_summary_identifies_scenario) ... ok
2026-09-07T06:04:55.5051402Z test_zephyr_groups_partition_every_suite_once (test_build_matrix_runner.BuildMatrixRunnerTests.test_zephyr_groups_partition_every_suite_once) ... ok
2026-09-07T06:04:55.5059705Z test_zephyr_plan_uses_short_isolated_outdirs (test_build_matrix_runner.BuildMatrixRunnerTests.test_zephyr_plan_uses_short_isolated_outdirs) ... ok
2026-09-07T06:04:55.5060617Z 
2026-09-07T06:04:55.5060887Z ----------------------------------------------------------------------
2026-09-07T06:04:55.5061453Z Ran 9 tests in 0.062s
2026-09-07T06:04:55.5061662Z 
2026-09-07T06:04:55.5061780Z OK
2026-09-07T06:04:55.5271331Z [M12] exec: C:\hostedtoolcache\windows\Python\3.12.10\x64\python.exe -m unittest discover -v -s D:\a\NU54DK_Arduino_Core\NU54DK_Arduino_Core\tests\host -p test_compact_tokens.py
2026-09-07T06:04:57.0315218Z test_transactions_match_prior_lease_algorithm (test_compact_tokens.CompactTokenTests.test_transactions_match_prior_lease_algorithm) ... ok
2026-09-07T06:04:57.0315817Z 
2026-09-07T06:04:57.0316014Z ----------------------------------------------------------------------
2026-09-07T06:04:57.0316362Z Ran 1 test in 1.424s
2026-09-07T06:04:57.0316502Z 
2026-09-07T06:04:57.0316589Z OK
2026-09-07T06:04:57.0447072Z [M12] exec: C:\hostedtoolcache\windows\Python\3.12.10\x64\python.exe -m unittest discover -v -s D:\a\NU54DK_Arduino_Core\NU54DK_Arduino_Core\tests\host -p test_fixed_gate_runner.py
2026-09-07T06:04:57.1614930Z test_main_rejects_different_repository_root (test_fixed_gate_runner.FixedGateRunnerTests.test_main_rejects_different_repository_root) ... ok
2026-09-07T06:04:57.1626038Z test_parser_rejects_arbitrary_host_command (test_fixed_gate_runner.FixedGateRunnerTests.test_parser_rejects_arbitrary_host_command) ... ok
2026-09-07T06:04:57.1630234Z test_runtime_fingerprint_normalizes_only_platform_version (test_fixed_gate_runner.FixedGateRunnerTests.test_runtime_fingerprint_normalizes_only_platform_version) ... ok
2026-09-07T06:04:57.1672098Z test_short_workspace_preserves_existing_slot (test_fixed_gate_runner.FixedGateRunnerTests.test_short_workspace_preserves_existing_slot) ... ok
2026-09-07T06:04:57.2160091Z test_short_workspace_rejects_exhausted_slots (test_fixed_gate_runner.FixedGateRunnerTests.test_short_workspace_rejects_exhausted_slots) ... ok
2026-09-07T06:04:57.2178376Z test_short_workspace_rejects_long_path_budget (test_fixed_gate_runner.FixedGateRunnerTests.test_short_workspace_rejects_long_path_budget) ... ok
2026-09-07T06:04:57.2192766Z test_smoke_cli_config_isolates_data_downloads_and_user (test_fixed_gate_runner.FixedGateRunnerTests.test_smoke_cli_config_isolates_data_downloads_and_user) ... ok
2026-09-07T06:04:57.2193810Z test_smoke_scope_uses_only_canonical_m9_name (test_fixed_gate_runner.FixedGateRunnerTests.test_smoke_scope_uses_only_canonical_m9_name) ... ok
2026-09-07T06:04:57.3548455Z test_stage_zephyr_gate_tree_preserves_relative_core_root (test_fixed_gate_runner.FixedGateRunnerTests.test_stage_zephyr_gate_tree_preserves_relative_core_root) ... ok
2026-09-07T06:04:57.3638377Z test_twister_result_binds_report_to_workspace (test_fixed_gate_runner.FixedGateRunnerTests.test_twister_result_binds_report_to_workspace) ... ok
2026-09-07T06:04:57.3714895Z test_twister_result_rejects_non_build_only_status (test_fixed_gate_runner.FixedGateRunnerTests.test_twister_result_rejects_non_build_only_status) ... ok
2026-09-07T06:04:57.3845900Z test_twister_result_requires_exact_build_only_set (test_fixed_gate_runner.FixedGateRunnerTests.test_twister_result_requires_exact_build_only_set) ... ok
2026-09-07T06:04:57.3999618Z test_validate_platform_accepts_exact_identity (test_fixed_gate_runner.FixedGateRunnerTests.test_validate_platform_accepts_exact_identity) ... ok
2026-09-07T06:04:57.4132068Z test_validate_platform_rejects_payload_tampering (test_fixed_gate_runner.FixedGateRunnerTests.test_validate_platform_rejects_payload_tampering) ... ok
2026-09-07T06:04:57.4135214Z test_zephyr_command_uses_short_non_junction_contract (test_fixed_gate_runner.FixedGateRunnerTests.test_zephyr_command_uses_short_non_junction_contract) ... ok
2026-09-07T06:04:57.4185438Z test_zephyr_environment_stages_fixed_demangler (test_fixed_gate_runner.FixedGateRunnerTests.test_zephyr_environment_stages_fixed_demangler) ... ok
2026-09-07T06:04:57.4186066Z 
2026-09-07T06:04:57.4186232Z ----------------------------------------------------------------------
2026-09-07T06:04:57.4186579Z Ran 16 tests in 0.261s
2026-09-07T06:04:57.4186724Z 
2026-09-07T06:04:57.4186800Z OK
2026-09-07T06:04:57.4336857Z [M12] exec: C:\hostedtoolcache\windows\Python\3.12.10\x64\python.exe -m unittest discover -v -s D:\a\NU54DK_Arduino_Core\NU54DK_Arduino_Core\tests\host -p test_host_compiler.py
2026-09-07T06:04:57.5572976Z test_c_flags_are_independent_of_cxx_flags (test_host_compiler.HostCompilerTests.test_c_flags_are_independent_of_cxx_flags) ... ok
2026-09-07T06:04:57.5598683Z test_defaults_preserve_gcc_first_selection (test_host_compiler.HostCompilerTests.test_defaults_preserve_gcc_first_selection) ... ok
2026-09-07T06:04:57.5624460Z test_explicit_compiler_and_arguments_preserve_spaces (test_host_compiler.HostCompilerTests.test_explicit_compiler_and_arguments_preserve_spaces) ... ok
2026-09-07T06:04:57.5725126Z test_invalid_flags_are_rejected_without_shell_parsing (test_host_compiler.HostCompilerTests.test_invalid_flags_are_rejected_without_shell_parsing) ... ok
2026-09-07T06:04:57.5750831Z test_missing_explicit_compiler_does_not_fall_back_or_skip (test_host_compiler.HostCompilerTests.test_missing_explicit_compiler_does_not_fall_back_or_skip) ... ok
2026-09-07T06:04:57.5775655Z test_optional_absence_and_invalid_language (test_host_compiler.HostCompilerTests.test_optional_absence_and_invalid_language) ... ok
2026-09-07T06:04:57.5776305Z 
2026-09-07T06:04:57.5776525Z ----------------------------------------------------------------------
2026-09-07T06:04:57.5776951Z Ran 6 tests in 0.025s
2026-09-07T06:04:57.5777442Z 
2026-09-07T06:04:57.5777526Z OK
2026-09-07T06:04:57.5947724Z [M12] exec: C:\hostedtoolcache\windows\Python\3.12.10\x64\python.exe -m unittest discover -v -s D:\a\NU54DK_Arduino_Core\NU54DK_Arduino_Core\tests\host -p test_m10_prerequisites.py
2026-09-07T06:04:57.7366394Z test_builder_launcher_isolates_embedded_python_runtime (test_m10_prerequisites.M10PrerequisiteContractTests.test_builder_launcher_isolates_embedded_python_runtime)
2026-09-07T06:04:57.7553868Z ! @brief \uc678\ubd80 Python \ud658\uacbd\uc774 NCS Toolchain \ud45c\uc900 library\ub97c \uc624\uc5fc\uc2dc\ud0a4\uc9c0 \ubabb\ud558\uac8c \ud569\ub2c8\ub2e4. ... ok
2026-09-07T06:04:57.7555179Z test_builder_launcher_searches_exact_user_toolchain_first (test_m10_prerequisites.M10PrerequisiteContractTests.test_builder_launcher_searches_exact_user_toolchain_first)
2026-09-07T06:04:57.7657963Z ! @brief Arduino process\uac00 PATH \uc5c6\uc774 \uc0ac\uc6a9\uc790 profile\uc758 \uace0\uc815 Python\uc744 \ucc3e\uc2b5\ub2c8\ub2e4. ... ok
2026-09-07T06:04:57.7658878Z test_changed_pin_hash_is_rejected (test_m10_prerequisites.M10PrerequisiteContractTests.test_changed_pin_hash_is_rejected)
2026-09-07T06:04:57.7783146Z ! @brief package pin byte\uac00 \ubc14\ub00c\uba74 \uacfc\uac70 \uc644\ub8cc marker\ub97c \uc7ac\uc0ac\uc6a9\ud558\uc9c0 \uc54a\uc2b5\ub2c8\ub2e4. ... ok
2026-09-07T06:04:57.7784198Z test_empty_explicit_ncs_root_does_not_fall_back (test_m10_prerequisites.M10PrerequisiteContractTests.test_empty_explicit_ncs_root_does_not_fall_back)
2026-09-07T06:04:57.7906168Z ! @brief \ud658\uacbd \ubcc0\uc218\ub97c \ube48 \uac12\uc73c\ub85c \uba85\uc2dc\ud574\ub3c4 \uae30\uc874 NCS\ub97c \uc120\ud0dd\ud558\uc9c0 \uc54a\uc2b5\ub2c8\ub2e4. ... ok
2026-09-07T06:04:57.7907210Z test_explicit_ncs_root_is_authoritative (test_m10_prerequisites.M10PrerequisiteContractTests.test_explicit_ncs_root_is_authoritative)
2026-09-07T06:04:57.8079231Z ! @brief \uba85\uc2dc\ud55c NCS root\ub9cc \uc120\ud0dd\ud558\uace0 \uae30\ubcf8 \uc124\uce58 \ud6c4\ubcf4\ub97c \uc870\ud68c\ud558\uc9c0 \uc54a\uc2b5\ub2c8\ub2e4. ... ok
2026-09-07T06:04:57.8080444Z test_gitless_revision_falls_back_only_to_valid_release_manifest (test_m10_prerequisites.M10PrerequisiteContractTests.test_gitless_revision_falls_back_only_to_valid_release_manifest)
2026-09-07T06:04:57.8784302Z ! @brief \uc0c1\uc704 Git\uc744 \uc624\uc778\ud558\uc9c0 \uc54a\uace0 40\uc790\ub9ac archive revision\ub9cc \uc0ac\uc6a9\ud569\ub2c8\ub2e4. ... ok
2026-09-07T06:04:57.8785407Z test_incomplete_or_wrong_ready_marker_is_rejected (test_m10_prerequisites.M10PrerequisiteContractTests.test_incomplete_or_wrong_ready_marker_is_rejected)
2026-09-07T06:04:57.9062471Z ! @brief incomplete \uc0c1\ud0dc\uc640 \ub2e4\ub978 Toolchain marker\ub97c \ubaa8\ub450 fail-closed \ucc98\ub9ac\ud569\ub2c8\ub2e4. ... ok
2026-09-07T06:04:57.9063581Z test_installer_is_user_scoped_resumable_and_version_checked (test_m10_prerequisites.M10PrerequisiteContractTests.test_installer_is_user_scoped_resumable_and_version_checked)
2026-09-07T06:04:57.9263531Z ! @brief \uc124\uce58\uae30\ub294 \uc0ac\uc6a9\uc790 \uacbd\ub85c\uc640 \ub2e8\uacc4 marker\ub9cc \uc0ac\uc6a9\ud558\uace0 \uace0\uc815 version\uc744 \ud655\uc778\ud569\ub2c8\ub2e4. ... ok
2026-09-07T06:04:57.9264740Z test_installer_sets_utf8_before_any_runtime_output (test_m10_prerequisites.M10PrerequisiteContractTests.test_installer_sets_utf8_before_any_runtime_output)
2026-09-07T06:04:57.9362777Z ! @brief \uc124\uce58\uae30\uac00 \uccab \ucd9c\ub825 \uc804\uc5d0 PS 5.1 console\uacfc native pipe\ub97c UTF-8\ub85c \uace0\uc815\ud569\ub2c8\ub2e4. ... ok
2026-09-07T06:04:57.9363998Z test_installer_uses_powershell_51_compatible_log_append (test_m10_prerequisites.M10PrerequisiteContractTests.test_installer_uses_powershell_51_compatible_log_append)
2026-09-07T06:05:00.3084510Z ! @brief PS 5.1\uc5d0\uc11c \ud5c8\uc6a9\ub418\uc9c0 \uc54a\ub294 Tee \ub9e4\uac1c \ubcc0\uc218 \uc870\ud569\uc744 \ucc28\ub2e8\ud569\ub2c8\ub2e4. ... ok
2026-09-07T06:05:00.3086019Z test_invalid_explicit_ncs_root_does_not_fall_back (test_m10_prerequisites.M10PrerequisiteContractTests.test_invalid_explicit_ncs_root_does_not_fall_back)
2026-09-07T06:05:00.3261474Z ! @brief \uaca9\ub9ac NCS\uac00 \uc5c6\uc744 \ub54c \uae30\uc874 \uc0ac\uc6a9\uc790�C \ub4dc\ub77c\uc774\ube0c \uc124\uce58\ub85c \uc0c8\uc9c0 \uc54a\uc2b5\ub2c8\ub2e4. ... ok
2026-09-07T06:05:00.3263671Z test_matching_release_manifest_and_ready_marker_are_accepted (test_m10_prerequisites.M10PrerequisiteContractTests.test_matching_release_manifest_and_ready_marker_are_accepted)
2026-09-07T06:05:00.3392329Z ! @brief package, pin\uacfc \uc124\uce58 marker\uc758 3-way identity\uac00 \uac19\uc73c\uba74 \uc2b9\uc778\ud569\ub2c8\ub2e4. ... ok
2026-09-07T06:05:00.3393380Z test_packaged_revisions_use_bundled_git_with_empty_path (test_m10_prerequisites.M10PrerequisiteContractTests.test_packaged_revisions_use_bundled_git_with_empty_path)
2026-09-07T06:05:00.3707516Z ! @brief system Git\uc774 \uc5c6\uc5b4\ub3c4 NCS/Zephyr\ub294 Toolchain Git\uc73c\ub85c\ub9cc \uc870\ud68c\ud569\ub2c8\ub2e4. ... ok
2026-09-07T06:05:00.3708652Z test_packaged_toolchain_discovery_requires_only_pinned_bundle (test_m10_prerequisites.M10PrerequisiteContractTests.test_packaged_toolchain_discovery_requires_only_pinned_bundle)
2026-09-07T06:05:00.4085925Z ! @brief package\ub294 env\uc640 registry\uc758 \ub2e4\ub978 bundle\uc744 \ubb34\uc2dc\ud558\uace0 exact pin\ub9cc \uc120\ud0dd\ud569\ub2c8\ub2e4. ... ok
2026-09-07T06:05:00.4087320Z test_pin_file_fixes_official_bytes_and_all_nordic_versions (test_m10_prerequisites.M10PrerequisiteContractTests.test_pin_file_fixes_official_bytes_and_all_nordic_versions)
2026-09-07T06:05:00.4195135Z ! @brief \uacf5\uc2dd URL, byte hash\uc640 SDK/Toolchain revision\uc774 \uc815\ud655\ud788 \uace0\uc815\ub429\ub2c8\ub2e4. ... ok
2026-09-07T06:05:00.4196177Z test_post_install_cmd_emits_strict_utf8_for_korean_output (test_m10_prerequisites.M10PrerequisiteContractTests.test_post_install_cmd_emits_strict_utf8_for_korean_output)
2026-09-07T06:05:00.9918993Z ! @brief Arduino gRPC\uc5d0 \uc804\ub2ec\ud560 \ud55c\uae00 \ucd9c\ub825\uc744 \uc5c4\uaca9\ud55c UTF-8\ub85c \ubcf4\uc7a5\ud569\ub2c8\ub2e4. ... ok
2026-09-07T06:05:00.9921006Z test_post_install_cmd_preserves_quoted_platform_root_and_exit_code (test_m10_prerequisites.M10PrerequisiteContractTests.test_post_install_cmd_preserves_quoted_platform_root_and_exit_code)
2026-09-07T06:05:01.5193151Z ! @brief trailing slash\uc640 \uacf5\ubc31\uc774 \uc788\ub294 package root\ub97c \uc2e4\uc81c CMD \ud638\ucd9c\ub85c \ubcf4\uc874\ud569\ub2c8\ub2e4. ... ok
2026-09-07T06:05:01.5194496Z test_post_install_propagates_powershell_exit_code (test_m10_prerequisites.M10PrerequisiteContractTests.test_post_install_propagates_powershell_exit_code)
2026-09-07T06:05:01.5304250Z ! @brief Arduino hook\uac00 \uc124\uce58 \uc2e4\ud328\ub97c \uc131\uacf5\uc73c\ub85c \uc228\uae30\uc9c0 \uc54a\uc2b5\ub2c8\ub2e4. ... ok
2026-09-07T06:05:01.5305272Z test_powershell_install_and_verify_scripts_parse (test_m10_prerequisites.M10PrerequisiteContractTests.test_powershell_install_and_verify_scripts_parse)
2026-09-07T06:05:02.0228409Z ! @brief clean Windows\uc5d0\uc11c \uc2e4\ud589\ud560 \ub450 PowerShell script\uac00 parser \uc624\ub958 \uc5c6\uc774 \uc77d\ud799\ub2c8\ub2e4. ... ok
2026-09-07T06:05:02.0229926Z test_powershell_scripts_do_not_depend_on_hash_module_autoload (test_m10_prerequisites.M10PrerequisiteContractTests.test_powershell_scripts_do_not_depend_on_hash_module_autoload)
2026-09-07T06:05:02.0338572Z ! @brief clean PowerShell\uc5d0\uc11c SHA-256 cmdlet \uc790\ub3d9 \ub85c\ub4dc\uc5d0 \uc758\uc874\ud558\uc9c0 \uc54a\uc2b5\ub2c8\ub2e4. ... ok
2026-09-07T06:05:02.0340177Z test_sdk_manager_requirement_uses_exact_version_operator (test_m10_prerequisites.M10PrerequisiteContractTests.test_sdk_manager_requirement_uses_exact_version_operator)
2026-09-07T06:05:02.0444656Z ! @brief nRF Util installation set\uc774 sdk-manager patch version\uae4c\uc9c0 \uace0\uc815\ud569\ub2c8\ub2e4. ... ok
2026-09-07T06:05:02.0447148Z test_toolchain_manifest_bundle_id_is_verified (test_m10_prerequisites.M10PrerequisiteContractTests.test_toolchain_manifest_bundle_id_is_verified)
2026-09-07T06:05:02.0581507Z ! @brief directory \uc774\ub984\uacfc \ub0b4\ubd80 Nordic bundle metadata\uac00 \ubaa8\ub450 pin\uacfc \uac19\uc544\uc57c \ud569\ub2c8\ub2e4. ... ok
2026-09-07T06:05:02.0583509Z test_verifier_checks_reused_marker_version_and_normalized_nrfutil_path (test_m10_prerequisites.M10PrerequisiteContractTests.test_verifier_checks_reused_marker_version_and_normalized_nrfutil_path)
2026-09-07T06:05:02.0680660Z ! @brief verifier\uac00 Builder\uc640 \uac19\uc740 ready marker version/path \uacc4\uc57d\uc744 \uc801\uc6a9\ud569\ub2c8\ub2e4. ... ok
2026-09-07T06:05:02.0682508Z test_verify_script_initializes_utf8_before_runtime_setup (test_m10_prerequisites.M10PrerequisiteContractTests.test_verify_script_initializes_utf8_before_runtime_setup)
2026-09-07T06:05:02.0780749Z ! @brief \uac80\uc99d subprocess\ub3c4 \uccab \ucd9c\ub825 \uc804\uc5d0 UTF-8 \ucd9c\ub825\uc744 \uace0\uc815\ud569\ub2c8\ub2e4. ... ok
2026-09-07T06:05:02.0782005Z 
2026-09-07T06:05:02.0782237Z ----------------------------------------------------------------------
2026-09-07T06:05:02.0782763Z Ran 24 tests in 4.342s
2026-09-07T06:05:02.0782961Z 
2026-09-07T06:05:02.0783073Z OK
2026-09-07T06:05:02.0987849Z [M12] exec: C:\hostedtoolcache\windows\Python\3.12.10\x64\python.exe -m unittest discover -v -s D:\a\NU54DK_Arduino_Core\NU54DK_Arduino_Core\tests\host -p test_m10_remote_runner.py
2026-09-07T06:05:02.1839891Z test_arduino_cli_15_uses_supported_json_flags (test_m10_remote_runner.M10RemoteRunnerContractTests.test_arduino_cli_15_uses_supported_json_flags)
2026-09-07T06:05:02.1841930Z ! @brief \ub300\uc0c1 Arduino CLI 1.5 \uacc4\uc5f4\uc774 \uc9c0\uc6d0\ud558\ub294 global JSON flag\ub97c \uc0ac\uc6a9\ud569\ub2c8\ub2e4. ... ok
2026-09-07T06:05:02.1843669Z test_checkpoint_writes_are_atomic_and_write_through (test_m10_remote_runner.M10RemoteRunnerContractTests.test_checkpoint_writes_are_atomic_and_write_through)
2026-09-07T06:05:03.4836030Z ! @brief state/evidence\uac00 \uac19\uc740 directory\uc758 \uc784\uc2dc \ud30c\uc77c\uc5d0\uc11c \uc6d0\uc790 \uad50\uccb4\ub429\ub2c8\ub2e4. ... ok
2026-09-07T06:05:03.4838019Z test_clean_baseline_requires_absent_ncs_and_prerequisite_state (test_m10_remote_runner.M10RemoteRunnerContractTests.test_clean_baseline_requires_absent_ncs_and_prerequisite_state)
2026-09-07T06:05:03.4839940Z ! @brief fresh M10 run\uc740 \uae30\uc874 Nordic \uc124\uce58\ub97c clean \uc124\uce58\ub85c \uc624\uc778\ud558\uc9c0 \uc54a\uc2b5\ub2c8\ub2e4. ... ok
2026-09-07T06:05:03.4841438Z test_complete_lifecycle_is_checkpointed (test_m10_remote_runner.M10RemoteRunnerContractTests.test_complete_lifecycle_is_checkpointed)
2026-09-07T06:05:03.4842939Z ! @brief \uc124\uce58\ubd80\ud130 uninstall \ubc0f reinstall\uae4c\uc9c0 \ubaa8\ub4e0 \ub2e8\uacc4 \uc774\ub984\uc744 \uace0\uc815\ud569\ub2c8\ub2e4. ... ok
2026-09-07T06:05:03.4844747Z test_exact_arduino_cli_identity_is_asserted_and_recorded (test_m10_remote_runner.M10RemoteRunnerContractTests.test_exact_arduino_cli_identity_is_asserted_and_recorded)
2026-09-07T06:05:03.4846809Z ! @brief version \ubb38\uc790\uc5f4\ubfd0 \uc544\ub2c8\ub77c commit\uacfc \uc2e4\ud589 \ud30c\uc77c hash\ub3c4 \uace0\uc815\ud569\ub2c8\ub2e4. ... ok
2026-09-07T06:05:03.4848512Z test_failed_post_install_can_be_retried_for_an_installed_core (test_m10_remote_runner.M10RemoteRunnerContractTests.test_failed_post_install_can_be_retried_for_an_installed_core)
2026-09-07T06:05:03.8486599Z ! @brief CLI\uac00 \uc124\uce58\ub428\uc73c\ub85c \ub0a8\uae34 core\ub3c4 post-install\uc744 \uc9c1\uc811 \uc7ac\uc2e4\ud589\ud569\ub2c8\ub2e4. ... ok
2026-09-07T06:05:03.8487721Z test_idempotent_uninstall_runs_once_when_core_is_installed (test_m10_remote_runner.M10RemoteRunnerContractTests.test_idempotent_uninstall_runs_once_when_core_is_installed)
2026-09-07T06:05:04.2296425Z ! @brief \uc815\uc0c1 \uc124\uce58 \uc0c1\ud0dc\uc5d0\uc11c\ub294 uninstall\uc744 \uc815\ud655\ud788 \ud55c \ubc88 \ud638\ucd9c\ud569\ub2c8\ub2e4. ... ok
2026-09-07T06:05:04.2298549Z test_index_cannot_redirect_to_an_arbitrary_archive (test_m10_remote_runner.M10RemoteRunnerContractTests.test_index_cannot_redirect_to_an_arbitrary_archive)
2026-09-07T06:05:04.2299616Z ! @brief index\uc758 filename\uacfc EIDOSDATA release URL\uc744 version\ubcc4\ub85c \uace0\uc815\ud569\ub2c8\ub2e4. ... ok
2026-09-07T06:05:04.2300570Z test_installed_release_byte_provenance_is_in_evidence (test_m10_remote_runner.M10RemoteRunnerContractTests.test_installed_release_byte_provenance_is_in_evidence)
2026-09-07T06:05:04.2301745Z ! @brief \uc124\uce58 archive\uc640 release manifest\uc758 commit/checksum identity\ub97c \ub0a8\uae41\ub2c8\ub2e4. ... ok
2026-09-07T06:05:04.2302911Z test_local_runner_has_windows_powershell_utf8_signature (test_m10_remote_runner.M10RemoteRunnerContractTests.test_local_runner_has_windows_powershell_utf8_signature)
2026-09-07T06:05:04.2304023Z ! @brief \ud55c\uae00 \uc2e4\ud589\uae30\ub97c \uc601\ubb38 Windows PowerShell 5.1\ub3c4 UTF-8\ub85c \uc77d\uac8c \ud569\ub2c8\ub2e4. ... ok
2026-09-07T06:05:04.2304987Z test_multi_probe_failure_preserves_count_in_evidence (test_m10_remote_runner.M10RemoteRunnerContractTests.test_multi_probe_failure_preserves_count_in_evidence)
2026-09-07T06:05:04.2306044Z ! @brief \uc120\ud0dd \uc5c6\ub294 multi-probe \uc2e4\ud328 evidence\uc5d0 \uc2e4\uc81c count\uc640 \ucc28\ub2e8 \uc0ac\uc720\ub97c \ub0a8\uae41\ub2c8\ub2e4. ... ok
2026-09-07T06:05:04.2307101Z test_native_command_returns_one_object_under_strict_mode (test_m10_remote_runner.M10RemoteRunnerContractTests.test_native_command_returns_one_object_under_strict_mode)
2026-09-07T06:05:05.7194335Z ! @brief PS 5.1 Task \uacb0\uacfc\uac00 success stream\uc5d0 \uc11e\uc5ec JSON \uacb0\uacfc\ub97c \ubc30\uc5f4\ub85c \ub9cc\ub4e4\uc9c0 \uc54a\uc2b5\ub2c8\ub2e4. ... ok
2026-09-07T06:05:05.7195459Z test_native_output_is_disk_spooled_and_tail_bounded (test_m10_remote_runner.M10RemoteRunnerContractTests.test_native_output_is_disk_spooled_and_tail_bounded)
2026-09-07T06:05:07.6877687Z ! @brief \uc7a5\uc2dc\uac04 native \ucd9c\ub825\uc740 file\ub85c \ud758\ub9ac\uace0 \uc81c\ud55c\ub41c tail\ub9cc \uba54\ubaa8\ub9ac\uc5d0 \ubc18\ud658\ud569\ub2c8\ub2e4. ... ok
2026-09-07T06:05:07.6879190Z test_nordic_verifier_is_invoked_from_installed_platform (test_m10_remote_runner.M10RemoteRunnerContractTests.test_nordic_verifier_is_invoked_from_installed_platform)
2026-09-07T06:05:07.6880177Z ! @brief \uc124\uce58\ub41c core \ub0b4\ubd80 verifier\ub97c JSON mode\ub85c \uba85\uc2dc \uc2e4\ud589\ud569\ub2c8\ub2e4. ... ok
2026-09-07T06:05:07.6881076Z test_powershell_51_parser_accepts_both_scripts (test_m10_remote_runner.M10RemoteRunnerContractTests.test_powershell_51_parser_accepts_both_scripts)
2026-09-07T06:05:08.1032907Z ! @brief Windows PowerShell parser\uac00 \ub450 \ud30c\uc77c\uc744 \uc624\ub958 \uc5c6\uc774 \ud574\uc11d\ud569\ub2c8\ub2e4. ... ok
2026-09-07T06:05:08.1034641Z test_probe_identity_and_credentials_are_redacted (test_m10_remote_runner.M10RemoteRunnerContractTests.test_probe_identity_and_credentials_are_redacted)
2026-09-07T06:05:08.1036353Z ! @brief probe UID\uc640 \uc790\uaca9 \uc99d\uba85 \ud615\ud0dc\ub97c \ub450 \uc2e4\ud589\uae30\uc5d0\uc11c \uc81c\uac70\ud569\ub2c8\ub2e4. ... ok
2026-09-07T06:05:08.1038020Z test_probe_is_required_unless_explicitly_relaxed (test_m10_remote_runner.M10RemoteRunnerContractTests.test_probe_is_required_unless_explicitly_relaxed)
2026-09-07T06:05:08.1040176Z ! @brief \uae30\ubcf8 HIL\uc740 probe\ub97c \uc694\uad6c\ud558\uace0 \uc870\uc0ac \uc2e4\ud589\ub9cc \uba85\uc2dc\uc801\uc73c\ub85c \uc0dd\ub7b5\ud569\ub2c8\ub2e4. ... ok
2026-09-07T06:05:08.1042101Z test_public_index_uses_repository_owner (test_m10_remote_runner.M10RemoteRunnerContractTests.test_public_index_uses_repository_owner)
2026-09-07T06:05:08.1043705Z ! @brief \uae30\ubcf8 index\uac00 \uacf5\uac1c EIDOSDATA \uc800\uc7a5\uc18c\ub97c \uac00\ub9ac\ud0a4\ub294\uc9c0 \uac80\uc99d\ud569\ub2c8\ub2e4. ... ok
2026-09-07T06:05:08.1045418Z test_pyocd_api_count_uses_utf8_and_ten_uploads (test_m10_remote_runner.M10RemoteRunnerContractTests.test_pyocd_api_count_uses_utf8_and_ten_uploads)
2026-09-07T06:05:08.1047358Z ! @brief \ud55c\uad6d\uc5b4 Windows\uc5d0\uc11c\ub3c4 probe \uc5f4\uac70\uc640 RC 10\ud68c HIL\uc774 \uc7ac\ud604\ub418\ub294\uc9c0 \uace0\uc815\ud569\ub2c8\ub2e4. ... ok
2026-09-07T06:05:08.1049176Z test_pyocd_api_probe_count_accepts_only_one_integer (test_m10_remote_runner.M10RemoteRunnerContractTests.test_pyocd_api_probe_count_accepts_only_one_integer)
2026-09-07T06:05:09.0601221Z ! @brief pyOCD API\uc758 \ube44\uc2dd\ubcc4 count \ud55c \uac1c\ub9cc \uc548\uc804\ud558\uac8c \ud574\uc11d\ud569\ub2c8\ub2e4. ... ok
2026-09-07T06:05:09.0602239Z test_pyocd_api_probe_count_rejects_ambiguous_output (test_m10_remote_runner.M10RemoteRunnerContractTests.test_pyocd_api_probe_count_rejects_ambiguous_output)
2026-09-07T06:05:10.7211346Z ! @brief \ube48 \uac12, \uc74c\uc218\uc640 \ubd80\uac00 \ucd9c\ub825\uc774 \uc11e\uc778 count\ub97c fail-closed \ucc98\ub9ac\ud569\ub2c8\ub2e4. ... ok
2026-09-07T06:05:10.7213671Z test_resume_fingerprint_pins_runner_cli_index_and_archives (test_m10_remote_runner.M10RemoteRunnerContractTests.test_resume_fingerprint_pins_runner_cli_index_and_archives)
2026-09-07T06:05:10.7215541Z ! @brief mutable main URL\uc774\ub098 \uc2e4\ud589\uae30 \uad50\uccb4\uac00 \uae30\uc874 PASS checkpoint\uc640 \uc11e\uc774\uc9c0 \uc54a\uc2b5\ub2c8\ub2e4. ... ok
2026-09-07T06:05:10.7217174Z test_run_identity_has_one_global_mutex_owner (test_m10_remote_runner.M10RemoteRunnerContractTests.test_run_identity_has_one_global_mutex_owner)
2026-09-07T06:05:11.7911504Z ! @brief \uac19\uc740 RunId\uc758 \ub450 process\uac00 Arduino data\uc640 checkpoint\ub97c \uacf5\uc720\ud558\uc9c0 \uc54a\uc2b5\ub2c8\ub2e4. ... ok
2026-09-07T06:05:11.7912501Z test_ssh_authentication_fails_closed (test_m10_remote_runner.M10RemoteRunnerContractTests.test_ssh_authentication_fails_closed)
2026-09-07T06:05:11.7919055Z ! @brief SSH\uac00 password fallback\uacfc \ubbf8\ud655\uc778 host key\ub97c \ud5c8\uc6a9\ud558\uc9c0 \uc54a\uc2b5\ub2c8\ub2e4. ... ok
2026-09-07T06:05:11.7919980Z test_target_runner_is_ascii_only (test_m10_remote_runner.M10RemoteRunnerContractTests.test_target_runner_is_ascii_only)
2026-09-07T06:05:11.7943376Z ! @brief \ub300\uc0c1 PC \uc804\uc1a1 \ud30c\uc77c\uc5d0 code page \uc758\uc874 \ubb38\uc790\uac00 \uc5c6\uc74c\uc744 \uac80\uc99d\ud569\ub2c8\ub2e4. ... ok
2026-09-07T06:05:11.7945273Z test_target_uses_isolated_arduino_directories (test_m10_remote_runner.M10RemoteRunnerContractTests.test_target_uses_isolated_arduino_directories)
2026-09-07T06:05:11.7947008Z ! @brief run\ubcc4 data, downloads, sketchbook\uacfc build\ub97c \ubd84\ub9ac\ud569\ub2c8\ub2e4. ... ok
2026-09-07T06:05:11.7948383Z test_timeout_and_exit_code_contract_is_fail_closed (test_m10_remote_runner.M10RemoteRunnerContractTests.test_timeout_and_exit_code_contract_is_fail_closed)
2026-09-07T06:05:11.7949806Z ! @brief native command\uac00 timeout\uacfc exit code\ub97c \ubaa8\ub450 \uac80\uc0ac\ud569\ub2c8\ub2e4. ... ok
2026-09-07T06:05:11.7951443Z test_uninstall_crash_window_recovers_when_core_is_already_absent (test_m10_remote_runner.M10RemoteRunnerContractTests.test_uninstall_crash_window_recovers_when_core_is_already_absent)
2026-09-07T06:05:12.1378342Z ! @brief uninstall \ub4a4 checkpoint \uc804 \uc911\ub2e8\ub41c \uc7ac\uac1c\uac00 \uc7ac\uc0ad\uc81c \uc5c6\uc774 \uc131\uacf5\ud569\ub2c8\ub2e4. ... ok
2026-09-07T06:05:12.1379675Z test_versions_and_post_install_are_explicit (test_m10_remote_runner.M10RemoteRunnerContractTests.test_versions_and_post_install_are_explicit)
2026-09-07T06:05:12.1381464Z ! @brief preview version\uacfc post-install \uc2e4\ud589\uc744 \uc554\ubb35\uc801\uc73c\ub85c \uc120\ud0dd\ud558\uc9c0 \uc54a\uc2b5\ub2c8\ub2e4. ... ok
2026-09-07T06:05:12.1382377Z 
2026-09-07T06:05:12.1382600Z ----------------------------------------------------------------------
2026-09-07T06:05:12.1383120Z Ran 29 tests in 9.955s
2026-09-07T06:05:12.1383331Z 
2026-09-07T06:05:12.1383436Z OK
2026-09-07T06:05:12.1496265Z [M12] exec: C:\hostedtoolcache\windows\Python\3.12.10\x64\python.exe -m unittest discover -v -s D:\a\NU54DK_Arduino_Core\NU54DK_Arduino_Core\tests\host -p test_m11_rc_hil.py
2026-09-07T06:05:12.2975294Z test_argument_defaults_preserve_source_mode_and_force_one_rc_upload (test_m11_rc_hil.M11RcHilTests.test_argument_defaults_preserve_source_mode_and_force_one_rc_upload)
2026-09-07T06:05:12.3119505Z ! @brief source mode 10회와 RC mode 1회 기본값을 분리해 보존합니다. ... ok
2026-09-07T06:05:12.3120272Z test_auto_uart_opens_all_candidates_and_selects_unique_token (test_m11_rc_hil.M11RcHilTests.test_auto_uart_opens_all_candidates_and_selects_unique_token)
2026-09-07T06:05:12.3231792Z ! @brief COM3·COM4를 동시에 열고 READY가 있는 하나만 승인합니다. ... ok
2026-09-07T06:05:12.3363804Z test_auto_uart_rejects_ambiguous_or_occupied_candidates (test_m11_rc_hil.M11RcHilTests.test_auto_uart_rejects_ambiguous_or_occupied_candidates)
2026-09-07T06:05:12.3364813Z ! @brief READY 중복과 후보 port 점유를 모두 fail-closed 처리합니다. ... ok
2026-09-07T06:05:12.3365560Z test_build_manifest_rejects_hex_outside_build_and_hash_change (test_m11_rc_hil.M11RcHilTests.test_build_manifest_rejects_hex_outside_build_and_hash_change)
2026-09-07T06:05:12.3658994Z ! @brief HEX path traversal과 compile 뒤 byte 변경을 거부합니다. ... ok
2026-09-07T06:05:12.3659773Z test_command_output_is_bounded_and_keeps_upload_pass_tail (test_m11_rc_hil.M11RcHilTests.test_command_output_is_bounded_and_keeps_upload_pass_tail)
2026-09-07T06:05:12.4035028Z ! @brief 큰 출력은 disk에 spool하고 마지막 upload PASS 표식은 보존합니다. ... ok
2026-09-07T06:05:12.4035911Z test_command_timeout_terminates_descendant_process (test_m11_rc_hil.M11RcHilTests.test_command_timeout_terminates_descendant_process)
2026-09-07T06:05:15.4997897Z ! @brief timeout된 HIL command의 후손 process가 실행을 계속하지 못합니다. ... ok
2026-09-07T06:05:15.4998682Z test_committed_file_hash_ignores_worktree_crlf_conversion (test_m11_rc_hil.M11RcHilTests.test_committed_file_hash_ignores_worktree_crlf_conversion)
2026-09-07T06:05:15.8724446Z ! @brief LF Git blob을 CRLF 작업 파일과 독립적으로 구분합니다. ... ok
2026-09-07T06:05:15.8725131Z test_flash_log_requires_one_safe_pyocd_upload (test_m11_rc_hil.M11RcHilTests.test_flash_log_requires_one_safe_pyocd_upload)
2026-09-07T06:05:15.8909628Z ! @brief exact HEX의 비파괴 pyOCD command 한 건만 승인합니다. ... ok
2026-09-07T06:05:15.8910439Z test_rc_main_compiles_uploads_once_and_writes_identity_evidence (test_m11_rc_hil.M11RcHilTests.test_rc_main_compiles_uploads_once_and_writes_identity_evidence)
2026-09-07T06:05:15.9622637Z ! @brief RC root→compile→pyOCD 1회→UART 순서를 JSON evidence에 고정합니다. ... ok
2026-09-07T06:05:15.9623801Z test_rejects_manifest_path_traversal_and_unexpected_file (test_m11_rc_hil.M11RcHilTests.test_rejects_manifest_path_traversal_and_unexpected_file)
2026-09-07T06:05:15.9924087Z ! @brief manifest traversal과 package 밖 추가 payload를 모두 거부합니다. ... ok
2026-09-07T06:05:15.9924834Z test_validates_and_byte_exactly_stages_rc_platform (test_m11_rc_hil.M11RcHilTests.test_validates_and_byte_exactly_stages_rc_platform)
2026-09-07T06:05:16.0621538Z ! @brief 원본과 staged root가 같은 tree identity를 가져야 합니다. ... ok
2026-09-07T06:05:16.0622439Z 
2026-09-07T06:05:16.0622732Z ----------------------------------------------------------------------
2026-09-07T06:05:16.0623324Z Ran 11 tests in 3.765s
2026-09-07T06:05:16.0623537Z 
2026-09-07T06:05:16.0623640Z OK
2026-09-07T06:05:16.0624557Z [NU54] command output truncated to final 32 MiB
2026-09-07T06:05:16.0645274Z xxxxxxxxxxxxxxxxxxxxxxxxxxxxxxxxxxxxxxxxxxxxxxxxxxxxxxxxxxxxxxxxxxxxxxxxxxxxxxxxxxxxxxxxxxxxxxxxxxxxxxxxxxxxxxxxxxxxxxxxxxxxxxxxxxxxxxxxxxxxxxxxxxxxxxxxxxxxxxxxxxxxxxxxxxxxxxxxxxxxxxxxxxxxxxxxxxxxxxxxxxxxxxxxxxxxxxxxxxxxxxxxxxxxxxxxxxxxxxxxxxxxxxxxxxxxxxxxxxxxxxxxxxxxxxxxxxxxxxxxxxxxxxxxxxxxxxxxxxxxxxxxxxxxxxxxxxxxxxxxxxxxxxxxxxxxxxxxxxxxxxxxxxxxxxxxxxxxxxxxxxxxxxxxxxxxxxxxxxxxxxxxxxxxxxxxxxxxxxxxxxxxxxxxxxxxxxxxxxxxxxxxxxxxxxxxxxxxxxxxxxxxxxxxxxxxxxxxxxxxxxxxxxxxxxxxxxxxxxxxxxxxxxxxxxxxxxxxxxxxxxxxxxxxxxxxxxxxxxxxxxxxxxxxxxxxxxxxxxxxxxxxxxxxxxxxxxxxxxxxxxxxxxxxxxxxxxxxxxxxxxxxxxxxxxxxxxxxxxxxxxxxxxxxxxxxxxxxxxxxxxxxxxxxxxxxxxxxxxxxxxxxxxxxxxxxxxxxxxxxxxxxxxxxxxxxxxxxxxxxxxxxxxxxxxxxxxxxxxxxxxxxxxxxxxxxxxxxxxxxxxxxxxxxxxxxxxxxxxxxxxxxxxxxxxxxxxxxxxxxxxxxxxxxxxxxxxxxxxxxxxxxxxxxxxxxxxxxxxxxxxxxxxxxxxxxxxxxxxxxxxxxxxxxxxxxxxxxxxxxxxxxxxxxxxxxxxxxxxxxxxxxxxxxxxxxxxxxxxxxxxxxxxxxxxxxxxxxxxxxxxxxxxxxxxxxxxxxxxxxxxxxxxxxxxxxxxxxxxxxxxxxx
2026-09-07T06:05:16.0665472Z NU54_UPLOAD_PASS runner=pyocd
2026-09-07T06:05:16.0665832Z NUCODE_M8_UPLOAD_ATTEMPT:1/1
2026-09-07T06:05:16.0666184Z NUCODE_M8_UPLOAD_ATTEMPT_PASS:1/1
2026-09-07T06:05:16.0667671Z M8_UPLOAD_HIL_PASS runner=pyocd repetitions=1 hex_sha256=3f8e73b74c458dcf96bcdf19bf482239a9abf5ced2b78737a4418d6035c81a03 result=C:\Users\runneradmin\AppData\Local\Temp\nu54-m11-rc-hil-s8l4obsy\workspace\20260907T060515-899602Z\m8-upload-result.json
2026-09-07T06:05:16.0818918Z [M12] exec: C:\hostedtoolcache\windows\Python\3.12.10\x64\python.exe -m unittest discover -v -s D:\a\NU54DK_Arduino_Core\NU54DK_Arduino_Core\tests\host -p test_m11_release.py
2026-09-07T06:05:27.5999545Z test_00_m11_rejects_the_m18_release_candidate (test_m11_release.M11ReleaseTests.test_00_m11_rejects_the_m18_release_candidate)
2026-09-07T06:05:27.6025945Z ! @brief M11 역사적 자동화가 v0.2 RC를 받아들이지 않는지 검증합니다. ... usage: python.exe -m unittest prepare [-h] [--repo-root REPO_ROOT]
2026-09-07T06:05:27.6026834Z                                       --output-dir OUTPUT_DIR --version
2026-09-07T06:05:27.6027420Z                                       {0.1.0-rc.2} [--commit COMMIT]
2026-09-07T06:05:27.6028260Z python.exe -m unittest prepare: error: argument --version: invalid choice: '0.2.0-rc.1' (choose from 0.1.0-rc.2)
2026-09-07T06:05:27.6029075Z ok
2026-09-07T06:05:27.7063771Z test_01_rc_package_and_index_have_separate_identity (test_m11_release.M11ReleaseTests.test_01_rc_package_and_index_have_separate_identity) ... ok
2026-09-07T06:05:27.7064951Z test_02_published_stable_rebuild_and_mixed_channels_fail (test_m11_release.M11ReleaseTests.test_02_published_stable_rebuild_and_mixed_channels_fail)
2026-09-07T06:05:27.7694533Z ! @brief 개발 HEAD에서 공개 stable을 덮어쓰지 못하고 채널 혼합도 거부합니다. ... ok
2026-09-07T06:05:27.8658186Z test_03_plan_binds_all_artifacts_and_human_boundary (test_m11_release.M11ReleaseTests.test_03_plan_binds_all_artifacts_and_human_boundary) ... ok
2026-09-07T06:05:27.8787797Z test_04_plan_rejects_tampered_artifact (test_m11_release.M11ReleaseTests.test_04_plan_rejects_tampered_artifact) ... ok
2026-09-07T06:05:28.0465524Z test_05_command_gate_redacts_output_and_binds_plan (test_m11_release.M11ReleaseTests.test_05_command_gate_redacts_output_and_binds_plan) ... ok
2026-09-07T06:05:28.1756149Z test_06_failed_command_never_becomes_pass_evidence (test_m11_release.M11ReleaseTests.test_06_failed_command_never_becomes_pass_evidence) ... ok
2026-09-07T06:05:28.7481110Z test_07_extracted_package_placeholder_points_to_fixed_rc (test_m11_release.M11ReleaseTests.test_07_extracted_package_placeholder_points_to_fixed_rc) ... ok
2026-09-07T06:05:29.7946200Z test_08_documentation_must_be_exact_committed_blob (test_m11_release.M11ReleaseTests.test_08_documentation_must_be_exact_committed_blob) ... ok
2026-09-07T06:05:30.7428628Z test_09_m10_import_requires_clean_machine_and_safe_preview_generation (test_m11_release.M11ReleaseTests.test_09_m10_import_requires_clean_machine_and_safe_preview_generation) ... ok
2026-09-07T06:05:30.8385147Z test_10_finalize_reports_hold_when_required_gate_is_missing (test_m11_release.M11ReleaseTests.test_10_finalize_reports_hold_when_required_gate_is_missing) ... ok
2026-09-07T06:05:34.3482269Z test_11_all_technical_gates_still_require_human_stable_approval (test_m11_release.M11ReleaseTests.test_11_all_technical_gates_still_require_human_stable_approval) ... ok
2026-09-07T06:05:34.3518149Z test_12_forged_evidence_type_is_rejected (test_m11_release.M11ReleaseTests.test_12_forged_evidence_type_is_rejected) ... ok
2026-09-07T06:05:34.3519329Z test_13_documentation_cannot_be_replaced_by_a_command_gate (test_m11_release.M11ReleaseTests.test_13_documentation_cannot_be_replaced_by_a_command_gate)
2026-09-07T06:05:34.3521738Z ! @brief 종료 코드 0인 임의 명령이 exact 문서 blob gate를 대신하지 못합니다. ... ok
2026-09-07T06:05:34.3522932Z test_14_command_evidence_requires_redacted_log_and_full_schema (test_m11_release.M11ReleaseTests.test_14_command_evidence_requires_redacted_log_and_full_schema)
2026-09-07T06:05:34.4920022Z ! @brief log나 실행 field가 빠진 합성 PASS JSON을 finalize에서 거부합니다. ... ok
2026-09-07T06:05:34.4921388Z test_15_redaction_covers_bearer_json_and_github_environment_tokens (test_m11_release.M11ReleaseTests.test_15_redaction_covers_bearer_json_and_github_environment_tokens)
2026-09-07T06:05:34.4948162Z ! @brief 공개 log에 흔한 GitHub token 표기 변형을 모두 제거합니다. ... ok
2026-09-07T06:05:34.4949416Z test_16_plan_and_archive_never_accept_an_empty_commit (test_m11_release.M11ReleaseTests.test_16_plan_and_archive_never_accept_an_empty_commit)
2026-09-07T06:05:34.5216607Z ! @brief 빈 core revision으로 exact commit 비교를 우회하지 못합니다. ... ok
2026-09-07T06:05:34.5217541Z test_17_documentation_evidence_is_rechecked_against_git_blob (test_m11_release.M11ReleaseTests.test_17_documentation_evidence_is_rechecked_against_git_blob)
2026-09-07T06:05:35.5380970Z ! @brief file evidence의 size·SHA·Git object를 finalize 시점에 다시 검증합니다. ... ok
2026-09-07T06:05:35.5382212Z test_18_imported_m10_gate_rechecks_frozen_raw_evidence (test_m11_release.M11ReleaseTests.test_18_imported_m10_gate_rechecks_frozen_raw_evidence)
2026-09-07T06:05:36.0710514Z ! @brief import 뒤 원본 M10 JSON이 바뀌면 gate validation을 실패시킵니다. ... ok
2026-09-07T06:05:36.0712066Z test_19_command_log_is_bounded_while_preserving_redaction (test_m11_release.M11ReleaseTests.test_19_command_log_is_bounded_while_preserving_redaction)
2026-09-07T06:05:36.2097144Z ! @brief 큰 command 출력도 공개 log 상한 안에서 정제해 기록합니다. ... ok
2026-09-07T06:05:36.2097887Z test_20_post_gate_source_failure_preserves_log_bound (test_m11_release.M11ReleaseTests.test_20_post_gate_source_failure_preserves_log_bound)
2026-09-07T06:05:36.3382979Z ! @brief 실행 후 source 실패를 덧붙여도 공개 log byte 상한을 넘지 않습니다. ... ok
2026-09-07T06:05:36.3383699Z test_21_timeout_terminates_descendant_processes (test_m11_release.M11ReleaseTests.test_21_timeout_terminates_descendant_processes)
2026-09-07T06:05:39.4976184Z ! @brief timeout 시 직접 자식뿐 아니라 command의 후손 process도 종료합니다. ... ok
2026-09-07T06:05:39.4977059Z test_22_m10_followup_allows_only_ancestor_documentation_and_tests (test_m11_release.M11ReleaseTests.test_22_m10_followup_allows_only_ancestor_documentation_and_tests)
2026-09-07T06:05:39.4985092Z ! @brief M10 이후 허용 경로만 바뀐 ancestor 이력을 수용합니다. ... ok
2026-09-07T06:05:39.4985803Z test_23_m10_runtime_payload_mismatch_is_rejected (test_m11_release.M11ReleaseTests.test_23_m10_runtime_payload_mismatch_is_rejected)
2026-09-07T06:05:39.5707008Z ! @brief archive 이름과 commit을 맞춰도 runtime payload가 다르면 거부합니다. ... ok
2026-09-07T06:05:39.5708204Z test_24_imported_m10_records_runtime_provenance (test_m11_release.M11ReleaseTests.test_24_imported_m10_records_runtime_provenance)
2026-09-07T06:05:40.1667408Z ! @brief 가져온 gate가 M10/RC revision과 허용 diff를 동결합니다. ... ok
2026-09-07T06:05:40.1668146Z test_25_run_gate_cli_rejects_arbitrary_command_tail (test_m11_release.M11ReleaseTests.test_25_run_gate_cli_rejects_arbitrary_command_tail)
2026-09-07T06:05:40.1691183Z ! @brief 종료 코드 0인 임의 argv를 public gate CLI에 주입할 수 없습니다. ... usage: python.exe -m unittest [-h]
2026-09-07T06:05:40.1693344Z                               {prepare,validate-plan,run-gate,record-docs,import-m10,finalize}
2026-09-07T06:05:40.1693770Z                               ...
2026-09-07T06:05:40.1694359Z python.exe -m unittest: error: unrecognized arguments: -- C:\hostedtoolcache\windows\Python\3.12.10\x64\python.exe -c raise SystemExit(0)
2026-09-07T06:05:40.1695297Z ok
2026-09-07T06:05:40.1696071Z test_26_fixed_gate_contract_pins_repo_runner_and_exact_scope (test_m11_release.M11ReleaseTests.test_26_fixed_gate_contract_pins_repo_runner_and_exact_scope)
2026-09-07T06:05:40.1696955Z ! @brief gate 계약이 runner blob·archive·CLI·시험 범위를 모두 고정합니다. ... ok
2026-09-07T06:05:40.1697579Z test_27_rc_hil_result_byte_tamper_is_rejected (test_m11_release.M11ReleaseTests.test_27_rc_hil_result_byte_tamper_is_rejected)
2026-09-07T06:05:40.2390859Z ! @brief 동결한 HIL result JSON의 사후 변경을 evidence checksum이 차단합니다. ... ok
2026-09-07T06:05:40.2564921Z 
2026-09-07T06:05:40.2565454Z ----------------------------------------------------------------------
2026-09-07T06:05:40.2565905Z Ran 28 tests in 23.984s
2026-09-07T06:05:40.2566051Z 
2026-09-07T06:05:40.2566137Z OK
2026-09-07T06:05:40.2808721Z [M12] exec: C:\hostedtoolcache\windows\Python\3.12.10\x64\python.exe -m unittest discover -v -s D:\a\NU54DK_Arduino_Core\NU54DK_Arduino_Core\tests\host -p test_m11_remote_runner.py
2026-09-07T06:05:40.3671405Z test_01_powershell_51_parser_accepts_runner (test_m11_remote_runner.M11RemoteRunnerContractTests.test_01_powershell_51_parser_accepts_runner)
2026-09-07T06:05:40.5902863Z ! @brief Windows PowerShell 5.1 parser\uac00 \uc804\uccb4 script\ub97c \ud574\uc11d\ud569\ub2c8\ub2e4. ... ok
2026-09-07T06:05:40.5903850Z test_01b_runner_has_windows_powershell_utf8_signature (test_m11_remote_runner.M11RemoteRunnerContractTests.test_01b_runner_has_windows_powershell_utf8_signature)
2026-09-07T06:05:40.5905257Z ! @brief \ud55c\uae00 RC \uc2e4\ud589\uae30\ub97c \uc601\ubb38 Windows PowerShell 5.1\ub3c4 UTF-8\ub85c \uc77d\uac8c \ud569\ub2c8\ub2e4. ... ok
2026-09-07T06:05:40.5906416Z test_02_ssh_authentication_and_host_key_are_fail_closed (test_m11_remote_runner.M11RemoteRunnerContractTests.test_02_ssh_authentication_and_host_key_are_fail_closed)
2026-09-07T06:05:40.5907556Z ! @brief password fallback\uacfc \ud655\uc778\ud558\uc9c0 \uc54a\uc740 host key\ub97c \ud5c8\uc6a9\ud558\uc9c0 \uc54a\uc2b5\ub2c8\ub2e4. ... ok
2026-09-07T06:05:40.5908796Z test_03_public_exact_commit_and_submodule_are_forced (test_m11_remote_runner.M11RemoteRunnerContractTests.test_03_public_exact_commit_and_submodule_are_forced)
2026-09-07T06:05:40.5910398Z ! @brief credential \uc5c6\ub294 \uacf5\uac1c clone \ub4a4 exact detached commit\ub9cc \uc0ac\uc6a9\ud569\ub2c8\ub2e4. ... ok
2026-09-07T06:05:40.5912119Z test_04_m10_ready_marker_selects_pinned_python_and_git (test_m11_remote_runner.M11RemoteRunnerContractTests.test_04_m10_ready_marker_selects_pinned_python_and_git)
2026-09-07T06:05:40.5913608Z ! @brief M10 \uc644\ub8cc marker\uc640 \uace0\uc815 Toolchain \uc2e4\ud589 \ud30c\uc77c\ub9cc \uc0ac\uc6a9\ud569\ub2c8\ub2e4. ... ok
2026-09-07T06:05:40.5915172Z test_05_arduino_cli_identity_and_gate_set_are_fixed (test_m11_remote_runner.M11RemoteRunnerContractTests.test_05_arduino_cli_identity_and_gate_set_are_fixed)
2026-09-07T06:05:40.5916942Z ! @brief exact Arduino CLI\uc640 \uc138 \uac1c\uc758 repo-owned gate\ub9cc \uc2e4\ud589\ud569\ub2c8\ub2e4. ... ok
2026-09-07T06:05:40.5918522Z test_06_plan_and_every_artifact_are_checked_before_transfer (test_m11_remote_runner.M11RemoteRunnerContractTests.test_06_plan_and_every_artifact_are_checked_before_transfer)
2026-09-07T06:05:40.5920600Z ! @brief plan allowlist\uc758 \uc804\uccb4 byte�\ud06c\uae30�\uacbd\ub85c\ub97c \ub85c\uceec\uc5d0\uc11c \uac80\uc99d\ud569\ub2c8\ub2e4. ... ok
2026-09-07T06:05:40.5922250Z test_07_release_bundle_runtime_rejects_modified_artifact (test_m11_remote_runner.M11RemoteRunnerContractTests.test_07_release_bundle_runtime_rejects_modified_artifact)
2026-09-07T06:05:41.7013720Z ! @brief \uc2e4\uc81c bundle validator\uac00 \ubcc0\uc870\ud55c artifact\ub97c fail-closed \ucc98\ub9ac\ud569\ub2c8\ub2e4. ... ok
2026-09-07T06:05:41.7015269Z test_08_evidence_log_and_hil_result_are_always_retrieved (test_m11_remote_runner.M11RemoteRunnerContractTests.test_08_evidence_log_and_hil_result_are_always_retrieved)
2026-09-07T06:05:41.7016310Z ! @brief \uc131\uacf5\uacfc \uc2e4\ud328 \ubaa8\ub450\uc5d0\uc11c \uace0\uc815 companion \ud30c\uc77c \ud68c\uc218\ub97c \uc2dc\ub3c4\ud569\ub2c8\ub2e4. ... ok
2026-09-07T06:05:41.7017253Z test_09_timeout_and_output_capture_are_bounded (test_m11_remote_runner.M11RemoteRunnerContractTests.test_09_timeout_and_output_capture_are_bounded)
2026-09-07T06:05:41.7024277Z ! @brief \uc7a5\uc2dc\uac04 gate\ub3c4 disk spool, timeout\uacfc process-tree \uc885\ub8cc\ub97c \uc0ac\uc6a9\ud569\ub2c8\ub2e4. ... ok
2026-09-07T06:05:41.7025617Z test_09b_remote_gate_uses_uploaded_ascii_launcher (test_m11_remote_runner.M11RemoteRunnerContractTests.test_09b_remote_gate_uses_uploaded_ascii_launcher)
2026-09-07T06:05:41.7026503Z ! @brief \uae34 remote command\ub97c SSH command line\uc5d0 \uc9c1\uc811 \ub123\uc9c0 \uc54a\uc2b5\ub2c8\ub2e4. ... ok
2026-09-07T06:05:41.7027392Z test_10_credentials_device_and_endpoint_are_redacted (test_m11_remote_runner.M11RemoteRunnerContractTests.test_10_credentials_device_and_endpoint_are_redacted)
2026-09-07T06:05:42.0497804Z ! @brief endpoint, token, probe UID\uc640 COM port \uc6d0\ubb38\uc744 \uc81c\uac70\ud569\ub2c8\ub2e4. ... ok
2026-09-07T06:05:42.0499246Z test_11_result_omits_endpoint_and_records_hashes (test_m11_remote_runner.M11RemoteRunnerContractTests.test_11_result_omits_endpoint_and_records_hashes)
2026-09-07T06:05:42.0500459Z ! @brief orchestrator JSON\uc5d0\ub294 endpoint \uc6d0\ubb38 \ub300\uc2e0 hash\uc640 gate byte\ub97c \ub0a8\uae41\ub2c8\ub2e4. ... ok
2026-09-07T06:05:42.0501469Z test_12_remote_paths_are_unique_and_never_deleted_for_reuse (test_m11_remote_runner.M11RemoteRunnerContractTests.test_12_remote_paths_are_unique_and_never_deleted_for_reuse)
2026-09-07T06:05:42.0502502Z ! @brief run\ubcc4 \uc0c8 \uacbd\ub85c\ub97c \uc694\uad6c\ud574 \uc774\uc804 evidence\uc640 checkout\uc744 \uc11e\uc9c0 \uc54a\uc2b5\ub2c8\ub2e4. ... ok
2026-09-07T06:05:42.0503459Z test_13_gate_records_use_powershell_51_object_array (test_m11_remote_runner.M11RemoteRunnerContractTests.test_13_gate_records_use_powershell_51_object_array)
2026-09-07T06:05:42.4325508Z ! @brief generic list array \ubcc0\ud658\uc758 PowerShell 5.1 binder \uc624\ub958\ub97c \ucc28\ub2e8\ud569\ub2c8\ub2e4. ... ok
2026-09-07T06:05:42.4327031Z test_14_post_processing_failure_records_failed_receipt (test_m11_remote_runner.M11RemoteRunnerContractTests.test_14_post_processing_failure_records_failed_receipt)
2026-09-07T06:05:42.4328431Z ! @brief \ub85c\uceec \uac80\uc99d�\ubcf5\uc0ac�\ub9c8\uac10 \uc2e4\ud328\ub3c4 fail-closed receipt\ub85c \ub0a8\uae41\ub2c8\ub2e4. ... ok
2026-09-07T06:05:42.4328953Z 
2026-09-07T06:05:42.4329118Z ----------------------------------------------------------------------
2026-09-07T06:05:42.4329487Z Ran 16 tests in 2.066s
2026-09-07T06:05:42.4329623Z 
2026-09-07T06:05:42.4329706Z OK
2026-09-07T06:05:42.4469379Z [M12] exec: C:\hostedtoolcache\windows\Python\3.12.10\x64\python.exe -m unittest discover -v -s D:\a\NU54DK_Arduino_Core\NU54DK_Arduino_Core\tests\host -p test_m13_profiles.py
2026-09-07T06:05:42.5787200Z test_arduino_cli_discovers_canonical_examples_when_installed (test_m13_profiles.M13ProfileContractTests.test_arduino_cli_discovers_canonical_examples_when_installed)
2026-09-07T06:05:42.5789563Z ! @brief \uc124\uce58\ub41c Arduino CLI\uac00 \uacf5\uac1c \uc608\uc81c\ub97c \ub178\ucd9c\ud558\ub294\uc9c0 \ud655\uc778\ud569\ub2c8\ub2e4. ... skipped 'M13 package \uc124\uce58 \ud6c4 NUCODE_M13_CLI_DISCOVERY=1\ub85c \uc2e4\ud589\ud569\ub2c8\ub2e4.'
2026-09-07T06:05:42.5791834Z test_canonical_examples_have_no_zephyr_sidecars (test_m13_profiles.M13ProfileContractTests.test_canonical_examples_have_no_zephyr_sidecars)
2026-09-07T06:05:42.5827829Z ! @brief \uacf5\uac1c \uc608\uc81c\uac00 ino\ub9cc\uc73c\ub85c \ud0d0\uc0c9 \uac00\ub2a5\ud55c\uc9c0 \ud655\uc778\ud569\ub2c8\ub2e4. ... ok
2026-09-07T06:05:42.5829276Z test_duplicate_feature_key_uses_feature_schema_diagnostic (test_m13_profiles.M13ProfileContractTests.test_duplicate_feature_key_uses_feature_schema_diagnostic)
2026-09-07T06:05:42.7189604Z ! @brief feature manifest \uc911\ubcf5 key\ub97c profile \uc624\ub958\ub85c \uc798\ubabb \ubcf4\uace0\ud558\uc9c0 \uc54a\uc2b5\ub2c8\ub2e4. ... ok
2026-09-07T06:05:42.7190599Z test_feature_cache_collision_is_fail_closed (test_m13_profiles.M13ProfileContractTests.test_feature_cache_collision_is_fail_closed)
2026-09-07T06:05:42.7583216Z ! @brief \ucd95\uc57d cache directory\uc758 \ub2e4\ub978 full key\ub97c \ub36e\uc5b4\uc4f0\uc9c0 \uc54a\uc2b5\ub2c8\ub2e4. ... ok
2026-09-07T06:05:42.7584474Z test_feature_configure_failure_marks_cache_failed (test_m13_profiles.M13ProfileContractTests.test_feature_configure_failure_marks_cache_failed)
2026-09-07T06:05:42.8352971Z ! @brief \ucd5c\uc885 configure \uc2e4\ud328\ub97c failed/configure-failed \uc0c1\ud0dc\ub85c \ubcf4\uc874\ud569\ub2c8\ub2e4. ... ok
2026-09-07T06:05:42.8353960Z test_only_selected_bundled_library_is_resolved (test_m13_profiles.M13ProfileContractTests.test_only_selected_bundled_library_is_resolved)
2026-09-07T06:05:42.8389467Z ! @brief \uc2e4\uc81c source record\uc5d0 \ub4f1\uc7a5\ud55c bundled library\ub9cc \uc120\ud0dd\ud569\ub2c8\ub2e4. ... ok
2026-09-07T06:05:42.8390333Z test_profile_rejects_wrong_fqbn_and_zephyr_board (test_m13_profiles.M13ProfileContractTests.test_profile_rejects_wrong_fqbn_and_zephyr_board)
2026-09-07T06:05:42.8394743Z ! @brief profile\uc774 \uc2e4\uc81c Arduino \ubc0f Zephyr target\uacfc \ub2e4\ub974\uba74 \uc911\ub2e8\ud569\ub2c8\ub2e4. ... ok
2026-09-07T06:05:42.8395692Z test_profile_string_types_and_windows_paths_are_rejected (test_m13_profiles.M13ProfileContractTests.test_profile_string_types_and_windows_paths_are_rejected)
2026-09-07T06:05:42.8647800Z ! @brief malformed scalar\uc640 Windows \uc808\ub300 \uacbd\ub85c\ub97c schema \uc624\ub958\ub85c \uac70\ubd80\ud569\ub2c8\ub2e4. ... ok
2026-09-07T06:05:42.8648811Z test_schema_path_conflict_and_cache_key_contract (test_m13_profiles.M13ProfileContractTests.test_schema_path_conflict_and_cache_key_contract)
2026-09-07T06:05:43.0179790Z ! @brief \uc798\ubabb\ub41c manifest\ub97c \uac70\ubd80\ud558\uace0 feature \uc9d1\ud569\uc774 cache key\ub97c \ubc14\uafb8\ub294\uc9c0 \ud655\uc778\ud569\ub2c8\ub2e4. ... ok
2026-09-07T06:05:43.0180999Z test_selected_feature_fragments_merge_before_expert_override (test_m13_profiles.M13ProfileContractTests.test_selected_feature_fragments_merge_before_expert_override)
2026-09-07T06:05:43.2454864Z ! @brief \uc120\ud0dd feature fragment\uc640 sketch override\uc758 \ubcd1\ud569 \uc21c\uc11c\ub97c \uac80\uc99d\ud569\ub2c8\ub2e4. ... ok
2026-09-07T06:05:43.2456430Z test_standard_profile_and_allowlist (test_m13_profiles.M13ProfileContractTests.test_standard_profile_and_allowlist)
2026-09-07T06:05:43.2516239Z ! @brief \ud45c\uc900 profile\uacfc bundled feature manifest\ub97c \uac80\uc99d\ud569\ub2c8\ub2e4. ... ok
2026-09-07T06:05:43.2516940Z 
2026-09-07T06:05:43.2517147Z ----------------------------------------------------------------------
2026-09-07T06:05:43.2517633Z Ran 11 tests in 0.673s
2026-09-07T06:05:43.2517880Z 
2026-09-07T06:05:43.2518003Z OK (skipped=1)
2026-09-07T06:05:43.2714155Z [M12] exec: C:\hostedtoolcache\windows\Python\3.12.10\x64\python.exe -m unittest discover -v -s D:\a\NU54DK_Arduino_Core\NU54DK_Arduino_Core\tests\host -p test_m14_core_contract.py
2026-09-07T06:05:44.7322163Z test_core_utility_random_f_and_diagnostics_compile_link (test_m14_core_contract.M14CoreContractTests.test_core_utility_random_f_and_diagnostics_compile_link) ... ok
2026-09-07T06:05:45.2127923Z test_disabled_peripheral_stubs_compile_link_and_fail_closed (test_m14_core_contract.M14CoreContractTests.test_disabled_peripheral_stubs_compile_link_and_fail_closed) ... ok
2026-09-07T06:05:46.0404004Z test_generated_native_runtime_semantics (test_m14_core_contract.M14CoreContractTests.test_generated_native_runtime_semantics) ... ok
2026-09-07T06:05:46.0411135Z test_peripheral_config_matrix_has_real_link_targets (test_m14_core_contract.M14CoreContractTests.test_peripheral_config_matrix_has_real_link_targets) ... ok
2026-09-07T06:05:46.0412885Z test_production_sources_are_registered (test_m14_core_contract.M14CoreContractTests.test_production_sources_are_registered) ... ok
2026-09-07T06:05:46.0413718Z 
2026-09-07T06:05:46.0414159Z ----------------------------------------------------------------------
2026-09-07T06:05:46.0414708Z Ran 5 tests in 2.694s
2026-09-07T06:05:46.0414937Z 
2026-09-07T06:05:46.0415040Z OK
2026-09-07T06:05:46.0540885Z [M12] exec: C:\hostedtoolcache\windows\Python\3.12.10\x64\python.exe -m unittest discover -v -s D:\a\NU54DK_Arduino_Core\NU54DK_Arduino_Core\tests\host -p test_m14_pin_hil_runner.py
2026-09-07T06:05:46.2063846Z test_accepts_exact_led_button_and_edge_contract (nu54_m14_pin_hil.M14PinHilTests.test_accepts_exact_led_button_and_edge_contract)
2026-09-07T06:05:46.2066323Z ! @brief LED 2\uac1c\uc640 \ubc84\ud2bc 3\uac1c\uc758 \uc644\uc804\ud55c protocol\ub9cc \uc2b9\uc778\ud569\ub2c8\ub2e4. ... ok
2026-09-07T06:05:46.2067679Z test_board_checkout_must_match_parent_gitlink (nu54_m14_pin_hil.M14PinHilTests.test_board_checkout_must_match_parent_gitlink)
2026-09-07T06:05:46.2072764Z ! @brief clean submodule\uc774\ub77c\ub3c4 \ubd80\ubaa8 commit\uacfc \ub2e4\ub978 revision\uc774\uba74 \uac70\ubd80\ud569\ub2c8\ub2e4. ... ok
2026-09-07T06:05:46.2073747Z test_build_record_requires_clean_exact_target_identity (nu54_m14_pin_hil.M14PinHilTests.test_build_record_requires_clean_exact_target_identity)
2026-09-07T06:05:46.2172247Z ! @brief dirty revision\uc774\ub098 \ub2e4\ub978 NCS/board target\uc758 HEX\ub97c \uac70\ubd80\ud569\ub2c8\ub2e4. ... ok
2026-09-07T06:05:46.2173598Z test_evidence_binds_revisions_image_transcript_and_exclusion (nu54_m14_pin_hil.M14PinHilTests.test_evidence_binds_revisions_image_transcript_and_exclusion)
2026-09-07T06:05:46.2198377Z ! @brief PASS JSON\uc774 exact byte\uc640 PWM-owned \uc81c\uc678 \uadfc\uac70\ub97c \ud568\uaed8 \uae30\ub85d\ud569\ub2c8\ub2e4. ... ok
2026-09-07T06:05:46.2199738Z test_existing_evidence_requires_explicit_overwrite (nu54_m14_pin_hil.M14PinHilTests.test_existing_evidence_requires_explicit_overwrite)
2026-09-07T06:05:46.2219468Z ! @brief \uc774\uc804 PASS \uc99d\uc801\uc744 \uc790\ub3d9\uc73c\ub85c \ub36e\uc5b4\uc4f0\uc9c0 \uc54a\ub294\uc9c0 \ud655\uc778\ud569\ub2c8\ub2e4. ... ok
2026-09-07T06:05:46.2220684Z test_m14_keeps_live_worktree_digest_contract (nu54_m14_pin_hil.M14PinHilTests.test_m14_keeps_live_worktree_digest_contract)
2026-09-07T06:05:46.2223839Z ! @brief M14 local build \uac80\uc99d\uc774 CI canonical helper\ub85c \ubc14\ub00c\uc9c0 \uc54a\uac8c \uace0\uc815\ud569\ub2c8\ub2e4. ... ok
2026-09-07T06:05:46.2225167Z test_manual_acknowledgement_and_timeout_are_explicit (nu54_m14_pin_hil.M14PinHilTests.test_manual_acknowledgement_and_timeout_are_explicit)
2026-09-07T06:05:46.2233478Z ! @brief \uc2e4\uc81c \uc2e4\ud589 \uae30\ubcf8\uac12\uc740 \uc218\ub3d9 \ub3d9\uc791\uc744 \uc554\ubb35\uc801\uc73c\ub85c \uc2b9\uc778\ud558\uc9c0 \uc54a\uc2b5\ub2c8\ub2e4. ... ok
2026-09-07T06:05:46.2234827Z test_rejects_duplicate_protocol_after_final_pass (nu54_m14_pin_hil.M14PinHilTests.test_rejects_duplicate_protocol_after_final_pass)
2026-09-07T06:05:46.2236288Z ! @brief \ucd5c\uc885 PASS \ub4a4 \uc911\ubcf5 \ub610\ub294 \uc704\uc870 protocol token\uc744 \uac70\ubd80\ud569\ub2c8\ub2e4. ... ok
2026-09-07T06:05:46.2237887Z test_rejects_missing_edge_and_incomplete_change_pair (nu54_m14_pin_hil.M14PinHilTests.test_rejects_missing_edge_and_incomplete_change_pair)
2026-09-07T06:05:46.2239519Z ! @brief edge 0\ud68c\uc640 CHANGE release \ucd94\uac00 edge \ubd80\uc7ac\ub97c \ubaa8\ub450 \uac70\ubd80\ud569\ub2c8\ub2e4. ... ok
2026-09-07T06:05:46.2240568Z test_rejects_target_failure_and_missing_pin (nu54_m14_pin_hil.M14PinHilTests.test_rejects_target_failure_and_missing_pin)
2026-09-07T06:05:46.2243709Z ! @brief target FAIL \ub610\ub294 \uc2e0\uaddc \ud540 \ub204\ub77d\uc744 PASS\ub85c \uc2b9\uaca9\ud558\uc9c0 \uc54a\uc2b5\ub2c8\ub2e4. ... ok
2026-09-07T06:05:46.2244760Z test_rejects_wrong_logical_id_and_action_order (nu54_m14_pin_hil.M14PinHilTests.test_rejects_wrong_logical_id_and_action_order)
2026-09-07T06:05:46.2246797Z ! @brief \uc774\ub984/ID \ubd88\uc77c\uce58\uc640 \uc548\ub0b4\ubcf4\ub2e4 \uc55e\uc120 \ubb3c\ub9ac \ub3d9\uc791 \uacb0\uacfc\ub97c \uac70\ubd80\ud569\ub2c8\ub2e4. ... ok
2026-09-07T06:05:46.2247818Z test_uart_waits_for_complete_terminal_line (nu54_m14_pin_hil.M14PinHilTests.test_uart_waits_for_complete_terminal_line)
2026-09-07T06:05:46.2249184Z ! @brief FAIL prefix\ub9cc \ubcf4\uace0 \uc870\uae30 \uc885\ub8cc\ud558\uc9c0 \uc54a\uace0 \uc9c4\ub2e8 line \uc804\uccb4\ub97c \ubcf4\uc874\ud569\ub2c8\ub2e4. ... ok
2026-09-07T06:05:46.2249921Z 
2026-09-07T06:05:46.2250081Z ----------------------------------------------------------------------
2026-09-07T06:05:46.2250415Z Ran 12 tests in 0.019s
2026-09-07T06:05:46.2250681Z 
2026-09-07T06:05:46.2250759Z OK
2026-09-07T06:05:46.2432840Z [M12] exec: C:\hostedtoolcache\windows\Python\3.12.10\x64\python.exe -m unittest discover -v -s D:\a\NU54DK_Arduino_Core\NU54DK_Arduino_Core\tests\host -p test_m14_variant_contract.py
2026-09-07T06:05:46.3498347Z test_core_dts_maps_all_31_pads_with_legacy_alias_compatibility (test_m14_variant_contract.M14VariantContractTests.test_core_dts_maps_all_31_pads_with_legacy_alias_compatibility) ... ok
2026-09-07T06:05:46.3728986Z test_duplicate_physical_pad_in_core_dts_is_rejected (test_m14_variant_contract.M14VariantContractTests.test_duplicate_physical_pad_in_core_dts_is_rejected) ... ok
2026-09-07T06:05:46.4439288Z test_public_constants_compile_without_changing_legacy_values (test_m14_variant_contract.M14VariantContractTests.test_public_constants_compile_without_changing_legacy_values) ... ok
2026-09-07T06:05:46.4549797Z test_route_matrix_and_fail_closed_policies_are_visible_in_evidence (test_m14_variant_contract.M14VariantContractTests.test_route_matrix_and_fail_closed_policies_are_visible_in_evidence) ... ok
2026-09-07T06:05:46.4693682Z test_verifier_writes_machine_readable_evidence (test_m14_variant_contract.M14VariantContractTests.test_verifier_writes_machine_readable_evidence) ... ok
2026-09-07T06:05:46.4697175Z test_zephyr_c_header_avoids_min_max_macro_redefinition (test_m14_variant_contract.M14VariantContractTests.test_zephyr_c_header_avoids_min_max_macro_redefinition) ... ok
2026-09-07T06:05:46.4697991Z 
2026-09-07T06:05:46.4698756Z ----------------------------------------------------------------------
2026-09-07T06:05:46.4699307Z Ran 6 tests in 0.136s
2026-09-07T06:05:46.4699545Z 
2026-09-07T06:05:46.4699639Z OK
2026-09-07T06:05:46.4829215Z [M12] exec: C:\hostedtoolcache\windows\Python\3.12.10\x64\python.exe -m unittest discover -v -s D:\a\NU54DK_Arduino_Core\NU54DK_Arduino_Core\tests\host -p test_m15_board_system_contract.py
2026-09-07T06:05:46.5652703Z test_alarm_callback_is_deferred_out_of_grtc_isr (test_m15_board_system_contract.M15BoardSystemContractTests.test_alarm_callback_is_deferred_out_of_grtc_isr)
2026-09-07T06:05:46.5657132Z ! @brief GRTC ISR\uc5d0\uc11c \uc0ac\uc6a9\uc790 callback\uc744 \uc9c1\uc811 \uc2e4\ud589\ud558\uc9c0 \uc54a\ub3c4\ub85d \uac80\uc0ac\ud569\ub2c8\ub2e4. ... ok
2026-09-07T06:05:46.5658651Z test_feature_merges_exact_board_system_fragments (test_m15_board_system_contract.M15BoardSystemContractTests.test_feature_merges_exact_board_system_fragments)
2026-09-07T06:05:46.5661949Z ! @brief Arduino library \uc120\ud0dd\uc774 Wire\uc640 \uace0\uc815 conf�overlay\ub97c \uc790\ub3d9 \ubcd1\ud569\ud558\ub294\uc9c0 \uac80\uc0ac\ud569\ub2c8\ub2e4. ... ok
2026-09-07T06:05:46.5663624Z test_m15_system_off_hil_is_command_gated_and_manual (test_m15_board_system_contract.M15BoardSystemContractTests.test_m15_system_off_hil_is_command_gated_and_manual)
2026-09-07T06:05:46.5670980Z ! @brief \uacb0\ud569 HIL\uc774 SWD \uaca9\ub9ac \ub4a4 timed\uc640 button ARM\uc744 \uc21c\uc11c\ub300\ub85c \uc694\uad6c\ud569\ub2c8\ub2e4. ... ok
2026-09-07T06:05:46.5672481Z test_pmic_begin_is_read_only_and_driver_node_stays_disabled (test_m15_board_system_contract.M15BoardSystemContractTests.test_pmic_begin_is_read_only_and_driver_node_stays_disabled)
2026-09-07T06:05:46.5676995Z ! @brief begin \uacbd\ub85c\uc758 register write\uc640 PMIC DTS \uc790\ub3d9 \ud65c\uc131\ud654\ub97c \ucc28\ub2e8\ud569\ub2c8\ub2e4. ... ok
2026-09-07T06:05:46.5678158Z test_pmic_writes_require_explicit_ram_only_authorization (test_m15_board_system_contract.M15BoardSystemContractTests.test_pmic_writes_require_explicit_ram_only_authorization)
2026-09-07T06:05:46.5684420Z ! @brief PMIC write\uac00 \uacf5\uac1c raw register \uc5c6\uc774 \ub9e4 boot \uba85\uc2dc \uc2b9\uc778\uc744 \uc694\uad6c\ud558\ub294\uc9c0 \uac80\uc0ac\ud569\ub2c8\ub2e4. ... ok
2026-09-07T06:05:46.5686889Z test_public_examples_exist_without_zephyr_sidecars (test_m15_board_system_contract.M15BoardSystemContractTests.test_public_examples_exist_without_zephyr_sidecars)
2026-09-07T06:05:46.5691929Z ! @brief \uc0ac\uc6a9\uc790\uac00 prj.conf\ub098 overlay\ub97c \ud3b8\uc9d1\ud558\uc9c0 \uc54a\uc544\ub3c4 \uc608\uc81c\ub97c \uc5f4 \uc218 \uc788\ub294\uc9c0 \uac80\uc0ac\ud569\ub2c8\ub2e4. ... ok
2026-09-07T06:05:46.5693311Z test_public_surface_contains_board_system_contract (test_m15_board_system_contract.M15BoardSystemContractTests.test_public_surface_contains_board_system_contract)
2026-09-07T06:05:46.5694553Z ! @brief M15 \uc2b9\uc778 API\uc640 \uc548\uc815 \uc624\ub958 \ud0c0\uc785\uc774 \ub2e8\uc77c \uc804\uc5ed \uac1d\uccb4\uc5d0 \ub178\ucd9c\ub418\ub294\uc9c0 \uac80\uc0ac\ud569\ub2c8\ub2e4. ... ok
2026-09-07T06:05:46.5696021Z test_serial_flush_waits_for_the_final_physical_frame (test_m15_board_system_contract.M15BoardSystemContractTests.test_serial_flush_waits_for_the_final_physical_frame)
2026-09-07T06:05:46.5698202Z ! @brief polling TX mutex \uc548\uc5d0\uc11c \ub9c8\uc9c0\ub9c9 8N1 frame drain\uc744 \ubcf4\uc7a5\ud569\ub2c8\ub2e4. ... ok
2026-09-07T06:05:46.5699541Z test_storage_namespace_and_bounds_are_fixed (test_m15_board_system_contract.M15BoardSystemContractTests.test_storage_namespace_and_bounds_are_fixed)
2026-09-07T06:05:46.5701513Z ! @brief Sketch\uac00 \uc124\uc815 \uc800\uc7a5\uc18c \uc804\uccb4\ub098 \ubb34\uc81c\ud55c \uac12\uc744 \uc18c\uc720\ud558\uc9c0 \ubabb\ud558\uac8c \ud569\ub2c8\ub2e4. ... ok
2026-09-07T06:05:46.5702450Z 
2026-09-07T06:05:46.5702599Z ----------------------------------------------------------------------
2026-09-07T06:05:46.5702929Z Ran 9 tests in 0.005s
2026-09-07T06:05:46.5703066Z 
2026-09-07T06:05:46.5703141Z OK
2026-09-07T06:05:46.5808670Z [M12] exec: C:\hostedtoolcache\windows\Python\3.12.10\x64\python.exe -m unittest discover -v -s D:\a\NU54DK_Arduino_Core\NU54DK_Arduino_Core\tests\host -p test_m15_lfxo_contract.py
2026-09-07T06:05:46.6518335Z test_all_arduino_and_m15_builds_include_the_shared_fragment (test_m15_lfxo_contract.M15LfxoContractTests.test_all_arduino_and_m15_builds_include_the_shared_fragment)
2026-09-07T06:05:46.6526823Z ! @brief \ubaa8\ub4e0 Arduino \ube4c\ub4dc\uc640 M15 image\uac00 \uac19\uc740 DTSI\ub97c \uc0ac\uc6a9\ud558\ub3c4\ub85d \uace0\uc815\ud569\ub2c8\ub2e4. ... ok
2026-09-07T06:05:46.6529129Z test_profile_and_library_feature_do_not_duplicate_board_override (test_m15_lfxo_contract.M15LfxoContractTests.test_profile_and_library_feature_do_not_duplicate_board_override)
2026-09-07T06:05:46.6532811Z ! @brief profile \ucd94\uac00\ub098 library \uc120\ud0dd\uc5d0 \ub530\ub77c LFXO \uc124\uc815\uc774 \ub2ec\ub77c\uc9c0\uc9c0 \uc54a\uac8c \ud569\ub2c8\ub2e4. ... ok
2026-09-07T06:05:46.6539381Z test_shared_fragment_uses_only_external_load_capacitors (test_m15_lfxo_contract.M15LfxoContractTests.test_shared_fragment_uses_only_external_load_capacitors)
2026-09-07T06:05:46.6541288Z ! @brief \uc678\ubd80 \ucee4\ud328\uc2dc\ud130 \uc120\ud0dd\uacfc \ub0b4\ubd80 \ucee4\ud328\uc2dc\ud130 \uc18d\uc131 \uc0ad\uc81c\ub97c \uace0\uc815\ud569\ub2c8\ub2e4. ... ok
2026-09-07T06:05:46.6543254Z 
2026-09-07T06:05:46.6543422Z ----------------------------------------------------------------------
2026-09-07T06:05:46.6543771Z Ran 3 tests in 0.002s
2026-09-07T06:05:46.6543919Z 
2026-09-07T06:05:46.6543994Z OK
2026-09-07T06:05:46.6635142Z [M12] exec: C:\hostedtoolcache\windows\Python\3.12.10\x64\python.exe -m unittest discover -v -s D:\a\NU54DK_Arduino_Core\NU54DK_Arduino_Core\tests\host -p test_m15_system_off_hil_runner.py
2026-09-07T06:05:46.8107678Z test_accepts_exact_protocol_records_terminated_by_lone_cr (nu54_m15_system_off_hil.M15SystemOffHilTests.test_accepts_exact_protocol_records_terminated_by_lone_cr)
2026-09-07T06:05:46.8110259Z ! @brief \ub2e8\ub3c5 CR \ub4a4 boot banner\uac00 \uc640\ub3c4 payload \uc804\uccb4 \uc77c\uce58\ub97c \uc720\uc9c0\ud569\ub2c8\ub2e4. ... ok
2026-09-07T06:05:46.8111992Z test_accepts_exact_schema_two_timed_then_button_sequence (nu54_m15_system_off_hil.M15SystemOffHilTests.test_accepts_exact_schema_two_timed_then_button_sequence)
2026-09-07T06:05:46.8112919Z ! @brief CLOCK\uacfc LOW_POWER_WAKE \ub2e8\uc77c \uc6d0\uc778\uc744 \ubaa8\ub450 \uc694\uad6c\ud569\ub2c8\ub2e4. ... ok
2026-09-07T06:05:46.8113745Z test_acknowledgements_and_timeout_are_explicit (nu54_m15_system_off_hil.M15SystemOffHilTests.test_acknowledgements_and_timeout_are_explicit)
2026-09-07T06:05:46.8131362Z ! @brief interface switch\uc640 \ubc84\ud2bc \uc2b9\uc778\uc744 \uc11c\ub85c \ub3c5\ub9bd\uc801\uc73c\ub85c \uc694\uad6c\ud569\ub2c8\ub2e4. ... ok
2026-09-07T06:05:46.8132296Z test_capture_handles_lone_cr_and_split_crlf_records (nu54_m15_system_off_hil.M15SystemOffHilTests.test_capture_handles_lone_cr_and_split_crlf_records)
2026-09-07T06:05:46.8135857Z ! @brief live capture\uac00 \ub2e8\ub3c5 CR\uacfc chunk \ubd84\ub9ac CRLF\ub97c \uc911\ubcf5 \uc5c6\uc774 \ucc98\ub9ac\ud569\ub2c8\ub2e4. ... ok
2026-09-07T06:05:46.8136856Z test_capture_requires_two_confirmations_and_sends_bound_nonce (nu54_m15_system_off_hil.M15SystemOffHilTests.test_capture_requires_two_confirmations_and_sends_bound_nonce)
2026-09-07T06:05:46.8138741Z ! @brief SWD \uaca9\ub9ac \ub4a4 timed ARM, SW0 release \ub4a4 button ARM\ub9cc \ubcf4\ub0c5\ub2c8\ub2e4. ... ok
2026-09-07T06:05:46.8139595Z test_dirty_imported_helper_or_board_source_is_rejected (nu54_m15_system_off_hil.M15SystemOffHilTests.test_dirty_imported_helper_or_board_source_is_rejected)
2026-09-07T06:05:46.8147045Z ! @brief \uacf5\uc6a9 helper\ub098 board \ubcc0\uacbd\uc744 \uc2e4\uc81c flash \uc804\uc5d0 \uac70\ubd80\ud569\ub2c8\ub2e4. ... ok
2026-09-07T06:05:46.8147935Z test_eof_and_uart_failure_preserve_partial_transcript (nu54_m15_system_off_hil.M15SystemOffHilTests.test_eof_and_uart_failure_preserve_partial_transcript)
2026-09-07T06:05:46.8149705Z ! @brief \uaca9\ub9ac \ud655\uc778 EOF\uc640 \ud6c4\uc18d UART \ub2e8\uc808\ub3c4 \uc218\uc9d1 byte\ub97c \ubcf4\uc874\ud569\ub2c8\ub2e4. ... ok
2026-09-07T06:05:46.8150731Z test_evidence_records_schema_two_switch_and_no_post_isolation_probe (nu54_m15_system_off_hil.M15SystemOffHilTests.test_evidence_records_schema_two_switch_and_no_post_isolation_probe)
2026-09-07T06:05:46.8187447Z ! @brief \uc99d\uc801\uc774 switch \ubc29\ud5a5\uc744 \ucd94\uce21\ud558\uc9c0 \uc54a\uace0 \uae08\uc9c0 \ub3d9\uc791\uc744 false\ub85c \uae30\ub85d\ud569\ub2c8\ub2e4. ... ok
2026-09-07T06:05:46.8188588Z test_existing_evidence_is_preserved_until_atomic_pass_replace (nu54_m15_system_off_hil.M15SystemOffHilTests.test_existing_evidence_is_preserved_until_atomic_pass_replace)
2026-09-07T06:05:46.8407427Z ! @brief \uc2e4\ud328\ud55c \uc7ac\uc2dc\ud5d8\uc774 \uc774\uc804 PASS\ub97c \ud30c\uad34\ud558\uc9c0 \uc54a\ub294\uc9c0 \ud655\uc778\ud569\ub2c8\ub2e4. ... ok
2026-09-07T06:05:46.8408427Z test_flash_occurs_before_capture_and_only_once (nu54_m15_system_off_hil.M15SystemOffHilTests.test_flash_occurs_before_capture_and_only_once)
2026-09-07T06:05:46.8413817Z ! @brief SWD \uaca9\ub9ac prompt\uac00 \uac00\ub2a5\ud55c capture\ubcf4\ub2e4 flash\uac00 \uba3c\uc800 \ud55c \ubc88 \uc2e4\ud589\ub429\ub2c8\ub2e4. ... ok
2026-09-07T06:05:46.8415101Z test_rejects_failure_missing_line_and_trailing_protocol (nu54_m15_system_off_hil.M15SystemOffHilTests.test_rejects_failure_missing_line_and_trailing_protocol)
2026-09-07T06:05:46.8417205Z ! @brief FAIL, \ub204\ub77d\uacfc \ucd5c\uc885 PASS \ub4a4 \ucd94\uac00 protocol\uc744 \uac70\ubd80\ud569\ub2c8\ub2e4. ... ok
2026-09-07T06:05:46.8418549Z test_rejects_nonce_mismatch (nu54_m15_system_off_hil.M15SystemOffHilTests.test_rejects_nonce_mismatch)
2026-09-07T06:05:46.8419930Z ! @brief \uc7ac\ubd80\ud305 \uacbd\uacc4\ub97c \ub2e4\ub978 \uc2e4\ud589\uc758 token\uc73c\ub85c \uc870\ud569\ud558\uc9c0 \uc54a\uc2b5\ub2c8\ub2e4. ... ok
2026-09-07T06:05:46.8421654Z test_rejects_protocol_record_without_any_line_boundary (nu54_m15_system_off_hil.M15SystemOffHilTests.test_rejects_protocol_record_without_any_line_boundary)
2026-09-07T06:05:46.8423785Z ! @brief token\uacfc boot banner \uc0ac\uc774\uc5d0 EOL\uc774 \uc5c6\uc73c\uba74 \ubd80\ubd84 \ubcf5\uc6d0\ud558\uc9c0 \uc54a\uc2b5\ub2c8\ub2e4. ... ok
2026-09-07T06:05:46.8425836Z test_reset_cause_is_exact_supported_and_never_debug (nu54_m15_system_off_hil.M15SystemOffHilTests.test_reset_cause_is_exact_supported_and_never_debug)
2026-09-07T06:05:46.8427827Z ! @brief CLOCK�LOW_POWER_WAKE \uc678 \uc6d0\uc778\uacfc RESET_DEBUG \ud63c\ud569\uc744 \uac70\ubd80\ud569\ub2c8\ub2e4. ... ok
2026-09-07T06:05:46.8429095Z test_wake_timing_is_fail_closed (nu54_m15_system_off_hil.M15SystemOffHilTests.test_wake_timing_is_fail_closed)
2026-09-07T06:05:46.8430356Z ! @brief \ub108\ubb34 \ube60\ub974\uac70\ub098 \ub290\ub9b0 timed wake\uc640 \uc774\ub978 SW0 wake\ub97c \uac70\ubd80\ud569\ub2c8\ub2e4. ... ok
2026-09-07T06:05:46.8431830Z test_wrong_swd_confirmation_stops_before_any_arm (nu54_m15_system_off_hil.M15SystemOffHilTests.test_wrong_swd_confirmation_stops_before_any_arm)
2026-09-07T06:05:46.8433323Z ! @brief \ubaa8\ud638\ud55c switch \uc0c1\ud0dc\uc5d0\uc11c\ub294 UART ARM\uc870\ucc28 \uc804\uc1a1\ud558\uc9c0 \uc54a\uc2b5\ub2c8\ub2e4. ... ok
2026-09-07T06:05:46.8434135Z 
2026-09-07T06:05:46.8434355Z ----------------------------------------------------------------------
2026-09-07T06:05:46.8434864Z Ran 16 tests in 0.032s
2026-09-07T06:05:46.8435059Z 
2026-09-07T06:05:46.8435175Z OK
2026-09-07T06:05:46.8629635Z [M12] exec: C:\hostedtoolcache\windows\Python\3.12.10\x64\python.exe -m unittest discover -v -s D:\a\NU54DK_Arduino_Core\NU54DK_Arduino_Core\tests\host -p test_m16_ble_contract.py
2026-09-07T06:05:46.9397087Z test_arduino_library_metadata_and_example_contract (test_m16_ble_contract.M16BleNusContractTests.test_arduino_library_metadata_and_example_contract)
2026-09-07T06:05:46.9401883Z ! @brief Boards Manager\uac00 NUS library\uc640 \uc591\ucabd \uc5ed\ud560 \uc608\uc81c\ub97c \ucc3e\ub294\uc9c0 \uac80\uc99d\ud569\ub2c8\ub2e4. ... ok
2026-09-07T06:05:46.9402858Z test_ble_profile_feature_and_board_menu_are_wired (test_m16_ble_contract.M16BleNusContractTests.test_ble_profile_feature_and_board_menu_are_wired)
2026-09-07T06:05:46.9410637Z ! @brief ble profile \uc120\ud0dd\ub9cc\uc73c\ub85c \ud544\uc694\ud55c NUS feature\uac00 \ubcd1\ud569\ub418\ub294\uc9c0 \uac80\uc0ac\ud569\ub2c8\ub2e4. ... ok
2026-09-07T06:05:46.9411765Z test_bluetooth_callbacks_are_deferred_to_poll_through_fixed_queues (test_m16_ble_contract.M16BleNusContractTests.test_bluetooth_callbacks_are_deferred_to_poll_through_fixed_queues)
2026-09-07T06:05:46.9458518Z ! @brief Bluetooth context\uc5d0\uc11c Sketch callback \uc9c1\uc811 \uc2e4\ud589\uacfc \ub3d9\uc801 queue\ub97c \ucc28\ub2e8\ud569\ub2c8\ub2e4. ... ok
2026-09-07T06:05:46.9459498Z test_kconfig_and_feature_register_bounded_ble_runtime (test_m16_ble_contract.M16BleNusContractTests.test_kconfig_and_feature_register_bounded_ble_runtime)
2026-09-07T06:05:46.9462939Z ! @brief BLE \uad6c\ud604\uacfc \uace0\uc815 queue \ud06c\uae30\uac00 library feature\uc5d0 \uba85\uc2dc\ub418\ub294\uc9c0 \uac80\uc0ac\ud569\ub2c8\ub2e4. ... ok
2026-09-07T06:05:46.9463996Z test_peripheral_example_keeps_received_data_free_of_event_logs (test_m16_ble_contract.M16BleNusContractTests.test_peripheral_example_keeps_received_data_free_of_event_logs)
2026-09-07T06:05:46.9470955Z ! @brief \uc218\uc2e0 event \ub85c\uadf8\uac00 NUS-Serial \ub370\uc774\ud130 \uacbd\ub85c\uc5d0 \uc11e\uc774\uc9c0 \uc54a\ub3c4\ub85d \uace0\uc815\ud569\ub2c8\ub2e4. ... ok
2026-09-07T06:05:46.9471883Z test_public_nus_stream_surface_is_complete (test_m16_ble_contract.M16BleNusContractTests.test_public_nus_stream_surface_is_complete)
2026-09-07T06:05:46.9481139Z ! @brief peripheral\uacfc central\uc774 \uacf5\uc720\ud558\ub294 Arduino Stream \ud45c\uba74\uc744 \uace0\uc815\ud569\ub2c8\ub2e4. ... ok
2026-09-07T06:05:46.9481784Z 
2026-09-07T06:05:46.9481932Z ----------------------------------------------------------------------
2026-09-07T06:05:46.9482268Z Ran 6 tests in 0.009s
2026-09-07T06:05:46.9482401Z 
2026-09-07T06:05:46.9482479Z OK
2026-09-07T06:05:46.9582431Z [M12] exec: C:\hostedtoolcache\windows\Python\3.12.10\x64\python.exe -m unittest discover -v -s D:\a\NU54DK_Arduino_Core\NU54DK_Arduino_Core\tests\host -p test_m16_ble_pair.py
2026-09-07T06:05:47.0738905Z test_accepts_exact_frame_boundaries_and_reconnect (test_m16_ble_pair.M16BlePairHilTests.test_accepts_exact_frame_boundaries_and_reconnect)
2026-09-07T06:05:47.0740241Z ! @brief \uc591\ucabd exact protocol\uc5d0\uc11c 1/20/21/64 \ubc0f \uc7ac\uc5f0\uacb0\uc744 \uc2b9\uc778\ud569\ub2c8\ub2e4. ... ok
2026-09-07T06:05:47.0741177Z test_evidence_binds_two_boards_images_and_raw_transcript_sha (test_m16_ble_pair.M16BlePairHilTests.test_evidence_binds_two_boards_images_and_raw_transcript_sha)
2026-09-07T06:05:47.0788362Z ! @brief evidence\uac00 \ub450 UID�MSD�COM\uacfc \ub450 raw transcript hash\ub97c \uae30\ub85d\ud569\ub2c8\ub2e4. ... ok
2026-09-07T06:05:47.0789464Z test_existing_evidence_requires_explicit_overwrite (test_m16_ble_pair.M16BlePairHilTests.test_existing_evidence_requires_explicit_overwrite)
2026-09-07T06:05:47.0814619Z ! @brief \uae30\uc874 PASS\uc640 companion raw transcript\ub97c \uc554\ubb35\uc801\uc73c\ub85c \ub36e\uc9c0 \uc54a\uc2b5\ub2c8\ub2e4. ... ok
2026-09-07T06:05:47.0815458Z test_nonce_is_exact_lowercase_hex (test_m16_ble_pair.M16BlePairHilTests.test_nonce_is_exact_lowercase_hex)
2026-09-07T06:05:47.0816886Z ! @brief nonce \uae38\uc774�\ubb38\uc790 \uc9d1\ud569\uc744 \uace0\uc815\ud574 stale \ud310\uc815\uc758 \ubaa8\ud638\uc131\uc744 \uc81c\uac70\ud569\ub2c8\ub2e4. ... ok
2026-09-07T06:05:47.0817807Z test_rejects_missing_or_wrong_frame_boundary (test_m16_ble_pair.M16BlePairHilTests.test_rejects_missing_or_wrong_frame_boundary)
2026-09-07T06:05:47.0820392Z ! @brief 20/21 byte \uacbd\uacc4 \ub204\ub77d\uc774\ub098 \uc798\ubabb\ub41c \uae38\uc774\ub97c PASS\ub85c \uc2b9\uaca9\ud558\uc9c0 \uc54a\uc2b5\ub2c8\ub2e4. ... ok
2026-09-07T06:05:47.0821807Z test_rejects_missing_reconnect_and_wrong_byte_total (test_m16_ble_pair.M16BlePairHilTests.test_rejects_missing_reconnect_and_wrong_byte_total)
2026-09-07T06:05:47.0822684Z ! @brief \ub450 \ubc88\uc9f8 \uc5f0\uacb0\uacfc peripheral 106/21 byte \uacc4\uc57d \ub204\ub77d\uc744 \uac70\ubd80\ud569\ub2c8\ub2e4. ... ok
2026-09-07T06:05:47.0823828Z test_rejects_stale_nonce_before_current_final (test_m16_ble_pair.M16BlePairHilTests.test_rejects_stale_nonce_before_current_final)
2026-09-07T06:05:47.0824726Z ! @brief \uc774\uc804 \uc2e4\ud589 FINAL\uc774\ub098 frame\uc744 \ud604\uc7ac PASS\ub85c \uc7ac\uc0ac\uc6a9\ud558\uc9c0 \ubabb\ud558\uac8c \ud569\ub2c8\ub2e4. ... ok
2026-09-07T06:05:47.0825944Z test_rejects_target_fail_and_tokens_after_final (test_m16_ble_pair.M16BlePairHilTests.test_rejects_target_fail_and_tokens_after_final)
2026-09-07T06:05:47.0827601Z ! @brief target FAIL \ubc0f FINAL \ub4a4 \uc911\ubcf5 protocol token\uc744 \ubaa8\ub450 \uac70\ubd80\ud569\ub2c8\ub2e4. ... ok
2026-09-07T06:05:47.0829424Z test_requires_two_distinct_uids_volumes_and_ports (test_m16_ble_pair.M16BlePairHilTests.test_requires_two_distinct_uids_volumes_and_ports)
2026-09-07T06:05:47.0831495Z ! @brief \uac19\uc740 UID�MSD�COM\uc744 role \ub450 \uac1c\ub85c \uc624\uc778\ud558\uc9c0 \uc54a\uac8c \ucc28\ub2e8\ud569\ub2c8\ub2e4. ... ok
2026-09-07T06:05:47.0833662Z 
2026-09-07T06:05:47.0833918Z ----------------------------------------------------------------------
2026-09-07T06:05:47.0834424Z Ran 9 tests in 0.010s
2026-09-07T06:05:47.0834622Z 
2026-09-07T06:05:47.0834726Z OK
2026-09-07T06:05:47.0971120Z [M12] exec: C:\hostedtoolcache\windows\Python\3.12.10\x64\python.exe -m unittest discover -v -s D:\a\NU54DK_Arduino_Core\NU54DK_Arduino_Core\tests\host -p test_m17_coverage.py
2026-09-07T06:05:47.2302279Z test_build_only_failure_is_gate_failure (test_m17_coverage.M17CoverageTests.test_build_only_failure_is_gate_failure)
2026-09-07T06:05:47.2620546Z ! @brief build-only \ud56d\ubaa9\uc758 evidence\uac00 \uc788\ub294 fail\uc740 coverage gate\ub97c \uc2e4\ud328\uc2dc\ud0b5\ub2c8\ub2e4. ... ok
2026-09-07T06:05:47.2621769Z test_deferred_failure_is_valid_and_rendered (test_m17_coverage.M17CoverageTests.test_deferred_failure_is_valid_and_rendered)
2026-09-07T06:05:47.2932568Z ! @brief deferred \uc2e4\ud328\ub294 gate\ub97c \ub9c9\uc9c0 \uc54a\uace0 evidence\uc640 \uc694\uc57d\uc5d0 \uba85\uc2dc\ud569\ub2c8\ub2e4. ... ok
2026-09-07T06:05:47.3071171Z test_duplicate_json_key_is_rejected (test_m17_coverage.M17CoverageTests.test_duplicate_json_key_is_rejected) ... ok
2026-09-07T06:05:47.3072020Z test_evidence_drive_path_is_rejected (test_m17_coverage.M17CoverageTests.test_evidence_drive_path_is_rejected)
2026-09-07T06:05:47.3311077Z ! @brief evidence\uc5d0\ub3c4 Windows absolute�drive-relative \uacbd\ub85c\ub97c \ud5c8\uc6a9\ud558\uc9c0 \uc54a\uc2b5\ub2c8\ub2e4. ... ok
2026-09-07T06:05:47.3476081Z test_external_source_requires_exact_commit (test_m17_coverage.M17CoverageTests.test_external_source_requires_exact_commit) ... ok
2026-09-07T06:05:47.3714908Z test_fixture_validates_without_checkout_probe (test_m17_coverage.M17CoverageTests.test_fixture_validates_without_checkout_probe) ... ok
2026-09-07T06:05:47.3715895Z test_generated_outputs_accept_git_crlf_checkout (test_m17_coverage.M17CoverageTests.test_generated_outputs_accept_git_crlf_checkout)
2026-09-07T06:05:47.4131481Z ! @brief \uc0dd\uc131 \uc694\uc57d\uc758 Git CRLF checkout\uc744 LF \uc6d0\ubcf8\uacfc \ub3d9\uc77c\ud558\uac8c \uac80\uc99d\ud569\ub2c8\ub2e4. ... ok
2026-09-07T06:05:47.4499139Z test_invalid_enum_is_rejected (test_m17_coverage.M17CoverageTests.test_invalid_enum_is_rejected) ... ok
2026-09-07T06:05:47.4661747Z test_manifest_path_traversal_is_rejected (test_m17_coverage.M17CoverageTests.test_manifest_path_traversal_is_rejected) ... ok
2026-09-07T06:05:47.4662715Z test_manifest_record_hash_accepts_git_crlf_checkout (test_m17_coverage.M17CoverageTests.test_manifest_record_hash_accepts_git_crlf_checkout)
2026-09-07T06:05:47.4931010Z ! @brief Git text \ubcc0\ud658\uc73c\ub85c \uc0dd\uae34 CRLF\uac00 LF \uae30\uc900 record hash\ub97c \ubc14\uafb8\uc9c0 \uc54a\uc2b5\ub2c8\ub2e4. ... ok
2026-09-07T06:05:47.5166248Z test_manifest_record_hash_mismatch_is_rejected (test_m17_coverage.M17CoverageTests.test_manifest_record_hash_mismatch_is_rejected) ... ok
2026-09-07T06:05:47.5168065Z test_manifest_record_hash_rejects_bare_cr (test_m17_coverage.M17CoverageTests.test_manifest_record_hash_rejects_bare_cr)
2026-09-07T06:05:47.5492080Z ! @brief Git\uc758 CRLF \ubcc0\ud658\uc774 \uc544\ub2cc \ub2e8\ub3c5 CR\uc740 \ubaa8\ud638\ud55c \uc785\ub825\uc73c\ub85c \uac70\ubd80\ud569\ub2c8\ub2e4. ... ok
2026-09-07T06:05:47.5661914Z test_manifest_record_hash_rejects_content_change_with_crlf (test_m17_coverage.M17CoverageTests.test_manifest_record_hash_rejects_content_change_with_crlf)
2026-09-07T06:05:47.5664088Z ! @brief CRLF checkout\uc5d0\uc11c\ub3c4 \uc2e4\uc81c record \ub0b4\uc6a9 \ubcc0\uacbd\uc740 SHA mismatch\ub85c \uac70\ubd80\ud569\ub2c8\ub2e4. ... ok
2026-09-07T06:05:47.6008332Z test_manifest_revision_mismatch_is_rejected (test_m17_coverage.M17CoverageTests.test_manifest_revision_mismatch_is_rejected) ... ok
2026-09-07T06:05:47.6257037Z test_networking_supported_promotion_is_rejected (test_m17_coverage.M17CoverageTests.test_networking_supported_promotion_is_rejected) ... ok
2026-09-07T06:05:47.6259021Z test_pass_and_fail_require_evidence (test_m17_coverage.M17CoverageTests.test_pass_and_fail_require_evidence)
2026-09-07T06:05:47.6594390Z ! @brief \uc644\ub8cc \uacb0\uacfc\uc778 pass\uc640 fail\uc5d0 evidence\uac00 \uc5c6\uc73c\uba74 \uac70\ubd80\ud569\ub2c8\ub2e4. ... ok
2026-09-07T06:05:47.6595300Z test_planned_and_not_run_reject_evidence (test_m17_coverage.M17CoverageTests.test_planned_and_not_run_reject_evidence)
2026-09-07T06:05:47.6932091Z ! @brief \ubbf8\uc2e4\ud589 \uc0c1\ud0dc\uc778 planned\uc640 not-run\uc5d0\ub294 evidence\ub97c \uae08\uc9c0\ud569\ub2c8\ub2e4. ... ok
2026-09-07T06:05:47.7082271Z test_record_path_must_be_derived_from_id (test_m17_coverage.M17CoverageTests.test_record_path_must_be_derived_from_id) ... ok
2026-09-07T06:05:47.7334943Z test_record_revision_mismatch_is_rejected (test_m17_coverage.M17CoverageTests.test_record_revision_mismatch_is_rejected) ... ok
2026-09-07T06:05:47.9168039Z test_repository_dataset_and_generated_outputs_are_current (test_m17_coverage.M17CoverageTests.test_repository_dataset_and_generated_outputs_are_current) ... ok
2026-09-07T06:05:47.9169100Z test_resolved_path_outside_root_is_rejected (test_m17_coverage.M17CoverageTests.test_resolved_path_outside_root_is_rejected)
2026-09-07T06:05:47.9340948Z ! @brief symlink \ub4f1\uc73c\ub85c resolve \uacb0\uacfc\uac00 root \ubc16\uc774\uba74 fail-closed\ub85c \uac70\ubd80\ud569\ub2c8\ub2e4. ... ok
2026-09-07T06:05:47.9572140Z test_sensor_wrapper_is_rejected (test_m17_coverage.M17CoverageTests.test_sensor_wrapper_is_rejected) ... ok
2026-09-07T06:05:47.9572986Z test_supported_failure_is_gate_failure (test_m17_coverage.M17CoverageTests.test_supported_failure_is_gate_failure)
2026-09-07T06:05:47.9732558Z ! @brief supported \ud56d\ubaa9\uc758 evidence\uac00 \uc788\ub294 fail\ub3c4 coverage gate\ub97c \uc2e4\ud328\uc2dc\ud0b5\ub2c8\ub2e4. ... ok
2026-09-07T06:05:47.9970310Z test_unknown_record_field_is_rejected (test_m17_coverage.M17CoverageTests.test_unknown_record_field_is_rejected) ... ok
2026-09-07T06:05:47.9971201Z test_windows_drive_paths_are_rejected (test_m17_coverage.M17CoverageTests.test_windows_drive_paths_are_rejected)
2026-09-07T06:05:48.0097753Z ! @brief C:/�D:/\uc640 drive-relative \uacbd\ub85c\ub97c \uc0c1\ub300 \uacbd\ub85c\ub85c \ud574\uc11d\ud558\uc9c0 \uc54a\uc2b5\ub2c8\ub2e4. ... ok
2026-09-07T06:05:48.0098330Z 
2026-09-07T06:05:48.0098497Z ----------------------------------------------------------------------
2026-09-07T06:05:48.0098850Z Ran 25 tests in 0.780s
2026-09-07T06:05:48.0098986Z 
2026-09-07T06:05:48.0099066Z OK
2026-09-07T06:05:48.0299249Z [M12] exec: C:\hostedtoolcache\windows\Python\3.12.10\x64\python.exe -m unittest discover -v -s D:\a\NU54DK_Arduino_Core\NU54DK_Arduino_Core\tests\host -p test_m17_external_arduino.py
2026-09-07T06:05:48.1823747Z test_arduino_cli_exact_version_and_sha_are_recorded (test_m17_external_arduino.M17ExternalArduinoTests.test_arduino_cli_exact_version_and_sha_are_recorded)
2026-09-07T06:05:48.1866496Z ! @brief shell \uc5c6\uc774 \uc2e4\ud589\ud55c exact 1.5.1\uacfc executable SHA\ub97c \uc815\uaddc\ud654\ud569\ub2c8\ub2e4. ... ok
2026-09-07T06:05:48.1867518Z test_arduino_cli_rejects_wrong_or_ambiguous_version (test_m17_external_arduino.M17ExternalArduinoTests.test_arduino_cli_rejects_wrong_or_ambiguous_version)
2026-09-07T06:05:48.1899097Z ! @brief \ub2e4\ub978 version\uacfc version token \uc911\ubcf5\uc744 fail-closed\ub85c \uac70\ubd80\ud569\ub2c8\ub2e4. ... ok
2026-09-07T06:05:48.1900106Z test_arduino_cli_replacement_is_rejected (test_m17_external_arduino.M17ExternalArduinoTests.test_arduino_cli_replacement_is_rejected)
2026-09-07T06:05:48.1921047Z ! @brief compile \uc911 executable byte\uac00 \ubc14\ub00c\uba74 \uc885\ub8cc \uac80\uc99d\uc5d0\uc11c \uac70\ubd80\ud569\ub2c8\ub2e4. ... ok
2026-09-07T06:05:48.1922059Z test_arduino_library_compatibility_contract_is_present (test_m17_external_arduino.M17ExternalArduinoTests.test_arduino_library_compatibility_contract_is_present)
2026-09-07T06:05:48.1926094Z ! @brief \uc678\ubd80 Arduino library\uac00 \uc694\uad6c\ud558\ub294 macro, Print\uc640 \uc815\uc218 GPIO overload\ub97c \uace0\uc815\ud569\ub2c8\ub2e4. ... ok
2026-09-07T06:05:48.1927005Z test_compile_sketch_targets_lsm6ds3trc (test_m17_external_arduino.M17ExternalArduinoTests.test_compile_sketch_targets_lsm6ds3trc)
2026-09-07T06:05:48.1928539Z ! @brief compile gate\uac00 NU54DK \uac80\uc99d \ub300\uc0c1 LSM6DS3TR-C\ub97c \uc9c1\uc811 \uc0ac\uc6a9\ud558\ub294\uc9c0 \ud655\uc778\ud569\ub2c8\ub2e4. ... ok
2026-09-07T06:05:48.1930834Z test_contained_target_rejects_destination_escape (test_m17_external_arduino.M17ExternalArduinoTests.test_contained_target_rejects_destination_escape)
2026-09-07T06:05:48.1947595Z ! @brief \ucd5c\uc885 resolve \uacb0\uacfc\uac00 destination \ubc16\uc774\uba74 \ucd94\ucd9c \uc804\uc5d0 \uac70\ubd80\ud569\ub2c8\ub2e4. ... ok
2026-09-07T06:05:48.1949033Z test_download_checksum_contract_matches_lock (test_m17_external_arduino.M17ExternalArduinoTests.test_download_checksum_contract_matches_lock)
2026-09-07T06:05:48.1954510Z ! @brief lock SHA\uac00 64\uc790\ub9ac\uc774\uba70 evidence\uc5d0 \uc0ac\uc6a9\ud560 \uc218 \uc788\ub294 digest\uc778\uc9c0 \ud655\uc778\ud569\ub2c8\ub2e4. ... ok
2026-09-07T06:05:48.1955575Z test_exact_checkout_allows_only_untracked_ci_output_root (test_m17_external_arduino.M17ExternalArduinoTests.test_exact_checkout_allows_only_untracked_ci_output_root)
2026-09-07T06:05:48.1992462Z ! @brief \uae30\uc874 CI evidence\ub294 \ud5c8\uc6a9\ud558\ub418 \ub2e4\ub978 untracked source\ub294 \uac70\ubd80\ud569\ub2c8\ub2e4. ... ok
2026-09-07T06:05:48.1993461Z test_exact_checkout_rejects_dirty_core_or_board (test_m17_external_arduino.M17ExternalArduinoTests.test_exact_checkout_rejects_dirty_core_or_board)
2026-09-07T06:05:48.2016570Z ! @brief Core \ub610\ub294 board\uc758 \ubbf8\ucee4\ubc0b \ubcc0\uacbd\uc740 compile \uc804\uc5d0 \uac70\ubd80\ud569\ub2c8\ub2e4. ... ok
2026-09-07T06:05:48.2017535Z test_exact_checkout_rejects_gitlink_or_checkout_mismatch (test_m17_external_arduino.M17ExternalArduinoTests.test_exact_checkout_rejects_gitlink_or_checkout_mismatch)
2026-09-07T06:05:48.2041669Z ! @brief parent gitlink \ub610\ub294 \uc2e4\uc81c board HEAD\uac00 exact pin\uacfc \ub2e4\ub974\uba74 \uac70\ubd80\ud569\ub2c8\ub2e4. ... ok
2026-09-07T06:05:48.2042645Z test_lock_rejects_changed_checksum_and_duplicate_key (test_m17_external_arduino.M17ExternalArduinoTests.test_lock_rejects_changed_checksum_and_duplicate_key)
2026-09-07T06:05:48.2064245Z ! @brief checksum \ubcc0\uacbd\uacfc \uc911\ubcf5 JSON key\ub97c fail-closed\ub85c \uac70\ubd80\ud569\ub2c8\ub2e4. ... ok
2026-09-07T06:05:48.2065634Z test_repository_lock_is_exact (test_m17_external_arduino.M17ExternalArduinoTests.test_repository_lock_is_exact)
2026-09-07T06:05:48.2067624Z ! @brief \uc800\uc7a5\uc18c lock\uc774 \uc2b9\uc778\ud55c \uc138 tag�commit�SHA\ub9cc \ud3ec\ud568\ud558\ub294\uc9c0 \ud655\uc778\ud569\ub2c8\ub2e4. ... ok
2026-09-07T06:05:48.2069104Z test_safe_extract_accepts_single_root (test_m17_external_arduino.M17ExternalArduinoTests.test_safe_extract_accepts_single_root)
2026-09-07T06:05:48.2127236Z ! @brief \uc815\uc0c1 archive\uc5d0\uc11c root\ub97c \uc81c\uac70\ud55c library tree\ub9cc \uc0dd\uc131\ud569\ub2c8\ub2e4. ... ok
2026-09-07T06:05:48.2128509Z test_safe_extract_rejects_traversal (test_m17_external_arduino.M17ExternalArduinoTests.test_safe_extract_rejects_traversal)
2026-09-07T06:05:48.2139889Z ! @brief \uc0c1\uc704 \uacbd\ub85c\ub97c \uc4f0\ub294 ZIP member\ub97c \uac70\ubd80\ud569\ub2c8\ub2e4. ... ok
2026-09-07T06:05:48.2140771Z test_safe_extract_rejects_windows_drive_unc_and_ads (test_m17_external_arduino.M17ExternalArduinoTests.test_safe_extract_rejects_windows_drive_unc_and_ads)
2026-09-07T06:05:48.2192444Z ! @brief drive-relative�drive absolute�UNC�ADS ZIP \uacbd\ub85c\ub97c \ubaa8\ub450 \uac70\ubd80\ud569\ub2c8\ub2e4. ... ok
2026-09-07T06:05:48.2193014Z 
2026-09-07T06:05:48.2193167Z ----------------------------------------------------------------------
2026-09-07T06:05:48.2193814Z Ran 15 tests in 0.037s
2026-09-07T06:05:48.2193952Z 
2026-09-07T06:05:48.2194036Z OK
2026-09-07T06:05:48.2386443Z [M12] exec: C:\hostedtoolcache\windows\Python\3.12.10\x64\python.exe -m unittest discover -v -s D:\a\NU54DK_Arduino_Core\NU54DK_Arduino_Core\tests\host -p test_m17_feasibility.py
2026-09-07T06:05:48.3712839Z test_build_command_is_fixed_sysbuild (test_m17_feasibility.M17FeasibilityTests.test_build_command_is_fixed_sysbuild)
2026-09-07T06:05:48.3714279Z ! @brief \uba85\ub839\uc774 \uace0\uc815 board\uc640 sysbuild \ubc0f \uc800\uc7a5\uc18c BOARD_ROOT\ub97c \uc0ac\uc6a9\ud569\ub2c8\ub2e4. ... ok
2026-09-07T06:05:48.3715735Z test_crypto_nu54dk_failure_is_gate_failure (test_m17_feasibility.M17FeasibilityTests.test_crypto_nu54dk_failure_is_gate_failure)
2026-09-07T06:05:48.3790651Z ! @brief crypto RNG\ub294 official\uacfc NU54DK\uac00 \ubaa8\ub450 \uc131\uacf5\ud574\uc57c gate\ub97c \ud1b5\uacfc\ud569\ub2c8\ub2e4. ... ok
2026-09-07T06:05:48.3791664Z test_declared_samples_and_support_boundary_are_exact (test_m17_feasibility.M17FeasibilityTests.test_declared_samples_and_support_boundary_are_exact)
2026-09-07T06:05:48.3792731Z ! @brief \uac80\ud1a0 \ub300\uc0c1\uc740 \uacf5\uc2dd \uc138 sample\uc774\uba70 \uc9c0\uc6d0 \uc120\uc5b8\uc740 runner\uc5d0 \ud3ec\ud568\ud558\uc9c0 \uc54a\uc2b5\ub2c8\ub2e4. ... ok
2026-09-07T06:05:48.3793841Z test_execution_inputs_reject_board_revision_or_gitlink_mismatch (test_m17_feasibility.M17FeasibilityTests.test_execution_inputs_reject_board_revision_or_gitlink_mismatch)
2026-09-07T06:05:48.3800338Z ! @brief \uc2e4\uc81c checkout\uacfc \ubd80\ubaa8 gitlink\uac00 lock revision\uc5d0\uc11c \ubc97\uc5b4\ub098\uba74 \uac70\ubd80\ud569\ub2c8\ub2e4. ... ok
2026-09-07T06:05:48.3801435Z test_execution_inputs_reject_dirty_board (test_m17_feasibility.M17FeasibilityTests.test_execution_inputs_reject_dirty_board)
2026-09-07T06:05:48.3803406Z ! @brief exact revision\uc774\uc5b4\ub3c4 board checkout\uc774 dirty\uc774\uba74 build \uc804\uc5d0 \uac70\ubd80\ud569\ub2c8\ub2e4. ... ok
2026-09-07T06:05:48.3804744Z test_execution_inputs_reject_dirty_ncs_or_zephyr_workspace (test_m17_feasibility.M17FeasibilityTests.test_execution_inputs_reject_dirty_ncs_or_zephyr_workspace)
2026-09-07T06:05:48.3808708Z ! @brief revision\uc774 \uac19\uc544\ub3c4 NCS�Zephyr source \ubcc0\uacbd\uc740 exact workspace\uac00 \uc544\ub2d9\ub2c8\ub2e4. ... ok
2026-09-07T06:05:48.3809794Z test_git_output_scopes_safe_directory_to_repository (test_m17_feasibility.M17FeasibilityTests.test_git_output_scopes_safe_directory_to_repository)
2026-09-07T06:05:48.3826838Z ! @brief \uacf5\ubc31 \uacbd\ub85c\ub3c4 \uc804\uc5ed \ubcc0\uacbd \uc5c6\uc774 \ud574\ub2f9 \uc800\uc7a5\uc18c\ub9cc \uc2e0\ub8b0\ud569\ub2c8\ub2e4. ... ok
2026-09-07T06:05:48.3827957Z test_git_revision_rejects_malformed_output (test_m17_feasibility.M17FeasibilityTests.test_git_revision_rejects_malformed_output)
2026-09-07T06:05:48.3830484Z ! @brief Git \uc131\uacf5 \ucf54\ub4dc\uc5ec\ub3c4 40\uc790\ub9ac SHA\uac00 \uc544\ub2c8\uba74 exact \uc785\ub825\uc744 \uac70\ubd80\ud569\ub2c8\ub2e4. ... ok
2026-09-07T06:05:48.3831687Z test_network_nu54dk_failure_is_recorded_but_not_gate_failure (test_m17_feasibility.M17FeasibilityTests.test_network_nu54dk_failure_is_recorded_but_not_gate_failure)
2026-09-07T06:05:48.3890161Z ! @brief deferred networking\uc740 official\ub9cc gate\uc774\uba70 NU54DK \uc2e4\ud328\ub294 evidence\uc5d0 \ubcf4\uc874\ud569\ub2c8\ub2e4. ... ok
2026-09-07T06:05:48.3891512Z test_official_control_failure_is_gate_failure (test_m17_feasibility.M17FeasibilityTests.test_official_control_failure_is_gate_failure)
2026-09-07T06:05:48.3948671Z ! @brief official control \uc2e4\ud328\uac00 \uc788\uc5b4\ub3c4 \ub450 \uc5ed\ud560\uc758 evidence\ub97c \ubcf4\uc874\ud558\uace0 gate\ub97c \uc2e4\ud328\uc2dc\ud0b5\ub2c8\ub2e4. ... ok
2026-09-07T06:05:48.3950099Z test_policy_rejects_crypto_deferred_or_hil (test_m17_feasibility.M17FeasibilityTests.test_policy_rejects_crypto_deferred_or_hil)
2026-09-07T06:05:48.3951384Z ! @brief crypto build-only \ud56d\ubaa9\uc744 deferred\ub85c \ub0ae\ucd94\uac70\ub098 HIL\ub85c \uc624\ud45c\uae30\ud558\uc9c0 \ubabb\ud558\uac8c \ud569\ub2c8\ub2e4. ... ok
2026-09-07T06:05:48.3952646Z test_policy_rejects_networking_support_promotion (test_m17_feasibility.M17FeasibilityTests.test_policy_rejects_networking_support_promotion)
2026-09-07T06:05:48.3953541Z ! @brief networking sample\uc744 build-only \ub610\ub294 supported\ub85c \uc2b9\uaca9\ud558\uc9c0 \ubabb\ud558\uac8c \ud569\ub2c8\ub2e4. ... ok
2026-09-07T06:05:48.3954345Z test_run_build_hashes_normalized_log (test_m17_feasibility.M17FeasibilityTests.test_run_build_hashes_normalized_log)
2026-09-07T06:05:48.3979146Z ! @brief \ud1b5\ud569 stdout\uc744 \uc815\uaddc\ud654\ud574 exact log hash\uc640 \uacb0\uacfc\ub97c \ub0a8\uae41\ub2c8\ub2e4. ... ok
2026-09-07T06:05:48.3979832Z 
2026-09-07T06:05:48.3980381Z ----------------------------------------------------------------------
2026-09-07T06:05:48.3980915Z Ran 13 tests in 0.027s
2026-09-07T06:05:48.3981067Z 
2026-09-07T06:05:48.3981142Z OK
2026-09-07T06:05:48.4157602Z [M12] exec: C:\hostedtoolcache\windows\Python\3.12.10\x64\python.exe -m unittest discover -v -s D:\a\NU54DK_Arduino_Core\NU54DK_Arduino_Core\tests\host -p test_m18_release.py
2026-09-07T06:05:48.8291005Z test_asset_tamper_and_extra_file_are_rejected (test_m18_release.M18ReleaseTests.test_asset_tamper_and_extra_file_are_rejected) ... ok
2026-09-07T06:05:48.9472813Z test_checksum_sidecar_forgery_is_rejected_even_when_records_are_rehashed (test_m18_release.M18ReleaseTests.test_checksum_sidecar_forgery_is_rejected_even_when_records_are_rehashed) ... ok
2026-09-07T06:05:48.9500041Z test_cli_exposes_no_stable_publish_or_version_override (test_m18_release.M18ReleaseTests.test_cli_exposes_no_stable_publish_or_version_override) ... ok
2026-09-07T06:05:48.9544412Z test_dirty_core_and_dirty_board_are_rejected (test_m18_release.M18ReleaseTests.test_dirty_core_and_dirty_board_are_rejected) ... ok
2026-09-07T06:05:49.1966792Z test_evidence_artifact_and_document_blob_tamper_are_rejected (test_m18_release.M18ReleaseTests.test_evidence_artifact_and_document_blob_tamper_are_rejected) ... ok
2026-09-07T06:05:49.1977161Z test_external_process_is_always_shell_false (test_m18_release.M18ReleaseTests.test_external_process_is_always_shell_false) ... ok
2026-09-07T06:05:49.5456775Z test_immutable_plan_fields_and_roles_are_rejected_when_tampered (test_m18_release.M18ReleaseTests.test_immutable_plan_fields_and_roles_are_rejected_when_tampered) ... ok
2026-09-07T06:05:49.5719884Z test_nondeterministic_second_build_is_rejected (test_m18_release.M18ReleaseTests.test_nondeterministic_second_build_is_rejected) ... ok
2026-09-07T06:05:49.5746724Z test_package_contract_is_read_only_and_rejects_rc_or_pin_mutation (test_m18_release.M18ReleaseTests.test_package_contract_is_read_only_and_rejects_rc_or_pin_mutation) ... ok
2026-09-07T06:05:49.6730127Z test_plan_unknown_field_is_rejected (test_m18_release.M18ReleaseTests.test_plan_unknown_field_is_rejected) ... ok
2026-09-07T06:05:49.8157904Z test_prepare_builds_twice_and_validates_exact_allowlist (test_m18_release.M18ReleaseTests.test_prepare_builds_twice_and_validates_exact_allowlist) ... ok
2026-09-07T06:05:49.8159797Z test_publish_binds_verification_to_discovered_release_id (test_m18_release.M18ReleaseTests.test_publish_binds_verification_to_discovered_release_id)
2026-09-07T06:05:49.9774303Z ! @brief \uc0dd\uc131 \uc9c1\ud6c4 \ubc1c\uacac\ud55c release ID\uac00 \uc7ac\uc870\ud68c \uc911 \ubc14\ub00c\uba74 \uac80\uc99d\uc744 \uc911\ub2e8\ud569\ub2c8\ub2e4. ... ok
2026-09-07T06:05:49.9775458Z test_publish_draft_uses_only_safe_flags_and_rechecks_remote_bytes (test_m18_release.M18ReleaseTests.test_publish_draft_uses_only_safe_flags_and_rechecks_remote_bytes)
2026-09-07T06:05:50.2008840Z ! @brief untagged Draft\ub97c ID \uae30\ubc18\uc73c\ub85c \uc0dd\uc131�\uac80\uc99d\ud558\uace0 tag download\ub97c \uc4f0\uc9c0 \uc54a\uc2b5\ub2c8\ub2e4. ... ok
2026-09-07T06:05:50.2010055Z test_publish_rejects_existing_local_or_github_release (test_m18_release.M18ReleaseTests.test_publish_rejects_existing_local_or_github_release)
2026-09-07T06:05:50.4236294Z ! @brief local tag \ubc0f REST \ubaa9\ub85d\uc5d0\uc11c \ubcf4\uc774\ub294 \uae30\uc874�\uc911\ubcf5 Draft\ub97c \uc0dd\uc131 \uc804\uc5d0 \uac70\ubd80\ud569\ub2c8\ub2e4. ... ok
2026-09-07T06:05:50.4237362Z test_publish_rejects_non_main_or_unpushed_origin_main (test_m18_release.M18ReleaseTests.test_publish_rejects_non_main_or_unpushed_origin_main)
2026-09-07T06:05:50.6154165Z ! @brief main/current HEAD/origin-main\uacfc remote main \ubd88\uc77c\uce58\ub97c \uac70\ubd80\ud569\ub2c8\ub2e4. ... ok
2026-09-07T06:05:50.6155190Z test_publish_rejects_non_public_repository_or_missing_remote_commit (test_m18_release.M18ReleaseTests.test_publish_rejects_non_public_repository_or_missing_remote_commit)
2026-09-07T06:05:50.8660415Z ! @brief PUBLIC/default main\uacfc GitHub target commit \ubd80\uc7ac\ub97c \uac70\ubd80\ud569\ub2c8\ub2e4. ... ok
2026-09-07T06:05:50.8661257Z test_publish_rejects_remote_sha_mismatch (test_m18_release.M18ReleaseTests.test_publish_rejects_remote_sha_mismatch)
2026-09-07T06:05:51.3858481Z ! @brief asset ID�\uc774\ub984�\uc0c1\ud0dc�\ud06c\uae30�digest\uc640 \ub2e4\uc6b4\ub85c\ub4dc byte \ubd88\uc77c\uce58\ub97c \uac70\ubd80\ud569\ub2c8\ub2e4. ... ok
2026-09-07T06:05:51.3859548Z test_publish_rejects_remote_tag_created_during_draft (test_m18_release.M18ReleaseTests.test_publish_rejects_remote_tag_created_during_draft)
2026-09-07T06:05:51.5501823Z ! @brief Draft \uc0dd\uc131 \ub4a4 \uc6d0\uaca9 tag ref\uac00 \uc0dd\uae30\uba74 Draft \uacc4\uc57d \uc704\ubc18\uc73c\ub85c \uac70\ubd80\ud569\ub2c8\ub2e4. ... ok
2026-09-07T06:05:51.5503642Z test_publish_waits_for_delayed_draft_and_bounds_discovery (test_m18_release.M18ReleaseTests.test_publish_waits_for_delayed_draft_and_bounds_discovery)
2026-09-07T06:05:51.7556481Z ! @brief Draft \ubaa9\ub85d\uc758 \uc9e7\uc740 \uc9c0\uc5f0\uc740 \uc7ac\uc870\ud68c\ud558\uace0 \ubb34\ud55c \ub300\uae30\ub294 \ud558\uc9c0 \uc54a\uc2b5\ub2c8\ub2e4. ... ok
2026-09-07T06:05:51.7557556Z test_published_stable_root_index_identities_are_exact (test_m18_release.M18ReleaseTests.test_published_stable_root_index_identities_are_exact)
2026-09-07T06:05:51.7570660Z ! @brief M18 \uc5ed\uc0ac \uacbd\uacc4\uc640 \ud604\uc7ac \uacf5\uac1c root index\uc758 exact byte\ub97c \ud568\uaed8 \ubcf4\ud638\ud569\ub2c8\ub2e4. ... ok
2026-09-07T06:05:51.7587464Z test_stable_contract_change_is_rejected (test_m18_release.M18ReleaseTests.test_stable_contract_change_is_rejected) ... ok
2026-09-07T06:05:51.7588367Z test_stable_root_index_crlf_worktree_is_rejected (test_m18_release.M18ReleaseTests.test_stable_root_index_crlf_worktree_is_rejected)
2026-09-07T06:05:51.7608432Z ! @brief Windows CRLF\ub85c \ubcc0\ud615\ub41c stable index\ub97c M18\uc774 \uac70\ubd80\ud558\ub294\uc9c0 \uac80\uc99d\ud569\ub2c8\ub2e4. ... ok
2026-09-07T06:05:52.0038332Z test_unexpected_directory_and_symlink_are_rejected (test_m18_release.M18ReleaseTests.test_unexpected_directory_and_symlink_are_rejected) ... ok
2026-09-07T06:05:52.0039558Z test_verify_accepts_missing_optional_digest_and_rejects_foreign_url (test_m18_release.M18ReleaseTests.test_verify_accepts_missing_optional_digest_and_rejects_foreign_url)
2026-09-07T06:05:52.2422240Z ! @brief \ubbf8\uc9c0\uc6d0 digest \uc0dd\ub7b5\uc740 \ud5c8\uc6a9\ud558\ub418 \ub2e4\ub978 \uc800\uc7a5\uc18c Draft URL\uc740 \uac70\ubd80\ud569\ub2c8\ub2e4. ... ok
2026-09-07T06:05:52.2423258Z test_verify_rejects_release_name_or_body_mismatch (test_m18_release.M18ReleaseTests.test_verify_rejects_release_name_or_body_mismatch)
2026-09-07T06:05:52.4669475Z ! @brief GitHub Release \uc81c\ubaa9\uacfc \ubcf8\ubb38\uc774 exact local \ubb38\uc11c\uc640 \ub2e4\ub974\uba74 \uac70\ubd80\ud569\ub2c8\ub2e4. ... ok
2026-09-07T06:05:52.4670316Z 
2026-09-07T06:05:52.4670482Z ----------------------------------------------------------------------
2026-09-07T06:05:52.4670850Z Ran 25 tests in 3.887s
2026-09-07T06:05:52.4670989Z 
2026-09-07T06:05:52.4671071Z OK
2026-09-07T06:05:52.4877227Z [M12] exec: C:\hostedtoolcache\windows\Python\3.12.10\x64\python.exe -m unittest discover -v -s D:\a\NU54DK_Arduino_Core\NU54DK_Arduino_Core\tests\host -p test_m19_ble_gap_contract.py
2026-09-07T06:05:52.5721978Z test_feature_resolver_accepts_ble_and_rejects_standard (test_m19_ble_gap_contract.M19BleGapContractTests.test_feature_resolver_accepts_ble_and_rejects_standard)
2026-09-07T06:05:52.6027045Z ! @brief library feature\uac00 ble profile\uc5d0\ub9cc \uacb0\ud569\ub418\ub294\uc9c0 production resolver\ub85c \uac80\uc0ac\ud569\ub2c8\ub2e4. ... ok
2026-09-07T06:05:52.6028082Z test_kconfig_and_examples_cover_gap_boundaries (test_m19_ble_gap_contract.M19BleGapContractTests.test_kconfig_and_examples_cover_gap_boundaries)
2026-09-07T06:05:52.6032529Z ! @brief fixed queue\uc640 \uc0ac\uc6a9\uc790 \uc608\uc81c\uac00 package source\uc5d0 \ud3ec\ud568\ub410\ub294\uc9c0 \uac80\uc0ac\ud569\ub2c8\ub2e4. ... ok
2026-09-07T06:05:52.6033587Z test_legacy_tx_power_and_shutdown_generation_are_enforced (test_m19_ble_gap_contract.M19BleGapContractTests.test_legacy_tx_power_and_shutdown_generation_are_enforced)
2026-09-07T06:05:52.6046568Z ! @brief TPC \ube44\ud65c\uc131 target\uacfc end-during-connect \uacbd\uacc4\ub97c \uc815\uc801\uc73c\ub85c \uace0\uc815\ud569\ub2c8\ub2e4. ... ok
2026-09-07T06:05:52.6047669Z test_nus_callbacks_ignore_generic_gap_links_and_targets_link_bundle (test_m19_ble_gap_contract.M19BleGapContractTests.test_nus_callbacks_ignore_generic_gap_links_and_targets_link_bundle)
2026-09-07T06:05:52.6066827Z ! @brief GAP/GATT link\uac00 \ubbf8\uc0ac\uc6a9 NUS \uc0c1\ud0dc\ub97c \uc624\uc5fc\ud558\uc9c0 \uc54a\ub3c4\ub85d bundle parity\ub97c \uace0\uc815\ud569\ub2c8\ub2e4. ... ok
2026-09-07T06:05:52.6067815Z test_once_init_and_m21_observer_hooks_are_shared (test_m19_ble_gap_contract.M19BleGapContractTests.test_once_init_and_m21_observer_hooks_are_shared)
2026-09-07T06:05:52.6073108Z ! @brief NUS/GAP/M21\uc774 bt_enable\uacfc connection callback\uc744 \uc911\ubcf5 \uc18c\uc720\ud558\uc9c0 \uc54a\uc2b5\ub2c8\ub2e4. ... ok
2026-09-07T06:05:52.6074070Z test_public_header_is_arduino_friendly_and_complete (test_m19_ble_gap_contract.M19BleGapContractTests.test_public_header_is_arduino_friendly_and_complete)
2026-09-07T06:05:52.6077377Z ! @brief Zephyr type \uc5c6\uc774 \ubaa9\ud45c GAP \uac1d\uccb4\uc640 \uc9c4\ub2e8\uc744 \ub178\ucd9c\ud569\ub2c8\ub2e4. ... ok
2026-09-07T06:05:52.6078305Z test_stack_callbacks_only_enqueue_bounded_records (test_m19_ble_gap_contract.M19BleGapContractTests.test_stack_callbacks_only_enqueue_bounded_records)
2026-09-07T06:05:52.6111789Z ! @brief Bluetooth callback\uc5d0\uc11c user callback�heap \uc0ac\uc6a9\uc744 \uae08\uc9c0\ud569\ub2c8\ub2e4. ... ok
2026-09-07T06:05:52.6112696Z test_user_phy_control_disables_zephyr_auto_update (test_m19_ble_gap_contract.M19BleGapContractTests.test_user_phy_control_disables_zephyr_auto_update)
2026-09-07T06:05:52.6115672Z ! @brief \uacf5\uac1c PHY \uc694\uccad\uacfc HIL\uc774 Zephyr \uc790\ub3d9 PHY \uc808\ucc28\uc640 \uacbd\uc7c1\ud558\uc9c0 \uc54a\ub3c4\ub85d \uace0\uc815\ud569\ub2c8\ub2e4. ... ok
2026-09-07T06:05:52.6116478Z 
2026-09-07T06:05:52.6116630Z ----------------------------------------------------------------------
2026-09-07T06:05:52.6116978Z Ran 8 tests in 0.040s
2026-09-07T06:05:52.6117122Z 
2026-09-07T06:05:52.6117197Z OK
2026-09-07T06:05:52.6270132Z [M12] exec: C:\hostedtoolcache\windows\Python\3.12.10\x64\python.exe -m unittest discover -v -s D:\a\NU54DK_Arduino_Core\NU54DK_Arduino_Core\tests\host -p test_m19_ble_gap_hil.py
2026-09-07T06:05:52.7387016Z test_reordered_token_is_rejected (test_m19_ble_gap_hil.M19BleGapHilParserTest.test_reordered_token_is_rejected) ... ok
2026-09-07T06:05:52.7388036Z test_short_nonce_is_rejected (test_m19_ble_gap_hil.M19BleGapHilParserTest.test_short_nonce_is_rejected)
2026-09-07T06:05:52.7389006Z ! @brief full 128-bit\uac00 \uc544\ub2cc RF fixture nonce\ub97c \uac70\ubd80\ud569\ub2c8\ub2e4. ... ok
2026-09-07T06:05:52.7389875Z test_stale_nonce_is_rejected (test_m19_ble_gap_hil.M19BleGapHilParserTest.test_stale_nonce_is_rejected) ... ok
2026-09-07T06:05:52.7392052Z test_target_fail_is_rejected (test_m19_ble_gap_hil.M19BleGapHilParserTest.test_target_fail_is_rejected) ... ok
2026-09-07T06:05:52.7392975Z test_valid_pair_transcripts_pass (test_m19_ble_gap_hil.M19BleGapHilParserTest.test_valid_pair_transcripts_pass) ... ok
2026-09-07T06:05:52.7393438Z 
2026-09-07T06:05:52.7393610Z ----------------------------------------------------------------------
2026-09-07T06:05:52.7393963Z Ran 5 tests in 0.001s
2026-09-07T06:05:52.7394100Z 
2026-09-07T06:05:52.7394176Z OK
2026-09-07T06:05:52.7528297Z [M12] exec: C:\hostedtoolcache\windows\Python\3.12.10\x64\python.exe -m unittest discover -v -s D:\a\NU54DK_Arduino_Core\NU54DK_Arduino_Core\tests\host -p test_m20_ble_gatt_contract.py
2026-09-07T06:05:52.8236555Z test_client_disconnect_invalidates_and_discovery_is_bounded (test_m20_ble_gatt_contract.M20BleGattContractTests.test_client_disconnect_invalidates_and_discovery_is_bounded)
2026-09-07T06:05:52.8263143Z ! @brief reconnect \ub4a4 stale handle�subscription \uc790\ub3d9 \uc7ac\uc0ac\uc6a9\uc744 \ub9c9\uc2b5\ub2c8\ub2e4. ... ok
2026-09-07T06:05:52.8264113Z test_kconfig_examples_and_target_contracts_exist (test_m20_ble_gatt_contract.M20BleGattContractTests.test_kconfig_examples_and_target_contracts_exist)
2026-09-07T06:05:52.8269135Z ! @brief resolver config, examples\uc640 M19/M20 \ubd84\ub9ac target gate\ub97c \ud655\uc778\ud569\ub2c8\ub2e4. ... ok
2026-09-07T06:05:52.8270468Z test_public_server_and_client_surface_is_complete (test_m20_ble_gatt_contract.M20BleGattContractTests.test_public_server_and_client_surface_is_complete)
2026-09-07T06:05:52.8274156Z ! @brief portable UUID�service�characteristic�remote handle API\ub97c \uac80\uc0ac\ud569\ub2c8\ub2e4. ... ok
2026-09-07T06:05:52.8275462Z test_schema_is_registered_before_stack_and_locked_after_start (test_m20_ble_gatt_contract.M20BleGattContractTests.test_schema_is_registered_before_stack_and_locked_after_start)
2026-09-07T06:05:52.8311081Z ! @brief service \ub4f1\ub85d\u2192bt_enable/settings_load \uc21c\uc11c\uc640 late mutation \uac70\ubd80\ub97c \uace0\uc815\ud569\ub2c8\ub2e4. ... ok
2026-09-07T06:05:52.8312110Z test_server_callbacks_copy_to_fixed_queue_and_use_cached_read (test_m20_ble_gatt_contract.M20BleGattContractTests.test_server_callbacks_copy_to_fixed_queue_and_use_cached_read)
2026-09-07T06:05:52.8360094Z ! @brief stack callback\uc5d0\uc11c Sketch\ub97c \ud638\ucd9c\ud558\uc9c0 \uc54a\uace0 cached value\ub9cc \uc77d\uc2b5\ub2c8\ub2e4. ... ok
2026-09-07T06:05:52.8361089Z test_thread_context_and_session_tokens_fail_closed (test_m20_ble_gatt_contract.M20BleGattContractTests.test_thread_context_and_session_tokens_fail_closed)
2026-09-07T06:05:52.8390652Z ! @brief ISR stack \uc9c4\uc785\uacfc disconnect \ub4a4 stale callback \uc7ac\uc0ac\uc6a9\uc744 \uac70\ubd80\ud569\ub2c8\ub2e4. ... ok
2026-09-07T06:05:52.8391468Z 
2026-09-07T06:05:52.8391628Z ----------------------------------------------------------------------
2026-09-07T06:05:52.8391978Z Ran 6 tests in 0.016s
2026-09-07T06:05:52.8392118Z 
2026-09-07T06:05:52.8392191Z OK
2026-09-07T06:05:52.8497846Z [M12] exec: C:\hostedtoolcache\windows\Python\3.12.10\x64\python.exe -m unittest discover -v -s D:\a\NU54DK_Arduino_Core\NU54DK_Arduino_Core\tests\host -p test_m20_ble_gatt_hil.py
2026-09-07T06:05:52.9612546Z test_missing_rediscovery_is_rejected (test_m20_ble_gatt_hil.M20BleGattHilParserTest.test_missing_rediscovery_is_rejected) ... ok
2026-09-07T06:05:52.9614531Z test_reordered_write_modes_are_rejected (test_m20_ble_gatt_hil.M20BleGattHilParserTest.test_reordered_write_modes_are_rejected) ... ok
2026-09-07T06:05:52.9615973Z test_short_nonce_is_rejected (test_m20_ble_gatt_hil.M20BleGattHilParserTest.test_short_nonce_is_rejected)
2026-09-07T06:05:52.9617241Z ! @brief full 128-bit\uac00 \uc544\ub2cc runner challenge\ub97c fail-closed\ub85c \uac70\ubd80\ud569\ub2c8\ub2e4. ... ok
2026-09-07T06:05:52.9618451Z test_stale_nonce_is_rejected (test_m20_ble_gatt_hil.M20BleGattHilParserTest.test_stale_nonce_is_rejected) ... ok
2026-09-07T06:05:52.9620353Z test_target_fail_is_rejected (test_m20_ble_gatt_hil.M20BleGattHilParserTest.test_target_fail_is_rejected) ... ok
2026-09-07T06:05:52.9621590Z test_valid_pair_transcripts_pass (test_m20_ble_gatt_hil.M20BleGattHilParserTest.test_valid_pair_transcripts_pass) ... ok
2026-09-07T06:05:52.9622319Z 
2026-09-07T06:05:52.9622551Z ----------------------------------------------------------------------
2026-09-07T06:05:52.9623049Z Ran 6 tests in 0.001s
2026-09-07T06:05:52.9623252Z 
2026-09-07T06:05:52.9623358Z OK
2026-09-07T06:05:52.9751894Z [M12] exec: C:\hostedtoolcache\windows\Python\3.12.10\x64\python.exe -m unittest discover -v -s D:\a\NU54DK_Arduino_Core\NU54DK_Arduino_Core\tests\host -p test_m21_ble_security_contract.py
2026-09-07T06:05:53.0527753Z test_already_encrypted_restore_is_verified_without_duplicate_event (test_m21_ble_security_contract.M21BleSecurityContractTests.test_already_encrypted_restore_is_verified_without_duplicate_event)
2026-09-07T06:05:53.0550953Z ! @brief connected \uc2dc\uc810\uc5d0 \uc774\ubbf8 L2\uc778 bond \ubcf5\uc6d0 race\ub97c \uc989\uc2dc \uac80\uc99d\ud569\ub2c8\ub2e4. ... ok
2026-09-07T06:05:53.0552064Z test_auth_callbacks_match_the_configured_io_capability (test_m21_ble_security_contract.M21BleSecurityContractTests.test_auth_callbacks_match_the_configured_io_capability)
2026-09-07T06:05:53.0575461Z ! @brief \uc2e4\uc81c \uc7a5\uce58 \uc785\ucd9c\ub825\ubcf4\ub2e4 \uac15\ud55c SMP capability\ub97c \uad11\uace0\ud558\uc9c0 \uc54a\uc2b5\ub2c8\ub2e4. ... ok
2026-09-07T06:05:53.0576603Z test_backend_reuses_common_stack_and_connection_hooks (test_m21_ble_security_contract.M21BleSecurityContractTests.test_backend_reuses_common_stack_and_connection_hooks)
2026-09-07T06:05:53.0598199Z ! @brief M21\uc774 bt_enable\uc774\ub098 \ubcc4\ub3c4 connection callback\uc744 \ub9cc\ub4e4\uc9c0 \ubabb\ud558\uac8c \ud569\ub2c8\ub2e4. ... ok
2026-09-07T06:05:53.0599176Z test_board_and_security_share_zms_settings_backend (test_m21_ble_security_contract.M21BleSecurityContractTests.test_board_and_security_share_zms_settings_backend)
2026-09-07T06:05:53.0602999Z ! @brief board/system\uacfc BLE bond \uc800\uc7a5\uc18c\uac00 \ub2e8\uc77c ZMS backend\ub97c \uacf5\uc720\ud569\ub2c8\ub2e4. ... ok
2026-09-07T06:05:53.0604070Z test_bond_is_verified_only_after_reboot_key_restore (test_m21_ble_security_contract.M21BleSecurityContractTests.test_bond_is_verified_only_after_reboot_key_restore)
2026-09-07T06:05:53.0625296Z ! @brief \uac19\uc740 boot\uc758 \uba54\ubaa8\ub9ac \ubaa9\ub85d\uc744 persistence \uc131\uacf5\uc73c\ub85c \uc624\ud310\ud558\uc9c0 \uc54a\uc2b5\ub2c8\ub2e4. ... ok
2026-09-07T06:05:53.0626371Z test_erased_probe_rejects_every_interactive_pairing_path (test_m21_ble_security_contract.M21BleSecurityContractTests.test_erased_probe_rejects_every_interactive_pairing_path)
2026-09-07T06:05:53.0630652Z ! @brief \uc774\uc804 key \uac70\ubd80 \ub2e8\uacc4\uc5d0\uc11c Just Works\uc640 passkey \uc7ac pairing\uc744 \ubaa8\ub450 \uac70\ubd80\ud569\ub2c8\ub2e4. ... ok
2026-09-07T06:05:53.0631791Z test_feature_enables_smp_settings_bas_dis_and_encrypted_hids (test_m21_ble_security_contract.M21BleSecurityContractTests.test_feature_enables_smp_settings_bas_dis_and_encrypted_hids)
2026-09-07T06:05:53.0634013Z ! @brief \ubcc4\ub3c4 feature\uac00 \ud45c\uc900 profile dependency\ub97c \uc644\uc804\ud558\uac8c \uc120\uc5b8\ud558\ub294\uc9c0 \uac80\uc0ac\ud569\ub2c8\ub2e4. ... ok
2026-09-07T06:05:53.0635047Z test_hid_is_protocol_automated_but_os_claim_is_absent (test_m21_ble_security_contract.M21BleSecurityContractTests.test_hid_is_protocol_automated_but_os_claim_is_absent)
2026-09-07T06:05:53.0651919Z ! @brief protocol report\uc640 OS \uc218\ub3d9 \ud655\uc778 \uacbd\uacc4\ub97c \ud63c\ub3d9\ud558\uc9c0 \uc54a\ub3c4\ub85d \uace0\uc815\ud569\ub2c8\ub2e4. ... ok
2026-09-07T06:05:53.0652967Z test_hil_bounds_pre_security_link_recovery_in_main_loop (test_m21_ble_security_contract.M21BleSecurityContractTests.test_hil_bounds_pre_security_link_recovery_in_main_loop)
2026-09-07T06:05:53.0657646Z ! @brief \uc5f0\uacb0 \uc131\ub9bd transient\ub9cc phase\ub2f9 \uc138 \ubc88\uae4c\uc9c0 callback \ubc16\uc5d0\uc11c \ubcf5\uad6c\ud569\ub2c8\ub2e4. ... ok
2026-09-07T06:05:53.0658649Z test_hil_clear_stops_only_active_gap_operations (test_m21_ble_security_contract.M21BleSecurityContractTests.test_hil_clear_stops_only_active_gap_operations)
2026-09-07T06:05:53.0665159Z ! @brief \ucd08\uae30 CLEAR\uac00 \uc720\ud734 GAP \uac1d\uccb4\uc758 \uc624\ub958 event\ub97c \ub9cc\ub4e4\uc9c0 \uc54a\ub3c4\ub85d \uace0\uc815\ud569\ub2c8\ub2e4. ... ok
2026-09-07T06:05:53.0666281Z test_hil_continues_when_security_was_satisfied_before_event_poll (test_m21_ble_security_contract.M21BleSecurityContractTests.test_hil_continues_when_security_was_satisfied_before_event_poll)
2026-09-07T06:05:53.0669692Z ! @brief \ubcf4\uc548 event\uc640 GAP/read \uc0c1\ud0dc\uae30\uc758 \uad50\ucc28 \uc21c\uc11c\uc5d0\ub3c4 profile \uac80\uc99d\uc744 \uc7ac\uac1c\ud569\ub2c8\ub2e4. ... ok
2026-09-07T06:05:53.0670760Z test_hil_defers_non_fresh_security_request_to_main_loop (test_m21_ble_security_contract.M21BleSecurityContractTests.test_hil_defers_non_fresh_security_request_to_main_loop)
2026-09-07T06:05:53.0680476Z ! @brief \uc5f0\uacb0 \uc9c1\ud6c4 \uc694\uccad\uc744 \ubbf8\ub8e8\uace0 \uc774\ubbf8 \uc9c4\ud589 \uc911\uc778 SMP\ub294 bounded \uac04\uaca9\uc73c\ub85c \uc7ac\ud655\uc778\ud569\ub2c8\ub2e4. ... ok
2026-09-07T06:05:53.0681636Z test_hil_initializes_runtime_profiles_after_stack_enable (test_m21_ble_security_contract.M21BleSecurityContractTests.test_hil_initializes_runtime_profiles_after_stack_enable)
2026-09-07T06:05:53.0685830Z ! @brief HIDS\ub294 stack \uc804\uc5d0 \ub4f1\ub85d\ud558\uace0 DIS�BAS runtime \uac12\uc740 stack \ub4a4\uc5d0 \uc124\uc815\ud569\ub2c8\ub2e4. ... ok
2026-09-07T06:05:53.0686977Z test_hil_invalidates_stale_gatt_callbacks_on_disconnect_and_reset (test_m21_ble_security_contract.M21BleSecurityContractTests.test_hil_invalidates_stale_gatt_callbacks_on_disconnect_and_reset)
2026-09-07T06:05:53.0689526Z ! @brief \uc774\uc804 \uc5f0\uacb0 callback\uc774 \uc0c8 phase \uc644\ub8cc flag\ub97c \uc624\uc5fc\ud558\uc9c0 \ubabb\ud558\uac8c \uc138\ub300\ub97c \ubb34\ud6a8\ud654\ud569\ub2c8\ub2e4. ... ok
2026-09-07T06:05:53.0690721Z test_hil_observes_encrypted_read_denial_before_security_request (test_m21_ble_security_contract.M21BleSecurityContractTests.test_hil_observes_encrypted_read_denial_before_security_request)
2026-09-07T06:05:53.0694094Z ! @brief ATT \uc790\ub3d9 \ubcf4\uc548 \uc7ac\uc2dc\ub3c4\ub97c \ub044\uace0 \ud3c9\ubb38 HIDS read \uac70\ubd80\ub97c \uc9c1\uc811 \uac80\uc99d\ud569\ub2c8\ub2e4. ... ok
2026-09-07T06:05:53.0695217Z test_hil_repeats_profile_notifications_after_server_ccc_restore (test_m21_ble_security_contract.M21BleSecurityContractTests.test_hil_repeats_profile_notifications_after_server_ccc_restore)
2026-09-07T06:05:53.0699298Z ! @brief client \uad6c\ub3c5 \uc7ac\ub4f1\ub85d \uc804 \uc1a1\uc2e0 \uc131\uacf5 race\uc5d0\ub3c4 profile \uac12\uc744 \ubc18\ubcf5 \uc804\ub2ec\ud569\ub2c8\ub2e4. ... ok
2026-09-07T06:05:53.0700364Z test_hil_serializes_all_gatt_transitions_by_main_loop (test_m21_ble_security_contract.M21BleSecurityContractTests.test_hil_serializes_all_gatt_transitions_by_main_loop)
2026-09-07T06:05:53.0705037Z ! @brief discovery�read�subscribe \uc804\uc774\ub97c one-shot main-loop \uc791\uc5c5\uc73c\ub85c \uc9c1\ub82c\ud654\ud569\ub2c8\ub2e4. ... ok
2026-09-07T06:05:53.0707139Z test_hil_uses_typed_characteristic_and_auto_ccc_discovery (test_m21_ble_security_contract.M21BleSecurityContractTests.test_hil_uses_typed_characteristic_and_auto_ccc_discovery)
2026-09-07T06:05:53.0711216Z ! @brief \uc6d0\uaca9 characteristic \uac12\uacfc CCC\ub97c \uc720\ud6a8\ud55c Zephyr discovery \ubc29\uc2dd\uc73c\ub85c \ucc3e\uc2b5\ub2c8\ub2e4. ... ok
2026-09-07T06:05:53.0712949Z test_library_discovery_phase_excludes_internal_zephyr_backend (test_m21_ble_security_contract.M21BleSecurityContractTests.test_library_discovery_phase_excludes_internal_zephyr_backend)
2026-09-07T06:05:53.0732485Z ! @brief Arduino \ud0d0\uc0c9 compile\uc5d0\uc11c\ub294 \uacf5\uac1c header\ub9cc \ud574\uc11d\ud558\ub3c4\ub85d \uace0\uc815\ud569\ub2c8\ub2e4. ... ok
2026-09-07T06:05:53.0734470Z test_pairing_callbacks_defer_user_code_and_never_log_secrets (test_m21_ble_security_contract.M21BleSecurityContractTests.test_pairing_callbacks_defer_user_code_and_never_log_secrets)
2026-09-07T06:05:53.0813485Z ! @brief stack callback\uc5d0\uc11c Sketch callback�Serial passkey \ucd9c\ub825\uc744 \uae08\uc9c0\ud569\ub2c8\ub2e4. ... ok
2026-09-07T06:05:53.0815236Z test_public_surface_covers_security_profiles_and_hid (test_m21_ble_security_contract.M21BleSecurityContractTests.test_public_surface_covers_security_profiles_and_hid)
2026-09-07T06:05:53.0818944Z ! @brief pairing�bond�BAS�DIS�keyboard API\uac00 \ubaa8\ub450 \uacf5\uac1c\ub418\ub294\uc9c0 \ud655\uc778\ud569\ub2c8\ub2e4. ... ok
2026-09-07T06:05:53.0820778Z test_security_request_synchronizes_an_already_secured_link (test_m21_ble_security_contract.M21BleSecurityContractTests.test_security_request_synchronizes_an_already_secured_link)
2026-09-07T06:05:53.0838074Z ! @brief \ubcf4\uc548 \uc694\uccad \uc804�\ud6c4\uc5d0 \uc774\ubbf8 \ucda9\uc871\ub41c link\ub97c event\uc640 bond \uc0c1\ud0dc\uc5d0 \ub3d9\uae30\ud654\ud569\ub2c8\ub2e4. ... ok
2026-09-07T06:05:53.0839168Z 
2026-09-07T06:05:53.0839394Z ----------------------------------------------------------------------
2026-09-07T06:05:53.0839898Z Ran 22 tests in 0.031s
2026-09-07T06:05:53.0840103Z 
2026-09-07T06:05:53.0840202Z OK
2026-09-07T06:05:53.0957951Z [M12] exec: C:\hostedtoolcache\windows\Python\3.12.10\x64\python.exe -m unittest discover -v -s D:\a\NU54DK_Arduino_Core\NU54DK_Arduino_Core\tests\host -p test_m21_ble_security_hil.py
2026-09-07T06:05:53.2112123Z test_accepts_pair_restore_erase_repair_and_profiles (test_m21_ble_security_hil.M21BleSecurityHilTests.test_accepts_pair_restore_erase_repair_and_profiles)
2026-09-07T06:05:53.2118179Z ! @brief exact \uc911\uc559�\uc8fc\ubcc0\uc7a5\uce58 transcript\ub97c \uc2b9\uc778\ud569\ub2c8\ub2e4. ... ok
2026-09-07T06:05:53.2119211Z test_boot_ready_ignores_preflash_protocol_but_runtime_rejects_it (test_m21_ble_security_hil.M21BleSecurityHilTests.test_boot_ready_ignores_preflash_protocol_but_runtime_rejects_it)
2026-09-07T06:05:53.2124261Z ! @brief flash \uc911 \ub0a8\uc740 \uc774\uc804 firmware token\uc740 READY \uc804\ub9cc \ubb34\uc2dc\ud569\ub2c8\ub2e4. ... ok
2026-09-07T06:05:53.2125175Z test_evidence_marks_only_protocol_hid_as_automatic (test_m21_ble_security_hil.M21BleSecurityHilTests.test_evidence_marks_only_protocol_hid_as_automatic)
2026-09-07T06:05:53.2174215Z ! @brief OS \uc785\ub825 \ud655\uc778\uc740 \uc790\ub3d9 PASS\uc640 \ubd84\ub9ac\ud574 pending\uc73c\ub85c \ub0a8\uae41\ub2c8\ub2e4. ... ok
2026-09-07T06:05:53.2175287Z test_phase_transitions_have_bounded_security_settle_windows (test_m21_ble_security_hil.M21BleSecurityHilTests.test_phase_transitions_have_bounded_security_settle_windows)
2026-09-07T06:05:53.2178145Z ! @brief bond \uc800\uc7a5�\uc7ac\ubd80\ud305 \uc900\ube44�SMP \uac70\ubd80 \ub4a4\uc5d0 \uc81c\ud55c\ub41c \uc804\ud658 \uc720\uc608\ub97c \uac15\uc81c\ud569\ub2c8\ub2e4. ... ok
2026-09-07T06:05:53.2179217Z test_rejects_erase_without_post_reboot_zero_bond (test_m21_ble_security_hil.M21BleSecurityHilTests.test_rejects_erase_without_post_reboot_zero_bond)
2026-09-07T06:05:53.2180538Z ! @brief \uc81c\uac70 \uc694\uccad \uc9c1\ud6c4 \uac12\uc744 \uc601\uc18d \uc0ad\uc81c \uc644\ub8cc\ub85c \uc624\ud310\ud558\uc9c0 \uc54a\uc2b5\ub2c8\ub2e4. ... ok
2026-09-07T06:05:53.2181524Z test_rejects_missing_encrypted_gatt_negative_or_hid (test_m21_ble_security_hil.M21BleSecurityHilTests.test_rejects_missing_encrypted_gatt_negative_or_hid)
2026-09-07T06:05:53.2183812Z ! @brief \uc554\ud638\ud654 \uc804 \uac70\ubd80\ub098 8-byte HID \uac80\uc99d \ub204\ub77d\uc744 \uac70\ubd80\ud569\ub2c8\ub2e4. ... ok
2026-09-07T06:05:53.2184716Z test_rejects_missing_or_short_rf_nonce_binding (test_m21_ble_security_hil.M21BleSecurityHilTests.test_rejects_missing_or_short_rf_nonce_binding)
2026-09-07T06:05:53.2186474Z ! @brief 128-bit RF peer binding \ub204\ub77d�\ucd95\uc18c\ub97c \ubaa8\ub450 \uac70\ubd80\ud569\ub2c8\ub2e4. ... ok
2026-09-07T06:05:53.2187375Z test_rejects_stale_nonce_target_fail_and_wrong_pairing_count (test_m21_ble_security_hil.M21BleSecurityHilTests.test_rejects_stale_nonce_target_fail_and_wrong_pairing_count)
2026-09-07T06:05:53.2188604Z ! @brief stale \uc2e4\ud589, target FAIL\uacfc restore \uc7ac\ud398\uc5b4\ub97c \ubaa8\ub450 \uac70\ubd80\ud569\ub2c8\ub2e4. ... ok
2026-09-07T06:05:53.2189451Z test_requires_distinct_boards_and_exact_nonce (test_m21_ble_security_hil.M21BleSecurityHilTests.test_requires_distinct_boards_and_exact_nonce)
2026-09-07T06:05:53.2192796Z ! @brief \uac19\uc740 UID�MSD�UART\uc640 \uc798\ubabb\ub41c nonce\ub97c \ucc28\ub2e8\ud569\ub2c8\ub2e4. ... ok
2026-09-07T06:05:53.2194200Z test_uart_console_rendering_is_ascii_safe (test_m21_ble_security_hil.M21BleSecurityHilTests.test_uart_console_rendering_is_ascii_safe)
2026-09-07T06:05:53.2195143Z ! @brief UTF-8\ub85c \ud574\uc11d \uac00\ub2a5\ud55c UART \uc7a1\uc74c\ub3c4 Windows code page\uc640 \ubb34\uad00\ud558\uac8c \ucd9c\ub825\ud569\ub2c8\ub2e4. ... ok
2026-09-07T06:05:53.2195912Z 
2026-09-07T06:05:53.2196073Z ----------------------------------------------------------------------
2026-09-07T06:05:53.2196400Z Ran 10 tests in 0.008s
2026-09-07T06:05:53.2196542Z 
2026-09-07T06:05:53.2196615Z OK
2026-09-07T06:05:53.2196972Z [central] NUCODE_M21_EVENT:DISCONNECTED:role=central:nonce=fedcba9876543210fedcba9876543210
2026-09-07T06:05:53.2197449Z [central] NUCODE_M21_FAIL:role=central:reason=old-image
2026-09-07T06:05:53.2197799Z [central] NUCODE_M21_READY:role=central:bond_count=0
2026-09-07T06:05:53.2198234Z [central] NUCODE_M21_EVENT:DISCONNECTED:role=central:nonce=fedcba9876543210fedcba9876543210
2026-09-07T06:05:53.2356469Z [M12] exec: C:\hostedtoolcache\windows\Python\3.12.10\x64\python.exe -m unittest discover -v -s D:\a\NU54DK_Arduino_Core\NU54DK_Arduino_Core\tests\host -p test_m21_ble_security_negative.py
2026-09-07T06:05:53.3135562Z test_battery_isr_error_and_hid_usage_range_are_api_specific (test_m21_ble_security_negative.M21BleSecurityNegativeTests.test_battery_isr_error_and_hid_usage_range_are_api_specific)
2026-09-07T06:05:53.3137474Z ! @brief BAS ISR \uc624\ub958\uc640 HID descriptor \ubc94\uc704 \ubc16 usage\ub97c \uc815\ud655\ud788 \uac70\ubd80\ud569\ub2c8\ub2e4. ... ok
2026-09-07T06:05:53.3138526Z test_delete_scope_is_ble_bond_only_and_profile_is_ble_only (test_m21_ble_security_negative.M21BleSecurityNegativeTests.test_delete_scope_is_ble_bond_only_and_profile_is_ble_only)
2026-09-07T06:05:53.3142283Z ! @brief erase \ubc94\uc704\uc640 BLE profile \ud55c\uacc4\ub97c \uc720\uc9c0\ud558\uba74\uc11c NUS dependency\uc640 \uacb0\ud569\ud569\ub2c8\ub2e4. ... ok
2026-09-07T06:05:53.3143478Z test_hil_requires_full_rf_nonce_before_connect (test_m21_ble_security_negative.M21BleSecurityNegativeTests.test_hil_requires_full_rf_nonce_before_connect)
2026-09-07T06:05:53.3144488Z ! @brief \uc774\ub984\ub9cc \uac19\uc740 stale \uc7a5\uce58\uc5d0\ub294 \uc5f0\uacb0\ud558\uc9c0 \uc54a\uace0 128-bit nonce\ub97c \uc694\uad6c\ud569\ub2c8\ub2e4. ... ok
2026-09-07T06:05:53.3145555Z test_no_fixed_passkey_secret_log_or_unencrypted_hids_config (test_m21_ble_security_negative.M21BleSecurityNegativeTests.test_no_fixed_passkey_secret_log_or_unencrypted_hids_config)
2026-09-07T06:05:53.3162722Z ! @brief \uace0\uc815 passkey�secret \ub85c\uadf8�\ud3c9\ubb38 HIDS \uc124\uc815\uc744 \ubaa8\ub450 \uae08\uc9c0\ud569\ub2c8\ub2e4. ... ok
2026-09-07T06:05:53.3164878Z test_rejects_hid_before_encryption_or_subscription (test_m21_ble_security_negative.M21BleSecurityNegativeTests.test_rejects_hid_before_encryption_or_subscription)
2026-09-07T06:05:53.3166376Z ! @brief L2 \ubbf8\ub9cc link\uc640 CCC \ubbf8\uad6c\ub3c5 HID \uc804\uc1a1\uc744 PASS\ub85c \uc62c\ub9ac\uc9c0 \uc54a\uc2b5\ub2c8\ub2e4. ... ok
2026-09-07T06:05:53.3167727Z test_rejects_security_below_encrypted_and_invalid_timeout (test_m21_ble_security_negative.M21BleSecurityNegativeTests.test_rejects_security_below_encrypted_and_invalid_timeout)
2026-09-07T06:05:53.3169188Z ! @brief \ubb34\uc554\ud638\ud654 \ubc0f \ube44\uc815\uc0c1 \uc0ac\uc6a9\uc790 \uc751\ub2f5 timeout\uc744 \ucd08\uae30\ud654\uc5d0\uc11c \uac70\ubd80\ud569\ub2c8\ub2e4. ... ok
2026-09-07T06:05:53.3170250Z test_same_boot_bond_is_pending_and_never_false_verified (test_m21_ble_security_negative.M21BleSecurityNegativeTests.test_same_boot_bond_is_pending_and_never_false_verified)
2026-09-07T06:05:53.3171259Z ! @brief pairing \uc9c1\ud6c4\uc5d0\ub294 persistence pending\uc774\uba70 reboot \ubcf5\uc6d0 \uc804 bonded\uac00 \uc544\ub2d9\ub2c8\ub2e4. ... ok
2026-09-07T06:05:53.3171747Z 
2026-09-07T06:05:53.3171895Z ----------------------------------------------------------------------
2026-09-07T06:05:53.3173185Z Ran 7 tests in 0.004s
2026-09-07T06:05:53.3173336Z 
2026-09-07T06:05:53.3173408Z OK
2026-09-07T06:05:53.3272081Z [M12] exec: C:\hostedtoolcache\windows\Python\3.12.10\x64\python.exe -m unittest discover -v -s D:\a\NU54DK_Arduino_Core\NU54DK_Arduino_Core\tests\host -p test_m22_cleanroom.py
2026-09-07T06:05:53.4557903Z test_cleanup_rejects_parent_wrong_token_and_changed_evidence (test_m22_cleanroom.M22CleanroomTests.test_cleanup_rejects_parent_wrong_token_and_changed_evidence)
2026-09-07T06:05:53.4652092Z ! @brief broad target, token mismatch, evidence 변경을 모두 fail-closed 처리합니다. ... ok
2026-09-07T06:05:53.4652973Z test_cleanup_removes_only_exact_leaf_and_preserves_evidence (test_m22_cleanroom.M22CleanroomTests.test_cleanup_removes_only_exact_leaf_and_preserves_evidence)
2026-09-07T06:05:53.4725757Z ! @brief marker와 외부 hash 확인 뒤 exact run leaf 하나만 제거합니다. ... ok
2026-09-07T06:05:53.4726585Z test_cleanup_removes_windows_readonly_file_inside_exact_leaf (test_m22_cleanroom.M22CleanroomTests.test_cleanup_removes_windows_readonly_file_inside_exact_leaf)
2026-09-07T06:05:53.4803478Z ! @brief 격리 NCS Git object와 같은 Windows 읽기 전용 파일도 안전하게 제거합니다. ... ok
2026-09-07T06:05:53.4804168Z test_core_list_uses_installed_version_field (test_m22_cleanroom.M22CleanroomTests.test_core_list_uses_installed_version_field)
2026-09-07T06:05:53.4828721Z ! @brief Arduino CLI 1.5 JSON의 installed_version을 exact 비교합니다. ... ok
2026-09-07T06:05:53.4829743Z test_dry_run_contract_has_no_side_effect_and_no_uid_field (test_m22_cleanroom.M22CleanroomTests.test_dry_run_contract_has_no_side_effect_and_no_uid_field)
2026-09-07T06:05:53.4858330Z ! @brief 실제 설치 전 exact URL·격리·수명주기·cleanup 정책을 고정합니다. ... ok
2026-09-07T06:05:53.4859163Z test_environment_rehomes_every_mutable_root (test_m22_cleanroom.M22CleanroomTests.test_environment_rehomes_every_mutable_root)
2026-09-07T06:05:53.4889041Z ! @brief 원래 Arduino15/NCS/PATH를 상속하지 않고 run leaf로 재배치합니다. ... ok
2026-09-07T06:05:53.4890032Z test_flash_log_binds_exact_uid_and_non_destructive_options (test_m22_cleanroom.M22CleanroomTests.test_flash_log_binds_exact_uid_and_non_destructive_options)
2026-09-07T06:05:53.4957912Z ! @brief 설치본 upload가 exact UID·HEX를 쓰고 erase/recover를 금지합니다. ... ok
2026-09-07T06:05:53.4959509Z test_layout_does_not_precreate_nordic_install_leaves (test_m22_cleanroom.M22CleanroomTests.test_layout_does_not_precreate_nordic_install_leaves)
2026-09-07T06:05:53.5077630Z ! @brief Nordic SDK와 Toolchain 설치 대상 leaf를 미리 만들지 않습니다. ... ok
2026-09-07T06:05:53.5078390Z test_layout_rejects_preexisting_nordic_install_leaf (test_m22_cleanroom.M22CleanroomTests.test_layout_rejects_preexisting_nordic_install_leaf)
2026-09-07T06:05:53.5342022Z ! @brief Nordic 설치 대상 leaf가 먼저 생기면 즉시 중단합니다. ... ok
2026-09-07T06:05:53.5342740Z test_rc_index_requires_exact_public_asset_identity (test_m22_cleanroom.M22CleanroomTests.test_rc_index_requires_exact_public_asset_identity)
2026-09-07T06:05:53.5367426Z ! @brief 공개 RC URL/hash/size가 plan과 다르면 설치 전에 차단합니다. ... ok
2026-09-07T06:05:53.5369649Z test_readonly_retry_rejects_path_outside_exact_leaf (test_m22_cleanroom.M22CleanroomTests.test_readonly_retry_rejects_path_outside_exact_leaf)
2026-09-07T06:05:53.5402683Z ! @brief 읽기 전용 복구 callback이 exact run leaf 밖 경로를 거부합니다. ... ok
2026-09-07T06:05:53.5403653Z test_runner_binding_requires_exact_release_commit_and_bytes (test_m22_cleanroom.M22CleanroomTests.test_runner_binding_requires_exact_release_commit_and_bytes)
2026-09-07T06:05:53.5453001Z ! @brief clean-room runner가 exact plan commit과 byte에 묶이는지 확인합니다. ... ok
2026-09-07T06:05:53.5454084Z test_uid_and_user_path_are_redacted (test_m22_cleanroom.M22CleanroomTests.test_uid_and_user_path_are_redacted)
2026-09-07T06:05:53.5481042Z ! @brief 외부 log에 probe UID와 실제 Windows 사용자명이 남지 않습니다. ... ok
2026-09-07T06:05:53.5481334Z 
2026-09-07T06:05:53.5481748Z ----------------------------------------------------------------------
2026-09-07T06:05:53.5482617Z Ran 13 tests in 0.093s
2026-09-07T06:05:53.5482886Z 
2026-09-07T06:05:53.5483007Z OK
2026-09-07T06:05:53.5664436Z [M12] exec: C:\hostedtoolcache\windows\Python\3.12.10\x64\python.exe -m unittest discover -v -s D:\a\NU54DK_Arduino_Core\NU54DK_Arduino_Core\tests\host -p test_m22_fixed_gate.py
2026-09-07T06:05:53.6569595Z test_host_gate_is_exact_unittest_discovery (test_m22_fixed_gate.M22FixedGateTests.test_host_gate_is_exact_unittest_discovery)
2026-09-07T06:05:53.6579298Z ! @brief host gate가 임의 test command를 받지 않습니다. ... ok
2026-09-07T06:05:53.6580454Z test_package_examples_delegates_all_isolated_roots (test_m22_fixed_gate.M22FixedGateTests.test_package_examples_delegates_all_isolated_roots)
2026-09-07T06:05:53.6599802Z ! @brief 설치본 예제 gate에 SDK/toolchain/cache/forbid root를 모두 넘깁니다. ... ok
2026-09-07T06:05:53.6600746Z test_rc_upload_requires_exact_uid_but_redacts_it (test_m22_fixed_gate.M22FixedGateTests.test_rc_upload_requires_exact_uid_but_redacts_it)
2026-09-07T06:05:53.6614920Z ! @brief RC upload는 pyOCD 1회와 UID를 강제하되 공개 문구에서 지웁니다. ... ok
2026-09-07T06:05:53.6616009Z test_rc_upload_without_uid_fails_closed (test_m22_fixed_gate.M22FixedGateTests.test_rc_upload_without_uid_fails_closed)
2026-09-07T06:05:53.6623835Z ! @brief 다중 probe 환경에서 암묵 선택을 허용하지 않습니다. ... ok
2026-09-07T06:05:53.6624449Z 
2026-09-07T06:05:53.6624683Z ----------------------------------------------------------------------
2026-09-07T06:05:53.6625378Z Ran 4 tests in 0.006s
2026-09-07T06:05:53.6635260Z 
2026-09-07T06:05:53.6635410Z OK
2026-09-07T06:05:53.6752638Z [M12] exec: C:\hostedtoolcache\windows\Python\3.12.10\x64\python.exe -m unittest discover -v -s D:\a\NU54DK_Arduino_Core\NU54DK_Arduino_Core\tests\host -p test_m22_package_examples.py
2026-09-07T06:05:53.7679410Z test_deep_forbidden_path_scan_is_fail_closed (test_m22_package_examples.M22PackageExamplesTests.test_deep_forbidden_path_scan_is_fail_closed)
2026-09-07T06:05:53.8144718Z ! @brief 중첩 manifest 문자열의 기존 Arduino15 경로도 거부합니다. ... ok
2026-09-07T06:05:53.8145885Z test_discovery_accepts_only_installed_platform_paths (test_m22_package_examples.M22PackageExamplesTests.test_discovery_accepts_only_installed_platform_paths)
2026-09-07T06:05:53.8834182Z ! @brief Arduino CLI가 설치본에서 열거한 exact 29개만 승인합니다. ... ok
2026-09-07T06:05:53.8835322Z test_discovery_rejects_source_checkout_substitution (test_m22_package_examples.M22PackageExamplesTests.test_discovery_rejects_source_checkout_substitution)
2026-09-07T06:05:53.9415280Z ! @brief 저장소 source 예제를 설치본으로 가장하면 실패합니다. ... ok
2026-09-07T06:05:53.9416130Z test_discovery_rejects_unlocked_installed_package_example (test_m22_package_examples.M22PackageExamplesTests.test_discovery_rejects_unlocked_installed_package_example)
2026-09-07T06:05:54.0445623Z ! @brief 새 package 예제를 lock/compile 대상에서 빠뜨릴 수 없습니다. ... ok
2026-09-07T06:05:54.0446431Z test_lock_contains_every_29_profiled_examples (test_m22_package_examples.M22PackageExamplesTests.test_lock_contains_every_29_profiled_examples)
2026-09-07T06:05:54.0910724Z ! @brief 공개 package 예제 집합과 BLE profile 구분을 고정합니다. ... ok
2026-09-07T06:05:54.0911852Z test_lock_matches_every_repository_library_example (test_m22_package_examples.M22PackageExamplesTests.test_lock_matches_every_repository_library_example)
2026-09-07T06:05:54.4105093Z ! @brief package source에 추가된 Arduino 예제가 lock 밖으로 빠지지 않습니다. ... ok
2026-09-07T06:05:54.4106040Z test_manifest_binds_isolated_package_sdk_toolchain_and_cache (test_m22_package_examples.M22PackageExamplesTests.test_manifest_binds_isolated_package_sdk_toolchain_and_cache)
2026-09-07T06:05:54.4680225Z ! @brief build identity가 모든 격리 root와 HEX byte에 묶입니다. ... ok
2026-09-07T06:05:54.4680551Z 
2026-09-07T06:05:54.4680716Z ----------------------------------------------------------------------
2026-09-07T06:05:54.4681066Z Ran 7 tests in 0.700s
2026-09-07T06:05:54.4681210Z 
2026-09-07T06:05:54.4681283Z OK
2026-09-07T06:05:54.4824511Z [M12] exec: C:\hostedtoolcache\windows\Python\3.12.10\x64\python.exe -m unittest discover -v -s D:\a\NU54DK_Arduino_Core\NU54DK_Arduino_Core\tests\host -p test_m22_release.py
2026-09-07T06:05:54.6224302Z test_finalize_requires_exact_four_passed_gates (test_m22_release.M22ReleaseTests.test_finalize_requires_exact_four_passed_gates)
2026-09-07T06:05:54.6513988Z ! @brief host/examples/upload/clean-room 모두 있어야 RC3 ready가 됩니다. ... ok
2026-09-07T06:05:54.6514796Z test_package_contract_contains_only_exact_new_rc (test_m22_release.M22ReleaseTests.test_package_contract_contains_only_exact_new_rc)
2026-09-07T06:05:54.6520007Z ! @brief 0.3.0-rc.3이 과거 RC/stable 계약 뒤에 정확히 추가됩니다. ... ok
2026-09-07T06:05:54.6520772Z test_parser_exposes_no_publish_or_push_command (test_m22_release.M22ReleaseTests.test_parser_exposes_no_publish_or_push_command)
2026-09-07T06:05:54.6545100Z ! @brief M22 자동화가 GitHub Release 조작 경로를 제공하지 않습니다. ... ok
2026-09-07T06:05:54.6545870Z test_stable_index_is_exact_and_tamper_is_rejected (test_m22_release.M22ReleaseTests.test_stable_index_is_exact_and_tamper_is_rejected)
2026-09-07T06:05:54.6566541Z ! @brief RC3 준비가 기존 stable index 한 byte 변경도 거부합니다. ... ok
2026-09-07T06:05:54.6567265Z test_two_builds_must_be_byte_identical (test_m22_release.M22ReleaseTests.test_two_builds_must_be_byte_identical)
2026-09-07T06:05:54.6790972Z ! @brief 독립 build 중 한 byte라도 다르면 prepare가 진행되지 않습니다. ... ok
2026-09-07T06:05:54.6791412Z 
2026-09-07T06:05:54.6791650Z ----------------------------------------------------------------------
2026-09-07T06:05:54.6792015Z Ran 5 tests in 0.057s
2026-09-07T06:05:54.6792161Z 
2026-09-07T06:05:54.6792237Z OK
2026-09-07T06:05:54.6986799Z [M12] exec: C:\hostedtoolcache\windows\Python\3.12.10\x64\python.exe -m unittest discover -v -s D:\a\NU54DK_Arduino_Core\NU54DK_Arduino_Core\tests\host -p test_m23_peripheral_inventory.py
2026-09-07T06:05:54.8656694Z test_common_ownership_contract_lists_dma_and_event_resources (test_m23_peripheral_inventory.M23PeripheralInventoryTests.test_common_ownership_contract_lists_dma_and_event_resources) ... ok
2026-09-07T06:05:55.2476519Z test_common_ownership_dma_and_block_semantics_run_on_host (test_m23_peripheral_inventory.M23PeripheralInventoryTests.test_common_ownership_dma_and_block_semantics_run_on_host) ... ok
2026-09-07T06:05:55.3851193Z test_exhaustive_instance_omission_is_rejected (test_m23_peripheral_inventory.M23PeripheralInventoryTests.test_exhaustive_instance_omission_is_rejected) ... ok
2026-09-07T06:05:55.4550208Z test_pinned_ncs_dts_checksum_and_labels_are_verified (test_m23_peripheral_inventory.M23PeripheralInventoryTests.test_pinned_ncs_dts_checksum_and_labels_are_verified) ... skipped 'exact NCS v3.4.0 workspace is not installed'
2026-09-07T06:05:55.7439008Z test_public_inventory_api_compiles_links_and_runs (test_m23_peripheral_inventory.M23PeripheralInventoryTests.test_public_inventory_api_compiles_links_and_runs) ... ok
2026-09-07T06:05:55.8831787Z test_public_object_alias_is_rejected (test_m23_peripheral_inventory.M23PeripheralInventoryTests.test_public_object_alias_is_rejected) ... ok
2026-09-07T06:05:56.0197150Z test_same_serial_block_personality_set_is_exact (test_m23_peripheral_inventory.M23PeripheralInventoryTests.test_same_serial_block_personality_set_is_exact) ... ok
2026-09-07T06:05:56.2380973Z test_schema_inventory_sources_and_generated_outputs_pass (test_m23_peripheral_inventory.M23PeripheralInventoryTests.test_schema_inventory_sources_and_generated_outputs_pass) ... ok
2026-09-07T06:05:56.2382149Z 
2026-09-07T06:05:56.2382305Z ----------------------------------------------------------------------
2026-09-07T06:05:56.2382652Z Ran 8 tests in 1.440s
2026-09-07T06:05:56.2382799Z 
2026-09-07T06:05:56.2382879Z OK (skipped=1)
2026-09-07T06:05:56.2518280Z [M12] exec: C:\hostedtoolcache\windows\Python\3.12.10\x64\python.exe -m unittest discover -v -s D:\a\NU54DK_Arduino_Core\NU54DK_Arduino_Core\tests\host -p test_m24_serial_contract.py
2026-09-07T06:05:56.3607929Z test_block_personality_omission_is_rejected (test_m24_serial_contract.M24SerialContractTests.test_block_personality_omission_is_rejected) ... ok
2026-09-07T06:05:56.3619505Z test_candidate_header_and_handover_sources_are_required (test_m24_serial_contract.M24SerialContractTests.test_candidate_header_and_handover_sources_are_required) ... ok
2026-09-07T06:05:56.4602870Z test_contract_schema_generated_document_and_exact_ncs_pass (test_m24_serial_contract.M24SerialContractTests.test_contract_schema_generated_document_and_exact_ncs_pass) ... ok
2026-09-07T06:05:56.4716718Z test_dedicated_pin_mapping_and_board_conflict_are_rejected_on_drift (test_m24_serial_contract.M24SerialContractTests.test_dedicated_pin_mapping_and_board_conflict_are_rejected_on_drift) ... ok
2026-09-07T06:05:56.4773051Z test_every_identity_needs_one_approved_hil_profile (test_m24_serial_contract.M24SerialContractTests.test_every_identity_needs_one_approved_hil_profile) ... ok
2026-09-07T06:05:56.4790187Z test_functionally_verified_candidates_remain_internal_until_release (test_m24_serial_contract.M24SerialContractTests.test_functionally_verified_candidates_remain_internal_until_release) ... ok
2026-09-07T06:05:56.4816030Z test_local_board_source_checksum_is_fail_closed (test_m24_serial_contract.M24SerialContractTests.test_local_board_source_checksum_is_fail_closed) ... ok
2026-09-07T06:05:56.4872924Z test_onboard_resources_partition_profiles_and_keep_fixture_boundary (test_m24_serial_contract.M24SerialContractTests.test_onboard_resources_partition_profiles_and_keep_fixture_boundary) ... ok
2026-09-07T06:05:56.4967362Z test_public_alias_or_singleton_identity_drift_is_rejected (test_m24_serial_contract.M24SerialContractTests.test_public_alias_or_singleton_identity_drift_is_rejected) ... ok
2026-09-07T06:05:56.4968508Z test_spim_hardware_csn_meets_nrf54l15_spis_timing (test_m24_serial_contract.M24SerialContractTests.test_spim_hardware_csn_meets_nrf54l15_spis_timing)
2026-09-07T06:05:56.4974576Z Source regression only; Fixture 201 proves the physical timing path. ... ok
2026-09-07T06:05:56.4975560Z test_spim_rx_delay_matches_nrf54l15_instance_clock (test_m24_serial_contract.M24SerialContractTests.test_spim_rx_delay_matches_nrf54l15_instance_clock)
2026-09-07T06:05:56.4981560Z Source regression only; 8 MHz Fixture 201 proves the physical sample path. ... ok
2026-09-07T06:05:56.4986543Z test_text_source_hash_is_checkout_eol_invariant (test_m24_serial_contract.M24SerialContractTests.test_text_source_hash_is_checkout_eol_invariant) ... ok
2026-09-07T06:05:56.4988108Z test_twim_activation_explicitly_enables_nrfx_instance (test_m24_serial_contract.M24SerialContractTests.test_twim_activation_explicitly_enables_nrfx_instance)
2026-09-07T06:05:56.4993442Z Source regression only; actual transfers remain an onboard/fixture gate. ... ok
2026-09-07T06:05:56.4994399Z test_twis_late_buffer_resumes_clock_stretched_request (test_m24_serial_contract.M24SerialContractTests.test_twis_late_buffer_resumes_clock_stretched_request)
2026-09-07T06:05:56.4999913Z Source regression only; Fixture 301 proves the physical clock-stretch path. ... ok
2026-09-07T06:05:56.5115937Z test_unsafe_pin_profile_is_rejected (test_m24_serial_contract.M24SerialContractTests.test_unsafe_pin_profile_is_rejected) ... ok
2026-09-07T06:05:56.5116505Z 
2026-09-07T06:05:56.5117555Z ----------------------------------------------------------------------
2026-09-07T06:05:56.5118183Z Ran 15 tests in 0.157s
2026-09-07T06:05:56.5118416Z 
2026-09-07T06:05:56.5118557Z OK
2026-09-07T06:05:56.5265018Z [M12] exec: C:\hostedtoolcache\windows\Python\3.12.10\x64\python.exe -m unittest discover -v -s D:\a\NU54DK_Arduino_Core\NU54DK_Arduino_Core\tests\host -p test_m26_system_contract.py
2026-09-07T06:05:56.6260907Z test_all_m26_identities_have_a_non_unknown_disposition (test_m26_system_contract.M26SystemContractTests.test_all_m26_identities_have_a_non_unknown_disposition) ... ok
2026-09-07T06:05:56.6263447Z test_raw_radio_is_exclusive_with_managed_ble (test_m26_system_contract.M26SystemContractTests.test_raw_radio_is_exclusive_with_managed_ble) ... ok
2026-09-07T06:05:56.6391070Z test_schematic_hash_and_generated_document_are_exact (test_m26_system_contract.M26SystemContractTests.test_schematic_hash_and_generated_document_are_exact) ... ok
2026-09-07T06:05:56.6462882Z test_silicon_only_capability_cannot_be_public (test_m26_system_contract.M26SystemContractTests.test_silicon_only_capability_cannot_be_public) ... ok
2026-09-07T06:05:56.6565432Z test_supported_state_requires_automated_and_physical_pass (test_m26_system_contract.M26SystemContractTests.test_supported_state_requires_automated_and_physical_pass) ... ok
2026-09-07T06:05:56.6566621Z 
2026-09-07T06:05:56.6566860Z ----------------------------------------------------------------------
2026-09-07T06:05:56.6567366Z Ran 5 tests in 0.044s
2026-09-07T06:05:56.6567575Z 
2026-09-07T06:05:56.6567680Z OK
2026-09-07T06:05:56.6694877Z [M12] exec: C:\hostedtoolcache\windows\Python\3.12.10\x64\python.exe -m unittest discover -v -s D:\a\NU54DK_Arduino_Core\NU54DK_Arduino_Core\tests\host -p test_m27_package_examples.py
2026-09-07T06:05:56.7962471Z test_local_software_package_cannot_be_labeled_rc_evidence (test_m27_package_examples.M27PackageExampleTests.test_local_software_package_cannot_be_labeled_rc_evidence)
2026-09-07T06:05:56.8060169Z M27_PACKAGE_EXAMPLE_PASS 1/29 EEPROM::EEPROMPersistence
2026-09-07T06:05:56.8074027Z M27_PACKAGE_EXAMPLE_PASS 2/29 LittleFS::LittleFSPersistence
2026-09-07T06:05:56.8109913Z M27_PACKAGE_EXAMPLE_PASS 3/29 NUCODE BLE::CustomGattCentral
2026-09-07T06:05:56.8124453Z M27_PACKAGE_EXAMPLE_PASS 4/29 NUCODE BLE::CustomGattPeripheral
2026-09-07T06:05:56.8138681Z M27_PACKAGE_EXAMPLE_PASS 5/29 NUCODE BLE::GAPCentral
2026-09-07T06:05:56.8152931Z M27_PACKAGE_EXAMPLE_PASS 6/29 NUCODE BLE::GAPPeripheral
2026-09-07T06:05:56.8166027Z M27_PACKAGE_EXAMPLE_PASS 7/29 NUCODE BLE::NUSCentral
2026-09-07T06:05:56.8178669Z M27_PACKAGE_EXAMPLE_PASS 8/29 NUCODE BLE::NUSPeripheral
2026-09-07T06:05:56.8191558Z M27_PACKAGE_EXAMPLE_PASS 9/29 NUCODE BLE Security::SecureKeyboard
2026-09-07T06:05:56.8203686Z M27_PACKAGE_EXAMPLE_PASS 10/29 NUCODE NU54DK::AnalogChannels
2026-09-07T06:05:56.8216624Z M27_PACKAGE_EXAMPLE_PASS 11/29 NUCODE NU54DK::AnalogReadA0
2026-09-07T06:05:56.8229663Z M27_PACKAGE_EXAMPLE_PASS 12/29 NUCODE NU54DK::AnalogResolution
2026-09-07T06:05:56.8242101Z M27_PACKAGE_EXAMPLE_PASS 13/29 NUCODE NU54DK::Blink
2026-09-07T06:05:56.8254976Z M27_PACKAGE_EXAMPLE_PASS 14/29 NUCODE NU54DK::BoardInfo
2026-09-07T06:05:56.8268000Z M27_PACKAGE_EXAMPLE_PASS 15/29 NUCODE NU54DK::CounterAlarm
2026-09-07T06:05:56.8297049Z M27_PACKAGE_EXAMPLE_PASS 16/29 NUCODE NU54DK::DynamicPWM
2026-09-07T06:05:56.8309989Z M27_PACKAGE_EXAMPLE_PASS 17/29 NUCODE NU54DK::InterruptButton
2026-09-07T06:05:56.8322789Z M27_PACKAGE_EXAMPLE_PASS 18/29 NUCODE NU54DK::PWMFade
2026-09-07T06:05:56.8335090Z M27_PACKAGE_EXAMPLE_PASS 19/29 NUCODE NU54DK::Serial1RuntimePins
2026-09-07T06:05:56.8348096Z M27_PACKAGE_EXAMPLE_PASS 20/29 NUCODE NU54DK::SerialEcho
2026-09-07T06:05:56.8361095Z M27_PACKAGE_EXAMPLE_PASS 21/29 NUCODE NU54DK::SettingsStorage
2026-09-07T06:05:56.8373639Z M27_PACKAGE_EXAMPLE_PASS 22/29 NUCODE NU54DK::SPI00RuntimePins
2026-09-07T06:05:56.8386928Z M27_PACKAGE_EXAMPLE_PASS 23/29 NUCODE NU54DK::SystemOffWake
2026-09-07T06:05:56.8418524Z M27_PACKAGE_EXAMPLE_PASS 24/29 NUCODE NU54DK::ToneOutput
2026-09-07T06:05:56.8431136Z M27_PACKAGE_EXAMPLE_PASS 25/29 NUCODE NU54DK::WatchdogBasic
2026-09-07T06:05:56.8444201Z M27_PACKAGE_EXAMPLE_PASS 26/29 NUCODE NU54DK::WireRuntimePins
2026-09-07T06:05:56.8456472Z M27_PACKAGE_EXAMPLE_PASS 27/29 Servo::Sweep
2026-09-07T06:05:56.8469637Z M27_PACKAGE_EXAMPLE_PASS 28/29 SPI::SPITransaction
2026-09-07T06:05:56.8481707Z M27_PACKAGE_EXAMPLE_PASS 29/29 Wire::WirePmicId
2026-09-07T06:05:56.8705689Z M27_PACKAGE_EXAMPLE_PASS 1/29 EEPROM::EEPROMPersistence
2026-09-07T06:05:56.8720218Z M27_PACKAGE_EXAMPLE_PASS 2/29 LittleFS::LittleFSPersistence
2026-09-07T06:05:56.8775880Z M27_PACKAGE_EXAMPLE_PASS 3/29 NUCODE BLE::CustomGattCentral
2026-09-07T06:05:56.8788592Z M27_PACKAGE_EXAMPLE_PASS 4/29 NUCODE BLE::CustomGattPeripheral
2026-09-07T06:05:56.8801328Z M27_PACKAGE_EXAMPLE_PASS 5/29 NUCODE BLE::GAPCentral
2026-09-07T06:05:56.8813332Z M27_PACKAGE_EXAMPLE_PASS 6/29 NUCODE BLE::GAPPeripheral
2026-09-07T06:05:56.8826046Z M27_PACKAGE_EXAMPLE_PASS 7/29 NUCODE BLE::NUSCentral
2026-09-07T06:05:56.8838328Z M27_PACKAGE_EXAMPLE_PASS 8/29 NUCODE BLE::NUSPeripheral
2026-09-07T06:05:56.8851209Z M27_PACKAGE_EXAMPLE_PASS 9/29 NUCODE BLE Security::SecureKeyboard
2026-09-07T06:05:56.8863931Z M27_PACKAGE_EXAMPLE_PASS 10/29 NUCODE NU54DK::AnalogChannels
2026-09-07T06:05:56.8876594Z M27_PACKAGE_EXAMPLE_PASS 11/29 NUCODE NU54DK::AnalogReadA0
2026-09-07T06:05:56.8888602Z M27_PACKAGE_EXAMPLE_PASS 12/29 NUCODE NU54DK::AnalogResolution
2026-09-07T06:05:56.8901185Z M27_PACKAGE_EXAMPLE_PASS 13/29 NUCODE NU54DK::Blink
2026-09-07T06:05:56.8913101Z M27_PACKAGE_EXAMPLE_PASS 14/29 NUCODE NU54DK::BoardInfo
2026-09-07T06:05:56.8926301Z M27_PACKAGE_EXAMPLE_PASS 15/29 NUCODE NU54DK::CounterAlarm
2026-09-07T06:05:56.8976921Z M27_PACKAGE_EXAMPLE_PASS 16/29 NUCODE NU54DK::DynamicPWM
2026-09-07T06:05:56.8989470Z M27_PACKAGE_EXAMPLE_PASS 17/29 NUCODE NU54DK::InterruptButton
2026-09-07T06:05:56.9001903Z M27_PACKAGE_EXAMPLE_PASS 18/29 NUCODE NU54DK::PWMFade
2026-09-07T06:05:56.9013999Z M27_PACKAGE_EXAMPLE_PASS 19/29 NUCODE NU54DK::Serial1RuntimePins
2026-09-07T06:05:56.9026614Z M27_PACKAGE_EXAMPLE_PASS 20/29 NUCODE NU54DK::SerialEcho
2026-09-07T06:05:56.9039021Z M27_PACKAGE_EXAMPLE_PASS 21/29 NUCODE NU54DK::SettingsStorage
2026-09-07T06:05:56.9051572Z M27_PACKAGE_EXAMPLE_PASS 22/29 NUCODE NU54DK::SPI00RuntimePins
2026-09-07T06:05:56.9063998Z M27_PACKAGE_EXAMPLE_PASS 23/29 NUCODE NU54DK::SystemOffWake
2026-09-07T06:05:56.9092709Z M27_PACKAGE_EXAMPLE_PASS 24/29 NUCODE NU54DK::ToneOutput
2026-09-07T06:05:56.9105065Z M27_PACKAGE_EXAMPLE_PASS 25/29 NUCODE NU54DK::WatchdogBasic
2026-09-07T06:05:56.9117554Z M27_PACKAGE_EXAMPLE_PASS 26/29 NUCODE NU54DK::WireRuntimePins
2026-09-07T06:05:56.9129266Z M27_PACKAGE_EXAMPLE_PASS 27/29 Servo::Sweep
2026-09-07T06:05:56.9141631Z M27_PACKAGE_EXAMPLE_PASS 28/29 SPI::SPITransaction
2026-09-07T06:05:56.9153801Z M27_PACKAGE_EXAMPLE_PASS 29/29 Wire::WirePmicId
2026-09-07T06:05:56.9313334Z ! @brief 기존 RC 기본값과 software preview의 별도 identity를 유지합니다. ... ok
2026-09-07T06:05:56.9318866Z test_lock_has_exact_version_profiles_and_count (test_m27_package_examples.M27PackageExampleTests.test_lock_has_exact_version_profiles_and_count) ... ok
2026-09-07T06:05:56.9320805Z test_m22_historical_runner_remains_pinned (test_m27_package_examples.M27PackageExampleTests.test_m22_historical_runner_remains_pinned) ... ok
2026-09-07T06:05:56.9322386Z test_runner_parallelizes_independent_build_roots (test_m27_package_examples.M27PackageExampleTests.test_runner_parallelizes_independent_build_roots) ... ok
2026-09-07T06:05:56.9324902Z test_runner_uses_version_explicit_discovery (test_m27_package_examples.M27PackageExampleTests.test_runner_uses_version_explicit_discovery) ... ok
2026-09-07T06:05:56.9326061Z 
2026-09-07T06:05:56.9326210Z ----------------------------------------------------------------------
2026-09-07T06:05:56.9326554Z Ran 5 tests in 0.137s
2026-09-07T06:05:56.9326688Z 
2026-09-07T06:05:56.9326769Z OK
2026-09-07T06:05:56.9529313Z [M12] exec: C:\hostedtoolcache\windows\Python\3.12.10\x64\python.exe -m unittest discover -v -s D:\a\NU54DK_Arduino_Core\NU54DK_Arduino_Core\tests\host -p test_m27_release.py
2026-09-07T06:05:57.0924703Z test_candidate_extension_does_not_add_unapproved_stable (test_m27_release.M27ReleaseTests.test_candidate_extension_does_not_add_unapproved_stable) ... ok
2026-09-07T06:05:58.2294933Z test_clean_submodule_status_survives_trimmed_first_prefix (test_m27_release.M27ReleaseTests.test_clean_submodule_status_survives_trimmed_first_prefix) ... ok
2026-09-07T06:05:58.2301460Z test_cli_exposes_no_publish_or_finalize_command (test_m27_release.M27ReleaseTests.test_cli_exposes_no_publish_or_finalize_command) ... ok
2026-09-07T06:05:58.2348299Z test_contract_has_every_required_gate_and_remains_hold (test_m27_release.M27ReleaseTests.test_contract_has_every_required_gate_and_remains_hold) ... ok
2026-09-07T06:05:58.2443032Z test_functional_fixture_gates_cannot_become_optional (test_m27_release.M27ReleaseTests.test_functional_fixture_gates_cannot_become_optional) ... ok
2026-09-07T06:05:58.2497695Z test_historical_package_contract_is_not_modified (test_m27_release.M27ReleaseTests.test_historical_package_contract_is_not_modified) ... ok
2026-09-07T06:05:58.2539079Z test_owner_scope_excludes_metrology_not_functional_hil (test_m27_release.M27ReleaseTests.test_owner_scope_excludes_metrology_not_functional_hil) ... ok
2026-09-07T06:05:58.2572305Z test_plan_rejects_publication_or_missing_artifacts (test_m27_release.M27ReleaseTests.test_plan_rejects_publication_or_missing_artifacts) ... ok
2026-09-07T06:05:58.2652298Z test_scope_drift_or_missing_decision_is_rejected (test_m27_release.M27ReleaseTests.test_scope_drift_or_missing_decision_is_rejected) ... ok
2026-09-07T06:05:58.2653082Z 
2026-09-07T06:05:58.2653882Z ----------------------------------------------------------------------
2026-09-07T06:05:58.2654722Z Ran 9 tests in 1.181s
2026-09-07T06:05:58.2654943Z 
2026-09-07T06:05:58.2655042Z OK
2026-09-07T06:05:58.2858376Z [M12] exec: C:\hostedtoolcache\windows\Python\3.12.10\x64\python.exe -m unittest discover -v -s D:\a\NU54DK_Arduino_Core\NU54DK_Arduino_Core\tests\host -p test_m27_staged_candidate.py
2026-09-07T06:05:58.3877101Z test_archive_members_require_exact_root (test_m27_staged_candidate.M27StagedCandidateTests.test_archive_members_require_exact_root) ... ok
2026-09-07T06:05:58.3879004Z test_runner_has_no_publication_command (test_m27_staged_candidate.M27StagedCandidateTests.test_runner_has_no_publication_command) ... ok
2026-09-07T06:05:58.3946075Z test_stage_archive_places_payload_at_arduino_platform_path (test_m27_staged_candidate.M27StagedCandidateTests.test_stage_archive_places_payload_at_arduino_platform_path) ... ok
2026-09-07T06:05:58.3947157Z 
2026-09-07T06:05:58.3947322Z ----------------------------------------------------------------------
2026-09-07T06:05:58.3947682Z Ran 3 tests in 0.012s
2026-09-07T06:05:58.3947816Z 
2026-09-07T06:05:58.3947896Z OK
2026-09-07T06:05:58.4109537Z [M12] exec: C:\hostedtoolcache\windows\Python\3.12.10\x64\python.exe -m unittest discover -v -s D:\a\NU54DK_Arduino_Core\NU54DK_Arduino_Core\tests\host -p test_m8_flash.py
2026-09-07T06:05:58.5177567Z test_accepts_matching_non_sysbuild_artifacts (test_m8_flash.M8FlashContractTests.test_accepts_matching_non_sysbuild_artifacts)
2026-09-07T06:05:58.5432108Z ! @brief export와 native artifact가 같을 때 upload 입력을 승인합니다. ... ok
2026-09-07T06:05:58.5432854Z test_flash_command_has_no_destructive_option (test_m8_flash.M8FlashContractTests.test_flash_command_has_no_destructive_option)
2026-09-07T06:05:58.5579219Z ! @brief 일반 upload 명령에 erase 또는 recover가 없는지 검증합니다. ... ok
2026-09-07T06:05:58.5580714Z test_redacts_explicit_probe_identity_without_losing_selection_mode (test_m8_flash.M8FlashContractTests.test_redacts_explicit_probe_identity_without_losing_selection_mode)
2026-09-07T06:05:58.5722950Z ! @brief 결과 JSON이 UID를 숨기면서 선택 방식과 메뉴를 보존하는지 검증합니다. ... ok
2026-09-07T06:05:58.5723811Z test_rejects_board_mismatch (test_m8_flash.M8FlashContractTests.test_rejects_board_mismatch)
2026-09-07T06:05:58.5877265Z ! @brief 다른 board로 생성된 manifest를 거부합니다. ... ok
2026-09-07T06:05:58.5878336Z test_rejects_destructive_runner_metadata (test_m8_flash.M8FlashContractTests.test_rejects_destructive_runner_metadata)
2026-09-07T06:05:58.6277897Z ! @brief runners.yaml에 숨은 erase/recover option도 일반 upload에서 거부합니다. ... ok
2026-09-07T06:05:58.6278616Z test_rejects_exported_hex_hash_mismatch (test_m8_flash.M8FlashContractTests.test_rejects_exported_hex_hash_mismatch)
2026-09-07T06:05:58.6472543Z ! @brief build 후 변경된 export HEX를 거부합니다. ... ok
2026-09-07T06:05:58.6473242Z test_rejects_missing_or_ambiguous_pyocd_probe (test_m8_flash.M8FlashContractTests.test_rejects_missing_or_ambiguous_pyocd_probe)
2026-09-07T06:05:58.6630381Z ! @brief probe 없음과 다중 probe 무지정 상태를 구분해 거부합니다. ... ok
2026-09-07T06:05:58.6631302Z test_rejects_missing_runner (test_m8_flash.M8FlashContractTests.test_rejects_missing_runner)
2026-09-07T06:05:58.6782549Z ! @brief build에 등록되지 않은 runner를 거부합니다. ... ok
2026-09-07T06:05:58.6783173Z test_rejects_native_hex_mismatch (test_m8_flash.M8FlashContractTests.test_rejects_native_hex_mismatch)
2026-09-07T06:05:58.6995034Z ! @brief west가 기록할 native HEX와 export HEX가 다르면 거부합니다. ... ok
2026-09-07T06:05:58.6995756Z test_rejects_sysbuild_manifest (test_m8_flash.M8FlashContractTests.test_rejects_sysbuild_manifest)
2026-09-07T06:05:58.7148791Z ! @brief 아직 지원하지 않는 merged sysbuild artifact를 명확히 거부합니다. ... ok
2026-09-07T06:05:58.7149566Z test_selects_noninteractive_or_explicit_uid_upload_tool (test_m8_flash.M8FlashContractTests.test_selects_noninteractive_or_explicit_uid_upload_tool)
2026-09-07T06:05:58.7290694Z ! @brief 기본 pyOCD와 명시 UID 전용 메뉴가 분리되는지 검증합니다. ... ok
2026-09-07T06:05:58.7291324Z test_selects_one_or_explicit_pyocd_probe (test_m8_flash.M8FlashContractTests.test_selects_one_or_explicit_pyocd_probe)
2026-09-07T06:05:58.7425556Z ! @brief 단일 probe 자동 선택과 명시 UID 선택을 검증합니다. ... ok
2026-09-07T06:05:58.7426203Z test_validates_both_runner_contracts (test_m8_flash.M8FlashContractTests.test_validates_both_runner_contracts)
2026-09-07T06:05:58.7591168Z ! @brief pyOCD와 J-Link 고정 target argument를 YAML에서 확인합니다. ... ok
2026-09-07T06:05:58.7591908Z 
2026-09-07T06:05:58.7592071Z ----------------------------------------------------------------------
2026-09-07T06:05:58.7592412Z Ran 13 tests in 0.242s
2026-09-07T06:05:58.7592546Z 
2026-09-07T06:05:58.7592631Z OK
2026-09-07T06:05:58.7759570Z [M12] exec: C:\hostedtoolcache\windows\Python\3.12.10\x64\python.exe -m unittest discover -v -s D:\a\NU54DK_Arduino_Core\NU54DK_Arduino_Core\tests\host -p test_m9_cache.py
2026-09-07T06:05:58.9158957Z test_actual_input_collector_tracks_board_sdk_and_toolchain_identity (test_m9_cache.M9CacheContractTests.test_actual_input_collector_tracks_board_sdk_and_toolchain_identity)
2026-09-07T06:05:58.9669132Z ! @brief \uc2e4\uc81c collector\uac00 board/NCS/Zephyr/compiler \uc785\ub825\uc744 key\uc5d0 \ud3ec\ud568\ud569\ub2c8\ub2e4. ... ok
2026-09-07T06:05:59.0115858Z test_byte_quota_prune_preserves_active_lock (test_m9_cache.M9CacheContractTests.test_byte_quota_prune_preserves_active_lock)
2026-09-07T06:05:59.0116825Z ! @brief byte quota\uc5d0\uc11c\ub3c4 \ud65c\uc131 lock\uc744 \uac74\ub108\ub6f0\uace0 \ube44\ud65c\uc131 entry\ub97c \uc815\ub9ac\ud569\ub2c8\ub2e4. ... ok
2026-09-07T06:05:59.0117836Z test_cache_root_inside_platform_fingerprint_is_rejected (test_m9_cache.M9CacheContractTests.test_cache_root_inside_platform_fingerprint_is_rejected)
2026-09-07T06:05:59.0196945Z ! @brief cache\uac00 platform hash\uc5d0 \uc790\uae30 \uc790\uc2e0\uc744 \ud3ec\ud568\ud558\ub294 \ubc30\uce58\ub97c \uac70\ubd80\ud569\ub2c8\ub2e4. ... ok
2026-09-07T06:05:59.0197945Z test_cache_workspace_uses_bounded_key_and_schema_namespace (test_m9_cache.M9CacheContractTests.test_cache_workspace_uses_bounded_key_and_schema_namespace)
2026-09-07T06:05:59.0225192Z ! @brief Windows \uacbd\ub85c\ub97c \uc81c\ud55c\ud55c directory key\uac00 schema namespace\uc5d0 \ud3ec\ud568\ub429\ub2c8\ub2e4. ... ok
2026-09-07T06:05:59.0226275Z test_canonical_manifest_key_ignores_dictionary_order (test_m9_cache.M9CacheContractTests.test_canonical_manifest_key_ignores_dictionary_order)
2026-09-07T06:05:59.0232370Z ! @brief \uac19\uc740 canonical JSON\uc740 field \uc21c\uc11c\uc640 \ubb34\uad00\ud558\uac8c \uac19\uc740 key\ub97c \uc5bb\uc2b5\ub2c8\ub2e4. ... ok
2026-09-07T06:05:59.0233154Z test_dead_local_lock_is_recovered (test_m9_cache.M9CacheContractTests.test_dead_local_lock_is_recovered)
2026-09-07T06:05:59.0333049Z ! @brief \uc885\ub8cc\ub41c \uac19\uc740 host PID\uc758 stale lock\ub9cc \uc790\ub3d9 \ud68c\uc218\ud569\ub2c8\ub2e4. ... ok
2026-09-07T06:05:59.0333946Z test_default_cache_root_keeps_windows_object_path_short (test_m9_cache.M9CacheContractTests.test_default_cache_root_keeps_windows_object_path_short)
2026-09-07T06:05:59.0379575Z ! @brief \uae30\ubcf8 cache root\uac00 \uae34 nRF Security object \uacbd\ub85c\ub97c \uc704\ud55c \uc9e7\uc740 suffix\ub97c \uc501\ub2c8\ub2e4. ... ok
2026-09-07T06:05:59.0380585Z test_external_library_sources_keep_private_header_semantics (test_m9_cache.M9CacheContractTests.test_external_library_sources_keep_private_header_semantics)
2026-09-07T06:05:59.0621620Z ! @brief \uac01 library source\ub97c \uc6d0\ubcf8 \uacbd\ub85c\uc5d0\uc11c \ucef4\ud30c\uc77c\ud558\uace0 include \uc21c\uc11c\ub97c \ubcf4\uc874\ud569\ub2c8\ub2e4. ... ok
2026-09-07T06:05:59.0622664Z test_foreign_metadata_does_not_block_local_os_lock (test_m9_cache.M9CacheContractTests.test_foreign_metadata_does_not_block_local_os_lock)
2026-09-07T06:05:59.0722433Z ! @brief local-only cache\uc5d0\uc11c\ub294 stale \uc678\ubd80 metadata\ubcf4\ub2e4 OS lock\uc744 \uc2e0\ub8b0\ud569\ub2c8\ub2e4. ... ok
2026-09-07T06:05:59.0723370Z test_generated_source_categories_do_not_share_a_mirror (test_m9_cache.M9CacheContractTests.test_generated_source_categories_do_not_share_a_mirror)
2026-09-07T06:05:59.1119790Z ! @brief sketch\uc640 library\uc758 \uac19\uc740 \ud30c\uc77c\uba85\uc774 \ubcc4\ub3c4 mirror source\ub85c \uc720\uc9c0\ub429\ub2c8\ub2e4. ... ok
2026-09-07T06:05:59.1120812Z test_generated_source_identity_is_build_path_independent (test_m9_cache.M9CacheContractTests.test_generated_source_identity_is_build_path_independent)
2026-09-07T06:05:59.1171214Z ! @brief \ub2e4\ub978 Arduino \uc784\uc2dc build path\uac00 \uac19\uc740 Sketch mirror \uc774\ub984\uc744 \uc0ac\uc6a9\ud569\ub2c8\ub2e4. ... ok
2026-09-07T06:05:59.1172018Z test_live_lock_serializes_two_workers (test_m9_cache.M9CacheContractTests.test_live_lock_serializes_two_workers)
2026-09-07T06:05:59.2360172Z ! @brief \uac19\uc740 cache\uc758 \ub450 worker\uac00 lock \uc784\uacc4\uad6c\uc5ed\uc5d0 \ub3d9\uc2dc\uc5d0 \uc9c4\uc785\ud558\uc9c0 \uc54a\uc2b5\ub2c8\ub2e4. ... ok
2026-09-07T06:05:59.2361199Z test_lru_prune_preserves_current_and_pinned_entries (test_m9_cache.M9CacheContractTests.test_lru_prune_preserves_current_and_pinned_entries)
2026-09-07T06:05:59.2682206Z ! @brief quota \uc815\ub9ac\ub294 \uc624\ub798\ub41c \ube44\ubcf4\ud638 entry\ub9cc \uc81c\uac70\ud569\ub2c8\ub2e4. ... ok
2026-09-07T06:05:59.2683500Z test_os_lock_serializes_processes_and_recovers_after_termination (test_m9_cache.M9CacheContractTests.test_os_lock_serializes_processes_and_recovers_after_termination)
2026-09-07T06:05:59.4256860Z ! @brief \ubcc4\ub3c4 process\uc758 lock\uc744 \ucc28\ub2e8\ud558\uace0 owner \uc885\ub8cc \ub4a4 OS\uac00 \uc790\ub3d9 \ud68c\uc218\ud569\ub2c8\ub2e4. ... ok
2026-09-07T06:05:59.4257972Z test_parent_build_flags_are_removed_before_toolchain_environment (test_m9_cache.M9CacheContractTests.test_parent_build_flags_are_removed_before_toolchain_environment)
2026-09-07T06:05:59.4309850Z ! @brief shell\uc758 build flag\uac00 canonical key \ubc16\uc5d0\uc11c child build\ub97c \ubc14\uafb8\uc9c0 \ubabb\ud569\ub2c8\ub2e4. ... ok
2026-09-07T06:05:59.4310894Z test_prepare_graph_invalidation_removes_only_owned_placeholders (test_m9_cache.M9CacheContractTests.test_prepare_graph_invalidation_removes_only_owned_placeholders)
2026-09-07T06:05:59.4441845Z ! @brief library \uc7ac\uc120\ud0dd \uc804 record\uc640 build \ub0b4\ubd80 placeholder\ub9cc \ubb34\ud6a8\ud654\ud569\ub2c8\ub2e4. ... ok
2026-09-07T06:05:59.4442826Z test_probe_mutex_identity_does_not_depend_on_user_temp_path (test_m9_cache.M9CacheContractTests.test_probe_mutex_identity_does_not_depend_on_user_temp_path)
2026-09-07T06:05:59.4448882Z ! @brief \uac19\uc740 probe UID\ub294 \uc0ac\uc6a9\uc790\ubcc4 TEMP\uac00 \ub2ec\ub77c\ub3c4 \uac19\uc740 Global mutex\ub97c \uc0ac\uc6a9\ud569\ub2c8\ub2e4. ... ok
2026-09-07T06:05:59.4449796Z test_remove_rejects_invalid_key_and_active_lock (test_m9_cache.M9CacheContractTests.test_remove_rejects_invalid_key_and_active_lock)
2026-09-07T06:05:59.5273666Z ! @brief \ubaa8\ud638\ud55c \uacbd\ub85c\uc640 \ud65c\uc131 lock\uc774 \uc788\ub294 entry \uc0ad\uc81c\ub97c \ucc28\ub2e8\ud569\ub2c8\ub2e4. ... ok
2026-09-07T06:05:59.5274593Z test_remove_rejects_truncated_key_collision (test_m9_cache.M9CacheContractTests.test_remove_rejects_truncated_key_collision)
2026-09-07T06:05:59.5477990Z ! @brief \uac19\uc740 128-bit prefix\uc758 \ub2e4\ub978 \uc804\uccb4 key\ub97c \ub300\uc2e0 \uc0ad\uc81c\ud558\uc9c0 \uc54a\uc2b5\ub2c8\ub2e4. ... ok
2026-09-07T06:05:59.5479031Z test_removed_entry_can_be_recreated_without_compiler_cache (test_m9_cache.M9CacheContractTests.test_removed_entry_can_be_recreated_without_compiler_cache)
2026-09-07T06:05:59.5771554Z ! @brief \ub2e8\uc77c tree \uc0ad\uc81c \ud6c4 \uac19\uc740 key state\ub97c \ub2e4\uc2dc \ub9cc\ub4e4\uba70 compiler cache\ub97c \ubcf4\uc874\ud569\ub2c8\ub2e4. ... ok
2026-09-07T06:05:59.5772526Z test_state_transition_preserves_created_time (test_m9_cache.M9CacheContractTests.test_state_transition_preserves_created_time)
2026-09-07T06:05:59.6072397Z ! @brief cache \uc0c1\ud0dc \uc804\uc774\uac00 \uc0dd\uc131 \uc2dc\uac01\uacfc \ub204\uc801 field\ub97c \ubcf4\uc874\ud569\ub2c8\ub2e4. ... ok
2026-09-07T06:05:59.6073376Z test_target_sdk_toolchain_and_board_identity_invalidate_key (test_m9_cache.M9CacheContractTests.test_target_sdk_toolchain_and_board_identity_invalidate_key)
2026-09-07T06:05:59.6081475Z ! @brief \ube44\ud638\ud658 target/tool identity \ubcc0\uacbd\uc740 \ubaa8\ub450 \ub2e4\ub978 full key\ub97c \ub9cc\ub4ed\ub2c8\ub2e4. ... ok
2026-09-07T06:05:59.6082681Z test_tree_content_hash_detects_content_and_path (test_m9_cache.M9CacheContractTests.test_tree_content_hash_detects_content_and_path)
2026-09-07T06:05:59.6127881Z ! @brief dirty Core \ub0b4\uc6a9\uacfc \uc0c1\ub300 \uacbd\ub85c \ubcc0\uacbd\uc774 fingerprint\uc5d0 \ubc18\uc601\ub429\ub2c8\ub2e4. ... ok
2026-09-07T06:05:59.6129007Z 
2026-09-07T06:05:59.6129277Z ----------------------------------------------------------------------
2026-09-07T06:05:59.6129858Z Ran 23 tests in 0.697s
2026-09-07T06:05:59.6130065Z 
2026-09-07T06:05:59.6130185Z OK
2026-09-07T06:05:59.6331757Z [M12] exec: C:\hostedtoolcache\windows\Python\3.12.10\x64\python.exe -m unittest discover -v -s D:\a\NU54DK_Arduino_Core\NU54DK_Arduino_Core\tests\host -p test_m9_safety.py
2026-09-07T06:05:59.7794620Z test_configure_failed_tree_recovers_once_then_becomes_cache_hit (test_m9_safety.M9SafetyContractTests.test_configure_failed_tree_recovers_once_then_becomes_cache_hit)
2026-09-07T06:05:59.9143689Z ! @brief \uc2e4\ud328 cache\ub294 pristine 1\ud68c \ubcf5\uad6c \ud6c4 configure-failed\ub97c \uc720\uc9c0\ud558\uc9c0 \uc54a\uc2b5\ub2c8\ub2e4. ... ok
2026-09-07T06:05:59.9144996Z test_configure_failure_marks_cache_unusable (test_m9_safety.M9SafetyContractTests.test_configure_failure_marks_cache_unusable)
2026-09-07T06:06:00.0183004Z ! @brief pristine configure \uc2e4\ud328 \uc2dc first-complete\ub97c false\ub85c \uace0\uc815\ud558\uace0 \uc2e4\ud328\ub97c \uae30\ub85d\ud569\ub2c8\ub2e4. ... ok
2026-09-07T06:06:00.0185007Z test_flash_holds_session_cache_and_probe_locks_during_validation (test_m9_safety.M9SafetyContractTests.test_flash_holds_session_cache_and_probe_locks_during_validation)
2026-09-07T06:06:00.0249985Z ! @brief flash \uac80\uc99d\uacfc write \uc804\uccb4\uac00 session\u2192cache\u2192probe lock \uc21c\uc11c\ub97c \uc720\uc9c0\ud569\ub2c8\ub2e4. ... ok
2026-09-07T06:06:00.0251191Z test_flash_rejects_current_toolchain_identity_mismatch (test_m9_safety.M9SafetyContractTests.test_flash_rejects_current_toolchain_identity_mismatch)
2026-09-07T06:06:00.0264275Z ! @brief build\uc640 \ub2e4\ub978 NCS/toolchain\uc73c\ub85c flash\ud558\ub294 \uc694\uccad\uc744 \uac70\ubd80\ud569\ub2c8\ub2e4. ... ok
2026-09-07T06:06:00.0265086Z test_passthrough_allowlist_is_exact (test_m9_safety.M9SafetyContractTests.test_passthrough_allowlist_is_exact)
2026-09-07T06:06:00.0273810Z ! @brief include\uc640 object \uc804\ub2ec\ub9cc \ud5c8\uc6a9\ud558\uace0 option \uc624\ud0c0\ub97c \uac70\ubd80\ud569\ub2c8\ub2e4. ... ok
2026-09-07T06:06:00.0274879Z test_prepare_configure_uses_application_volume_across_windows_drives (test_m9_safety.M9SafetyContractTests.test_prepare_configure_uses_application_volume_across_windows_drives)
2026-09-07T06:06:00.1061535Z ! @brief NCS\uc640 cache drive\uac00 \ub2ec\ub77c\ub3c4 configure\uc758 cwd\ub294 application \ucabd\uc744 \uc0ac\uc6a9\ud569\ub2c8\ub2e4. ... ok
2026-09-07T06:06:00.1062800Z test_publish_keyboard_interrupt_restores_previous_generation (test_m9_safety.M9SafetyContractTests.test_publish_keyboard_interrupt_restores_previous_generation)
2026-09-07T06:06:00.1928719Z ! @brief metadata commit \uc911 Ctrl+C\ub3c4 \uc774\uc804 \uacf5\uac1c generation\uc744 \ubcf4\uc874\ud569\ub2c8\ub2e4. ... ok
2026-09-07T06:06:00.1929792Z test_publish_metadata_failure_restores_artifacts_manifest_and_context (test_m9_safety.M9SafetyContractTests.test_publish_metadata_failure_restores_artifacts_manifest_and_context)
2026-09-07T06:06:00.2821455Z ! @brief export \ub4a4 metadata \uc2e4\ud328\ub3c4 \uc774\uc804 \uacf5\uac1c generation \uc804\uccb4\ub97c \ubcf5\uad6c\ud569\ub2c8\ub2e4. ... ok
2026-09-07T06:06:00.2822555Z test_transactional_export_publishes_one_verified_generation (test_m9_safety.M9SafetyContractTests.test_transactional_export_publishes_one_verified_generation)
2026-09-07T06:06:00.3321054Z ! @brief staging\uc774 \ubaa8\ub450 \ub05d\ub09c \ub4a4 \ub124 artifact\ub97c \uac80\uc99d\ub41c generation\uc73c\ub85c \uad50\uccb4\ud569\ub2c8\ub2e4. ... ok
2026-09-07T06:06:00.3323218Z test_transactional_export_restores_old_generation_on_commit_failure (test_m9_safety.M9SafetyContractTests.test_transactional_export_restores_old_generation_on_commit_failure)
2026-09-07T06:06:00.3771569Z ! @brief \ub450 \ubc88\uc9f8 artifact \uad50\uccb4 \uc2e4\ud328 \uc2dc \uc774\ubbf8 \uad50\uccb4\ud55c \ud30c\uc77c\ub3c4 \uc774\uc804 \uac12\uc73c\ub85c \ubcf5\uc6d0\ud569\ub2c8\ub2e4. ... ok
2026-09-07T06:06:00.3772893Z test_unknown_cache_option_fails_closed_before_dispatch (test_m9_safety.M9SafetyContractTests.test_unknown_cache_option_fails_closed_before_dispatch)
2026-09-07T06:06:00.3809911Z ! @brief destructive cache CLI\uc758 \uc624\ud0c0\ub97c \ubb34\uc2dc\ud558\uc9c0 \uc54a\uace0 action \ud638\ucd9c \uc804\uc5d0 \uac70\ubd80\ud569\ub2c8\ub2e4. ... ok
2026-09-07T06:06:00.3811295Z test_west_build_working_directory_rejects_split_cache_volumes (test_m9_safety.M9SafetyContractTests.test_west_build_working_directory_rejects_split_cache_volumes)
2026-09-07T06:06:00.3819020Z ! @brief application\uacfc build\uac00 \uc11c\ub85c \ub2e4\ub978 Windows volume\uc774\uba74 \uba85\uc2dc\uc801\uc73c\ub85c \uac70\ubd80\ud569\ub2c8\ub2e4. ... ok
2026-09-07T06:06:00.3819786Z 
2026-09-07T06:06:00.3819936Z ----------------------------------------------------------------------
2026-09-07T06:06:00.3820292Z Ran 12 tests in 0.603s
2026-09-07T06:06:00.3820428Z 
2026-09-07T06:06:00.3820512Z OK
2026-09-07T06:06:00.3821360Z NU54_UPLOAD_START runner=pyocd probe=PROBE board=nrf54l15dk/nrf54l15/cpuapp/nu54dk hex_sha256=1111111111111111111111111111111111111111111111111111111111111111
2026-09-07T06:06:00.3822026Z NU54_UPLOAD_PASS runner=pyocd probe=PROBE
2026-09-07T06:06:00.4036040Z [M12] exec: C:\hostedtoolcache\windows\Python\3.12.10\x64\python.exe -m unittest discover -v -s D:\a\NU54DK_Arduino_Core\NU54DK_Arduino_Core\tests\host -p test_r02_serial_drivers.py
2026-09-07T06:06:05.4477562Z test_production_sync_and_lifetime (test_r02_serial_drivers.SerialDriverTests.test_production_sync_and_lifetime) ... ok
2026-09-07T06:06:05.4478100Z 
2026-09-07T06:06:05.4478264Z ----------------------------------------------------------------------
2026-09-07T06:06:05.4478607Z Ran 1 test in 4.962s
2026-09-07T06:06:05.4478752Z 
2026-09-07T06:06:05.4478826Z OK
2026-09-07T06:06:05.4597577Z [M12] exec: C:\hostedtoolcache\windows\Python\3.12.10\x64\python.exe -m unittest discover -v -s D:\a\NU54DK_Arduino_Core\NU54DK_Arduino_Core\tests\host -p test_r03_fabric_drivers.py
2026-09-07T06:06:06.7136477Z test_analog_production (test_r03_fabric_drivers.FabricDriverTests.test_analog_production) ... ok
2026-09-07T06:06:07.6937418Z test_pwm_deferred_production (test_r03_fabric_drivers.FabricDriverTests.test_pwm_deferred_production) ... ok
2026-09-07T06:06:08.9658107Z test_stream_production (test_r03_fabric_drivers.FabricDriverTests.test_stream_production) ... ok
2026-09-07T06:06:08.9659152Z 
2026-09-07T06:06:08.9659446Z ----------------------------------------------------------------------
2026-09-07T06:06:08.9659981Z Ran 3 tests in 3.429s
2026-09-07T06:06:08.9660214Z 
2026-09-07T06:06:08.9660322Z OK
2026-09-07T06:06:08.9783654Z [M12] exec: C:\hostedtoolcache\windows\Python\3.12.10\x64\python.exe -m unittest discover -v -s D:\a\NU54DK_Arduino_Core\NU54DK_Arduino_Core\tests\host -p test_r04_file.py
2026-09-07T06:06:10.6427328Z test_production_file (test_r04_file.FileLifetimeTests.test_production_file) ... ok
2026-09-07T06:06:10.6428224Z 
2026-09-07T06:06:10.6428491Z ----------------------------------------------------------------------
2026-09-07T06:06:10.6429024Z Ran 1 test in 1.580s
2026-09-07T06:06:10.6429225Z 
2026-09-07T06:06:10.6429327Z OK
2026-09-07T06:06:10.6551840Z [M12] exec: C:\hostedtoolcache\windows\Python\3.12.10\x64\python.exe -m unittest discover -v -s D:\a\NU54DK_Arduino_Core\NU54DK_Arduino_Core\tests\host -p test_r05_identity.py
2026-09-07T06:06:10.7846659Z test_checkout_drift_is_detected_and_regenerated (test_r05_identity.ProductIdentityTests.test_checkout_drift_is_detected_and_regenerated) ... ok
2026-09-07T06:06:10.7849859Z test_checkout_identity_and_schema_independence (test_r05_identity.ProductIdentityTests.test_checkout_identity_and_schema_independence) ... ok
2026-09-07T06:06:11.5681753Z test_cmake_matches_builder_and_rejects_invalid_identity (test_r05_identity.ProductIdentityTests.test_cmake_matches_builder_and_rejects_invalid_identity) ... ok
2026-09-07T06:06:11.6305315Z test_live_build_record_carries_both_versions (test_r05_identity.ProductIdentityTests.test_live_build_record_carries_both_versions) ... ok
2026-09-07T06:06:11.6315030Z test_payload_identity_tracks_source_but_allows_package_stamping (test_r05_identity.ProductIdentityTests.test_payload_identity_tracks_source_but_allows_package_stamping) ... ok
2026-09-07T06:06:11.6364009Z test_stamped_install_preserves_source_version (test_r05_identity.ProductIdentityTests.test_stamped_install_preserves_source_version) ... ok
2026-09-07T06:06:11.6365062Z 
2026-09-07T06:06:11.6365224Z ----------------------------------------------------------------------
2026-09-07T06:06:11.6365597Z Ran 6 tests in 0.860s
2026-09-07T06:06:11.6365734Z 
2026-09-07T06:06:11.6365817Z OK
2026-09-07T06:06:11.6522796Z [M12] exec: C:\hostedtoolcache\windows\Python\3.12.10\x64\python.exe -m unittest discover -v -s D:\a\NU54DK_Arduino_Core\NU54DK_Arduino_Core\tests\host -p test_r06_builder_modules.py
2026-09-07T06:06:12.5823140Z test_extracted_entry_isolated_from_cwd_and_pythonpath (test_r06_builder_modules.BuilderPackageTests.test_extracted_entry_isolated_from_cwd_and_pythonpath) ... ok
2026-09-07T06:06:12.6205557Z test_source_package_includes_explicit_models_and_launcher (test_r06_builder_modules.BuilderPackageTests.test_source_package_includes_explicit_models_and_launcher) ... ok
2026-09-07T06:06:12.6206243Z 
2026-09-07T06:06:12.6206405Z ----------------------------------------------------------------------
2026-09-07T06:06:12.6206780Z Ran 2 tests in 0.886s
2026-09-07T06:06:12.6207260Z 
2026-09-07T06:06:12.6207349Z OK
2026-09-07T06:06:12.6360548Z [M12] exec: C:\hostedtoolcache\windows\Python\3.12.10\x64\python.exe -m unittest discover -v -s D:\a\NU54DK_Arduino_Core\NU54DK_Arduino_Core\tests\host -p test_r06_windows_recipe.py
2026-09-07T06:06:12.7589435Z test_checkout_and_ascii_install_keep_original_build_root (test_r06_windows_recipe.WindowsRecipeTests.test_checkout_and_ascii_install_keep_original_build_root) ... ok
2026-09-07T06:06:13.0271103Z test_copy_rejects_cache_junction_to_another_directory (test_r06_windows_recipe.WindowsRecipeTests.test_copy_rejects_cache_junction_to_another_directory) ... ok
2026-09-07T06:06:13.3627102Z test_installed_command_preserves_quoted_paths_and_exit (test_r06_windows_recipe.WindowsRecipeTests.test_installed_command_preserves_quoted_paths_and_exit) ... ok
2026-09-07T06:06:13.4299699Z test_package_copy_preserves_identity_recovers_bytes_and_rejects_extra_files (test_r06_windows_recipe.WindowsRecipeTests.test_package_copy_preserves_identity_recovers_bytes_and_rejects_extra_files) ... FAIL
2026-09-07T06:06:13.4301109Z 
2026-09-07T06:06:13.4301343Z ======================================================================
2026-09-07T06:06:13.4302771Z FAIL: test_package_copy_preserves_identity_recovers_bytes_and_rejects_extra_files (test_r06_windows_recipe.WindowsRecipeTests.test_package_copy_preserves_identity_recovers_bytes_and_rejects_extra_files)
2026-09-07T06:06:13.4304220Z ----------------------------------------------------------------------
2026-09-07T06:06:13.4304739Z Traceback (most recent call last):
2026-09-07T06:06:13.4315251Z   File "D:\a\NU54DK_Arduino_Core\NU54DK_Arduino_Core\tests\host\test_r06_windows_recipe.py", line 73, in test_package_copy_preserves_identity_recovers_bytes_and_rejects_extra_files
2026-09-07T06:06:13.4316691Z     self.assertEqual(provenance['sources'][0]['source_path'], source.as_posix())
2026-09-07T06:06:13.4317871Z AssertionError: 'C:/Users/runneradmin/AppData/Local/Temp/nu54-r06-c[42 chars].cpp' != 'C:/Users/RUNNER~1/AppData/Local/Temp/nu54-r06-copy[39 chars].cpp'
2026-09-07T06:06:13.4319618Z - C:/Users/runneradmin/AppData/Local/Temp/nu54-r06-copy-944_1dph/\uc124\uce58 \uacf5\ubc31/libraries/Test/src/Test.cpp
2026-09-07T06:06:13.4320747Z ?          ^^^^^^^^^^^
2026-09-07T06:06:13.4321417Z + C:/Users/RUNNER~1/AppData/Local/Temp/nu54-r06-copy-944_1dph/\uc124\uce58 \uacf5\ubc31/libraries/Test/src/Test.cpp
2026-09-07T06:06:13.4322152Z ?          ^^^^^^^^
2026-09-07T06:06:13.4322324Z 
2026-09-07T06:06:13.4322330Z 
2026-09-07T06:06:13.4322535Z ----------------------------------------------------------------------
2026-09-07T06:06:13.4322999Z Ran 4 tests in 0.714s
2026-09-07T06:06:13.4323180Z 
2026-09-07T06:06:13.4323302Z FAILED (failures=1)
2026-09-07T06:06:13.4472797Z M12_GATE_FAIL: \uba85\ub839\uc774 \uc885\ub8cc \ucf54\ub4dc 1\ub85c \uc2e4\ud328\ud588\uc2b5\ub2c8\ub2e4: C:\hostedtoolcache\windows\Python\3.12.10\x64\python.exe -m unittest discover -v -s D:\a\NU54DK_Arduino_Core\NU54DK_Arduino_Core\tests\host -p test_r06_windows_recipe.py
2026-09-07T06:06:13.5502845Z ##[error]Process completed with exit code 1.
2026-09-07T06:06:13.5779093Z Post job cleanup.
2026-09-07T06:06:13.7639855Z [command]"C:\Program Files\Git\bin\git.exe" version
2026-09-07T06:06:13.7926601Z git version 2.55.0.windows.5
2026-09-07T06:06:13.7988355Z Temporarily overriding HOME='D:\a\_temp\d9b78021-74a9-415c-afc6-01b0845973c3' before making global git config changes
2026-09-07T06:06:13.7989263Z Adding repository directory to the temporary git global config as a safe directory
2026-09-07T06:06:13.7998902Z [command]"C:\Program Files\Git\bin\git.exe" config --global --add safe.directory D:\a\NU54DK_Arduino_Core\NU54DK_Arduino_Core
2026-09-07T06:06:13.8334000Z Removing SSH command configuration
2026-09-07T06:06:13.8346785Z [command]"C:\Program Files\Git\bin\git.exe" config --local --name-only --get-regexp core\.sshCommand
2026-09-07T06:06:13.8701173Z [command]"C:\Program Files\Git\bin\git.exe" submodule foreach --recursive "sh -c \"git config --local --name-only --get-regexp 'core\.sshCommand' && git config --local --unset-all 'core.sshCommand' || :\""
2026-09-07T06:06:14.4442662Z Entering 'board_package/NU54DK_Zephyr_DTS'
2026-09-07T06:06:14.5428910Z Removing HTTP extra header
2026-09-07T06:06:14.5440464Z [command]"C:\Program Files\Git\bin\git.exe" config --local --name-only --get-regexp http\.https\:\/\/github\.com\/\.extraheader
2026-09-07T06:06:14.5782351Z [command]"C:\Program Files\Git\bin\git.exe" submodule foreach --recursive "sh -c \"git config --local --name-only --get-regexp 'http\.https\:\/\/github\.com\/\.extraheader' && git config --local --unset-all 'http.https://github.com/.extraheader' || :\""
2026-09-07T06:06:15.1427467Z Entering 'board_package/NU54DK_Zephyr_DTS'
2026-09-07T06:06:15.2400337Z Removing includeIf entries pointing to credentials config files
2026-09-07T06:06:15.2413176Z [command]"C:\Program Files\Git\bin\git.exe" config --local --name-only --get-regexp ^includeIf\.gitdir:
2026-09-07T06:06:15.2697942Z includeif.gitdir:D:/a/NU54DK_Arduino_Core/NU54DK_Arduino_Core/.git.path
2026-09-07T06:06:15.2698908Z includeif.gitdir:D:/a/NU54DK_Arduino_Core/NU54DK_Arduino_Core/.git/worktrees/*.path
2026-09-07T06:06:15.2699630Z includeif.gitdir:/github/workspace/.git.path
2026-09-07T06:06:15.2700161Z includeif.gitdir:/github/workspace/.git/worktrees/*.path
2026-09-07T06:06:15.2743822Z [command]"C:\Program Files\Git\bin\git.exe" config --local --get-all includeif.gitdir:D:/a/NU54DK_Arduino_Core/NU54DK_Arduino_Core/.git.path
2026-09-07T06:06:15.3021959Z D:\a\_temp\git-credentials-2c6a0fb2-882b-4d5d-867d-7f96874a7ffa.config
2026-09-07T06:06:15.3071929Z [command]"C:\Program Files\Git\bin\git.exe" config --local --unset includeif.gitdir:D:/a/NU54DK_Arduino_Core/NU54DK_Arduino_Core/.git.path D\:\\a\\_temp\\git\-credentials\-2c6a0fb2\-882b\-4d5d\-867d\-7f96874a7ffa\.config
2026-09-07T06:06:15.3453889Z [command]"C:\Program Files\Git\bin\git.exe" config --local --get-all includeif.gitdir:D:/a/NU54DK_Arduino_Core/NU54DK_Arduino_Core/.git/worktrees/*.path
2026-09-07T06:06:15.3739390Z D:\a\_temp\git-credentials-2c6a0fb2-882b-4d5d-867d-7f96874a7ffa.config
2026-09-07T06:06:15.3785947Z [command]"C:\Program Files\Git\bin\git.exe" config --local --unset includeif.gitdir:D:/a/NU54DK_Arduino_Core/NU54DK_Arduino_Core/.git/worktrees/*.path D\:\\a\\_temp\\git\-credentials\-2c6a0fb2\-882b\-4d5d\-867d\-7f96874a7ffa\.config
2026-09-07T06:06:15.4108128Z [command]"C:\Program Files\Git\bin\git.exe" config --local --get-all includeif.gitdir:/github/workspace/.git.path
2026-09-07T06:06:15.4379282Z /github/runner_temp/git-credentials-2c6a0fb2-882b-4d5d-867d-7f96874a7ffa.config
2026-09-07T06:06:15.4423222Z [command]"C:\Program Files\Git\bin\git.exe" config --local --unset includeif.gitdir:/github/workspace/.git.path \/github\/runner_temp\/git\-credentials\-2c6a0fb2\-882b\-4d5d\-867d\-7f96874a7ffa\.config
2026-09-07T06:06:15.4747839Z [command]"C:\Program Files\Git\bin\git.exe" config --local --get-all includeif.gitdir:/github/workspace/.git/worktrees/*.path
2026-09-07T06:06:15.5024428Z /github/runner_temp/git-credentials-2c6a0fb2-882b-4d5d-867d-7f96874a7ffa.config
2026-09-07T06:06:15.5067311Z [command]"C:\Program Files\Git\bin\git.exe" config --local --unset includeif.gitdir:/github/workspace/.git/worktrees/*.path \/github\/runner_temp\/git\-credentials\-2c6a0fb2\-882b\-4d5d\-867d\-7f96874a7ffa\.config
2026-09-07T06:06:15.5392390Z [command]"C:\Program Files\Git\bin\git.exe" submodule foreach --recursive "git config --local --show-origin --name-only --get-regexp remote.origin.url"
2026-09-07T06:06:16.1165508Z Entering 'board_package/NU54DK_Zephyr_DTS'
2026-09-07T06:06:16.1541991Z file:D:/a/NU54DK_Arduino_Core/NU54DK_Arduino_Core/.git/modules/board_package/NU54DK_Zephyr_DTS/config	remote.origin.url
2026-09-07T06:06:16.1819801Z [command]"C:\Program Files\Git\bin\git.exe" config --file D:/a/NU54DK_Arduino_Core/NU54DK_Arduino_Core/.git/modules/board_package/NU54DK_Zephyr_DTS/config --name-only --get-regexp ^includeIf\.gitdir:
2026-09-07T06:06:16.2114683Z includeif.gitdir:D:/a/NU54DK_Arduino_Core/NU54DK_Arduino_Core/.git/modules/board_package/NU54DK_Zephyr_DTS.path
2026-09-07T06:06:16.2115466Z includeif.gitdir:/github/workspace/.git/modules/board_package/NU54DK_Zephyr_DTS.path
2026-09-07T06:06:16.2157714Z [command]"C:\Program Files\Git\bin\git.exe" config --file D:/a/NU54DK_Arduino_Core/NU54DK_Arduino_Core/.git/modules/board_package/NU54DK_Zephyr_DTS/config --get-all includeif.gitdir:D:/a/NU54DK_Arduino_Core/NU54DK_Arduino_Core/.git/modules/board_package/NU54DK_Zephyr_DTS.path
2026-09-07T06:06:16.2430571Z D:\a\_temp\git-credentials-2c6a0fb2-882b-4d5d-867d-7f96874a7ffa.config
2026-09-07T06:06:16.2476188Z [command]"C:\Program Files\Git\bin\git.exe" config --file D:/a/NU54DK_Arduino_Core/NU54DK_Arduino_Core/.git/modules/board_package/NU54DK_Zephyr_DTS/config --unset includeif.gitdir:D:/a/NU54DK_Arduino_Core/NU54DK_Arduino_Core/.git/modules/board_package/NU54DK_Zephyr_DTS.path D\:\\a\\_temp\\git\-credentials\-2c6a0fb2\-882b\-4d5d\-867d\-7f96874a7ffa\.config
2026-09-07T06:06:16.2799978Z [command]"C:\Program Files\Git\bin\git.exe" config --file D:/a/NU54DK_Arduino_Core/NU54DK_Arduino_Core/.git/modules/board_package/NU54DK_Zephyr_DTS/config --get-all includeif.gitdir:/github/workspace/.git/modules/board_package/NU54DK_Zephyr_DTS.path
2026-09-07T06:06:16.3069090Z /github/runner_temp/git-credentials-2c6a0fb2-882b-4d5d-867d-7f96874a7ffa.config
2026-09-07T06:06:16.3113907Z [command]"C:\Program Files\Git\bin\git.exe" config --file D:/a/NU54DK_Arduino_Core/NU54DK_Arduino_Core/.git/modules/board_package/NU54DK_Zephyr_DTS/config --unset includeif.gitdir:/github/workspace/.git/modules/board_package/NU54DK_Zephyr_DTS.path \/github\/runner_temp\/git\-credentials\-2c6a0fb2\-882b\-4d5d\-867d\-7f96874a7ffa\.config
2026-09-07T06:06:16.3423428Z Removing credentials config 'D:\a\_temp\git-credentials-2c6a0fb2-882b-4d5d-867d-7f96874a7ffa.config'
2026-09-07T06:06:16.3654475Z Cleaning up orphan processes
